mess_id,masch_id,ts,temp_c,vib_rms,leist_kw,energie_kwh
1,1,2025-02-01 05:00:00,38.4,3.4,10.87,2.174
2,2,2025-02-01 05:00:00,79.1,1.59,10.05,2.01
3,3,2025-02-01 05:00:00,41.6,5.79,4.56,0.912
4,4,2025-02-01 05:00:00,72.9,1.4,4.86,0.972
5,5,2025-02-01 05:00:00,78.2,6.31,10.94,2.188
6,6,2025-02-01 05:00:00,45.0,1.02,9.59,1.918
7,7,2025-02-01 05:00:00,97.1,6.89,17.43,3.486
8,8,2025-02-01 05:00:00,67.0,7.69,9.84,1.968
9,9,2025-02-01 05:00:00,89.3,7.56,21.37,4.274
10,10,2025-02-01 05:00:00,79.8,5.2,23.95,4.79
11,11,2025-02-01 05:00:00,49.4,0.46,20.79,4.158
12,12,2025-02-01 05:00:00,54.2,3.5,22.72,4.544
13,13,2025-02-01 05:00:00,76.9,3.48,11.59,2.318
14,14,2025-02-01 05:00:00,56.1,0.32,27.29,5.458
15,15,2025-02-01 05:00:00,58.9,4.0,24.05,4.81
16,16,2025-02-01 05:00:00,92.0,6.56,27.72,5.544
17,1,2025-02-01 05:12:00,77.2,2.63,3.54,0.708
18,2,2025-02-01 05:12:00,93.6,4.57,6.79,1.358
19,3,2025-02-01 05:12:00,78.4,4.67,13.64,2.728
20,4,2025-02-01 05:12:00,93.6,7.19,13.68,2.736
21,5,2025-02-01 05:12:00,54.5,5.16,11.68,2.336
22,6,2025-02-01 05:12:00,54.2,2.88,9.9,1.98
23,7,2025-02-01 05:12:00,57.4,6.51,16.59,3.318
24,8,2025-02-01 05:12:00,65.2,3.61,7.64,1.528
25,9,2025-02-01 05:12:00,79.9,6.43,22.32,4.464
26,10,2025-02-01 05:12:00,35.4,2.6,12.56,2.512
27,11,2025-02-01 05:12:00,79.8,4.73,19.73,3.946
28,12,2025-02-01 05:12:00,69.1,2.78,21.74,4.348
29,13,2025-02-01 05:12:00,92.6,1.44,15.21,3.042
30,14,2025-02-01 05:12:00,81.3,7.99,16.67,3.334
31,15,2025-02-01 05:12:00,70.2,5.26,20.76,4.152
32,16,2025-02-01 05:12:00,51.5,5.34,15.99,3.198
33,1,2025-02-01 05:24:00,70.1,3.45,11.53,2.306
34,2,2025-02-01 05:24:00,46.5,4.61,10.79,2.158
35,3,2025-02-01 05:24:00,85.3,2.45,13.85,2.77
36,4,2025-02-01 05:24:00,47.1,0.82,9.12,1.824
37,5,2025-02-01 05:24:00,75.1,7.77,11.01,2.202
38,6,2025-02-01 05:24:00,73.4,4.31,17.77,3.554
39,7,2025-02-01 05:24:00,56.3,3.77,9.42,1.884
40,8,2025-02-01 05:24:00,58.6,4.32,7.63,1.526
41,9,2025-02-01 05:24:00,68.6,7.59,6.88,1.376
42,10,2025-02-01 05:24:00,91.5,5.88,23.37,4.674
43,11,2025-02-01 05:24:00,44.7,4.1,17.96,3.592
44,12,2025-02-01 05:24:00,61.0,1.58,25.62,5.124
45,13,2025-02-01 05:24:00,83.2,1.39,9.26,1.852
46,14,2025-02-01 05:24:00,73.6,5.59,21.37,4.274
47,15,2025-02-01 05:24:00,79.5,5.91,22.22,4.444
48,16,2025-02-01 05:24:00,86.3,0.97,11.39,2.278
49,1,2025-02-01 05:36:00,45.4,5.45,9.84,1.968
50,2,2025-02-01 05:36:00,83.3,6.66,10.66,2.132
51,3,2025-02-01 05:36:00,79.1,5.91,12.18,2.436
52,4,2025-02-01 05:36:00,61.8,6.41,9.82,1.964
53,5,2025-02-01 05:36:00,36.4,7.36,14.32,2.864
54,6,2025-02-01 05:36:00,72.5,5.82,8.05,1.61
55,7,2025-02-01 05:36:00,88.6,5.68,8.94,1.788
56,8,2025-02-01 05:36:00,72.0,5.23,16.34,3.268
57,9,2025-02-01 05:36:00,50.7,8.03,7.92,1.584
58,10,2025-02-01 05:36:00,88.1,6.78,12.38,2.476
59,11,2025-02-01 05:36:00,71.7,4.92,23.63,4.726
60,12,2025-02-01 05:36:00,67.0,2.56,8.18,1.636
61,13,2025-02-01 05:36:00,60.2,1.17,24.46,4.892
62,14,2025-02-01 05:36:00,79.3,2.75,12.29,2.458
63,15,2025-02-01 05:36:00,81.8,1.82,29.41,5.882
64,16,2025-02-01 05:36:00,37.1,5.12,24.01,4.802
65,1,2025-02-01 05:48:00,50.1,4.6,8.77,1.754
66,2,2025-02-01 05:48:00,84.7,5.15,7.47,1.494
67,3,2025-02-01 05:48:00,92.1,1.14,7.92,1.584
68,4,2025-02-01 05:48:00,82.8,6.11,11.01,2.202
69,5,2025-02-01 05:48:00,43.7,0.79,7.66,1.532
70,6,2025-02-01 05:48:00,82.3,2.18,9.21,1.842
71,7,2025-02-01 05:48:00,74.5,1.08,8.4,1.68
72,8,2025-02-01 05:48:00,93.3,0.92,9.76,1.952
73,9,2025-02-01 05:48:00,37.9,0.79,18.84,3.768
74,10,2025-02-01 05:48:00,52.5,7.97,24.14,4.828
75,11,2025-02-01 05:48:00,81.5,4.39,17.32,3.464
76,12,2025-02-01 05:48:00,59.6,6.76,20.02,4.004
77,13,2025-02-01 05:48:00,44.2,6.14,12.48,2.496
78,14,2025-02-01 05:48:00,68.2,2.33,10.5,2.1
79,15,2025-02-01 05:48:00,64.6,3.41,27.38,5.476
80,16,2025-02-01 05:48:00,79.7,7.6,23.61,4.722
81,1,2025-02-01 06:00:00,74.5,5.73,10.22,2.044
82,2,2025-02-01 06:00:00,76.8,3.77,8.47,1.694
83,3,2025-02-01 06:00:00,38.0,3.37,8.35,1.67
84,4,2025-02-01 06:00:00,75.9,6.61,13.63,2.726
85,5,2025-02-01 06:00:00,89.8,2.91,11.3,2.26
86,6,2025-02-01 06:00:00,38.7,2.22,14.33,2.866
87,7,2025-02-01 06:00:00,70.5,7.37,7.81,1.562
88,8,2025-02-01 06:00:00,90.3,6.85,9.35,1.87
89,9,2025-02-01 06:00:00,53.4,8.01,15.21,3.042
90,10,2025-02-01 06:00:00,40.3,7.95,10.07,2.014
91,11,2025-02-01 06:00:00,85.5,4.34,23.99,4.798
92,12,2025-02-01 06:00:00,58.1,0.52,9.6,1.92
93,13,2025-02-01 06:00:00,47.6,2.41,16.41,3.282
94,14,2025-02-01 06:00:00,53.5,1.18,18.69,3.738
95,15,2025-02-01 06:00:00,66.4,0.69,21.2,4.24
96,16,2025-02-01 06:00:00,81.1,3.26,11.65,2.33
97,1,2025-02-01 06:12:00,61.2,5.71,6.15,1.23
98,2,2025-02-01 06:12:00,80.0,7.6,8.53,1.706
99,3,2025-02-01 06:12:00,79.8,3.27,11.9,2.38
100,4,2025-02-01 06:12:00,64.6,0.23,13.76,2.752
101,5,2025-02-01 06:12:00,60.2,1.96,14.18,2.836
102,6,2025-02-01 06:12:00,65.7,0.83,11.42,2.284
103,7,2025-02-01 06:12:00,48.3,5.88,11.35,2.27
104,8,2025-02-01 06:12:00,60.2,6.77,20.78,4.156
105,9,2025-02-01 06:12:00,69.3,1.05,20.08,4.016
106,10,2025-02-01 06:12:00,37.3,5.71,7.55,1.51
107,11,2025-02-01 06:12:00,41.6,3.25,14.5,2.9
108,12,2025-02-01 06:12:00,85.9,0.58,24.68,4.936
109,13,2025-02-01 06:12:00,55.6,7.86,12.38,2.476
110,14,2025-02-01 06:12:00,49.1,2.01,20.34,4.068
111,15,2025-02-01 06:12:00,77.7,7.01,30.41,6.082
112,16,2025-02-01 06:12:00,49.4,5.85,25.11,5.022
113,1,2025-02-01 06:24:00,58.7,1.61,4.64,0.928
114,2,2025-02-01 06:24:00,47.5,5.62,5.03,1.006
115,3,2025-02-01 06:24:00,59.0,6.07,6.6,1.32
116,4,2025-02-01 06:24:00,71.0,1.79,14.07,2.814
117,5,2025-02-01 06:24:00,50.8,1.22,15.11,3.022
118,6,2025-02-01 06:24:00,95.5,4.53,8.84,1.768
119,7,2025-02-01 06:24:00,58.8,6.27,13.11,2.622
120,8,2025-02-01 06:24:00,81.2,6.76,21.02,4.204
121,9,2025-02-01 06:24:00,73.9,1.9,15.23,3.046
122,10,2025-02-01 06:24:00,94.9,7.48,11.64,2.328
123,11,2025-02-01 06:24:00,40.9,4.13,14.69,2.938
124,12,2025-02-01 06:24:00,77.1,5.45,14.65,2.93
125,13,2025-02-01 06:24:00,65.6,0.5,9.29,1.858
126,14,2025-02-01 06:24:00,94.4,7.16,23.68,4.736
127,15,2025-02-01 06:24:00,97.3,5.17,30.6,6.12
128,16,2025-02-01 06:24:00,96.1,1.05,27.34,5.468
129,1,2025-02-01 06:36:00,92.8,7.5,3.4,0.68
130,2,2025-02-01 06:36:00,64.2,7.94,3.84,0.768
131,3,2025-02-01 06:36:00,55.1,3.31,11.49,2.298
132,4,2025-02-01 06:36:00,53.5,2.78,12.91,2.582
133,5,2025-02-01 06:36:00,43.2,7.18,15.28,3.056
134,6,2025-02-01 06:36:00,59.6,2.28,6.92,1.384
135,7,2025-02-01 06:36:00,94.2,0.77,13.27,2.654
136,8,2025-02-01 06:36:00,81.1,3.98,21.12,4.224
137,9,2025-02-01 06:36:00,78.2,0.88,16.99,3.398
138,10,2025-02-01 06:36:00,59.1,4.26,17.56,3.512
139,11,2025-02-01 06:36:00,58.2,5.16,22.2,4.44
140,12,2025-02-01 06:36:00,58.6,2.16,18.6,3.72
141,13,2025-02-01 06:36:00,61.3,1.17,20.28,4.056
142,14,2025-02-01 06:36:00,57.5,5.04,20.39,4.078
143,15,2025-02-01 06:36:00,69.6,0.77,21.22,4.244
144,16,2025-02-01 06:36:00,96.8,5.06,19.11,3.822
145,1,2025-02-01 06:48:00,34.5,5.86,6.67,1.334
146,2,2025-02-01 06:48:00,66.0,1.81,9.37,1.874
147,3,2025-02-01 06:48:00,72.6,1.35,5.04,1.008
148,4,2025-02-01 06:48:00,41.8,0.73,10.26,2.052
149,5,2025-02-01 06:48:00,69.9,6.76,5.06,1.012
150,6,2025-02-01 06:48:00,66.0,0.75,18.38,3.676
151,7,2025-02-01 06:48:00,97.8,0.47,18.71,3.742
152,8,2025-02-01 06:48:00,66.4,6.14,14.03,2.806
153,9,2025-02-01 06:48:00,42.9,7.34,14.13,2.826
154,10,2025-02-01 06:48:00,96.4,1.34,10.39,2.078
155,11,2025-02-01 06:48:00,47.4,2.01,18.48,3.696
156,12,2025-02-01 06:48:00,93.5,6.15,24.62,4.924
157,13,2025-02-01 06:48:00,88.4,6.25,17.47,3.494
158,14,2025-02-01 06:48:00,91.9,7.44,21.93,4.386
159,15,2025-02-01 06:48:00,43.1,1.17,25.32,5.064
160,16,2025-02-01 06:48:00,73.1,5.54,31.93,6.386
161,1,2025-02-01 07:00:00,43.6,4.36,11.22,2.244
162,2,2025-02-01 07:00:00,89.0,4.59,4.58,0.916
163,3,2025-02-01 07:00:00,49.7,4.55,6.51,1.302
164,4,2025-02-01 07:00:00,86.0,5.28,9.65,1.93
165,5,2025-02-01 07:00:00,65.0,2.96,12.43,2.486
166,6,2025-02-01 07:00:00,86.5,3.57,11.46,2.292
167,7,2025-02-01 07:00:00,73.2,3.87,18.54,3.708
168,8,2025-02-01 07:00:00,42.4,3.51,15.46,3.092
169,9,2025-02-01 07:00:00,42.9,7.03,16.95,3.39
170,10,2025-02-01 07:00:00,37.0,6.3,9.86,1.972
171,11,2025-02-01 07:00:00,39.9,5.51,13.96,2.792
172,12,2025-02-01 07:00:00,52.1,1.64,23.69,4.738
173,13,2025-02-01 07:00:00,67.5,3.4,19.98,3.996
174,14,2025-02-01 07:00:00,58.5,6.19,21.15,4.23
175,15,2025-02-01 07:00:00,53.8,2.35,23.31,4.662
176,16,2025-02-01 07:00:00,78.6,3.01,29.9,5.98
177,1,2025-02-01 07:12:00,72.3,3.73,7.53,1.506
178,2,2025-02-01 07:12:00,93.0,3.2,11.68,2.336
179,3,2025-02-01 07:12:00,69.8,6.54,5.37,1.074
180,4,2025-02-01 07:12:00,97.6,6.56,13.19,2.638
181,5,2025-02-01 07:12:00,96.4,6.55,15.86,3.172
182,6,2025-02-01 07:12:00,63.2,7.89,13.57,2.714
183,7,2025-02-01 07:12:00,36.1,1.31,14.45,2.89
184,8,2025-02-01 07:12:00,50.5,3.31,16.55,3.31
185,9,2025-02-01 07:12:00,71.5,3.73,10.9,2.18
186,10,2025-02-01 07:12:00,89.0,3.99,16.33,3.266
187,11,2025-02-01 07:12:00,86.0,4.91,23.2,4.64
188,12,2025-02-01 07:12:00,67.2,0.3,24.52,4.904
189,13,2025-02-01 07:12:00,80.2,6.09,15.48,3.096
190,14,2025-02-01 07:12:00,45.1,5.17,22.59,4.518
191,15,2025-02-01 07:12:00,36.3,0.36,27.52,5.504
192,16,2025-02-01 07:12:00,82.3,2.8,21.19,4.238
193,1,2025-02-01 07:24:00,61.9,7.73,8.94,1.788
194,2,2025-02-01 07:24:00,53.7,4.02,8.81,1.762
195,3,2025-02-01 07:24:00,87.9,6.9,8.06,1.612
196,4,2025-02-01 07:24:00,55.0,5.49,13.65,2.73
197,5,2025-02-01 07:24:00,39.5,3.76,14.31,2.862
198,6,2025-02-01 07:24:00,83.8,2.96,15.4,3.08
199,7,2025-02-01 07:24:00,52.2,0.88,18.74,3.748
200,8,2025-02-01 07:24:00,87.3,2.46,16.57,3.314
201,9,2025-02-01 07:24:00,34.8,2.95,12.62,2.524
202,10,2025-02-01 07:24:00,45.7,6.66,23.96,4.792
203,11,2025-02-01 07:24:00,39.1,3.55,8.26,1.652
204,12,2025-02-01 07:24:00,87.0,5.42,15.74,3.148
205,13,2025-02-01 07:24:00,96.3,7.28,23.15,4.63
206,14,2025-02-01 07:24:00,38.2,6.19,22.38,4.476
207,15,2025-02-01 07:24:00,80.1,1.47,15.25,3.05
208,16,2025-02-01 07:24:00,53.8,6.96,26.59,5.318
209,1,2025-02-01 07:36:00,77.1,1.03,6.46,1.292
210,2,2025-02-01 07:36:00,66.5,0.51,6.06,1.212
211,3,2025-02-01 07:36:00,51.3,5.09,4.87,0.974
212,4,2025-02-01 07:36:00,89.9,2.67,6.52,1.304
213,5,2025-02-01 07:36:00,54.5,5.3,13.62,2.724
214,6,2025-02-01 07:36:00,88.2,5.58,13.81,2.762
215,7,2025-02-01 07:36:00,56.4,2.28,14.91,2.982
216,8,2025-02-01 07:36:00,89.5,2.25,15.34,3.068
217,9,2025-02-01 07:36:00,40.5,4.84,11.52,2.304
218,10,2025-02-01 07:36:00,79.3,7.07,9.02,1.804
219,11,2025-02-01 07:36:00,40.4,2.56,14.41,2.882
220,12,2025-02-01 07:36:00,97.4,1.84,17.53,3.506
221,13,2025-02-01 07:36:00,88.6,5.23,23.4,4.68
222,14,2025-02-01 07:36:00,69.2,3.73,24.44,4.888
223,15,2025-02-01 07:36:00,68.2,2.45,20.13,4.026
224,16,2025-02-01 07:36:00,91.8,6.04,22.44,4.488
225,1,2025-02-01 07:48:00,87.5,2.11,5.53,1.106
226,2,2025-02-01 07:48:00,40.8,7.87,4.41,0.882
227,3,2025-02-01 07:48:00,72.8,0.67,11.04,2.208
228,4,2025-02-01 07:48:00,37.1,2.0,5.61,1.122
229,5,2025-02-01 07:48:00,85.3,7.73,16.16,3.232
230,6,2025-02-01 07:48:00,91.0,0.24,12.49,2.498
231,7,2025-02-01 07:48:00,36.8,6.01,11.75,2.35
232,8,2025-02-01 07:48:00,82.0,6.28,10.16,2.032
233,9,2025-02-01 07:48:00,60.9,6.42,19.01,3.802
234,10,2025-02-01 07:48:00,44.3,2.35,23.69,4.738
235,11,2025-02-01 07:48:00,36.3,4.44,11.79,2.358
236,12,2025-02-01 07:48:00,57.6,5.14,14.17,2.834
237,13,2025-02-01 07:48:00,35.9,3.25,20.56,4.112
238,14,2025-02-01 07:48:00,82.4,6.29,25.39,5.078
239,15,2025-02-01 07:48:00,75.5,6.56,10.62,2.124
240,16,2025-02-01 07:48:00,61.6,5.98,16.43,3.286
241,1,2025-02-01 08:00:00,76.8,6.87,5.49,1.098
242,2,2025-02-01 08:00:00,82.2,7.94,4.82,0.964
243,3,2025-02-01 08:00:00,70.5,1.07,6.27,1.254
244,4,2025-02-01 08:00:00,54.4,7.87,8.81,1.762
245,5,2025-02-01 08:00:00,73.1,0.37,8.48,1.696
246,6,2025-02-01 08:00:00,97.7,4.06,5.96,1.192
247,7,2025-02-01 08:00:00,81.4,1.19,17.47,3.494
248,8,2025-02-01 08:00:00,45.3,2.86,17.51,3.502
249,9,2025-02-01 08:00:00,57.8,7.33,10.48,2.096
250,10,2025-02-01 08:00:00,51.2,7.78,13.78,2.756
251,11,2025-02-01 08:00:00,93.8,7.14,9.34,1.868
252,12,2025-02-01 08:00:00,71.4,6.23,20.83,4.166
253,13,2025-02-01 08:00:00,89.2,1.98,27.52,5.504
254,14,2025-02-01 08:00:00,59.4,6.65,28.4,5.68
255,15,2025-02-01 08:00:00,62.2,7.76,20.06,4.012
256,16,2025-02-01 08:00:00,91.8,3.01,12.67,2.534
257,1,2025-02-01 08:12:00,55.7,3.6,6.94,1.388
258,2,2025-02-01 08:12:00,47.8,5.82,10.2,2.04
259,3,2025-02-01 08:12:00,52.5,3.27,12.59,2.518
260,4,2025-02-01 08:12:00,81.0,6.54,12.1,2.42
261,5,2025-02-01 08:12:00,58.3,7.44,10.74,2.148
262,6,2025-02-01 08:12:00,88.2,1.7,9.56,1.912
263,7,2025-02-01 08:12:00,79.4,6.55,16.35,3.27
264,8,2025-02-01 08:12:00,58.7,5.66,11.36,2.272
265,9,2025-02-01 08:12:00,65.8,5.92,7.04,1.408
266,10,2025-02-01 08:12:00,40.8,4.75,14.83,2.966
267,11,2025-02-01 08:12:00,54.9,3.23,24.21,4.842
268,12,2025-02-01 08:12:00,71.5,4.64,18.05,3.61
269,13,2025-02-01 08:12:00,88.6,6.57,12.45,2.49
270,14,2025-02-01 08:12:00,51.9,3.21,28.26,5.652
271,15,2025-02-01 08:12:00,38.8,0.67,9.11,1.822
272,16,2025-02-01 08:12:00,95.5,2.51,28.78,5.756
273,1,2025-02-01 08:24:00,68.9,4.75,10.36,2.072
274,2,2025-02-01 08:24:00,58.2,5.69,7.65,1.53
275,3,2025-02-01 08:24:00,43.6,6.44,8.11,1.622
276,4,2025-02-01 08:24:00,86.5,0.64,7.79,1.558
277,5,2025-02-01 08:24:00,92.6,5.92,16.59,3.318
278,6,2025-02-01 08:24:00,51.1,5.29,7.51,1.502
279,7,2025-02-01 08:24:00,44.5,4.01,10.98,2.196
280,8,2025-02-01 08:24:00,69.1,5.68,12.41,2.482
281,9,2025-02-01 08:24:00,42.9,2.0,15.91,3.182
282,10,2025-02-01 08:24:00,44.0,3.9,21.26,4.252
283,11,2025-02-01 08:24:00,92.8,4.44,22.78,4.556
284,12,2025-02-01 08:24:00,48.4,7.35,15.71,3.142
285,13,2025-02-01 08:24:00,69.8,7.98,16.01,3.202
286,14,2025-02-01 08:24:00,56.9,6.48,15.16,3.032
287,15,2025-02-01 08:24:00,86.4,6.07,30.21,6.042
288,16,2025-02-01 08:24:00,73.0,6.54,19.0,3.8
289,1,2025-02-01 08:36:00,39.2,5.54,11.59,2.318
290,2,2025-02-01 08:36:00,83.0,0.2,12.65,2.53
291,3,2025-02-01 08:36:00,76.5,5.9,13.77,2.754
292,4,2025-02-01 08:36:00,82.4,4.17,15.8,3.16
293,5,2025-02-01 08:36:00,58.5,3.77,14.3,2.86
294,6,2025-02-01 08:36:00,79.2,6.77,14.47,2.894
295,7,2025-02-01 08:36:00,62.2,7.2,16.18,3.236
296,8,2025-02-01 08:36:00,42.4,5.37,13.19,2.638
297,9,2025-02-01 08:36:00,95.9,4.32,17.48,3.496
298,10,2025-02-01 08:36:00,58.8,4.43,23.01,4.602
299,11,2025-02-01 08:36:00,88.7,0.41,11.68,2.336
300,12,2025-02-01 08:36:00,84.3,0.74,11.64,2.328
301,13,2025-02-01 08:36:00,82.8,7.46,9.41,1.882
302,14,2025-02-01 08:36:00,86.3,1.12,12.04,2.408
303,15,2025-02-01 08:36:00,42.9,6.17,9.15,1.83
304,16,2025-02-01 08:36:00,68.7,5.09,16.75,3.35
305,1,2025-02-01 08:48:00,61.2,7.18,4.45,0.89
306,2,2025-02-01 08:48:00,82.6,6.34,10.54,2.108
307,3,2025-02-01 08:48:00,76.0,1.9,11.87,2.374
308,4,2025-02-01 08:48:00,35.5,6.47,5.74,1.148
309,5,2025-02-01 08:48:00,82.0,7.57,7.05,1.41
310,6,2025-02-01 08:48:00,59.9,3.51,17.37,3.474
311,7,2025-02-01 08:48:00,97.2,0.9,13.39,2.678
312,8,2025-02-01 08:48:00,46.6,4.35,13.69,2.738
313,9,2025-02-01 08:48:00,42.2,6.21,16.77,3.354
314,10,2025-02-01 08:48:00,40.1,4.13,9.15,1.83
315,11,2025-02-01 08:48:00,45.5,1.21,14.56,2.912
316,12,2025-02-01 08:48:00,87.1,1.16,24.08,4.816
317,13,2025-02-01 08:48:00,56.2,0.33,19.08,3.816
318,14,2025-02-01 08:48:00,56.0,0.86,16.16,3.232
319,15,2025-02-01 08:48:00,79.5,3.28,11.08,2.216
320,16,2025-02-01 08:48:00,49.8,1.99,23.72,4.744
321,1,2025-02-01 09:00:00,53.6,4.9,4.44,0.888
322,2,2025-02-01 09:00:00,63.8,0.52,9.55,1.91
323,3,2025-02-01 09:00:00,68.8,5.82,10.85,2.17
324,4,2025-02-01 09:00:00,75.8,2.83,14.65,2.93
325,5,2025-02-01 09:00:00,94.9,0.54,12.0,2.4
326,6,2025-02-01 09:00:00,60.4,3.99,7.58,1.516
327,7,2025-02-01 09:00:00,84.7,1.39,8.94,1.788
328,8,2025-02-01 09:00:00,80.3,4.65,19.16,3.832
329,9,2025-02-01 09:00:00,38.6,4.73,19.08,3.816
330,10,2025-02-01 09:00:00,37.1,3.27,16.16,3.232
331,11,2025-02-01 09:00:00,70.0,6.96,19.76,3.952
332,12,2025-02-01 09:00:00,85.9,3.25,12.41,2.482
333,13,2025-02-01 09:00:00,51.3,5.55,27.51,5.502
334,14,2025-02-01 09:00:00,44.4,6.83,17.21,3.442
335,15,2025-02-01 09:00:00,37.9,2.61,21.27,4.254
336,16,2025-02-01 09:00:00,77.3,0.53,18.49,3.698
337,1,2025-02-01 09:12:00,90.9,7.8,10.76,2.152
338,2,2025-02-01 09:12:00,55.6,5.75,6.12,1.224
339,3,2025-02-01 09:12:00,62.9,0.7,7.76,1.552
340,4,2025-02-01 09:12:00,62.4,4.16,14.36,2.872
341,5,2025-02-01 09:12:00,58.4,5.26,8.91,1.782
342,6,2025-02-01 09:12:00,50.8,2.3,8.77,1.754
343,7,2025-02-01 09:12:00,40.6,2.68,10.85,2.17
344,8,2025-02-01 09:12:00,55.2,5.42,11.49,2.298
345,9,2025-02-01 09:12:00,44.6,4.19,20.26,4.052
346,10,2025-02-01 09:12:00,74.0,4.62,23.85,4.77
347,11,2025-02-01 09:12:00,51.7,1.0,21.79,4.358
348,12,2025-02-01 09:12:00,85.8,6.32,21.83,4.366
349,13,2025-02-01 09:12:00,88.9,5.24,16.18,3.236
350,14,2025-02-01 09:12:00,41.4,1.37,25.7,5.14
351,15,2025-02-01 09:12:00,46.1,2.79,14.65,2.93
352,16,2025-02-01 09:12:00,42.7,3.53,16.08,3.216
353,1,2025-02-01 09:24:00,69.0,6.45,3.56,0.712
354,2,2025-02-01 09:24:00,35.7,6.77,10.5,2.1
355,3,2025-02-01 09:24:00,54.6,3.23,6.36,1.272
356,4,2025-02-01 09:24:00,97.6,8.04,13.77,2.754
357,5,2025-02-01 09:24:00,57.5,5.67,16.81,3.362
358,6,2025-02-01 09:24:00,61.2,4.94,14.28,2.856
359,7,2025-02-01 09:24:00,36.9,6.42,19.74,3.948
360,8,2025-02-01 09:24:00,39.1,2.09,16.1,3.22
361,9,2025-02-01 09:24:00,96.5,2.9,11.41,2.282
362,10,2025-02-01 09:24:00,36.6,3.8,9.87,1.974
363,11,2025-02-01 09:24:00,96.2,6.35,7.77,1.554
364,12,2025-02-01 09:24:00,35.7,1.3,16.2,3.24
365,13,2025-02-01 09:24:00,38.5,0.39,9.04,1.808
366,14,2025-02-01 09:24:00,93.7,6.79,10.8,2.16
367,15,2025-02-01 09:24:00,96.6,0.97,23.55,4.71
368,16,2025-02-01 09:24:00,59.2,3.73,14.7,2.94
369,1,2025-02-01 09:36:00,70.2,7.95,6.39,1.278
370,2,2025-02-01 09:36:00,41.6,6.64,9.54,1.908
371,3,2025-02-01 09:36:00,93.5,7.69,12.13,2.426
372,4,2025-02-01 09:36:00,69.6,2.19,10.36,2.072
373,5,2025-02-01 09:36:00,90.0,4.3,8.94,1.788
374,6,2025-02-01 09:36:00,67.6,1.56,9.23,1.846
375,7,2025-02-01 09:36:00,61.4,2.78,12.04,2.408
376,8,2025-02-01 09:36:00,79.2,3.66,21.27,4.254
377,9,2025-02-01 09:36:00,60.6,7.23,18.25,3.65
378,10,2025-02-01 09:36:00,96.3,0.39,9.44,1.888
379,11,2025-02-01 09:36:00,72.2,6.34,22.51,4.502
380,12,2025-02-01 09:36:00,48.4,7.56,25.43,5.086
381,13,2025-02-01 09:36:00,71.5,5.13,21.09,4.218
382,14,2025-02-01 09:36:00,53.3,3.3,19.11,3.822
383,15,2025-02-01 09:36:00,35.1,3.99,16.02,3.204
384,16,2025-02-01 09:36:00,43.2,5.88,19.81,3.962
385,1,2025-02-01 09:48:00,90.7,5.7,11.45,2.29
386,2,2025-02-01 09:48:00,96.3,7.27,11.8,2.36
387,3,2025-02-01 09:48:00,89.5,4.04,8.81,1.762
388,4,2025-02-01 09:48:00,37.8,7.6,11.6,2.32
389,5,2025-02-01 09:48:00,61.9,3.59,14.66,2.932
390,6,2025-02-01 09:48:00,95.4,0.54,7.34,1.468
391,7,2025-02-01 09:48:00,84.2,5.84,8.44,1.688
392,8,2025-02-01 09:48:00,94.3,6.5,9.31,1.862
393,9,2025-02-01 09:48:00,42.8,2.74,22.71,4.542
394,10,2025-02-01 09:48:00,72.3,5.65,15.78,3.156
395,11,2025-02-01 09:48:00,40.6,2.32,18.27,3.654
396,12,2025-02-01 09:48:00,73.4,1.41,16.13,3.226
397,13,2025-02-01 09:48:00,38.5,3.18,23.79,4.758
398,14,2025-02-01 09:48:00,76.5,0.24,12.71,2.542
399,15,2025-02-01 09:48:00,84.6,0.44,24.77,4.954
400,16,2025-02-01 09:48:00,76.0,1.95,17.61,3.522
401,1,2025-02-01 10:00:00,44.0,7.64,8.25,1.65
402,2,2025-02-01 10:00:00,43.6,7.85,6.56,1.312
403,3,2025-02-01 10:00:00,57.3,3.12,14.51,2.902
404,4,2025-02-01 10:00:00,52.1,5.76,13.34,2.668
405,5,2025-02-01 10:00:00,66.4,6.4,16.84,3.368
406,6,2025-02-01 10:00:00,68.3,3.33,8.63,1.726
407,7,2025-02-01 10:00:00,96.3,6.08,9.25,1.85
408,8,2025-02-01 10:00:00,85.5,0.26,10.23,2.046
409,9,2025-02-01 10:00:00,37.5,0.6,19.78,3.956
410,10,2025-02-01 10:00:00,81.3,7.78,7.85,1.57
411,11,2025-02-01 10:00:00,97.3,2.51,9.69,1.938
412,12,2025-02-01 10:00:00,46.2,5.33,16.62,3.324
413,13,2025-02-01 10:00:00,43.9,4.73,12.78,2.556
414,14,2025-02-01 10:00:00,86.0,7.82,11.03,2.206
415,15,2025-02-01 10:00:00,90.6,4.83,10.99,2.198
416,16,2025-02-01 10:00:00,75.5,4.96,31.27,6.254
417,1,2025-02-01 10:12:00,50.0,5.11,6.25,1.25
418,2,2025-02-01 10:12:00,65.2,5.08,4.41,0.882
419,3,2025-02-01 10:12:00,86.9,3.73,10.09,2.018
420,4,2025-02-01 10:12:00,44.7,1.13,8.3,1.66
421,5,2025-02-01 10:12:00,35.0,2.33,13.3,2.66
422,6,2025-02-01 10:12:00,97.8,3.08,7.18,1.436
423,7,2025-02-01 10:12:00,52.6,5.38,10.5,2.1
424,8,2025-02-01 10:12:00,70.5,3.32,12.54,2.508
425,9,2025-02-01 10:12:00,62.8,5.41,13.78,2.756
426,10,2025-02-01 10:12:00,59.5,7.43,7.91,1.582
427,11,2025-02-01 10:12:00,83.1,6.56,24.32,4.864
428,12,2025-02-01 10:12:00,97.8,0.28,18.98,3.796
429,13,2025-02-01 10:12:00,96.3,4.01,8.43,1.686
430,14,2025-02-01 10:12:00,59.8,4.74,26.8,5.36
431,15,2025-02-01 10:12:00,64.6,0.38,20.67,4.134
432,16,2025-02-01 10:12:00,74.5,6.3,24.08,4.816
433,1,2025-02-01 10:24:00,91.4,2.82,7.31,1.462
434,2,2025-02-01 10:24:00,71.8,4.5,6.98,1.396
435,3,2025-02-01 10:24:00,47.3,7.22,11.27,2.254
436,4,2025-02-01 10:24:00,90.1,7.68,13.47,2.694
437,5,2025-02-01 10:24:00,88.7,6.14,14.1,2.82
438,6,2025-02-01 10:24:00,68.4,2.64,12.5,2.5
439,7,2025-02-01 10:24:00,61.8,2.39,18.02,3.604
440,8,2025-02-01 10:24:00,66.0,0.38,10.08,2.016
441,9,2025-02-01 10:24:00,73.3,7.53,14.9,2.98
442,10,2025-02-01 10:24:00,74.1,4.99,14.06,2.812
443,11,2025-02-01 10:24:00,64.0,0.87,10.02,2.004
444,12,2025-02-01 10:24:00,40.4,1.66,13.12,2.624
445,13,2025-02-01 10:24:00,43.5,6.97,19.59,3.918
446,14,2025-02-01 10:24:00,38.0,7.03,25.02,5.004
447,15,2025-02-01 10:24:00,70.8,3.39,14.48,2.896
448,16,2025-02-01 10:24:00,64.3,5.41,13.68,2.736
449,1,2025-02-01 10:36:00,90.3,0.48,3.99,0.798
450,2,2025-02-01 10:36:00,35.5,8.09,4.38,0.876
451,3,2025-02-01 10:36:00,59.5,5.18,6.89,1.378
452,4,2025-02-01 10:36:00,74.5,4.82,6.68,1.336
453,5,2025-02-01 10:36:00,82.5,7.73,13.98,2.796
454,6,2025-02-01 10:36:00,87.0,2.57,18.64,3.728
455,7,2025-02-01 10:36:00,68.8,1.07,14.54,2.908
456,8,2025-02-01 10:36:00,83.3,6.63,8.25,1.65
457,9,2025-02-01 10:36:00,37.8,5.59,21.27,4.254
458,10,2025-02-01 10:36:00,88.9,7.6,14.25,2.85
459,11,2025-02-01 10:36:00,84.4,4.88,16.92,3.384
460,12,2025-02-01 10:36:00,80.3,6.86,11.0,2.2
461,13,2025-02-01 10:36:00,46.3,1.16,22.98,4.596
462,14,2025-02-01 10:36:00,93.3,7.37,19.35,3.87
463,15,2025-02-01 10:36:00,67.1,1.14,25.69,5.138
464,16,2025-02-01 10:36:00,75.4,6.87,17.11,3.422
465,1,2025-02-01 10:48:00,94.9,7.9,11.25,2.25
466,2,2025-02-01 10:48:00,68.5,3.5,7.61,1.522
467,3,2025-02-01 10:48:00,53.9,2.33,8.58,1.716
468,4,2025-02-01 10:48:00,55.6,1.94,11.24,2.248
469,5,2025-02-01 10:48:00,77.5,5.94,15.33,3.066
470,6,2025-02-01 10:48:00,94.2,1.14,9.19,1.838
471,7,2025-02-01 10:48:00,94.1,7.67,16.24,3.248
472,8,2025-02-01 10:48:00,92.7,6.61,14.95,2.99
473,9,2025-02-01 10:48:00,43.6,8.1,15.08,3.016
474,10,2025-02-01 10:48:00,37.5,4.97,14.94,2.988
475,11,2025-02-01 10:48:00,75.6,3.14,21.29,4.258
476,12,2025-02-01 10:48:00,45.4,6.19,26.03,5.206
477,13,2025-02-01 10:48:00,52.0,0.96,12.57,2.514
478,14,2025-02-01 10:48:00,34.1,6.74,17.59,3.518
479,15,2025-02-01 10:48:00,61.0,2.53,12.05,2.41
480,16,2025-02-01 10:48:00,54.2,3.14,27.45,5.49
481,1,2025-02-01 11:00:00,61.2,7.5,9.07,1.814
482,2,2025-02-01 11:00:00,76.9,3.25,13.14,2.628
483,3,2025-02-01 11:00:00,88.6,5.38,11.77,2.354
484,4,2025-02-01 11:00:00,42.9,5.7,10.03,2.006
485,5,2025-02-01 11:00:00,69.7,3.57,15.36,3.072
486,6,2025-02-01 11:00:00,83.9,7.8,17.25,3.45
487,7,2025-02-01 11:00:00,97.7,2.29,19.03,3.806
488,8,2025-02-01 11:00:00,79.2,0.88,20.63,4.126
489,9,2025-02-01 11:00:00,52.1,3.01,6.82,1.364
490,10,2025-02-01 11:00:00,79.2,1.83,15.09,3.018
491,11,2025-02-01 11:00:00,78.3,0.37,16.73,3.346
492,12,2025-02-01 11:00:00,66.7,4.48,9.4,1.88
493,13,2025-02-01 11:00:00,45.8,0.87,27.55,5.51
494,14,2025-02-01 11:00:00,50.4,4.77,24.5,4.9
495,15,2025-02-01 11:00:00,95.3,6.09,18.01,3.602
496,16,2025-02-01 11:00:00,49.9,5.38,29.09,5.818
497,1,2025-02-01 11:12:00,86.9,3.0,11.86,2.372
498,2,2025-02-01 11:12:00,71.7,7.31,11.5,2.3
499,3,2025-02-01 11:12:00,90.5,0.79,5.93,1.186
500,4,2025-02-01 11:12:00,79.7,4.39,14.36,2.872
501,5,2025-02-01 11:12:00,48.8,2.99,8.64,1.728
502,6,2025-02-01 11:12:00,83.9,2.62,7.76,1.552
503,7,2025-02-01 11:12:00,94.5,4.9,7.06,1.412
504,8,2025-02-01 11:12:00,60.3,1.07,13.55,2.71
505,9,2025-02-01 11:12:00,57.4,7.93,16.95,3.39
506,10,2025-02-01 11:12:00,38.0,0.87,16.97,3.394
507,11,2025-02-01 11:12:00,76.8,8.06,16.33,3.266
508,12,2025-02-01 11:12:00,89.4,6.82,15.22,3.044
509,13,2025-02-01 11:12:00,68.9,0.5,11.75,2.35
510,14,2025-02-01 11:12:00,74.5,1.86,16.34,3.268
511,15,2025-02-01 11:12:00,76.0,1.06,29.79,5.958
512,16,2025-02-01 11:12:00,95.0,5.45,21.79,4.358
513,1,2025-02-01 11:24:00,35.6,1.09,3.79,0.758
514,2,2025-02-01 11:24:00,45.7,3.99,7.14,1.428
515,3,2025-02-01 11:24:00,61.5,2.86,7.56,1.512
516,4,2025-02-01 11:24:00,44.3,1.08,11.29,2.258
517,5,2025-02-01 11:24:00,86.3,4.73,11.08,2.216
518,6,2025-02-01 11:24:00,74.2,5.86,17.74,3.548
519,7,2025-02-01 11:24:00,40.2,5.94,11.1,2.22
520,8,2025-02-01 11:24:00,84.1,4.31,11.03,2.206
521,9,2025-02-01 11:24:00,45.5,2.19,19.81,3.962
522,10,2025-02-01 11:24:00,79.0,4.33,15.01,3.002
523,11,2025-02-01 11:24:00,89.9,6.77,17.49,3.498
524,12,2025-02-01 11:24:00,37.7,0.98,25.98,5.196
525,13,2025-02-01 11:24:00,41.8,1.42,9.85,1.97
526,14,2025-02-01 11:24:00,86.0,3.88,21.35,4.27
527,15,2025-02-01 11:24:00,60.3,3.09,10.04,2.008
528,16,2025-02-01 11:24:00,53.0,1.6,22.86,4.572
529,1,2025-02-01 11:36:00,89.7,5.79,10.13,2.026
530,2,2025-02-01 11:36:00,76.1,0.29,12.5,2.5
531,3,2025-02-01 11:36:00,44.9,8.09,7.96,1.592
532,4,2025-02-01 11:36:00,97.8,7.65,14.4,2.88
533,5,2025-02-01 11:36:00,91.3,7.87,16.61,3.322
534,6,2025-02-01 11:36:00,54.0,7.85,10.53,2.106
535,7,2025-02-01 11:36:00,88.3,7.59,8.97,1.794
536,8,2025-02-01 11:36:00,68.5,1.79,15.16,3.032
537,9,2025-02-01 11:36:00,55.9,2.1,12.08,2.416
538,10,2025-02-01 11:36:00,76.5,6.31,9.83,1.966
539,11,2025-02-01 11:36:00,50.0,1.97,19.65,3.93
540,12,2025-02-01 11:36:00,92.9,1.17,18.86,3.772
541,13,2025-02-01 11:36:00,70.5,2.02,9.2,1.84
542,14,2025-02-01 11:36:00,54.9,4.3,17.9,3.58
543,15,2025-02-01 11:36:00,62.0,7.76,15.41,3.082
544,16,2025-02-01 11:36:00,66.5,4.17,9.84,1.968
545,1,2025-02-01 11:48:00,39.6,7.15,4.92,0.984
546,2,2025-02-01 11:48:00,39.7,8.05,11.88,2.376
547,3,2025-02-01 11:48:00,84.1,6.75,8.59,1.718
548,4,2025-02-01 11:48:00,94.7,7.08,6.25,1.25
549,5,2025-02-01 11:48:00,77.0,4.35,7.75,1.55
550,6,2025-02-01 11:48:00,62.5,3.54,12.14,2.428
551,7,2025-02-01 11:48:00,57.6,6.3,18.25,3.65
552,8,2025-02-01 11:48:00,50.2,6.91,17.52,3.504
553,9,2025-02-01 11:48:00,43.9,4.26,13.9,2.78
554,10,2025-02-01 11:48:00,63.5,1.37,13.71,2.742
555,11,2025-02-01 11:48:00,84.0,5.08,16.33,3.266
556,12,2025-02-01 11:48:00,57.7,1.87,17.67,3.534
557,13,2025-02-01 11:48:00,41.1,3.81,11.05,2.21
558,14,2025-02-01 11:48:00,68.8,4.04,19.16,3.832
559,15,2025-02-01 11:48:00,88.7,6.6,19.92,3.984
560,16,2025-02-01 11:48:00,65.1,3.03,26.72,5.344
561,1,2025-02-01 12:00:00,63.7,7.16,9.7,1.94
562,2,2025-02-01 12:00:00,97.5,4.76,5.09,1.018
563,3,2025-02-01 12:00:00,67.6,6.42,13.15,2.63
564,4,2025-02-01 12:00:00,55.3,2.56,4.97,0.994
565,5,2025-02-01 12:00:00,85.5,3.53,16.77,3.354
566,6,2025-02-01 12:00:00,64.2,6.98,16.8,3.36
567,7,2025-02-01 12:00:00,87.9,4.0,8.85,1.77
568,8,2025-02-01 12:00:00,63.3,7.65,17.94,3.588
569,9,2025-02-01 12:00:00,39.0,6.36,16.2,3.24
570,10,2025-02-01 12:00:00,65.5,3.93,18.55,3.71
571,11,2025-02-01 12:00:00,34.2,4.69,10.16,2.032
572,12,2025-02-01 12:00:00,41.8,2.76,9.16,1.832
573,13,2025-02-01 12:00:00,89.0,0.47,9.49,1.898
574,14,2025-02-01 12:00:00,91.0,3.27,10.74,2.148
575,15,2025-02-01 12:00:00,61.1,2.06,28.9,5.78
576,16,2025-02-01 12:00:00,48.6,7.17,31.93,6.386
577,1,2025-02-01 12:12:00,70.4,6.49,11.7,2.34
578,2,2025-02-01 12:12:00,63.8,4.97,5.19,1.038
579,3,2025-02-01 12:12:00,36.1,0.55,11.15,2.23
580,4,2025-02-01 12:12:00,86.4,1.15,15.76,3.152
581,5,2025-02-01 12:12:00,80.5,7.17,12.11,2.422
582,6,2025-02-01 12:12:00,95.8,5.44,15.51,3.102
583,7,2025-02-01 12:12:00,85.6,8.09,15.16,3.032
584,8,2025-02-01 12:12:00,46.9,3.02,17.95,3.59
585,9,2025-02-01 12:12:00,70.7,0.8,6.65,1.33
586,10,2025-02-01 12:12:00,63.4,1.78,10.36,2.072
587,11,2025-02-01 12:12:00,65.3,5.03,20.57,4.114
588,12,2025-02-01 12:12:00,82.6,6.5,12.2,2.44
589,13,2025-02-01 12:12:00,80.3,3.08,12.63,2.526
590,14,2025-02-01 12:12:00,93.1,5.35,19.47,3.894
591,15,2025-02-01 12:12:00,78.4,7.13,11.32,2.264
592,16,2025-02-01 12:12:00,87.1,2.32,14.08,2.816
593,1,2025-02-01 12:24:00,35.3,6.99,11.26,2.252
594,2,2025-02-01 12:24:00,95.1,2.82,6.6,1.32
595,3,2025-02-01 12:24:00,92.6,4.29,12.08,2.416
596,4,2025-02-01 12:24:00,95.0,6.82,14.03,2.806
597,5,2025-02-01 12:24:00,58.3,7.08,8.32,1.664
598,6,2025-02-01 12:24:00,68.1,4.64,13.86,2.772
599,7,2025-02-01 12:24:00,92.4,2.29,16.24,3.248
600,8,2025-02-01 12:24:00,88.7,4.22,13.97,2.794
601,9,2025-02-01 12:24:00,89.2,8.06,9.08,1.816
602,10,2025-02-01 12:24:00,92.1,2.84,9.7,1.94
603,11,2025-02-01 12:24:00,71.7,5.84,17.69,3.538
604,12,2025-02-01 12:24:00,71.3,0.57,14.49,2.898
605,13,2025-02-01 12:24:00,75.4,2.31,14.41,2.882
606,14,2025-02-01 12:24:00,81.7,5.97,12.23,2.446
607,15,2025-02-01 12:24:00,60.8,1.31,10.89,2.178
608,16,2025-02-01 12:24:00,44.0,2.23,27.12,5.424
609,1,2025-02-01 12:36:00,83.9,6.54,8.62,1.724
610,2,2025-02-01 12:36:00,56.4,0.79,12.44,2.488
611,3,2025-02-01 12:36:00,97.8,6.3,4.92,0.984
612,4,2025-02-01 12:36:00,89.1,4.93,11.03,2.206
613,5,2025-02-01 12:36:00,91.3,3.27,6.01,1.202
614,6,2025-02-01 12:36:00,44.9,1.67,10.4,2.08
615,7,2025-02-01 12:36:00,80.0,7.91,6.18,1.236
616,8,2025-02-01 12:36:00,53.0,4.61,16.15,3.23
617,9,2025-02-01 12:36:00,48.4,7.86,15.06,3.012
618,10,2025-02-01 12:36:00,64.7,5.14,15.31,3.062
619,11,2025-02-01 12:36:00,63.1,5.72,20.6,4.12
620,12,2025-02-01 12:36:00,65.7,5.52,15.98,3.196
621,13,2025-02-01 12:36:00,69.8,5.32,13.39,2.678
622,14,2025-02-01 12:36:00,66.1,5.72,8.87,1.774
623,15,2025-02-01 12:36:00,47.3,4.0,20.45,4.09
624,16,2025-02-01 12:36:00,83.0,5.81,25.26,5.052
625,1,2025-02-01 12:48:00,40.8,2.26,8.7,1.74
626,2,2025-02-01 12:48:00,79.9,2.28,8.68,1.736
627,3,2025-02-01 12:48:00,81.5,2.82,6.87,1.374
628,4,2025-02-01 12:48:00,44.3,5.89,12.6,2.52
629,5,2025-02-01 12:48:00,34.1,2.13,13.71,2.742
630,6,2025-02-01 12:48:00,48.6,5.31,9.6,1.92
631,7,2025-02-01 12:48:00,54.3,2.35,12.21,2.442
632,8,2025-02-01 12:48:00,96.8,1.94,19.47,3.894
633,9,2025-02-01 12:48:00,60.8,3.11,8.94,1.788
634,10,2025-02-01 12:48:00,88.1,0.94,16.24,3.248
635,11,2025-02-01 12:48:00,96.3,2.53,21.56,4.312
636,12,2025-02-01 12:48:00,56.7,3.22,22.75,4.55
637,13,2025-02-01 12:48:00,40.1,6.35,15.22,3.044
638,14,2025-02-01 12:48:00,65.6,3.25,20.41,4.082
639,15,2025-02-01 12:48:00,40.5,3.01,20.1,4.02
640,16,2025-02-01 12:48:00,91.3,7.28,24.83,4.966
641,1,2025-02-01 13:00:00,89.8,3.27,9.31,1.862
642,2,2025-02-01 13:00:00,57.9,3.52,8.84,1.768
643,3,2025-02-01 13:00:00,53.8,4.4,6.43,1.286
644,4,2025-02-01 13:00:00,47.7,6.58,14.14,2.828
645,5,2025-02-01 13:00:00,49.4,1.05,16.19,3.238
646,6,2025-02-01 13:00:00,41.4,4.83,15.76,3.152
647,7,2025-02-01 13:00:00,50.0,2.33,7.57,1.514
648,8,2025-02-01 13:00:00,67.3,4.36,13.02,2.604
649,9,2025-02-01 13:00:00,90.5,5.55,13.16,2.632
650,10,2025-02-01 13:00:00,63.5,5.86,14.75,2.95
651,11,2025-02-01 13:00:00,97.8,5.84,25.23,5.046
652,12,2025-02-01 13:00:00,45.2,4.25,11.76,2.352
653,13,2025-02-01 13:00:00,41.8,2.51,22.57,4.514
654,14,2025-02-01 13:00:00,70.9,2.19,24.51,4.902
655,15,2025-02-01 13:00:00,34.4,6.46,9.5,1.9
656,16,2025-02-01 13:00:00,35.8,1.34,25.79,5.158
657,1,2025-02-01 13:12:00,47.7,0.81,8.45,1.69
658,2,2025-02-01 13:12:00,48.0,2.26,9.22,1.844
659,3,2025-02-01 13:12:00,74.1,5.74,11.64,2.328
660,4,2025-02-01 13:12:00,56.3,5.54,6.53,1.306
661,5,2025-02-01 13:12:00,39.0,6.61,11.37,2.274
662,6,2025-02-01 13:12:00,40.5,3.32,9.54,1.908
663,7,2025-02-01 13:12:00,41.1,7.78,17.49,3.498
664,8,2025-02-01 13:12:00,96.7,0.68,17.83,3.566
665,9,2025-02-01 13:12:00,85.4,0.29,15.67,3.134
666,10,2025-02-01 13:12:00,39.0,1.02,7.41,1.482
667,11,2025-02-01 13:12:00,58.1,2.06,15.89,3.178
668,12,2025-02-01 13:12:00,89.4,7.0,23.82,4.764
669,13,2025-02-01 13:12:00,92.2,7.5,17.2,3.44
670,14,2025-02-01 13:12:00,44.6,1.1,29.18,5.836
671,15,2025-02-01 13:12:00,75.4,7.14,29.61,5.922
672,16,2025-02-01 13:12:00,85.6,4.87,31.84,6.368
673,1,2025-02-01 13:24:00,58.3,2.3,9.74,1.948
674,2,2025-02-01 13:24:00,83.4,0.21,5.14,1.028
675,3,2025-02-01 13:24:00,81.9,1.14,14.49,2.898
676,4,2025-02-01 13:24:00,79.0,5.29,5.58,1.116
677,5,2025-02-01 13:24:00,77.3,4.99,10.79,2.158
678,6,2025-02-01 13:24:00,38.8,2.52,17.32,3.464
679,7,2025-02-01 13:24:00,40.9,6.5,10.72,2.144
680,8,2025-02-01 13:24:00,64.0,7.41,7.29,1.458
681,9,2025-02-01 13:24:00,59.6,7.92,19.63,3.926
682,10,2025-02-01 13:24:00,68.0,5.14,8.63,1.726
683,11,2025-02-01 13:24:00,71.5,5.94,9.36,1.872
684,12,2025-02-01 13:24:00,56.0,1.56,22.53,4.506
685,13,2025-02-01 13:24:00,92.0,1.54,21.03,4.206
686,14,2025-02-01 13:24:00,78.3,6.92,14.38,2.876
687,15,2025-02-01 13:24:00,87.0,4.31,27.96,5.592
688,16,2025-02-01 13:24:00,96.3,1.05,30.61,6.122
689,1,2025-02-01 13:36:00,58.9,2.87,7.63,1.526
690,2,2025-02-01 13:36:00,46.4,2.13,6.89,1.378
691,3,2025-02-01 13:36:00,38.5,2.18,4.52,0.904
692,4,2025-02-01 13:36:00,34.1,6.52,7.77,1.554
693,5,2025-02-01 13:36:00,73.4,1.95,4.99,0.998
694,6,2025-02-01 13:36:00,39.5,7.99,13.67,2.734
695,7,2025-02-01 13:36:00,91.8,0.42,15.86,3.172
696,8,2025-02-01 13:36:00,76.9,2.99,8.76,1.752
697,9,2025-02-01 13:36:00,80.1,6.68,8.94,1.788
698,10,2025-02-01 13:36:00,48.1,4.39,17.26,3.452
699,11,2025-02-01 13:36:00,78.1,1.2,13.19,2.638
700,12,2025-02-01 13:36:00,66.3,4.33,16.71,3.342
701,13,2025-02-01 13:36:00,80.0,1.84,18.09,3.618
702,14,2025-02-01 13:36:00,55.4,2.12,16.5,3.3
703,15,2025-02-01 13:36:00,58.8,6.42,10.31,2.062
704,16,2025-02-01 13:36:00,38.7,1.6,26.92,5.384
705,1,2025-02-01 13:48:00,73.2,5.97,10.98,2.196
706,2,2025-02-01 13:48:00,79.1,4.27,11.68,2.336
707,3,2025-02-01 13:48:00,97.7,6.59,4.28,0.856
708,4,2025-02-01 13:48:00,38.5,1.66,13.72,2.744
709,5,2025-02-01 13:48:00,88.7,6.88,11.6,2.32
710,6,2025-02-01 13:48:00,34.8,7.6,10.11,2.022
711,7,2025-02-01 13:48:00,46.1,3.21,16.09,3.218
712,8,2025-02-01 13:48:00,56.9,4.5,16.14,3.228
713,9,2025-02-01 13:48:00,73.4,4.15,14.83,2.966
714,10,2025-02-01 13:48:00,82.2,4.45,20.1,4.02
715,11,2025-02-01 13:48:00,62.0,3.59,20.09,4.018
716,12,2025-02-01 13:48:00,55.1,4.72,13.29,2.658
717,13,2025-02-01 13:48:00,52.4,5.97,18.5,3.7
718,14,2025-02-01 13:48:00,96.8,4.88,26.31,5.262
719,15,2025-02-01 13:48:00,44.3,4.51,25.99,5.198
720,16,2025-02-01 13:48:00,95.1,3.97,13.38,2.676
721,1,2025-02-01 14:00:00,60.9,0.76,10.15,2.03
722,2,2025-02-01 14:00:00,81.0,5.6,6.62,1.324
723,3,2025-02-01 14:00:00,72.3,7.67,5.26,1.052
724,4,2025-02-01 14:00:00,39.2,7.39,11.58,2.316
725,5,2025-02-01 14:00:00,43.1,6.98,8.11,1.622
726,6,2025-02-01 14:00:00,75.2,4.22,8.83,1.766
727,7,2025-02-01 14:00:00,61.2,5.8,11.89,2.378
728,8,2025-02-01 14:00:00,60.2,5.8,13.87,2.774
729,9,2025-02-01 14:00:00,93.6,3.71,10.91,2.182
730,10,2025-02-01 14:00:00,93.7,7.52,17.59,3.518
731,11,2025-02-01 14:00:00,54.7,1.36,17.39,3.478
732,12,2025-02-01 14:00:00,75.5,3.6,20.26,4.052
733,13,2025-02-01 14:00:00,89.5,3.38,8.33,1.666
734,14,2025-02-01 14:00:00,64.3,1.25,22.3,4.46
735,15,2025-02-01 14:00:00,52.7,2.55,16.38,3.276
736,16,2025-02-01 14:00:00,63.6,5.83,30.19,6.038
737,1,2025-02-01 14:12:00,55.1,4.0,11.39,2.278
738,2,2025-02-01 14:12:00,93.5,5.42,10.25,2.05
739,3,2025-02-01 14:12:00,51.7,0.28,11.69,2.338
740,4,2025-02-01 14:12:00,82.4,7.51,10.77,2.154
741,5,2025-02-01 14:12:00,67.5,2.74,10.97,2.194
742,6,2025-02-01 14:12:00,81.5,1.44,10.91,2.182
743,7,2025-02-01 14:12:00,80.1,8.03,16.94,3.388
744,8,2025-02-01 14:12:00,61.7,7.84,17.15,3.43
745,9,2025-02-01 14:12:00,59.6,3.46,11.91,2.382
746,10,2025-02-01 14:12:00,57.7,0.72,16.7,3.34
747,11,2025-02-01 14:12:00,36.3,7.76,10.96,2.192
748,12,2025-02-01 14:12:00,72.8,4.45,11.2,2.24
749,13,2025-02-01 14:12:00,91.7,4.46,15.72,3.144
750,14,2025-02-01 14:12:00,55.0,2.58,22.29,4.458
751,15,2025-02-01 14:12:00,64.0,3.8,30.16,6.032
752,16,2025-02-01 14:12:00,59.0,7.71,26.48,5.296
753,1,2025-02-01 14:24:00,36.4,2.88,7.61,1.522
754,2,2025-02-01 14:24:00,39.1,4.53,10.39,2.078
755,3,2025-02-01 14:24:00,55.2,6.69,12.74,2.548
756,4,2025-02-01 14:24:00,38.9,6.61,4.59,0.918
757,5,2025-02-01 14:24:00,44.8,4.96,8.11,1.622
758,6,2025-02-01 14:24:00,39.7,4.48,5.76,1.152
759,7,2025-02-01 14:24:00,44.9,1.08,13.91,2.782
760,8,2025-02-01 14:24:00,49.2,3.36,9.87,1.974
761,9,2025-02-01 14:24:00,66.6,3.6,13.42,2.684
762,10,2025-02-01 14:24:00,82.6,2.78,9.58,1.916
763,11,2025-02-01 14:24:00,78.2,6.56,15.1,3.02
764,12,2025-02-01 14:24:00,65.5,0.55,11.11,2.222
765,13,2025-02-01 14:24:00,83.1,7.82,25.18,5.036
766,14,2025-02-01 14:24:00,80.0,0.61,25.53,5.106
767,15,2025-02-01 14:24:00,86.8,0.23,25.13,5.026
768,16,2025-02-01 14:24:00,82.5,4.42,12.81,2.562
769,1,2025-02-01 14:36:00,59.0,5.05,4.98,0.996
770,2,2025-02-01 14:36:00,80.0,7.6,7.22,1.444
771,3,2025-02-01 14:36:00,41.1,7.7,11.96,2.392
772,4,2025-02-01 14:36:00,68.7,2.51,12.16,2.432
773,5,2025-02-01 14:36:00,43.4,1.65,12.74,2.548
774,6,2025-02-01 14:36:00,84.8,2.02,10.3,2.06
775,7,2025-02-01 14:36:00,59.0,1.73,10.17,2.034
776,8,2025-02-01 14:36:00,84.9,3.08,13.86,2.772
777,9,2025-02-01 14:36:00,40.6,6.97,6.61,1.322
778,10,2025-02-01 14:36:00,52.0,7.13,16.06,3.212
779,11,2025-02-01 14:36:00,67.9,7.81,20.14,4.028
780,12,2025-02-01 14:36:00,66.1,5.42,24.19,4.838
781,13,2025-02-01 14:36:00,90.6,0.74,17.86,3.572
782,14,2025-02-01 14:36:00,61.1,6.74,18.68,3.736
783,15,2025-02-01 14:36:00,71.9,2.32,22.42,4.484
784,16,2025-02-01 14:36:00,95.0,5.63,22.01,4.402
785,1,2025-02-01 14:48:00,68.1,3.35,5.09,1.018
786,2,2025-02-01 14:48:00,70.5,4.8,8.82,1.764
787,3,2025-02-01 14:48:00,69.4,7.18,11.41,2.282
788,4,2025-02-01 14:48:00,51.7,8.08,12.48,2.496
789,5,2025-02-01 14:48:00,81.8,3.29,10.18,2.036
790,6,2025-02-01 14:48:00,66.3,6.15,13.04,2.608
791,7,2025-02-01 14:48:00,91.8,6.74,19.33,3.866
792,8,2025-02-01 14:48:00,59.1,4.1,11.09,2.218
793,9,2025-02-01 14:48:00,76.2,1.01,14.12,2.824
794,10,2025-02-01 14:48:00,84.3,1.94,23.67,4.734
795,11,2025-02-01 14:48:00,57.0,0.83,16.73,3.346
796,12,2025-02-01 14:48:00,46.9,2.25,20.84,4.168
797,13,2025-02-01 14:48:00,38.6,0.31,10.49,2.098
798,14,2025-02-01 14:48:00,43.9,0.46,26.43,5.286
799,15,2025-02-01 14:48:00,96.9,3.25,12.21,2.442
800,16,2025-02-01 14:48:00,57.3,5.24,18.09,3.618
801,1,2025-02-01 15:00:00,85.4,1.76,4.88,0.976
802,2,2025-02-01 15:00:00,52.2,6.66,10.51,2.102
803,3,2025-02-01 15:00:00,57.1,3.32,13.52,2.704
804,4,2025-02-01 15:00:00,68.2,1.86,6.68,1.336
805,5,2025-02-01 15:00:00,97.5,7.88,10.43,2.086
806,6,2025-02-01 15:00:00,91.2,4.86,5.96,1.192
807,7,2025-02-01 15:00:00,69.3,5.61,7.51,1.502
808,8,2025-02-01 15:00:00,47.8,5.2,6.32,1.264
809,9,2025-02-01 15:00:00,91.1,0.67,21.81,4.362
810,10,2025-02-01 15:00:00,49.6,4.55,19.34,3.868
811,11,2025-02-01 15:00:00,57.7,4.35,13.34,2.668
812,12,2025-02-01 15:00:00,59.7,5.97,9.84,1.968
813,13,2025-02-01 15:00:00,52.4,3.0,19.58,3.916
814,14,2025-02-01 15:00:00,70.9,3.18,22.76,4.552
815,15,2025-02-01 15:00:00,72.0,1.94,19.15,3.83
816,16,2025-02-01 15:00:00,52.2,0.65,13.33,2.666
817,1,2025-02-01 15:12:00,55.3,2.45,4.0,0.8
818,2,2025-02-01 15:12:00,63.1,5.76,5.29,1.058
819,3,2025-02-01 15:12:00,50.7,7.83,12.24,2.448
820,4,2025-02-01 15:12:00,82.5,5.6,6.01,1.202
821,5,2025-02-01 15:12:00,43.9,6.68,15.53,3.106
822,6,2025-02-01 15:12:00,64.3,4.87,9.78,1.956
823,7,2025-02-01 15:12:00,94.4,6.26,13.69,2.738
824,8,2025-02-01 15:12:00,83.2,0.49,9.67,1.934
825,9,2025-02-01 15:12:00,71.5,2.81,15.81,3.162
826,10,2025-02-01 15:12:00,91.4,4.87,12.73,2.546
827,11,2025-02-01 15:12:00,77.6,2.38,11.77,2.354
828,12,2025-02-01 15:12:00,92.6,6.92,13.44,2.688
829,13,2025-02-01 15:12:00,42.7,1.33,26.1,5.22
830,14,2025-02-01 15:12:00,34.7,5.92,23.09,4.618
831,15,2025-02-01 15:12:00,37.3,1.88,27.22,5.444
832,16,2025-02-01 15:12:00,79.7,5.98,9.26,1.852
833,1,2025-02-01 15:24:00,72.3,4.72,8.71,1.742
834,2,2025-02-01 15:24:00,48.0,5.06,5.65,1.13
835,3,2025-02-01 15:24:00,51.3,2.36,8.72,1.744
836,4,2025-02-01 15:24:00,50.2,2.28,14.46,2.892
837,5,2025-02-01 15:24:00,45.4,4.08,13.4,2.68
838,6,2025-02-01 15:24:00,83.0,7.47,11.1,2.22
839,7,2025-02-01 15:24:00,53.0,2.63,10.26,2.052
840,8,2025-02-01 15:24:00,56.1,6.76,19.49,3.898
841,9,2025-02-01 15:24:00,74.0,0.24,8.48,1.696
842,10,2025-02-01 15:24:00,69.4,4.02,12.85,2.57
843,11,2025-02-01 15:24:00,71.8,7.95,18.2,3.64
844,12,2025-02-01 15:24:00,77.4,2.73,9.66,1.932
845,13,2025-02-01 15:24:00,41.1,5.18,13.1,2.62
846,14,2025-02-01 15:24:00,40.4,1.55,14.47,2.894
847,15,2025-02-01 15:24:00,37.6,7.16,25.3,5.06
848,16,2025-02-01 15:24:00,35.2,5.05,12.83,2.566
849,1,2025-02-01 15:36:00,68.7,4.06,10.97,2.194
850,2,2025-02-01 15:36:00,36.9,1.43,8.38,1.676
851,3,2025-02-01 15:36:00,84.4,5.45,12.73,2.546
852,4,2025-02-01 15:36:00,64.4,4.3,4.87,0.974
853,5,2025-02-01 15:36:00,78.2,3.68,9.79,1.958
854,6,2025-02-01 15:36:00,62.6,6.54,17.3,3.46
855,7,2025-02-01 15:36:00,37.9,1.76,6.32,1.264
856,8,2025-02-01 15:36:00,83.4,6.5,11.25,2.25
857,9,2025-02-01 15:36:00,62.8,5.41,8.75,1.75
858,10,2025-02-01 15:36:00,65.3,7.37,23.12,4.624
859,11,2025-02-01 15:36:00,73.2,3.57,12.74,2.548
860,12,2025-02-01 15:36:00,61.9,3.71,21.67,4.334
861,13,2025-02-01 15:36:00,76.0,4.41,8.5,1.7
862,14,2025-02-01 15:36:00,97.6,6.06,20.11,4.022
863,15,2025-02-01 15:36:00,63.7,3.71,20.62,4.124
864,16,2025-02-01 15:36:00,44.0,3.49,31.88,6.376
865,1,2025-02-01 15:48:00,49.5,5.57,3.42,0.684
866,2,2025-02-01 15:48:00,35.3,0.94,9.23,1.846
867,3,2025-02-01 15:48:00,61.7,0.59,12.38,2.476
868,4,2025-02-01 15:48:00,95.6,1.58,6.77,1.354
869,5,2025-02-01 15:48:00,50.2,3.81,8.97,1.794
870,6,2025-02-01 15:48:00,67.8,6.64,12.01,2.402
871,7,2025-02-01 15:48:00,37.9,3.5,15.93,3.186
872,8,2025-02-01 15:48:00,50.3,3.57,16.86,3.372
873,9,2025-02-01 15:48:00,68.3,6.56,10.71,2.142
874,10,2025-02-01 15:48:00,73.9,5.75,24.12,4.824
875,11,2025-02-01 15:48:00,60.6,0.29,17.26,3.452
876,12,2025-02-01 15:48:00,91.7,7.67,10.21,2.042
877,13,2025-02-01 15:48:00,93.7,1.7,15.01,3.002
878,14,2025-02-01 15:48:00,47.4,5.87,14.11,2.822
879,15,2025-02-01 15:48:00,88.0,2.89,14.61,2.922
880,16,2025-02-01 15:48:00,46.6,0.83,9.58,1.916
881,1,2025-02-01 16:00:00,90.2,3.29,7.52,1.504
882,2,2025-02-01 16:00:00,54.3,4.36,5.44,1.088
883,3,2025-02-01 16:00:00,67.8,2.78,13.64,2.728
884,4,2025-02-01 16:00:00,76.6,7.75,11.61,2.322
885,5,2025-02-01 16:00:00,86.5,5.36,7.13,1.426
886,6,2025-02-01 16:00:00,48.5,2.64,12.95,2.59
887,7,2025-02-01 16:00:00,96.3,1.71,13.29,2.658
888,8,2025-02-01 16:00:00,66.6,2.33,13.52,2.704
889,9,2025-02-01 16:00:00,76.2,5.3,12.55,2.51
890,10,2025-02-01 16:00:00,69.7,2.7,22.81,4.562
891,11,2025-02-01 16:00:00,48.7,0.91,22.36,4.472
892,12,2025-02-01 16:00:00,57.6,6.64,13.0,2.6
893,13,2025-02-01 16:00:00,38.7,1.13,16.48,3.296
894,14,2025-02-01 16:00:00,59.3,3.74,13.12,2.624
895,15,2025-02-01 16:00:00,95.1,3.16,20.69,4.138
896,16,2025-02-01 16:00:00,96.3,4.85,22.0,4.4
897,1,2025-02-01 16:12:00,61.2,1.05,6.97,1.394
898,2,2025-02-01 16:12:00,77.6,6.67,8.86,1.772
899,3,2025-02-01 16:12:00,80.3,0.84,11.1,2.22
900,4,2025-02-01 16:12:00,90.5,6.43,5.86,1.172
901,5,2025-02-01 16:12:00,51.5,5.66,5.89,1.178
902,6,2025-02-01 16:12:00,44.9,6.45,16.79,3.358
903,7,2025-02-01 16:12:00,72.9,4.95,16.01,3.202
904,8,2025-02-01 16:12:00,74.6,1.43,9.1,1.82
905,9,2025-02-01 16:12:00,35.1,3.88,22.31,4.462
906,10,2025-02-01 16:12:00,97.6,7.52,18.37,3.674
907,11,2025-02-01 16:12:00,50.5,5.96,14.83,2.966
908,12,2025-02-01 16:12:00,36.1,3.49,12.46,2.492
909,13,2025-02-01 16:12:00,88.6,2.04,20.51,4.102
910,14,2025-02-01 16:12:00,60.6,4.47,12.42,2.484
911,15,2025-02-01 16:12:00,53.5,2.95,16.57,3.314
912,16,2025-02-01 16:12:00,61.7,2.94,17.22,3.444
913,1,2025-02-01 16:24:00,36.8,2.91,10.74,2.148
914,2,2025-02-01 16:24:00,38.5,0.24,5.19,1.038
915,3,2025-02-01 16:24:00,62.5,5.55,5.44,1.088
916,4,2025-02-01 16:24:00,88.8,3.56,11.4,2.28
917,5,2025-02-01 16:24:00,69.5,2.98,10.62,2.124
918,6,2025-02-01 16:24:00,69.8,6.95,15.13,3.026
919,7,2025-02-01 16:24:00,81.3,7.84,19.41,3.882
920,8,2025-02-01 16:24:00,72.9,6.42,7.06,1.412
921,9,2025-02-01 16:24:00,59.8,5.58,10.58,2.116
922,10,2025-02-01 16:24:00,95.4,7.13,12.57,2.514
923,11,2025-02-01 16:24:00,92.5,7.53,11.03,2.206
924,12,2025-02-01 16:24:00,55.5,4.43,26.03,5.206
925,13,2025-02-01 16:24:00,78.9,5.36,24.22,4.844
926,14,2025-02-01 16:24:00,72.6,0.83,10.13,2.026
927,15,2025-02-01 16:24:00,35.8,7.02,12.01,2.402
928,16,2025-02-01 16:24:00,89.7,6.68,15.96,3.192
929,1,2025-02-01 16:36:00,56.1,6.47,3.5,0.7
930,2,2025-02-01 16:36:00,71.5,3.7,11.8,2.36
931,3,2025-02-01 16:36:00,49.7,1.7,10.72,2.144
932,4,2025-02-01 16:36:00,92.9,2.11,12.95,2.59
933,5,2025-02-01 16:36:00,82.1,4.67,13.06,2.612
934,6,2025-02-01 16:36:00,36.8,7.0,7.59,1.518
935,7,2025-02-01 16:36:00,95.4,0.64,13.11,2.622
936,8,2025-02-01 16:36:00,83.6,4.83,21.22,4.244
937,9,2025-02-01 16:36:00,88.3,5.75,6.85,1.37
938,10,2025-02-01 16:36:00,55.3,6.51,21.68,4.336
939,11,2025-02-01 16:36:00,94.8,4.81,19.7,3.94
940,12,2025-02-01 16:36:00,93.2,1.13,7.99,1.598
941,13,2025-02-01 16:36:00,65.0,5.02,9.3,1.86
942,14,2025-02-01 16:36:00,53.5,6.32,20.98,4.196
943,15,2025-02-01 16:36:00,39.2,6.75,10.3,2.06
944,16,2025-02-01 16:36:00,35.7,6.18,22.65,4.53
945,1,2025-02-01 16:48:00,54.5,3.96,9.21,1.842
946,2,2025-02-01 16:48:00,36.7,0.39,10.05,2.01
947,3,2025-02-01 16:48:00,55.0,6.15,8.52,1.704
948,4,2025-02-01 16:48:00,88.3,2.17,13.79,2.758
949,5,2025-02-01 16:48:00,46.8,6.89,16.05,3.21
950,6,2025-02-01 16:48:00,69.1,4.7,5.85,1.17
951,7,2025-02-01 16:48:00,56.1,0.95,10.34,2.068
952,8,2025-02-01 16:48:00,75.2,1.71,8.27,1.654
953,9,2025-02-01 16:48:00,52.6,1.68,13.02,2.604
954,10,2025-02-01 16:48:00,62.5,5.27,15.2,3.04
955,11,2025-02-01 16:48:00,37.3,6.94,11.31,2.262
956,12,2025-02-01 16:48:00,80.4,1.57,8.67,1.734
957,13,2025-02-01 16:48:00,44.0,1.75,17.69,3.538
958,14,2025-02-01 16:48:00,67.9,4.39,26.53,5.306
959,15,2025-02-01 16:48:00,92.1,8.03,17.67,3.534
960,16,2025-02-01 16:48:00,48.6,5.31,12.6,2.52
961,1,2025-02-01 17:00:00,57.8,3.82,6.85,1.37
962,2,2025-02-01 17:00:00,96.6,6.94,5.0,1.0
963,3,2025-02-01 17:00:00,94.6,1.85,6.41,1.282
964,4,2025-02-01 17:00:00,89.1,7.95,6.96,1.392
965,5,2025-02-01 17:00:00,62.4,6.06,5.94,1.188
966,6,2025-02-01 17:00:00,78.9,6.45,14.77,2.954
967,7,2025-02-01 17:00:00,42.1,7.9,16.39,3.278
968,8,2025-02-01 17:00:00,95.0,1.22,7.44,1.488
969,9,2025-02-01 17:00:00,71.3,5.23,18.9,3.78
970,10,2025-02-01 17:00:00,65.5,1.35,20.64,4.128
971,11,2025-02-01 17:00:00,95.6,1.38,11.28,2.256
972,12,2025-02-01 17:00:00,77.1,6.91,9.03,1.806
973,13,2025-02-01 17:00:00,94.6,5.07,14.27,2.854
974,14,2025-02-01 17:00:00,69.1,5.4,18.4,3.68
975,15,2025-02-01 17:00:00,96.8,5.2,30.2,6.04
976,16,2025-02-01 17:00:00,63.0,2.13,30.16,6.032
977,1,2025-02-01 17:12:00,37.1,3.13,7.89,1.578
978,2,2025-02-01 17:12:00,85.5,0.44,12.5,2.5
979,3,2025-02-01 17:12:00,70.2,5.63,12.66,2.532
980,4,2025-02-01 17:12:00,39.7,5.03,6.88,1.376
981,5,2025-02-01 17:12:00,73.2,4.6,8.02,1.604
982,6,2025-02-01 17:12:00,65.1,0.85,18.29,3.658
983,7,2025-02-01 17:12:00,35.0,3.79,17.23,3.446
984,8,2025-02-01 17:12:00,96.1,5.83,20.69,4.138
985,9,2025-02-01 17:12:00,78.5,7.19,7.27,1.454
986,10,2025-02-01 17:12:00,48.6,7.34,22.42,4.484
987,11,2025-02-01 17:12:00,57.8,7.24,22.05,4.41
988,12,2025-02-01 17:12:00,80.9,7.34,24.89,4.978
989,13,2025-02-01 17:12:00,61.2,3.56,27.62,5.524
990,14,2025-02-01 17:12:00,49.9,2.59,18.13,3.626
991,15,2025-02-01 17:12:00,84.5,7.91,26.51,5.302
992,16,2025-02-01 17:12:00,43.0,5.3,26.45,5.29
993,1,2025-02-01 17:24:00,78.7,6.2,4.42,0.884
994,2,2025-02-01 17:24:00,37.2,2.97,10.48,2.096
995,3,2025-02-01 17:24:00,68.8,6.46,14.18,2.836
996,4,2025-02-01 17:24:00,39.0,6.48,7.25,1.45
997,5,2025-02-01 17:24:00,69.3,4.5,15.28,3.056
998,6,2025-02-01 17:24:00,65.5,3.67,9.69,1.938
999,7,2025-02-01 17:24:00,95.5,4.32,16.02,3.204
1000,8,2025-02-01 17:24:00,80.7,1.0,8.41,1.682
1001,9,2025-02-01 17:24:00,47.1,7.16,21.89,4.378
1002,10,2025-02-01 17:24:00,64.3,6.7,10.81,2.162
1003,11,2025-02-01 17:24:00,41.0,1.5,15.96,3.192
1004,12,2025-02-01 17:24:00,55.9,0.42,24.88,4.976
1005,13,2025-02-01 17:24:00,45.2,1.66,12.62,2.524
1006,14,2025-02-01 17:24:00,37.0,1.5,28.06,5.612
1007,15,2025-02-01 17:24:00,82.8,2.76,27.45,5.49
1008,16,2025-02-01 17:24:00,36.2,0.64,30.73,6.146
1009,1,2025-02-01 17:36:00,77.4,6.0,7.07,1.414
1010,2,2025-02-01 17:36:00,90.8,4.65,9.3,1.86
1011,3,2025-02-01 17:36:00,89.4,2.77,6.86,1.372
1012,4,2025-02-01 17:36:00,46.5,3.39,10.02,2.004
1013,5,2025-02-01 17:36:00,96.8,7.01,5.54,1.108
1014,6,2025-02-01 17:36:00,49.6,0.56,10.92,2.184
1015,7,2025-02-01 17:36:00,58.5,6.95,14.56,2.912
1016,8,2025-02-01 17:36:00,74.5,6.07,15.86,3.172
1017,9,2025-02-01 17:36:00,46.2,0.63,22.4,4.48
1018,10,2025-02-01 17:36:00,71.0,6.07,12.1,2.42
1019,11,2025-02-01 17:36:00,43.3,7.72,11.47,2.294
1020,12,2025-02-01 17:36:00,94.6,7.99,25.23,5.046
1021,13,2025-02-01 17:36:00,89.1,6.61,12.58,2.516
1022,14,2025-02-01 17:36:00,66.0,5.23,14.01,2.802
1023,15,2025-02-01 17:36:00,54.8,2.83,23.44,4.688
1024,16,2025-02-01 17:36:00,38.0,3.59,31.39,6.278
1025,1,2025-02-01 17:48:00,82.4,3.45,11.11,2.222
1026,2,2025-02-01 17:48:00,85.8,8.05,4.87,0.974
1027,3,2025-02-01 17:48:00,78.9,7.1,11.1,2.22
1028,4,2025-02-01 17:48:00,52.2,7.1,9.73,1.946
1029,5,2025-02-01 17:48:00,65.4,0.65,11.17,2.234
1030,6,2025-02-01 17:48:00,52.8,2.44,16.71,3.342
1031,7,2025-02-01 17:48:00,49.1,5.0,18.59,3.718
1032,8,2025-02-01 17:48:00,74.8,3.26,18.4,3.68
1033,9,2025-02-01 17:48:00,86.3,2.29,7.21,1.442
1034,10,2025-02-01 17:48:00,94.2,3.78,12.55,2.51
1035,11,2025-02-01 17:48:00,49.3,3.83,18.59,3.718
1036,12,2025-02-01 17:48:00,51.2,0.28,22.59,4.518
1037,13,2025-02-01 17:48:00,37.6,7.15,16.05,3.21
1038,14,2025-02-01 17:48:00,61.6,4.78,26.26,5.252
1039,15,2025-02-01 17:48:00,90.2,0.69,9.07,1.814
1040,16,2025-02-01 17:48:00,35.7,7.22,15.72,3.144
1041,1,2025-02-01 18:00:00,87.5,2.0,4.03,0.806
1042,2,2025-02-01 18:00:00,42.5,1.61,8.25,1.65
1043,3,2025-02-01 18:00:00,73.8,5.74,11.27,2.254
1044,4,2025-02-01 18:00:00,79.5,1.09,6.49,1.298
1045,5,2025-02-01 18:00:00,34.6,7.05,6.14,1.228
1046,6,2025-02-01 18:00:00,51.0,0.82,12.2,2.44
1047,7,2025-02-01 18:00:00,96.8,3.61,12.84,2.568
1048,8,2025-02-01 18:00:00,39.7,3.12,7.98,1.596
1049,9,2025-02-01 18:00:00,60.9,7.91,18.83,3.766
1050,10,2025-02-01 18:00:00,44.4,4.54,22.71,4.542
1051,11,2025-02-01 18:00:00,51.1,0.54,20.64,4.128
1052,12,2025-02-01 18:00:00,77.9,0.78,21.94,4.388
1053,13,2025-02-01 18:00:00,68.7,7.35,27.53,5.506
1054,14,2025-02-01 18:00:00,43.7,7.39,27.67,5.534
1055,15,2025-02-01 18:00:00,39.1,7.12,22.78,4.556
1056,16,2025-02-01 18:00:00,54.7,1.43,27.07,5.414
1057,1,2025-02-01 18:12:00,84.6,3.8,10.06,2.012
1058,2,2025-02-01 18:12:00,55.8,5.04,8.03,1.606
1059,3,2025-02-01 18:12:00,78.5,4.61,7.63,1.526
1060,4,2025-02-01 18:12:00,55.7,5.31,11.22,2.244
1061,5,2025-02-01 18:12:00,74.5,0.89,9.06,1.812
1062,6,2025-02-01 18:12:00,34.8,5.41,6.26,1.252
1063,7,2025-02-01 18:12:00,48.4,7.81,18.6,3.72
1064,8,2025-02-01 18:12:00,62.1,0.65,8.81,1.762
1065,9,2025-02-01 18:12:00,61.3,5.16,13.34,2.668
1066,10,2025-02-01 18:12:00,85.0,1.2,18.3,3.66
1067,11,2025-02-01 18:12:00,66.6,6.93,20.27,4.054
1068,12,2025-02-01 18:12:00,91.2,3.45,23.56,4.712
1069,13,2025-02-01 18:12:00,42.6,3.51,25.9,5.18
1070,14,2025-02-01 18:12:00,51.1,5.64,16.64,3.328
1071,15,2025-02-01 18:12:00,50.3,7.46,10.92,2.184
1072,16,2025-02-01 18:12:00,34.4,4.27,26.32,5.264
1073,1,2025-02-01 18:24:00,36.2,1.5,7.93,1.586
1074,2,2025-02-01 18:24:00,53.3,6.43,12.87,2.574
1075,3,2025-02-01 18:24:00,67.2,4.33,5.96,1.192
1076,4,2025-02-01 18:24:00,56.7,4.35,5.62,1.124
1077,5,2025-02-01 18:24:00,59.0,3.68,10.31,2.062
1078,6,2025-02-01 18:24:00,89.7,1.79,12.9,2.58
1079,7,2025-02-01 18:24:00,35.1,2.29,7.82,1.564
1080,8,2025-02-01 18:24:00,68.1,4.35,14.4,2.88
1081,9,2025-02-01 18:24:00,91.6,0.67,17.23,3.446
1082,10,2025-02-01 18:24:00,52.5,3.75,12.88,2.576
1083,11,2025-02-01 18:24:00,86.4,0.73,8.45,1.69
1084,12,2025-02-01 18:24:00,78.2,6.76,21.8,4.36
1085,13,2025-02-01 18:24:00,45.0,5.6,24.78,4.956
1086,14,2025-02-01 18:24:00,45.2,0.24,16.24,3.248
1087,15,2025-02-01 18:24:00,96.9,4.53,22.29,4.458
1088,16,2025-02-01 18:24:00,65.7,7.34,12.66,2.532
1089,1,2025-02-01 18:36:00,43.2,6.79,6.91,1.382
1090,2,2025-02-01 18:36:00,42.4,1.25,4.2,0.84
1091,3,2025-02-01 18:36:00,63.1,0.46,13.55,2.71
1092,4,2025-02-01 18:36:00,45.6,4.88,9.13,1.826
1093,5,2025-02-01 18:36:00,44.7,7.58,11.19,2.238
1094,6,2025-02-01 18:36:00,41.0,6.59,17.59,3.518
1095,7,2025-02-01 18:36:00,58.4,2.04,8.85,1.77
1096,8,2025-02-01 18:36:00,81.8,3.28,6.97,1.394
1097,9,2025-02-01 18:36:00,49.2,3.76,16.06,3.212
1098,10,2025-02-01 18:36:00,42.4,4.3,14.56,2.912
1099,11,2025-02-01 18:36:00,65.6,4.67,21.01,4.202
1100,12,2025-02-01 18:36:00,52.8,5.13,22.41,4.482
1101,13,2025-02-01 18:36:00,84.7,1.34,19.09,3.818
1102,14,2025-02-01 18:36:00,69.1,4.96,12.91,2.582
1103,15,2025-02-01 18:36:00,44.2,5.67,19.12,3.824
1104,16,2025-02-01 18:36:00,38.2,7.47,26.47,5.294
1105,1,2025-02-01 18:48:00,37.0,0.34,9.68,1.936
1106,2,2025-02-01 18:48:00,63.1,3.61,9.63,1.926
1107,3,2025-02-01 18:48:00,45.3,4.78,4.25,0.85
1108,4,2025-02-01 18:48:00,42.1,0.4,13.04,2.608
1109,5,2025-02-01 18:48:00,36.1,7.57,10.48,2.096
1110,6,2025-02-01 18:48:00,78.0,2.5,17.07,3.414
1111,7,2025-02-01 18:48:00,73.9,4.91,14.65,2.93
1112,8,2025-02-01 18:48:00,49.9,7.32,18.88,3.776
1113,9,2025-02-01 18:48:00,88.3,2.65,14.65,2.93
1114,10,2025-02-01 18:48:00,54.0,7.14,21.27,4.254
1115,11,2025-02-01 18:48:00,65.0,4.97,19.66,3.932
1116,12,2025-02-01 18:48:00,54.9,7.42,17.12,3.424
1117,13,2025-02-01 18:48:00,70.8,5.52,12.36,2.472
1118,14,2025-02-01 18:48:00,69.2,3.46,12.1,2.42
1119,15,2025-02-01 18:48:00,43.6,3.26,30.76,6.152
1120,16,2025-02-01 18:48:00,80.8,3.13,12.85,2.57
1121,1,2025-02-01 19:00:00,71.1,1.69,9.97,1.994
1122,2,2025-02-01 19:00:00,94.0,5.41,10.75,2.15
1123,3,2025-02-01 19:00:00,94.2,2.96,6.58,1.316
1124,4,2025-02-01 19:00:00,77.3,6.81,14.08,2.816
1125,5,2025-02-01 19:00:00,39.9,2.07,13.53,2.706
1126,6,2025-02-01 19:00:00,76.1,2.55,7.89,1.578
1127,7,2025-02-01 19:00:00,95.4,5.12,12.01,2.402
1128,8,2025-02-01 19:00:00,92.9,1.28,19.79,3.958
1129,9,2025-02-01 19:00:00,65.9,2.4,6.57,1.314
1130,10,2025-02-01 19:00:00,39.2,6.15,23.16,4.632
1131,11,2025-02-01 19:00:00,73.4,5.47,23.68,4.736
1132,12,2025-02-01 19:00:00,81.9,3.86,8.68,1.736
1133,13,2025-02-01 19:00:00,47.1,0.76,18.5,3.7
1134,14,2025-02-01 19:00:00,89.1,5.15,9.86,1.972
1135,15,2025-02-01 19:00:00,76.6,0.46,15.51,3.102
1136,16,2025-02-01 19:00:00,51.0,0.64,14.61,2.922
1137,1,2025-02-01 19:12:00,42.4,4.32,8.61,1.722
1138,2,2025-02-01 19:12:00,58.4,6.75,8.21,1.642
1139,3,2025-02-01 19:12:00,54.2,7.71,11.48,2.296
1140,4,2025-02-01 19:12:00,66.5,7.14,15.89,3.178
1141,5,2025-02-01 19:12:00,76.6,6.2,16.18,3.236
1142,6,2025-02-01 19:12:00,53.3,6.52,15.24,3.048
1143,7,2025-02-01 19:12:00,96.3,8.05,16.39,3.278
1144,8,2025-02-01 19:12:00,71.3,2.43,20.05,4.01
1145,9,2025-02-01 19:12:00,52.2,5.37,11.74,2.348
1146,10,2025-02-01 19:12:00,68.4,2.2,18.03,3.606
1147,11,2025-02-01 19:12:00,88.9,6.44,21.06,4.212
1148,12,2025-02-01 19:12:00,39.6,4.8,25.31,5.062
1149,13,2025-02-01 19:12:00,64.5,0.58,10.91,2.182
1150,14,2025-02-01 19:12:00,79.2,3.33,25.72,5.144
1151,15,2025-02-01 19:12:00,48.4,2.95,25.83,5.166
1152,16,2025-02-01 19:12:00,36.4,5.27,30.12,6.024
1153,1,2025-02-01 19:24:00,58.0,1.13,9.85,1.97
1154,2,2025-02-01 19:24:00,84.9,5.8,13.14,2.628
1155,3,2025-02-01 19:24:00,89.8,2.11,8.78,1.756
1156,4,2025-02-01 19:24:00,75.8,0.28,4.94,0.988
1157,5,2025-02-01 19:24:00,35.4,7.78,10.78,2.156
1158,6,2025-02-01 19:24:00,85.6,1.67,13.0,2.6
1159,7,2025-02-01 19:24:00,90.6,7.36,15.46,3.092
1160,8,2025-02-01 19:24:00,88.9,2.92,12.35,2.47
1161,9,2025-02-01 19:24:00,50.9,4.12,18.29,3.658
1162,10,2025-02-01 19:24:00,44.8,1.18,18.22,3.644
1163,11,2025-02-01 19:24:00,96.6,3.42,19.83,3.966
1164,12,2025-02-01 19:24:00,57.9,7.63,18.82,3.764
1165,13,2025-02-01 19:24:00,91.0,4.76,11.8,2.36
1166,14,2025-02-01 19:24:00,64.2,1.06,25.53,5.106
1167,15,2025-02-01 19:24:00,60.7,4.67,16.6,3.32
1168,16,2025-02-01 19:24:00,38.7,1.81,21.17,4.234
1169,1,2025-02-01 19:36:00,87.5,4.73,4.59,0.918
1170,2,2025-02-01 19:36:00,60.2,5.91,11.18,2.236
1171,3,2025-02-01 19:36:00,74.2,5.79,8.05,1.61
1172,4,2025-02-01 19:36:00,51.1,0.28,6.14,1.228
1173,5,2025-02-01 19:36:00,79.3,3.51,10.89,2.178
1174,6,2025-02-01 19:36:00,55.6,6.91,10.55,2.11
1175,7,2025-02-01 19:36:00,96.7,4.27,16.63,3.326
1176,8,2025-02-01 19:36:00,41.6,8.08,15.97,3.194
1177,9,2025-02-01 19:36:00,38.9,1.74,19.72,3.944
1178,10,2025-02-01 19:36:00,53.4,4.15,22.98,4.596
1179,11,2025-02-01 19:36:00,36.3,6.79,23.38,4.676
1180,12,2025-02-01 19:36:00,35.1,3.16,15.12,3.024
1181,13,2025-02-01 19:36:00,34.6,6.53,26.55,5.31
1182,14,2025-02-01 19:36:00,58.9,3.05,24.05,4.81
1183,15,2025-02-01 19:36:00,41.3,2.64,21.14,4.228
1184,16,2025-02-01 19:36:00,56.0,5.39,18.31,3.662
1185,1,2025-02-01 19:48:00,92.9,6.41,7.04,1.408
1186,2,2025-02-01 19:48:00,79.4,4.33,4.09,0.818
1187,3,2025-02-01 19:48:00,89.5,2.97,4.77,0.954
1188,4,2025-02-01 19:48:00,46.6,5.15,11.91,2.382
1189,5,2025-02-01 19:48:00,72.0,5.27,12.14,2.428
1190,6,2025-02-01 19:48:00,63.1,2.11,13.35,2.67
1191,7,2025-02-01 19:48:00,43.7,6.38,9.31,1.862
1192,8,2025-02-01 19:48:00,65.8,5.02,19.97,3.994
1193,9,2025-02-01 19:48:00,37.8,0.39,21.87,4.374
1194,10,2025-02-01 19:48:00,70.1,7.01,16.83,3.366
1195,11,2025-02-01 19:48:00,54.5,4.64,16.35,3.27
1196,12,2025-02-01 19:48:00,38.1,3.01,18.93,3.786
1197,13,2025-02-01 19:48:00,88.3,1.01,18.66,3.732
1198,14,2025-02-01 19:48:00,43.7,6.68,13.15,2.63
1199,15,2025-02-01 19:48:00,70.0,6.35,12.62,2.524
1200,16,2025-02-01 19:48:00,90.7,6.8,30.89,6.178
1201,1,2025-02-01 20:00:00,67.5,3.92,7.14,1.428
1202,2,2025-02-01 20:00:00,95.8,3.7,10.7,2.14
1203,3,2025-02-01 20:00:00,96.4,4.86,8.42,1.684
1204,4,2025-02-01 20:00:00,95.8,2.36,7.77,1.554
1205,5,2025-02-01 20:00:00,63.8,7.55,6.06,1.212
1206,6,2025-02-01 20:00:00,45.3,3.66,12.19,2.438
1207,7,2025-02-01 20:00:00,42.1,5.04,16.9,3.38
1208,8,2025-02-01 20:00:00,52.6,2.87,16.74,3.348
1209,9,2025-02-01 20:00:00,67.3,2.11,12.21,2.442
1210,10,2025-02-01 20:00:00,47.6,7.11,11.39,2.278
1211,11,2025-02-01 20:00:00,68.9,6.11,18.52,3.704
1212,12,2025-02-01 20:00:00,53.1,3.43,17.98,3.596
1213,13,2025-02-01 20:00:00,77.4,2.18,21.12,4.224
1214,14,2025-02-01 20:00:00,92.5,0.97,21.99,4.398
1215,15,2025-02-01 20:00:00,83.2,1.63,26.11,5.222
1216,16,2025-02-01 20:00:00,56.3,3.96,18.85,3.77
1217,1,2025-02-01 20:12:00,52.8,7.45,11.63,2.326
1218,2,2025-02-01 20:12:00,91.4,6.4,9.76,1.952
1219,3,2025-02-01 20:12:00,61.1,5.39,14.13,2.826
1220,4,2025-02-01 20:12:00,38.1,5.15,12.72,2.544
1221,5,2025-02-01 20:12:00,95.5,5.87,11.63,2.326
1222,6,2025-02-01 20:12:00,40.8,4.27,13.24,2.648
1223,7,2025-02-01 20:12:00,88.8,1.81,11.57,2.314
1224,8,2025-02-01 20:12:00,45.8,7.17,14.79,2.958
1225,9,2025-02-01 20:12:00,85.3,0.61,7.74,1.548
1226,10,2025-02-01 20:12:00,40.3,3.55,7.18,1.436
1227,11,2025-02-01 20:12:00,43.3,7.83,18.19,3.638
1228,12,2025-02-01 20:12:00,94.5,2.69,22.1,4.42
1229,13,2025-02-01 20:12:00,84.4,5.75,16.99,3.398
1230,14,2025-02-01 20:12:00,82.4,5.55,25.64,5.128
1231,15,2025-02-01 20:12:00,69.6,5.76,15.0,3.0
1232,16,2025-02-01 20:12:00,50.1,3.61,11.86,2.372
1233,1,2025-02-01 20:24:00,56.7,5.54,10.99,2.198
1234,2,2025-02-01 20:24:00,58.3,2.67,3.82,0.764
1235,3,2025-02-01 20:24:00,41.8,3.88,4.28,0.856
1236,4,2025-02-01 20:24:00,86.1,1.77,14.8,2.96
1237,5,2025-02-01 20:24:00,36.6,7.71,12.88,2.576
1238,6,2025-02-01 20:24:00,42.5,5.34,13.65,2.73
1239,7,2025-02-01 20:24:00,59.1,0.42,17.86,3.572
1240,8,2025-02-01 20:24:00,95.9,3.55,14.53,2.906
1241,9,2025-02-01 20:24:00,42.9,2.47,19.39,3.878
1242,10,2025-02-01 20:24:00,52.8,7.8,21.59,4.318
1243,11,2025-02-01 20:24:00,46.7,5.36,9.82,1.964
1244,12,2025-02-01 20:24:00,81.7,1.18,16.15,3.23
1245,13,2025-02-01 20:24:00,90.3,1.73,22.45,4.49
1246,14,2025-02-01 20:24:00,89.9,5.11,26.66,5.332
1247,15,2025-02-01 20:24:00,57.9,4.63,16.39,3.278
1248,16,2025-02-01 20:24:00,43.8,0.46,19.03,3.806
1249,1,2025-02-01 20:36:00,80.3,2.09,7.24,1.448
1250,2,2025-02-01 20:36:00,51.7,1.65,6.51,1.302
1251,3,2025-02-01 20:36:00,87.0,5.31,7.94,1.588
1252,4,2025-02-01 20:36:00,48.0,5.32,5.85,1.17
1253,5,2025-02-01 20:36:00,50.5,7.31,8.33,1.666
1254,6,2025-02-01 20:36:00,77.1,5.44,7.05,1.41
1255,7,2025-02-01 20:36:00,45.1,6.52,18.26,3.652
1256,8,2025-02-01 20:36:00,90.4,3.26,19.96,3.992
1257,9,2025-02-01 20:36:00,49.1,4.34,16.3,3.26
1258,10,2025-02-01 20:36:00,54.3,6.45,21.2,4.24
1259,11,2025-02-01 20:36:00,46.3,2.21,23.51,4.702
1260,12,2025-02-01 20:36:00,71.6,3.59,24.92,4.984
1261,13,2025-02-01 20:36:00,95.3,5.05,17.53,3.506
1262,14,2025-02-01 20:36:00,97.4,7.11,20.47,4.094
1263,15,2025-02-01 20:36:00,69.6,7.52,11.19,2.238
1264,16,2025-02-01 20:36:00,47.1,4.54,26.5,5.3
1265,1,2025-02-01 20:48:00,70.4,3.32,9.93,1.986
1266,2,2025-02-01 20:48:00,88.7,6.43,11.81,2.362
1267,3,2025-02-01 20:48:00,53.9,4.56,8.5,1.7
1268,4,2025-02-01 20:48:00,65.5,5.47,15.41,3.082
1269,5,2025-02-01 20:48:00,78.7,4.52,15.1,3.02
1270,6,2025-02-01 20:48:00,83.1,3.8,7.8,1.56
1271,7,2025-02-01 20:48:00,39.5,7.31,13.36,2.672
1272,8,2025-02-01 20:48:00,64.0,3.02,17.6,3.52
1273,9,2025-02-01 20:48:00,34.5,2.02,7.62,1.524
1274,10,2025-02-01 20:48:00,69.0,4.49,20.35,4.07
1275,11,2025-02-01 20:48:00,58.1,1.06,17.89,3.578
1276,12,2025-02-01 20:48:00,94.3,4.43,15.56,3.112
1277,13,2025-02-01 20:48:00,56.6,0.85,20.87,4.174
1278,14,2025-02-01 20:48:00,79.3,4.48,20.16,4.032
1279,15,2025-02-01 20:48:00,44.6,3.09,29.93,5.986
1280,16,2025-02-01 20:48:00,88.9,2.62,14.71,2.942
1281,1,2025-02-01 21:00:00,50.2,0.5,10.97,2.194
1282,2,2025-02-01 21:00:00,96.0,4.94,9.09,1.818
1283,3,2025-02-01 21:00:00,38.6,5.7,14.37,2.874
1284,4,2025-02-01 21:00:00,73.2,2.28,15.76,3.152
1285,5,2025-02-01 21:00:00,91.0,5.74,15.5,3.1
1286,6,2025-02-01 21:00:00,39.8,4.73,8.32,1.664
1287,7,2025-02-01 21:00:00,74.6,2.6,14.62,2.924
1288,8,2025-02-01 21:00:00,88.4,3.18,17.2,3.44
1289,9,2025-02-01 21:00:00,60.6,7.12,14.19,2.838
1290,10,2025-02-01 21:00:00,80.9,0.95,9.61,1.922
1291,11,2025-02-01 21:00:00,79.1,2.19,23.03,4.606
1292,12,2025-02-01 21:00:00,57.2,4.25,11.79,2.358
1293,13,2025-02-01 21:00:00,59.6,2.98,24.84,4.968
1294,14,2025-02-01 21:00:00,35.3,5.79,12.98,2.596
1295,15,2025-02-01 21:00:00,49.8,6.61,24.9,4.98
1296,16,2025-02-01 21:00:00,61.1,5.23,32.24,6.448
1297,1,2025-02-01 21:12:00,56.3,6.05,3.86,0.772
1298,2,2025-02-01 21:12:00,35.9,8.03,12.71,2.542
1299,3,2025-02-01 21:12:00,47.2,3.14,7.35,1.47
1300,4,2025-02-01 21:12:00,67.1,5.61,13.23,2.646
1301,5,2025-02-01 21:12:00,51.2,7.0,7.1,1.42
1302,6,2025-02-01 21:12:00,35.0,6.8,14.94,2.988
1303,7,2025-02-01 21:12:00,58.0,2.44,5.95,1.19
1304,8,2025-02-01 21:12:00,51.1,3.75,8.22,1.644
1305,9,2025-02-01 21:12:00,71.2,6.77,10.62,2.124
1306,10,2025-02-01 21:12:00,58.3,6.03,14.98,2.996
1307,11,2025-02-01 21:12:00,70.4,1.17,22.58,4.516
1308,12,2025-02-01 21:12:00,75.2,4.83,22.42,4.484
1309,13,2025-02-01 21:12:00,87.0,7.5,11.43,2.286
1310,14,2025-02-01 21:12:00,41.0,1.96,26.59,5.318
1311,15,2025-02-01 21:12:00,81.3,2.64,28.09,5.618
1312,16,2025-02-01 21:12:00,74.6,2.3,17.16,3.432
1313,1,2025-02-01 21:24:00,35.5,4.31,7.12,1.424
1314,2,2025-02-01 21:24:00,63.5,1.87,11.98,2.396
1315,3,2025-02-01 21:24:00,43.4,6.8,7.59,1.518
1316,4,2025-02-01 21:24:00,79.0,7.85,12.21,2.442
1317,5,2025-02-01 21:24:00,45.5,6.65,16.29,3.258
1318,6,2025-02-01 21:24:00,72.4,6.03,9.28,1.856
1319,7,2025-02-01 21:24:00,82.2,7.48,12.18,2.436
1320,8,2025-02-01 21:24:00,59.9,4.52,17.02,3.404
1321,9,2025-02-01 21:24:00,88.7,4.86,6.89,1.378
1322,10,2025-02-01 21:24:00,77.5,5.05,18.18,3.636
1323,11,2025-02-01 21:24:00,91.0,6.78,8.58,1.716
1324,12,2025-02-01 21:24:00,53.6,2.33,23.35,4.67
1325,13,2025-02-01 21:24:00,94.4,1.25,25.5,5.1
1326,14,2025-02-01 21:24:00,67.8,0.48,21.87,4.374
1327,15,2025-02-01 21:24:00,59.3,5.8,25.12,5.024
1328,16,2025-02-01 21:24:00,74.5,2.06,20.16,4.032
1329,1,2025-02-01 21:36:00,87.6,7.82,8.76,1.752
1330,2,2025-02-01 21:36:00,90.0,1.77,7.66,1.532
1331,3,2025-02-01 21:36:00,41.3,4.36,8.12,1.624
1332,4,2025-02-01 21:36:00,76.2,4.47,5.42,1.084
1333,5,2025-02-01 21:36:00,41.8,2.43,12.15,2.43
1334,6,2025-02-01 21:36:00,82.0,7.44,5.71,1.142
1335,7,2025-02-01 21:36:00,92.9,0.73,14.11,2.822
1336,8,2025-02-01 21:36:00,36.5,7.43,18.12,3.624
1337,9,2025-02-01 21:36:00,90.6,4.1,17.46,3.492
1338,10,2025-02-01 21:36:00,50.0,2.23,11.0,2.2
1339,11,2025-02-01 21:36:00,52.9,0.24,23.31,4.662
1340,12,2025-02-01 21:36:00,42.2,6.09,19.59,3.918
1341,13,2025-02-01 21:36:00,56.9,8.09,25.46,5.092
1342,14,2025-02-01 21:36:00,56.6,5.17,10.6,2.12
1343,15,2025-02-01 21:36:00,79.6,2.32,28.06,5.612
1344,16,2025-02-01 21:36:00,63.4,7.98,21.28,4.256
1345,1,2025-02-01 21:48:00,80.4,2.88,7.93,1.586
1346,2,2025-02-01 21:48:00,72.3,5.9,7.95,1.59
1347,3,2025-02-01 21:48:00,84.5,6.26,11.65,2.33
1348,4,2025-02-01 21:48:00,88.6,3.74,6.02,1.204
1349,5,2025-02-01 21:48:00,42.8,7.16,6.51,1.302
1350,6,2025-02-01 21:48:00,66.8,4.08,14.89,2.978
1351,7,2025-02-01 21:48:00,64.0,0.32,6.19,1.238
1352,8,2025-02-01 21:48:00,50.7,2.69,9.18,1.836
1353,9,2025-02-01 21:48:00,83.4,7.25,17.49,3.498
1354,10,2025-02-01 21:48:00,47.6,6.61,19.72,3.944
1355,11,2025-02-01 21:48:00,55.8,7.8,16.88,3.376
1356,12,2025-02-01 21:48:00,65.4,4.58,23.18,4.636
1357,13,2025-02-01 21:48:00,71.4,2.88,22.34,4.468
1358,14,2025-02-01 21:48:00,38.7,6.18,9.86,1.972
1359,15,2025-02-01 21:48:00,70.5,1.65,25.08,5.016
1360,16,2025-02-01 21:48:00,72.5,8.09,23.97,4.794
1361,1,2025-02-01 22:00:00,97.0,6.11,10.8,2.16
1362,2,2025-02-01 22:00:00,71.2,2.44,9.26,1.852
1363,3,2025-02-01 22:00:00,84.6,3.06,6.79,1.358
1364,4,2025-02-01 22:00:00,64.4,2.38,11.07,2.214
1365,5,2025-02-01 22:00:00,88.9,4.8,7.33,1.466
1366,6,2025-02-01 22:00:00,66.3,6.85,6.82,1.364
1367,7,2025-02-01 22:00:00,86.4,7.05,7.17,1.434
1368,8,2025-02-01 22:00:00,68.7,5.25,13.45,2.69
1369,9,2025-02-01 22:00:00,50.2,0.33,13.75,2.75
1370,10,2025-02-01 22:00:00,92.8,0.99,21.04,4.208
1371,11,2025-02-01 22:00:00,82.3,3.51,9.01,1.802
1372,12,2025-02-01 22:00:00,65.9,0.85,25.97,5.194
1373,13,2025-02-01 22:00:00,54.0,0.53,14.37,2.874
1374,14,2025-02-01 22:00:00,70.4,3.24,28.7,5.74
1375,15,2025-02-01 22:00:00,78.7,7.48,30.15,6.03
1376,16,2025-02-01 22:00:00,97.4,0.23,30.69,6.138
1377,1,2025-02-01 22:12:00,53.3,0.78,6.81,1.362
1378,2,2025-02-01 22:12:00,36.9,5.9,6.67,1.334
1379,3,2025-02-01 22:12:00,80.5,4.48,14.52,2.904
1380,4,2025-02-01 22:12:00,55.5,4.91,9.02,1.804
1381,5,2025-02-01 22:12:00,47.1,5.75,16.19,3.238
1382,6,2025-02-01 22:12:00,96.0,6.4,15.32,3.064
1383,7,2025-02-01 22:12:00,95.5,6.17,6.08,1.216
1384,8,2025-02-01 22:12:00,64.2,3.79,8.92,1.784
1385,9,2025-02-01 22:12:00,62.0,3.01,10.0,2.0
1386,10,2025-02-01 22:12:00,78.6,2.55,8.61,1.722
1387,11,2025-02-01 22:12:00,86.9,4.38,21.56,4.312
1388,12,2025-02-01 22:12:00,36.3,1.21,23.96,4.792
1389,13,2025-02-01 22:12:00,56.3,4.16,12.11,2.422
1390,14,2025-02-01 22:12:00,96.4,3.85,27.17,5.434
1391,15,2025-02-01 22:12:00,40.0,5.44,21.51,4.302
1392,16,2025-02-01 22:12:00,40.8,8.1,23.93,4.786
1393,1,2025-02-01 22:24:00,72.2,5.07,5.94,1.188
1394,2,2025-02-01 22:24:00,46.7,6.55,8.36,1.672
1395,3,2025-02-01 22:24:00,94.4,1.41,11.72,2.344
1396,4,2025-02-01 22:24:00,55.7,5.22,9.92,1.984
1397,5,2025-02-01 22:24:00,87.9,6.97,16.59,3.318
1398,6,2025-02-01 22:24:00,83.7,7.95,17.03,3.406
1399,7,2025-02-01 22:24:00,46.3,2.18,9.59,1.918
1400,8,2025-02-01 22:24:00,89.2,6.25,11.22,2.244
1401,9,2025-02-01 22:24:00,89.3,5.12,13.62,2.724
1402,10,2025-02-01 22:24:00,70.9,7.06,19.41,3.882
1403,11,2025-02-01 22:24:00,91.7,3.24,21.21,4.242
1404,12,2025-02-01 22:24:00,93.9,4.99,21.99,4.398
1405,13,2025-02-01 22:24:00,81.2,4.64,22.53,4.506
1406,14,2025-02-01 22:24:00,70.2,6.25,27.33,5.466
1407,15,2025-02-01 22:24:00,48.9,6.91,13.19,2.638
1408,16,2025-02-01 22:24:00,53.8,6.64,18.29,3.658
1409,1,2025-02-01 22:36:00,72.3,1.93,6.65,1.33
1410,2,2025-02-01 22:36:00,89.9,2.54,4.6,0.92
1411,3,2025-02-01 22:36:00,47.4,7.77,9.69,1.938
1412,4,2025-02-01 22:36:00,79.3,0.39,11.61,2.322
1413,5,2025-02-01 22:36:00,40.3,3.73,6.14,1.228
1414,6,2025-02-01 22:36:00,38.7,0.55,7.17,1.434
1415,7,2025-02-01 22:36:00,59.2,3.68,18.38,3.676
1416,8,2025-02-01 22:36:00,44.2,6.24,16.08,3.216
1417,9,2025-02-01 22:36:00,47.6,7.2,6.77,1.354
1418,10,2025-02-01 22:36:00,88.6,7.55,20.79,4.158
1419,11,2025-02-01 22:36:00,51.8,6.91,23.0,4.6
1420,12,2025-02-01 22:36:00,70.1,4.7,17.37,3.474
1421,13,2025-02-01 22:36:00,89.6,3.35,23.86,4.772
1422,14,2025-02-01 22:36:00,67.9,5.69,20.79,4.158
1423,15,2025-02-01 22:36:00,74.9,3.63,16.92,3.384
1424,16,2025-02-01 22:36:00,60.0,3.44,24.6,4.92
1425,1,2025-02-01 22:48:00,93.2,5.99,6.13,1.226
1426,2,2025-02-01 22:48:00,84.1,6.32,9.43,1.886
1427,3,2025-02-01 22:48:00,87.5,4.51,10.25,2.05
1428,4,2025-02-01 22:48:00,44.7,7.39,14.15,2.83
1429,5,2025-02-01 22:48:00,53.4,7.6,9.41,1.882
1430,6,2025-02-01 22:48:00,94.9,5.84,15.44,3.088
1431,7,2025-02-01 22:48:00,78.7,5.62,8.89,1.778
1432,8,2025-02-01 22:48:00,78.3,0.48,10.08,2.016
1433,9,2025-02-01 22:48:00,77.8,4.15,12.12,2.424
1434,10,2025-02-01 22:48:00,48.2,5.87,13.6,2.72
1435,11,2025-02-01 22:48:00,76.8,1.15,17.22,3.444
1436,12,2025-02-01 22:48:00,37.5,1.63,22.39,4.478
1437,13,2025-02-01 22:48:00,57.9,4.19,17.57,3.514
1438,14,2025-02-01 22:48:00,91.2,0.95,13.44,2.688
1439,15,2025-02-01 22:48:00,64.0,5.95,16.73,3.346
1440,16,2025-02-01 22:48:00,64.3,2.6,32.05,6.41
1441,1,2025-02-01 23:00:00,77.6,3.27,7.52,1.504
1442,2,2025-02-01 23:00:00,35.6,3.69,7.46,1.492
1443,3,2025-02-01 23:00:00,97.5,1.41,5.39,1.078
1444,4,2025-02-01 23:00:00,40.2,3.4,9.99,1.998
1445,5,2025-02-01 23:00:00,39.3,0.77,11.12,2.224
1446,6,2025-02-01 23:00:00,37.2,5.72,16.56,3.312
1447,7,2025-02-01 23:00:00,43.6,3.9,10.8,2.16
1448,8,2025-02-01 23:00:00,47.4,1.64,16.49,3.298
1449,9,2025-02-01 23:00:00,81.6,1.43,16.23,3.246
1450,10,2025-02-01 23:00:00,74.5,7.47,21.08,4.216
1451,11,2025-02-01 23:00:00,37.3,1.56,9.68,1.936
1452,12,2025-02-01 23:00:00,84.4,4.84,26.82,5.364
1453,13,2025-02-01 23:00:00,39.5,4.02,21.44,4.288
1454,14,2025-02-01 23:00:00,87.3,4.28,21.38,4.276
1455,15,2025-02-01 23:00:00,59.4,4.84,28.09,5.618
1456,16,2025-02-01 23:00:00,52.9,3.97,26.1,5.22
1457,1,2025-02-01 23:12:00,36.0,6.09,8.42,1.684
1458,2,2025-02-01 23:12:00,79.5,0.76,11.47,2.294
1459,3,2025-02-01 23:12:00,59.4,2.52,9.26,1.852
1460,4,2025-02-01 23:12:00,69.7,0.95,8.41,1.682
1461,5,2025-02-01 23:12:00,56.5,1.22,15.68,3.136
1462,6,2025-02-01 23:12:00,47.8,3.5,6.06,1.212
1463,7,2025-02-01 23:12:00,81.4,4.93,9.48,1.896
1464,8,2025-02-01 23:12:00,97.7,1.39,18.84,3.768
1465,9,2025-02-01 23:12:00,73.4,7.78,22.38,4.476
1466,10,2025-02-01 23:12:00,84.1,2.0,18.3,3.66
1467,11,2025-02-01 23:12:00,63.8,3.08,19.61,3.922
1468,12,2025-02-01 23:12:00,73.8,7.92,13.06,2.612
1469,13,2025-02-01 23:12:00,55.2,0.66,17.36,3.472
1470,14,2025-02-01 23:12:00,37.1,2.66,22.85,4.57
1471,15,2025-02-01 23:12:00,83.5,3.84,15.39,3.078
1472,16,2025-02-01 23:12:00,64.0,4.01,28.66,5.732
1473,1,2025-02-01 23:24:00,39.9,5.62,9.38,1.876
1474,2,2025-02-01 23:24:00,97.8,2.82,8.94,1.788
1475,3,2025-02-01 23:24:00,76.6,0.38,10.24,2.048
1476,4,2025-02-01 23:24:00,83.3,5.51,7.71,1.542
1477,5,2025-02-01 23:24:00,71.6,6.68,12.73,2.546
1478,6,2025-02-01 23:24:00,75.1,2.96,8.32,1.664
1479,7,2025-02-01 23:24:00,44.2,7.11,18.41,3.682
1480,8,2025-02-01 23:24:00,67.3,4.5,15.02,3.004
1481,9,2025-02-01 23:24:00,48.0,4.86,11.49,2.298
1482,10,2025-02-01 23:24:00,43.4,6.41,15.62,3.124
1483,11,2025-02-01 23:24:00,70.1,3.77,8.14,1.628
1484,12,2025-02-01 23:24:00,75.6,4.3,23.43,4.686
1485,13,2025-02-01 23:24:00,86.4,7.62,21.77,4.354
1486,14,2025-02-01 23:24:00,53.2,4.78,18.21,3.642
1487,15,2025-02-01 23:24:00,95.9,5.15,25.33,5.066
1488,16,2025-02-01 23:24:00,42.2,2.19,15.66,3.132
1489,1,2025-02-01 23:36:00,37.5,5.14,11.12,2.224
1490,2,2025-02-01 23:36:00,53.1,3.91,8.99,1.798
1491,3,2025-02-01 23:36:00,60.2,2.6,5.14,1.028
1492,4,2025-02-01 23:36:00,82.3,2.78,11.96,2.392
1493,5,2025-02-01 23:36:00,88.6,5.8,5.01,1.002
1494,6,2025-02-01 23:36:00,71.0,6.08,9.41,1.882
1495,7,2025-02-01 23:36:00,59.6,2.07,8.27,1.654
1496,8,2025-02-01 23:36:00,57.4,0.91,15.36,3.072
1497,9,2025-02-01 23:36:00,97.6,3.82,8.52,1.704
1498,10,2025-02-01 23:36:00,39.5,7.71,23.2,4.64
1499,11,2025-02-01 23:36:00,45.8,1.72,8.61,1.722
1500,12,2025-02-01 23:36:00,77.6,2.39,8.06,1.612
1501,13,2025-02-01 23:36:00,40.9,7.09,17.14,3.428
1502,14,2025-02-01 23:36:00,38.2,5.38,12.34,2.468
1503,15,2025-02-01 23:36:00,71.2,3.11,11.92,2.384
1504,16,2025-02-01 23:36:00,89.4,2.62,12.05,2.41
1505,1,2025-02-01 23:48:00,35.9,7.03,7.99,1.598
1506,2,2025-02-01 23:48:00,72.9,0.54,9.46,1.892
1507,3,2025-02-01 23:48:00,96.1,6.45,9.04,1.808
1508,4,2025-02-01 23:48:00,86.5,3.87,9.23,1.846
1509,5,2025-02-01 23:48:00,70.7,7.35,8.44,1.688
1510,6,2025-02-01 23:48:00,73.4,7.97,9.94,1.988
1511,7,2025-02-01 23:48:00,36.5,4.48,12.71,2.542
1512,8,2025-02-01 23:48:00,70.2,0.72,14.87,2.974
1513,9,2025-02-01 23:48:00,93.2,5.52,9.04,1.808
1514,10,2025-02-01 23:48:00,65.0,7.25,13.31,2.662
1515,11,2025-02-01 23:48:00,67.2,2.39,16.88,3.376
1516,12,2025-02-01 23:48:00,38.3,7.78,22.36,4.472
1517,13,2025-02-01 23:48:00,50.0,5.47,24.35,4.87
1518,14,2025-02-01 23:48:00,47.4,5.38,15.15,3.03
1519,15,2025-02-01 23:48:00,76.0,0.84,27.39,5.478
1520,16,2025-02-01 23:48:00,73.4,5.38,29.31,5.862
1521,1,2025-02-02 00:00:00,57.3,2.12,4.26,0.852
1522,2,2025-02-02 00:00:00,66.3,6.82,11.6,2.32
1523,3,2025-02-02 00:00:00,95.9,7.38,11.56,2.312
1524,4,2025-02-02 00:00:00,89.9,2.19,10.8,2.16
1525,5,2025-02-02 00:00:00,72.0,1.53,9.31,1.862
1526,6,2025-02-02 00:00:00,42.4,7.34,18.53,3.706
1527,7,2025-02-02 00:00:00,72.4,3.13,15.34,3.068
1528,8,2025-02-02 00:00:00,53.1,8.04,17.41,3.482
1529,9,2025-02-02 00:00:00,79.4,6.37,18.24,3.648
1530,10,2025-02-02 00:00:00,72.1,1.48,6.94,1.388
1531,11,2025-02-02 00:00:00,93.7,1.89,10.39,2.078
1532,12,2025-02-02 00:00:00,57.8,3.63,21.8,4.36
1533,13,2025-02-02 00:00:00,58.5,1.82,14.98,2.996
1534,14,2025-02-02 00:00:00,38.1,7.95,21.38,4.276
1535,15,2025-02-02 00:00:00,81.1,3.28,23.14,4.628
1536,16,2025-02-02 00:00:00,54.7,2.27,21.91,4.382
1537,1,2025-02-02 00:12:00,52.8,3.21,9.48,1.896
1538,2,2025-02-02 00:12:00,81.0,7.42,7.0,1.4
1539,3,2025-02-02 00:12:00,42.5,3.44,13.13,2.626
1540,4,2025-02-02 00:12:00,36.0,4.17,5.95,1.19
1541,5,2025-02-02 00:12:00,57.9,0.27,6.08,1.216
1542,6,2025-02-02 00:12:00,51.8,0.28,14.11,2.822
1543,7,2025-02-02 00:12:00,71.4,6.24,18.68,3.736
1544,8,2025-02-02 00:12:00,96.2,4.78,16.95,3.39
1545,9,2025-02-02 00:12:00,48.9,0.96,16.52,3.304
1546,10,2025-02-02 00:12:00,83.3,2.07,11.98,2.396
1547,11,2025-02-02 00:12:00,47.6,2.3,21.72,4.344
1548,12,2025-02-02 00:12:00,52.2,1.19,7.76,1.552
1549,13,2025-02-02 00:12:00,41.0,7.31,23.78,4.756
1550,14,2025-02-02 00:12:00,47.3,7.84,19.43,3.886
1551,15,2025-02-02 00:12:00,69.3,4.26,13.29,2.658
1552,16,2025-02-02 00:12:00,48.4,7.73,16.07,3.214
1553,1,2025-02-02 00:24:00,86.7,1.85,7.02,1.404
1554,2,2025-02-02 00:24:00,54.6,1.6,12.45,2.49
1555,3,2025-02-02 00:24:00,63.6,3.4,14.01,2.802
1556,4,2025-02-02 00:24:00,37.3,1.03,14.71,2.942
1557,5,2025-02-02 00:24:00,88.9,1.22,10.67,2.134
1558,6,2025-02-02 00:24:00,66.7,4.44,10.97,2.194
1559,7,2025-02-02 00:24:00,36.9,2.07,9.84,1.968
1560,8,2025-02-02 00:24:00,91.3,2.85,20.23,4.046
1561,9,2025-02-02 00:24:00,65.4,6.04,18.42,3.684
1562,10,2025-02-02 00:24:00,52.2,5.79,22.29,4.458
1563,11,2025-02-02 00:24:00,72.9,5.78,21.25,4.25
1564,12,2025-02-02 00:24:00,64.4,0.3,10.12,2.024
1565,13,2025-02-02 00:24:00,90.3,7.0,25.06,5.012
1566,14,2025-02-02 00:24:00,67.2,5.57,11.86,2.372
1567,15,2025-02-02 00:24:00,94.4,5.89,27.58,5.516
1568,16,2025-02-02 00:24:00,53.1,5.92,12.86,2.572
1569,1,2025-02-02 00:36:00,35.4,2.55,4.33,0.866
1570,2,2025-02-02 00:36:00,81.8,5.43,6.2,1.24
1571,3,2025-02-02 00:36:00,70.7,1.82,10.44,2.088
1572,4,2025-02-02 00:36:00,62.7,1.29,9.3,1.86
1573,5,2025-02-02 00:36:00,63.8,0.89,15.27,3.054
1574,6,2025-02-02 00:36:00,48.0,0.33,15.19,3.038
1575,7,2025-02-02 00:36:00,86.0,7.98,7.19,1.438
1576,8,2025-02-02 00:36:00,35.5,6.42,6.4,1.28
1577,9,2025-02-02 00:36:00,49.3,5.92,15.01,3.002
1578,10,2025-02-02 00:36:00,83.8,2.01,18.17,3.634
1579,11,2025-02-02 00:36:00,39.8,0.55,13.74,2.748
1580,12,2025-02-02 00:36:00,70.9,2.52,18.48,3.696
1581,13,2025-02-02 00:36:00,90.0,5.24,22.73,4.546
1582,14,2025-02-02 00:36:00,42.8,0.97,25.63,5.126
1583,15,2025-02-02 00:36:00,78.3,0.9,23.99,4.798
1584,16,2025-02-02 00:36:00,56.6,6.02,29.93,5.986
1585,1,2025-02-02 00:48:00,85.4,3.24,11.33,2.266
1586,2,2025-02-02 00:48:00,46.1,6.19,8.85,1.77
1587,3,2025-02-02 00:48:00,73.7,1.29,6.49,1.298
1588,4,2025-02-02 00:48:00,68.0,7.88,13.2,2.64
1589,5,2025-02-02 00:48:00,60.5,0.33,10.47,2.094
1590,6,2025-02-02 00:48:00,63.1,5.15,8.82,1.764
1591,7,2025-02-02 00:48:00,68.3,6.16,12.88,2.576
1592,8,2025-02-02 00:48:00,89.4,5.98,6.26,1.252
1593,9,2025-02-02 00:48:00,92.1,4.97,21.42,4.284
1594,10,2025-02-02 00:48:00,76.1,2.22,7.92,1.584
1595,11,2025-02-02 00:48:00,83.0,6.11,18.42,3.684
1596,12,2025-02-02 00:48:00,57.3,5.83,13.73,2.746
1597,13,2025-02-02 00:48:00,58.8,8.03,15.96,3.192
1598,14,2025-02-02 00:48:00,60.4,7.05,9.7,1.94
1599,15,2025-02-02 00:48:00,39.6,1.59,10.72,2.144
1600,16,2025-02-02 00:48:00,36.9,7.86,27.2,5.44
1601,1,2025-02-02 01:00:00,86.8,0.83,11.61,2.322
1602,2,2025-02-02 01:00:00,43.7,4.65,11.76,2.352
1603,3,2025-02-02 01:00:00,94.7,2.58,10.21,2.042
1604,4,2025-02-02 01:00:00,97.9,1.66,9.77,1.954
1605,5,2025-02-02 01:00:00,87.1,4.05,11.06,2.212
1606,6,2025-02-02 01:00:00,45.3,3.89,6.47,1.294
1607,7,2025-02-02 01:00:00,83.8,7.87,16.42,3.284
1608,8,2025-02-02 01:00:00,34.4,4.35,14.23,2.846
1609,9,2025-02-02 01:00:00,37.7,7.11,20.73,4.146
1610,10,2025-02-02 01:00:00,88.8,5.78,15.5,3.1
1611,11,2025-02-02 01:00:00,53.6,6.11,10.91,2.182
1612,12,2025-02-02 01:00:00,60.9,2.39,7.81,1.562
1613,13,2025-02-02 01:00:00,92.5,2.45,19.29,3.858
1614,14,2025-02-02 01:00:00,93.8,2.04,29.25,5.85
1615,15,2025-02-02 01:00:00,59.2,5.98,10.02,2.004
1616,16,2025-02-02 01:00:00,48.6,5.4,30.2,6.04
1617,1,2025-02-02 01:12:00,48.3,4.07,11.37,2.274
1618,2,2025-02-02 01:12:00,49.4,0.69,7.54,1.508
1619,3,2025-02-02 01:12:00,69.1,4.64,5.03,1.006
1620,4,2025-02-02 01:12:00,65.1,2.64,6.6,1.32
1621,5,2025-02-02 01:12:00,90.3,4.33,5.29,1.058
1622,6,2025-02-02 01:12:00,41.2,1.34,6.33,1.266
1623,7,2025-02-02 01:12:00,68.2,6.17,7.46,1.492
1624,8,2025-02-02 01:12:00,56.1,3.27,9.76,1.952
1625,9,2025-02-02 01:12:00,38.8,2.21,7.43,1.486
1626,10,2025-02-02 01:12:00,34.4,2.42,14.37,2.874
1627,11,2025-02-02 01:12:00,86.0,1.08,17.48,3.496
1628,12,2025-02-02 01:12:00,85.2,6.8,20.44,4.088
1629,13,2025-02-02 01:12:00,53.5,1.48,24.6,4.92
1630,14,2025-02-02 01:12:00,41.3,0.43,9.47,1.894
1631,15,2025-02-02 01:12:00,71.2,0.89,23.82,4.764
1632,16,2025-02-02 01:12:00,38.5,4.9,14.92,2.984
1633,1,2025-02-02 01:24:00,91.8,1.2,6.11,1.222
1634,2,2025-02-02 01:24:00,55.4,7.3,9.19,1.838
1635,3,2025-02-02 01:24:00,81.2,1.63,9.64,1.928
1636,4,2025-02-02 01:24:00,59.8,2.72,6.99,1.398
1637,5,2025-02-02 01:24:00,74.4,2.23,15.68,3.136
1638,6,2025-02-02 01:24:00,47.4,0.78,18.48,3.696
1639,7,2025-02-02 01:24:00,87.3,0.42,10.38,2.076
1640,8,2025-02-02 01:24:00,78.4,3.08,10.16,2.032
1641,9,2025-02-02 01:24:00,50.7,3.94,22.38,4.476
1642,10,2025-02-02 01:24:00,39.5,6.85,8.44,1.688
1643,11,2025-02-02 01:24:00,54.0,5.04,23.95,4.79
1644,12,2025-02-02 01:24:00,75.1,2.56,23.13,4.626
1645,13,2025-02-02 01:24:00,89.4,3.57,26.39,5.278
1646,14,2025-02-02 01:24:00,64.2,4.63,11.01,2.202
1647,15,2025-02-02 01:24:00,93.1,6.87,15.13,3.026
1648,16,2025-02-02 01:24:00,92.8,0.78,9.43,1.886
1649,1,2025-02-02 01:36:00,41.7,7.97,7.68,1.536
1650,2,2025-02-02 01:36:00,65.3,6.62,4.09,0.818
1651,3,2025-02-02 01:36:00,78.1,7.22,14.4,2.88
1652,4,2025-02-02 01:36:00,39.4,1.57,10.92,2.184
1653,5,2025-02-02 01:36:00,80.2,5.25,15.35,3.07
1654,6,2025-02-02 01:36:00,70.8,3.9,18.04,3.608
1655,7,2025-02-02 01:36:00,73.0,7.08,19.68,3.936
1656,8,2025-02-02 01:36:00,76.6,3.38,18.66,3.732
1657,9,2025-02-02 01:36:00,57.9,6.1,6.75,1.35
1658,10,2025-02-02 01:36:00,44.3,7.26,21.44,4.288
1659,11,2025-02-02 01:36:00,58.7,2.49,9.4,1.88
1660,12,2025-02-02 01:36:00,95.7,4.08,8.53,1.706
1661,13,2025-02-02 01:36:00,94.2,4.15,19.15,3.83
1662,14,2025-02-02 01:36:00,91.4,6.42,15.79,3.158
1663,15,2025-02-02 01:36:00,41.9,2.78,29.86,5.972
1664,16,2025-02-02 01:36:00,53.4,6.19,11.05,2.21
1665,1,2025-02-02 01:48:00,36.0,0.82,4.52,0.904
1666,2,2025-02-02 01:48:00,77.1,0.54,9.6,1.92
1667,3,2025-02-02 01:48:00,35.5,7.62,12.24,2.448
1668,4,2025-02-02 01:48:00,80.0,4.23,7.39,1.478
1669,5,2025-02-02 01:48:00,81.4,0.43,9.97,1.994
1670,6,2025-02-02 01:48:00,41.5,0.4,5.98,1.196
1671,7,2025-02-02 01:48:00,94.6,0.53,6.7,1.34
1672,8,2025-02-02 01:48:00,70.8,5.82,14.44,2.888
1673,9,2025-02-02 01:48:00,97.1,1.55,9.77,1.954
1674,10,2025-02-02 01:48:00,48.2,5.12,17.94,3.588
1675,11,2025-02-02 01:48:00,52.1,6.13,15.98,3.196
1676,12,2025-02-02 01:48:00,55.0,0.21,20.1,4.02
1677,13,2025-02-02 01:48:00,45.2,4.64,13.77,2.754
1678,14,2025-02-02 01:48:00,76.1,3.54,15.65,3.13
1679,15,2025-02-02 01:48:00,93.1,4.58,27.2,5.44
1680,16,2025-02-02 01:48:00,57.0,1.82,13.82,2.764
1681,1,2025-02-02 02:00:00,35.4,2.95,11.48,2.296
1682,2,2025-02-02 02:00:00,38.9,8.08,10.26,2.052
1683,3,2025-02-02 02:00:00,92.7,5.26,12.19,2.438
1684,4,2025-02-02 02:00:00,97.8,2.38,15.08,3.016
1685,5,2025-02-02 02:00:00,58.0,3.8,14.35,2.87
1686,6,2025-02-02 02:00:00,73.4,2.48,5.86,1.172
1687,7,2025-02-02 02:00:00,44.2,7.6,13.47,2.694
1688,8,2025-02-02 02:00:00,61.6,7.38,6.6,1.32
1689,9,2025-02-02 02:00:00,49.3,5.81,21.27,4.254
1690,10,2025-02-02 02:00:00,57.8,3.41,7.07,1.414
1691,11,2025-02-02 02:00:00,94.6,3.61,21.65,4.33
1692,12,2025-02-02 02:00:00,36.9,2.05,14.24,2.848
1693,13,2025-02-02 02:00:00,54.9,0.85,25.66,5.132
1694,14,2025-02-02 02:00:00,62.7,2.91,27.33,5.466
1695,15,2025-02-02 02:00:00,63.9,1.95,29.89,5.978
1696,16,2025-02-02 02:00:00,76.2,1.28,28.15,5.63
1697,1,2025-02-02 02:12:00,79.1,3.88,7.61,1.522
1698,2,2025-02-02 02:12:00,47.3,4.51,6.63,1.326
1699,3,2025-02-02 02:12:00,48.9,6.87,13.02,2.604
1700,4,2025-02-02 02:12:00,84.0,7.59,11.27,2.254
1701,5,2025-02-02 02:12:00,68.9,4.59,7.42,1.484
1702,6,2025-02-02 02:12:00,38.5,2.15,11.6,2.32
1703,7,2025-02-02 02:12:00,63.6,3.24,6.65,1.33
1704,8,2025-02-02 02:12:00,67.4,6.98,15.34,3.068
1705,9,2025-02-02 02:12:00,79.8,5.15,20.31,4.062
1706,10,2025-02-02 02:12:00,68.8,5.53,18.35,3.67
1707,11,2025-02-02 02:12:00,97.5,7.25,19.69,3.938
1708,12,2025-02-02 02:12:00,44.7,3.88,16.75,3.35
1709,13,2025-02-02 02:12:00,52.2,5.09,10.32,2.064
1710,14,2025-02-02 02:12:00,63.5,7.59,28.14,5.628
1711,15,2025-02-02 02:12:00,93.4,6.8,12.82,2.564
1712,16,2025-02-02 02:12:00,88.5,1.62,16.53,3.306
1713,1,2025-02-02 02:24:00,88.7,6.44,6.04,1.208
1714,2,2025-02-02 02:24:00,74.8,4.92,12.12,2.424
1715,3,2025-02-02 02:24:00,57.2,0.96,7.86,1.572
1716,4,2025-02-02 02:24:00,34.9,7.58,10.13,2.026
1717,5,2025-02-02 02:24:00,43.5,5.72,8.93,1.786
1718,6,2025-02-02 02:24:00,82.2,6.97,12.03,2.406
1719,7,2025-02-02 02:24:00,87.8,4.31,9.33,1.866
1720,8,2025-02-02 02:24:00,54.3,2.5,16.12,3.224
1721,9,2025-02-02 02:24:00,95.4,3.65,18.43,3.686
1722,10,2025-02-02 02:24:00,97.5,4.49,14.13,2.826
1723,11,2025-02-02 02:24:00,53.1,2.55,23.73,4.746
1724,12,2025-02-02 02:24:00,48.8,2.76,25.92,5.184
1725,13,2025-02-02 02:24:00,77.2,5.96,20.28,4.056
1726,14,2025-02-02 02:24:00,74.5,4.99,20.64,4.128
1727,15,2025-02-02 02:24:00,93.8,1.97,22.07,4.414
1728,16,2025-02-02 02:24:00,51.2,2.39,23.81,4.762
1729,1,2025-02-02 02:36:00,93.5,5.98,6.36,1.272
1730,2,2025-02-02 02:36:00,60.8,7.17,12.26,2.452
1731,3,2025-02-02 02:36:00,81.3,7.12,4.55,0.91
1732,4,2025-02-02 02:36:00,86.9,5.17,12.2,2.44
1733,5,2025-02-02 02:36:00,56.7,4.82,15.98,3.196
1734,6,2025-02-02 02:36:00,91.7,5.34,6.88,1.376
1735,7,2025-02-02 02:36:00,50.8,7.52,13.22,2.644
1736,8,2025-02-02 02:36:00,76.5,6.78,21.3,4.26
1737,9,2025-02-02 02:36:00,73.8,0.39,8.23,1.646
1738,10,2025-02-02 02:36:00,50.1,0.62,20.34,4.068
1739,11,2025-02-02 02:36:00,75.8,5.61,16.47,3.294
1740,12,2025-02-02 02:36:00,44.3,4.29,9.87,1.974
1741,13,2025-02-02 02:36:00,41.7,4.63,21.93,4.386
1742,14,2025-02-02 02:36:00,77.9,7.04,23.13,4.626
1743,15,2025-02-02 02:36:00,46.4,5.47,12.29,2.458
1744,16,2025-02-02 02:36:00,55.8,1.33,28.4,5.68
1745,1,2025-02-02 02:48:00,70.1,3.69,7.16,1.432
1746,2,2025-02-02 02:48:00,41.7,1.62,4.59,0.918
1747,3,2025-02-02 02:48:00,51.6,5.06,11.61,2.322
1748,4,2025-02-02 02:48:00,51.6,1.22,13.54,2.708
1749,5,2025-02-02 02:48:00,66.1,4.12,10.29,2.058
1750,6,2025-02-02 02:48:00,90.1,7.14,9.16,1.832
1751,7,2025-02-02 02:48:00,46.6,6.69,19.83,3.966
1752,8,2025-02-02 02:48:00,94.9,5.0,14.88,2.976
1753,9,2025-02-02 02:48:00,53.8,2.45,12.89,2.578
1754,10,2025-02-02 02:48:00,87.3,4.28,13.93,2.786
1755,11,2025-02-02 02:48:00,79.5,6.4,17.32,3.464
1756,12,2025-02-02 02:48:00,45.9,2.97,11.89,2.378
1757,13,2025-02-02 02:48:00,48.4,0.8,10.96,2.192
1758,14,2025-02-02 02:48:00,90.5,6.94,17.3,3.46
1759,15,2025-02-02 02:48:00,76.4,2.38,25.99,5.198
1760,16,2025-02-02 02:48:00,72.6,6.49,20.5,4.1
1761,1,2025-02-02 03:00:00,65.4,7.63,7.79,1.558
1762,2,2025-02-02 03:00:00,67.8,7.85,11.99,2.398
1763,3,2025-02-02 03:00:00,61.8,5.82,12.15,2.43
1764,4,2025-02-02 03:00:00,38.6,6.99,8.33,1.666
1765,5,2025-02-02 03:00:00,64.7,4.79,14.36,2.872
1766,6,2025-02-02 03:00:00,93.6,6.68,16.32,3.264
1767,7,2025-02-02 03:00:00,84.1,6.87,16.44,3.288
1768,8,2025-02-02 03:00:00,56.0,5.85,6.61,1.322
1769,9,2025-02-02 03:00:00,65.0,3.94,21.02,4.204
1770,10,2025-02-02 03:00:00,45.3,2.99,11.1,2.22
1771,11,2025-02-02 03:00:00,73.4,6.79,9.27,1.854
1772,12,2025-02-02 03:00:00,86.5,4.82,14.03,2.806
1773,13,2025-02-02 03:00:00,85.1,5.5,9.06,1.812
1774,14,2025-02-02 03:00:00,47.2,4.55,22.18,4.436
1775,15,2025-02-02 03:00:00,50.9,1.05,30.39,6.078
1776,16,2025-02-02 03:00:00,78.2,4.84,13.3,2.66
1777,1,2025-02-02 03:12:00,66.2,0.65,9.89,1.978
1778,2,2025-02-02 03:12:00,53.4,0.82,12.63,2.526
1779,3,2025-02-02 03:12:00,43.2,5.0,13.84,2.768
1780,4,2025-02-02 03:12:00,36.8,4.29,15.58,3.116
1781,5,2025-02-02 03:12:00,93.9,5.75,13.14,2.628
1782,6,2025-02-02 03:12:00,49.2,1.13,10.56,2.112
1783,7,2025-02-02 03:12:00,40.1,7.68,17.77,3.554
1784,8,2025-02-02 03:12:00,46.9,5.78,17.35,3.47
1785,9,2025-02-02 03:12:00,64.1,2.35,14.28,2.856
1786,10,2025-02-02 03:12:00,75.2,2.77,22.66,4.532
1787,11,2025-02-02 03:12:00,76.3,7.0,21.97,4.394
1788,12,2025-02-02 03:12:00,92.9,7.34,17.05,3.41
1789,13,2025-02-02 03:12:00,90.0,1.01,8.93,1.786
1790,14,2025-02-02 03:12:00,81.4,4.26,21.27,4.254
1791,15,2025-02-02 03:12:00,47.7,3.46,22.34,4.468
1792,16,2025-02-02 03:12:00,92.2,3.45,22.52,4.504
1793,1,2025-02-02 03:24:00,54.2,6.19,4.53,0.906
1794,2,2025-02-02 03:24:00,69.2,5.87,12.04,2.408
1795,3,2025-02-02 03:24:00,79.3,0.73,10.26,2.052
1796,4,2025-02-02 03:24:00,39.8,4.96,15.32,3.064
1797,5,2025-02-02 03:24:00,51.3,5.92,10.92,2.184
1798,6,2025-02-02 03:24:00,38.0,0.87,7.89,1.578
1799,7,2025-02-02 03:24:00,69.3,7.11,6.23,1.246
1800,8,2025-02-02 03:24:00,61.1,0.72,9.46,1.892
1801,9,2025-02-02 03:24:00,44.3,0.67,8.7,1.74
1802,10,2025-02-02 03:24:00,48.9,4.54,22.93,4.586
1803,11,2025-02-02 03:24:00,64.1,3.01,19.01,3.802
1804,12,2025-02-02 03:24:00,85.6,0.91,17.41,3.482
1805,13,2025-02-02 03:24:00,90.8,7.78,22.99,4.598
1806,14,2025-02-02 03:24:00,74.4,6.42,10.92,2.184
1807,15,2025-02-02 03:24:00,39.1,3.72,16.83,3.366
1808,16,2025-02-02 03:24:00,68.9,7.41,12.85,2.57
1809,1,2025-02-02 03:36:00,48.6,2.15,4.52,0.904
1810,2,2025-02-02 03:36:00,57.7,0.27,3.86,0.772
1811,3,2025-02-02 03:36:00,48.7,3.36,6.54,1.308
1812,4,2025-02-02 03:36:00,63.7,4.17,12.26,2.452
1813,5,2025-02-02 03:36:00,65.4,1.01,6.29,1.258
1814,6,2025-02-02 03:36:00,40.9,1.91,8.91,1.782
1815,7,2025-02-02 03:36:00,45.8,3.54,15.0,3.0
1816,8,2025-02-02 03:36:00,87.6,2.68,9.35,1.87
1817,9,2025-02-02 03:36:00,55.9,2.94,15.53,3.106
1818,10,2025-02-02 03:36:00,68.6,1.64,7.62,1.524
1819,11,2025-02-02 03:36:00,38.1,5.04,13.49,2.698
1820,12,2025-02-02 03:36:00,47.0,0.7,17.04,3.408
1821,13,2025-02-02 03:36:00,96.0,1.61,18.03,3.606
1822,14,2025-02-02 03:36:00,91.6,7.06,28.93,5.786
1823,15,2025-02-02 03:36:00,56.0,3.92,30.2,6.04
1824,16,2025-02-02 03:36:00,55.8,3.24,29.44,5.888
1825,1,2025-02-02 03:48:00,85.6,2.64,5.53,1.106
1826,2,2025-02-02 03:48:00,43.2,5.79,5.21,1.042
1827,3,2025-02-02 03:48:00,60.7,0.9,11.24,2.248
1828,4,2025-02-02 03:48:00,66.7,6.91,7.0,1.4
1829,5,2025-02-02 03:48:00,34.6,7.93,7.81,1.562
1830,6,2025-02-02 03:48:00,42.7,7.11,11.46,2.292
1831,7,2025-02-02 03:48:00,69.3,7.63,13.19,2.638
1832,8,2025-02-02 03:48:00,75.4,6.31,10.54,2.108
1833,9,2025-02-02 03:48:00,92.4,1.84,21.01,4.202
1834,10,2025-02-02 03:48:00,71.9,0.23,23.78,4.756
1835,11,2025-02-02 03:48:00,40.7,4.55,14.34,2.868
1836,12,2025-02-02 03:48:00,61.6,3.89,13.11,2.622
1837,13,2025-02-02 03:48:00,59.3,5.04,24.34,4.868
1838,14,2025-02-02 03:48:00,83.7,6.84,12.55,2.51
1839,15,2025-02-02 03:48:00,54.4,6.76,10.68,2.136
1840,16,2025-02-02 03:48:00,70.0,2.42,16.39,3.278
1841,1,2025-02-02 04:00:00,37.7,0.88,10.69,2.138
1842,2,2025-02-02 04:00:00,43.9,7.32,8.63,1.726
1843,3,2025-02-02 04:00:00,83.4,6.79,4.81,0.962
1844,4,2025-02-02 04:00:00,49.3,7.4,5.82,1.164
1845,5,2025-02-02 04:00:00,97.6,2.19,15.79,3.158
1846,6,2025-02-02 04:00:00,69.1,7.41,10.56,2.112
1847,7,2025-02-02 04:00:00,71.2,0.7,16.43,3.286
1848,8,2025-02-02 04:00:00,94.4,2.36,17.16,3.432
1849,9,2025-02-02 04:00:00,57.9,0.58,8.07,1.614
1850,10,2025-02-02 04:00:00,71.5,2.35,11.29,2.258
1851,11,2025-02-02 04:00:00,45.1,1.31,17.18,3.436
1852,12,2025-02-02 04:00:00,44.3,0.86,14.42,2.884
1853,13,2025-02-02 04:00:00,59.5,1.37,11.45,2.29
1854,14,2025-02-02 04:00:00,79.1,0.45,28.72,5.744
1855,15,2025-02-02 04:00:00,40.5,4.61,25.45,5.09
1856,16,2025-02-02 04:00:00,80.1,5.18,18.14,3.628
1857,1,2025-02-02 04:12:00,92.3,1.45,5.45,1.09
1858,2,2025-02-02 04:12:00,58.3,7.41,13.13,2.626
1859,3,2025-02-02 04:12:00,85.4,6.05,10.97,2.194
1860,4,2025-02-02 04:12:00,62.1,8.09,13.75,2.75
1861,5,2025-02-02 04:12:00,69.9,1.2,9.84,1.968
1862,6,2025-02-02 04:12:00,68.8,3.79,15.33,3.066
1863,7,2025-02-02 04:12:00,81.3,3.28,10.02,2.004
1864,8,2025-02-02 04:12:00,49.4,0.46,11.47,2.294
1865,9,2025-02-02 04:12:00,97.1,5.04,17.4,3.48
1866,10,2025-02-02 04:12:00,60.1,3.42,8.05,1.61
1867,11,2025-02-02 04:12:00,51.5,0.72,20.1,4.02
1868,12,2025-02-02 04:12:00,59.2,6.98,8.09,1.618
1869,13,2025-02-02 04:12:00,43.4,5.71,19.27,3.854
1870,14,2025-02-02 04:12:00,80.5,1.3,19.5,3.9
1871,15,2025-02-02 04:12:00,91.3,0.58,18.37,3.674
1872,16,2025-02-02 04:12:00,73.1,1.38,19.7,3.94
1873,1,2025-02-02 04:24:00,55.9,3.17,5.12,1.024
1874,2,2025-02-02 04:24:00,69.5,7.94,13.23,2.646
1875,3,2025-02-02 04:24:00,88.1,7.66,5.11,1.022
1876,4,2025-02-02 04:24:00,92.8,2.12,15.32,3.064
1877,5,2025-02-02 04:24:00,47.3,1.69,6.64,1.328
1878,6,2025-02-02 04:24:00,55.9,6.34,7.47,1.494
1879,7,2025-02-02 04:24:00,43.4,3.79,6.41,1.282
1880,8,2025-02-02 04:24:00,43.4,3.9,8.36,1.672
1881,9,2025-02-02 04:24:00,37.8,0.28,9.88,1.976
1882,10,2025-02-02 04:24:00,88.6,7.13,23.29,4.658
1883,11,2025-02-02 04:24:00,79.7,7.79,24.42,4.884
1884,12,2025-02-02 04:24:00,71.5,2.0,18.68,3.736
1885,13,2025-02-02 04:24:00,35.9,1.21,23.99,4.798
1886,14,2025-02-02 04:24:00,84.8,2.06,16.95,3.39
1887,15,2025-02-02 04:24:00,60.5,4.96,29.82,5.964
1888,16,2025-02-02 04:24:00,47.0,0.68,11.78,2.356
1889,1,2025-02-02 04:36:00,62.4,5.2,4.79,0.958
1890,2,2025-02-02 04:36:00,80.3,5.26,7.94,1.588
1891,3,2025-02-02 04:36:00,43.2,6.65,12.96,2.592
1892,4,2025-02-02 04:36:00,57.6,0.96,8.81,1.762
1893,5,2025-02-02 04:36:00,91.7,3.34,7.71,1.542
1894,6,2025-02-02 04:36:00,65.2,7.69,13.1,2.62
1895,7,2025-02-02 04:36:00,59.3,1.16,9.86,1.972
1896,8,2025-02-02 04:36:00,73.2,2.82,6.8,1.36
1897,9,2025-02-02 04:36:00,76.2,7.38,7.11,1.422
1898,10,2025-02-02 04:36:00,86.5,6.02,12.41,2.482
1899,11,2025-02-02 04:36:00,40.5,3.65,21.86,4.372
1900,12,2025-02-02 04:36:00,77.2,7.83,17.53,3.506
1901,13,2025-02-02 04:36:00,66.6,6.92,13.28,2.656
1902,14,2025-02-02 04:36:00,66.3,8.01,15.64,3.128
1903,15,2025-02-02 04:36:00,43.8,6.25,12.55,2.51
1904,16,2025-02-02 04:36:00,45.8,2.39,18.48,3.696
1905,1,2025-02-02 04:48:00,51.2,1.44,4.15,0.83
1906,2,2025-02-02 04:48:00,60.3,3.18,6.95,1.39
1907,3,2025-02-02 04:48:00,78.0,1.03,6.9,1.38
1908,4,2025-02-02 04:48:00,76.6,6.19,8.5,1.7
1909,5,2025-02-02 04:48:00,89.4,6.39,9.81,1.962
1910,6,2025-02-02 04:48:00,54.4,4.89,10.37,2.074
1911,7,2025-02-02 04:48:00,67.1,4.27,9.93,1.986
1912,8,2025-02-02 04:48:00,61.0,7.91,11.21,2.242
1913,9,2025-02-02 04:48:00,37.8,6.51,12.78,2.556
1914,10,2025-02-02 04:48:00,42.1,1.11,13.55,2.71
1915,11,2025-02-02 04:48:00,34.8,4.81,15.65,3.13
1916,12,2025-02-02 04:48:00,62.9,6.01,8.06,1.612
1917,13,2025-02-02 04:48:00,60.4,5.88,8.31,1.662
1918,14,2025-02-02 04:48:00,36.8,4.02,21.72,4.344
1919,15,2025-02-02 04:48:00,71.6,5.87,12.98,2.596
1920,16,2025-02-02 04:48:00,88.8,1.86,28.2,5.64
1921,1,2025-02-02 05:00:00,71.7,0.48,8.49,1.698
1922,2,2025-02-02 05:00:00,53.9,1.52,10.43,2.086
1923,3,2025-02-02 05:00:00,83.0,0.31,12.07,2.414
1924,4,2025-02-02 05:00:00,35.4,7.48,15.6,3.12
1925,5,2025-02-02 05:00:00,88.2,7.08,11.96,2.392
1926,6,2025-02-02 05:00:00,38.2,5.48,6.36,1.272
1927,7,2025-02-02 05:00:00,92.0,0.76,17.15,3.43
1928,8,2025-02-02 05:00:00,42.1,4.86,20.03,4.006
1929,9,2025-02-02 05:00:00,69.6,5.26,16.84,3.368
1930,10,2025-02-02 05:00:00,44.9,3.01,12.62,2.524
1931,11,2025-02-02 05:00:00,60.0,3.87,15.7,3.14
1932,12,2025-02-02 05:00:00,64.1,7.61,11.8,2.36
1933,13,2025-02-02 05:00:00,69.3,6.42,28.08,5.616
1934,14,2025-02-02 05:00:00,54.4,0.85,11.3,2.26
1935,15,2025-02-02 05:00:00,34.4,6.01,25.37,5.074
1936,16,2025-02-02 05:00:00,48.0,2.95,18.44,3.688
1937,1,2025-02-02 05:12:00,74.5,7.52,11.73,2.346
1938,2,2025-02-02 05:12:00,95.9,1.52,3.9,0.78
1939,3,2025-02-02 05:12:00,97.3,2.04,7.42,1.484
1940,4,2025-02-02 05:12:00,41.2,4.24,14.77,2.954
1941,5,2025-02-02 05:12:00,54.4,7.22,10.67,2.134
1942,6,2025-02-02 05:12:00,45.0,4.11,8.28,1.656
1943,7,2025-02-02 05:12:00,88.1,7.59,14.72,2.944
1944,8,2025-02-02 05:12:00,34.6,2.12,16.37,3.274
1945,9,2025-02-02 05:12:00,76.6,5.83,7.43,1.486
1946,10,2025-02-02 05:12:00,97.4,3.89,9.48,1.896
1947,11,2025-02-02 05:12:00,44.3,5.62,14.76,2.952
1948,12,2025-02-02 05:12:00,68.9,4.03,18.28,3.656
1949,13,2025-02-02 05:12:00,87.2,7.98,24.64,4.928
1950,14,2025-02-02 05:12:00,86.6,1.95,19.82,3.964
1951,15,2025-02-02 05:12:00,79.8,4.87,10.51,2.102
1952,16,2025-02-02 05:12:00,69.4,1.65,11.63,2.326
1953,1,2025-02-02 05:24:00,86.2,3.39,8.08,1.616
1954,2,2025-02-02 05:24:00,51.3,7.75,8.74,1.748
1955,3,2025-02-02 05:24:00,79.6,2.39,11.23,2.246
1956,4,2025-02-02 05:24:00,56.0,4.6,15.34,3.068
1957,5,2025-02-02 05:24:00,68.7,0.63,16.67,3.334
1958,6,2025-02-02 05:24:00,53.5,1.17,6.96,1.392
1959,7,2025-02-02 05:24:00,71.1,7.16,11.17,2.234
1960,8,2025-02-02 05:24:00,74.4,2.82,16.6,3.32
1961,9,2025-02-02 05:24:00,68.3,0.34,18.39,3.678
1962,10,2025-02-02 05:24:00,84.8,5.36,22.59,4.518
1963,11,2025-02-02 05:24:00,97.1,1.65,10.0,2.0
1964,12,2025-02-02 05:24:00,80.5,3.22,24.6,4.92
1965,13,2025-02-02 05:24:00,69.7,1.14,16.13,3.226
1966,14,2025-02-02 05:24:00,73.0,1.33,25.44,5.088
1967,15,2025-02-02 05:24:00,76.9,7.58,29.33,5.866
1968,16,2025-02-02 05:24:00,80.1,5.96,20.2,4.04
1969,1,2025-02-02 05:36:00,61.1,7.87,7.05,1.41
1970,2,2025-02-02 05:36:00,56.8,7.77,13.05,2.61
1971,3,2025-02-02 05:36:00,47.8,7.26,4.38,0.876
1972,4,2025-02-02 05:36:00,85.6,3.4,7.55,1.51
1973,5,2025-02-02 05:36:00,81.4,4.22,16.35,3.27
1974,6,2025-02-02 05:36:00,55.9,1.04,16.72,3.344
1975,7,2025-02-02 05:36:00,47.9,6.28,12.48,2.496
1976,8,2025-02-02 05:36:00,74.5,0.81,7.13,1.426
1977,9,2025-02-02 05:36:00,66.2,3.72,13.62,2.724
1978,10,2025-02-02 05:36:00,42.7,3.2,13.85,2.77
1979,11,2025-02-02 05:36:00,44.3,2.18,22.4,4.48
1980,12,2025-02-02 05:36:00,84.8,3.35,16.97,3.394
1981,13,2025-02-02 05:36:00,77.2,1.25,11.78,2.356
1982,14,2025-02-02 05:36:00,72.8,5.52,21.07,4.214
1983,15,2025-02-02 05:36:00,83.5,4.54,17.3,3.46
1984,16,2025-02-02 05:36:00,51.0,3.17,24.03,4.806
1985,1,2025-02-02 05:48:00,92.9,5.34,3.66,0.732
1986,2,2025-02-02 05:48:00,52.2,4.58,9.96,1.992
1987,3,2025-02-02 05:48:00,72.7,0.52,8.64,1.728
1988,4,2025-02-02 05:48:00,45.0,7.38,12.6,2.52
1989,5,2025-02-02 05:48:00,76.3,2.45,6.33,1.266
1990,6,2025-02-02 05:48:00,83.7,2.59,18.03,3.606
1991,7,2025-02-02 05:48:00,89.7,7.45,12.08,2.416
1992,8,2025-02-02 05:48:00,80.5,1.39,8.6,1.72
1993,9,2025-02-02 05:48:00,51.8,4.5,12.67,2.534
1994,10,2025-02-02 05:48:00,78.6,5.01,22.57,4.514
1995,11,2025-02-02 05:48:00,84.1,8.08,18.76,3.752
1996,12,2025-02-02 05:48:00,43.6,1.86,11.82,2.364
1997,13,2025-02-02 05:48:00,51.2,1.5,17.58,3.516
1998,14,2025-02-02 05:48:00,68.8,5.01,11.08,2.216
1999,15,2025-02-02 05:48:00,49.0,3.18,25.38,5.076
2000,16,2025-02-02 05:48:00,76.4,3.5,19.24,3.848
2001,1,2025-02-02 06:00:00,66.8,6.34,7.5,1.5
2002,2,2025-02-02 06:00:00,94.8,3.25,5.12,1.024
2003,3,2025-02-02 06:00:00,51.6,1.8,12.19,2.438
2004,4,2025-02-02 06:00:00,61.5,3.95,13.99,2.798
2005,5,2025-02-02 06:00:00,43.6,1.53,11.72,2.344
2006,6,2025-02-02 06:00:00,63.1,7.29,17.35,3.47
2007,7,2025-02-02 06:00:00,54.9,5.36,6.72,1.344
2008,8,2025-02-02 06:00:00,89.0,1.35,14.34,2.868
2009,9,2025-02-02 06:00:00,76.6,3.0,14.06,2.812
2010,10,2025-02-02 06:00:00,73.3,7.25,17.99,3.598
2011,11,2025-02-02 06:00:00,69.0,5.0,14.17,2.834
2012,12,2025-02-02 06:00:00,34.5,1.47,23.97,4.794
2013,13,2025-02-02 06:00:00,73.4,2.72,12.8,2.56
2014,14,2025-02-02 06:00:00,48.0,6.99,22.74,4.548
2015,15,2025-02-02 06:00:00,35.6,5.32,13.46,2.692
2016,16,2025-02-02 06:00:00,47.7,1.58,10.91,2.182
2017,1,2025-02-02 06:12:00,69.5,7.58,7.81,1.562
2018,2,2025-02-02 06:12:00,72.5,1.74,4.23,0.846
2019,3,2025-02-02 06:12:00,91.2,2.04,5.79,1.158
2020,4,2025-02-02 06:12:00,34.1,3.96,10.36,2.072
2021,5,2025-02-02 06:12:00,34.2,2.24,13.16,2.632
2022,6,2025-02-02 06:12:00,52.6,4.5,6.74,1.348
2023,7,2025-02-02 06:12:00,55.4,1.51,7.61,1.522
2024,8,2025-02-02 06:12:00,55.9,6.88,8.03,1.606
2025,9,2025-02-02 06:12:00,46.9,2.33,14.53,2.906
2026,10,2025-02-02 06:12:00,71.8,7.08,22.6,4.52
2027,11,2025-02-02 06:12:00,37.6,4.69,9.3,1.86
2028,12,2025-02-02 06:12:00,61.5,4.59,22.98,4.596
2029,13,2025-02-02 06:12:00,96.6,1.88,12.74,2.548
2030,14,2025-02-02 06:12:00,41.6,7.14,26.08,5.216
2031,15,2025-02-02 06:12:00,62.9,0.51,21.44,4.288
2032,16,2025-02-02 06:12:00,53.2,1.19,31.72,6.344
2033,1,2025-02-02 06:24:00,38.8,1.93,7.94,1.588
2034,2,2025-02-02 06:24:00,86.7,7.89,6.86,1.372
2035,3,2025-02-02 06:24:00,94.3,1.71,14.43,2.886
2036,4,2025-02-02 06:24:00,35.0,0.87,7.52,1.504
2037,5,2025-02-02 06:24:00,80.6,7.25,16.34,3.268
2038,6,2025-02-02 06:24:00,76.9,6.9,7.62,1.524
2039,7,2025-02-02 06:24:00,50.3,1.89,14.46,2.892
2040,8,2025-02-02 06:24:00,67.4,2.84,9.83,1.966
2041,9,2025-02-02 06:24:00,84.1,2.33,7.91,1.582
2042,10,2025-02-02 06:24:00,35.5,2.05,12.95,2.59
2043,11,2025-02-02 06:24:00,64.7,5.18,13.45,2.69
2044,12,2025-02-02 06:24:00,42.3,1.82,23.53,4.706
2045,13,2025-02-02 06:24:00,60.5,8.1,28.07,5.614
2046,14,2025-02-02 06:24:00,94.4,3.79,12.51,2.502
2047,15,2025-02-02 06:24:00,76.5,1.22,23.35,4.67
2048,16,2025-02-02 06:24:00,48.3,1.52,24.79,4.958
2049,1,2025-02-02 06:36:00,97.7,7.87,5.39,1.078
2050,2,2025-02-02 06:36:00,58.5,6.2,7.6,1.52
2051,3,2025-02-02 06:36:00,40.3,7.38,14.41,2.882
2052,4,2025-02-02 06:36:00,47.7,2.34,11.4,2.28
2053,5,2025-02-02 06:36:00,41.1,2.46,15.3,3.06
2054,6,2025-02-02 06:36:00,65.8,4.78,9.69,1.938
2055,7,2025-02-02 06:36:00,72.4,4.38,6.34,1.268
2056,8,2025-02-02 06:36:00,70.0,6.98,8.13,1.626
2057,9,2025-02-02 06:36:00,62.1,4.16,15.42,3.084
2058,10,2025-02-02 06:36:00,52.5,1.87,22.91,4.582
2059,11,2025-02-02 06:36:00,89.1,5.34,8.26,1.652
2060,12,2025-02-02 06:36:00,62.4,7.81,23.45,4.69
2061,13,2025-02-02 06:36:00,35.2,5.11,13.7,2.74
2062,14,2025-02-02 06:36:00,95.0,5.86,27.34,5.468
2063,15,2025-02-02 06:36:00,43.5,4.3,24.73,4.946
2064,16,2025-02-02 06:36:00,54.6,3.41,27.36,5.472
2065,1,2025-02-02 06:48:00,76.8,5.54,5.94,1.188
2066,2,2025-02-02 06:48:00,92.7,7.15,8.82,1.764
2067,3,2025-02-02 06:48:00,47.5,5.4,5.57,1.114
2068,4,2025-02-02 06:48:00,96.3,2.07,9.57,1.914
2069,5,2025-02-02 06:48:00,48.3,5.28,12.03,2.406
2070,6,2025-02-02 06:48:00,81.4,5.46,6.83,1.366
2071,7,2025-02-02 06:48:00,63.9,1.06,16.22,3.244
2072,8,2025-02-02 06:48:00,51.4,7.03,17.23,3.446
2073,9,2025-02-02 06:48:00,74.4,4.7,14.85,2.97
2074,10,2025-02-02 06:48:00,56.7,5.14,23.43,4.686
2075,11,2025-02-02 06:48:00,81.5,4.61,20.52,4.104
2076,12,2025-02-02 06:48:00,74.4,3.41,15.53,3.106
2077,13,2025-02-02 06:48:00,77.0,5.46,20.91,4.182
2078,14,2025-02-02 06:48:00,83.0,6.71,23.09,4.618
2079,15,2025-02-02 06:48:00,83.3,2.53,17.62,3.524
2080,16,2025-02-02 06:48:00,36.4,1.89,26.22,5.244
2081,1,2025-02-02 07:00:00,66.9,7.38,3.61,0.722
2082,2,2025-02-02 07:00:00,36.8,5.53,10.02,2.004
2083,3,2025-02-02 07:00:00,69.4,2.67,7.47,1.494
2084,4,2025-02-02 07:00:00,52.7,0.66,10.85,2.17
2085,5,2025-02-02 07:00:00,49.5,5.94,10.19,2.038
2086,6,2025-02-02 07:00:00,56.0,2.29,8.56,1.712
2087,7,2025-02-02 07:00:00,73.3,1.69,16.68,3.336
2088,8,2025-02-02 07:00:00,69.5,0.78,8.59,1.718
2089,9,2025-02-02 07:00:00,89.6,4.68,18.07,3.614
2090,10,2025-02-02 07:00:00,64.8,1.86,23.28,4.656
2091,11,2025-02-02 07:00:00,41.4,7.09,10.55,2.11
2092,12,2025-02-02 07:00:00,50.6,1.88,14.62,2.924
2093,13,2025-02-02 07:00:00,49.6,8.06,9.13,1.826
2094,14,2025-02-02 07:00:00,79.2,3.96,9.14,1.828
2095,15,2025-02-02 07:00:00,48.0,1.3,16.43,3.286
2096,16,2025-02-02 07:00:00,47.6,7.7,12.39,2.478
2097,1,2025-02-02 07:12:00,58.8,4.42,6.41,1.282
2098,2,2025-02-02 07:12:00,97.0,5.1,8.02,1.604
2099,3,2025-02-02 07:12:00,97.1,1.81,5.89,1.178
2100,4,2025-02-02 07:12:00,54.0,2.91,12.78,2.556
2101,5,2025-02-02 07:12:00,57.8,6.83,5.9,1.18
2102,6,2025-02-02 07:12:00,41.7,0.72,16.09,3.218
2103,7,2025-02-02 07:12:00,89.9,1.6,15.24,3.048
2104,8,2025-02-02 07:12:00,79.3,1.61,14.53,2.906
2105,9,2025-02-02 07:12:00,81.6,8.07,17.56,3.512
2106,10,2025-02-02 07:12:00,52.8,0.36,6.93,1.386
2107,11,2025-02-02 07:12:00,77.7,6.74,9.37,1.874
2108,12,2025-02-02 07:12:00,36.8,1.82,20.41,4.082
2109,13,2025-02-02 07:12:00,76.8,2.26,26.23,5.246
2110,14,2025-02-02 07:12:00,70.0,2.1,9.64,1.928
2111,15,2025-02-02 07:12:00,96.0,7.65,25.06,5.012
2112,16,2025-02-02 07:12:00,89.6,1.78,25.65,5.13
2113,1,2025-02-02 07:24:00,86.4,6.62,11.65,2.33
2114,2,2025-02-02 07:24:00,89.0,3.38,6.66,1.332
2115,3,2025-02-02 07:24:00,92.9,0.87,11.36,2.272
2116,4,2025-02-02 07:24:00,81.0,8.0,15.02,3.004
2117,5,2025-02-02 07:24:00,50.0,1.77,8.37,1.674
2118,6,2025-02-02 07:24:00,88.1,0.81,11.42,2.284
2119,7,2025-02-02 07:24:00,50.8,7.58,14.11,2.822
2120,8,2025-02-02 07:24:00,42.6,7.06,14.85,2.97
2121,9,2025-02-02 07:24:00,56.5,2.38,22.37,4.474
2122,10,2025-02-02 07:24:00,90.7,0.8,21.11,4.222
2123,11,2025-02-02 07:24:00,58.8,7.2,13.69,2.738
2124,12,2025-02-02 07:24:00,48.9,0.34,10.17,2.034
2125,13,2025-02-02 07:24:00,89.0,2.76,18.17,3.634
2126,14,2025-02-02 07:24:00,94.9,4.28,24.65,4.93
2127,15,2025-02-02 07:24:00,50.8,6.83,29.99,5.998
2128,16,2025-02-02 07:24:00,43.7,2.78,12.7,2.54
2129,1,2025-02-02 07:36:00,91.9,5.19,5.59,1.118
2130,2,2025-02-02 07:36:00,84.4,8.1,12.89,2.578
2131,3,2025-02-02 07:36:00,75.3,3.56,10.58,2.116
2132,4,2025-02-02 07:36:00,83.0,3.2,5.56,1.112
2133,5,2025-02-02 07:36:00,69.0,3.63,7.51,1.502
2134,6,2025-02-02 07:36:00,72.7,5.47,10.88,2.176
2135,7,2025-02-02 07:36:00,69.6,7.33,8.13,1.626
2136,8,2025-02-02 07:36:00,59.0,1.71,17.21,3.442
2137,9,2025-02-02 07:36:00,53.1,2.63,9.95,1.99
2138,10,2025-02-02 07:36:00,45.4,7.74,12.45,2.49
2139,11,2025-02-02 07:36:00,52.5,2.65,16.31,3.262
2140,12,2025-02-02 07:36:00,65.9,2.52,18.5,3.7
2141,13,2025-02-02 07:36:00,47.4,6.57,10.57,2.114
2142,14,2025-02-02 07:36:00,69.8,6.42,27.82,5.564
2143,15,2025-02-02 07:36:00,50.4,6.38,13.02,2.604
2144,16,2025-02-02 07:36:00,40.6,4.1,12.32,2.464
2145,1,2025-02-02 07:48:00,84.6,3.27,3.63,0.726
2146,2,2025-02-02 07:48:00,66.3,6.25,9.78,1.956
2147,3,2025-02-02 07:48:00,94.7,6.88,6.43,1.286
2148,4,2025-02-02 07:48:00,91.3,4.77,9.55,1.91
2149,5,2025-02-02 07:48:00,45.3,7.26,5.32,1.064
2150,6,2025-02-02 07:48:00,82.7,2.68,8.47,1.694
2151,7,2025-02-02 07:48:00,83.6,7.5,15.63,3.126
2152,8,2025-02-02 07:48:00,80.2,7.2,7.95,1.59
2153,9,2025-02-02 07:48:00,39.6,4.04,20.74,4.148
2154,10,2025-02-02 07:48:00,67.0,0.24,23.84,4.768
2155,11,2025-02-02 07:48:00,55.6,5.91,14.5,2.9
2156,12,2025-02-02 07:48:00,91.9,1.54,9.4,1.88
2157,13,2025-02-02 07:48:00,39.5,7.04,11.32,2.264
2158,14,2025-02-02 07:48:00,66.6,1.8,18.69,3.738
2159,15,2025-02-02 07:48:00,57.1,2.96,22.1,4.42
2160,16,2025-02-02 07:48:00,52.7,3.86,15.55,3.11
2161,1,2025-02-02 08:00:00,52.6,2.38,5.8,1.16
2162,2,2025-02-02 08:00:00,70.8,2.75,5.8,1.16
2163,3,2025-02-02 08:00:00,40.6,7.66,8.15,1.63
2164,4,2025-02-02 08:00:00,81.3,0.98,8.09,1.618
2165,5,2025-02-02 08:00:00,70.5,0.6,8.78,1.756
2166,6,2025-02-02 08:00:00,70.9,0.81,5.78,1.156
2167,7,2025-02-02 08:00:00,79.8,2.06,10.6,2.12
2168,8,2025-02-02 08:00:00,81.4,2.88,12.68,2.536
2169,9,2025-02-02 08:00:00,79.8,1.66,7.98,1.596
2170,10,2025-02-02 08:00:00,46.5,7.84,17.99,3.598
2171,11,2025-02-02 08:00:00,35.6,2.11,18.15,3.63
2172,12,2025-02-02 08:00:00,51.7,5.74,26.3,5.26
2173,13,2025-02-02 08:00:00,85.8,1.17,18.83,3.766
2174,14,2025-02-02 08:00:00,62.9,0.9,16.27,3.254
2175,15,2025-02-02 08:00:00,62.9,1.75,27.82,5.564
2176,16,2025-02-02 08:00:00,69.0,1.57,31.08,6.216
2177,1,2025-02-02 08:12:00,39.5,7.5,4.39,0.878
2178,2,2025-02-02 08:12:00,56.1,3.09,5.19,1.038
2179,3,2025-02-02 08:12:00,91.0,1.02,5.41,1.082
2180,4,2025-02-02 08:12:00,93.1,5.37,5.29,1.058
2181,5,2025-02-02 08:12:00,85.3,6.94,14.32,2.864
2182,6,2025-02-02 08:12:00,50.3,7.89,16.36,3.272
2183,7,2025-02-02 08:12:00,94.8,4.64,8.17,1.634
2184,8,2025-02-02 08:12:00,40.8,0.8,16.48,3.296
2185,9,2025-02-02 08:12:00,44.9,3.97,18.5,3.7
2186,10,2025-02-02 08:12:00,61.4,3.77,9.83,1.966
2187,11,2025-02-02 08:12:00,47.1,2.23,21.37,4.274
2188,12,2025-02-02 08:12:00,64.5,7.78,17.6,3.52
2189,13,2025-02-02 08:12:00,96.0,4.52,25.72,5.144
2190,14,2025-02-02 08:12:00,55.1,1.17,23.36,4.672
2191,15,2025-02-02 08:12:00,86.0,0.32,14.43,2.886
2192,16,2025-02-02 08:12:00,53.5,3.81,13.67,2.734
2193,1,2025-02-02 08:24:00,48.6,0.65,10.85,2.17
2194,2,2025-02-02 08:24:00,77.8,5.98,3.88,0.776
2195,3,2025-02-02 08:24:00,55.2,1.19,8.26,1.652
2196,4,2025-02-02 08:24:00,82.0,6.75,6.58,1.316
2197,5,2025-02-02 08:24:00,91.2,6.48,8.11,1.622
2198,6,2025-02-02 08:24:00,80.2,5.42,14.58,2.916
2199,7,2025-02-02 08:24:00,60.1,1.09,8.53,1.706
2200,8,2025-02-02 08:24:00,93.2,2.31,16.14,3.228
2201,9,2025-02-02 08:24:00,95.3,8.08,19.69,3.938
2202,10,2025-02-02 08:24:00,41.9,7.99,10.05,2.01
2203,11,2025-02-02 08:24:00,38.7,0.5,20.78,4.156
2204,12,2025-02-02 08:24:00,74.4,1.69,26.77,5.354
2205,13,2025-02-02 08:24:00,73.5,0.57,9.06,1.812
2206,14,2025-02-02 08:24:00,87.8,5.66,22.94,4.588
2207,15,2025-02-02 08:24:00,86.3,6.77,30.58,6.116
2208,16,2025-02-02 08:24:00,81.8,0.38,21.81,4.362
2209,1,2025-02-02 08:36:00,60.9,7.3,6.08,1.216
2210,2,2025-02-02 08:36:00,94.3,2.63,5.1,1.02
2211,3,2025-02-02 08:36:00,85.9,1.77,9.18,1.836
2212,4,2025-02-02 08:36:00,83.8,3.16,9.18,1.836
2213,5,2025-02-02 08:36:00,34.4,5.79,16.42,3.284
2214,6,2025-02-02 08:36:00,80.8,4.02,13.03,2.606
2215,7,2025-02-02 08:36:00,70.3,2.94,17.97,3.594
2216,8,2025-02-02 08:36:00,37.6,0.79,9.1,1.82
2217,9,2025-02-02 08:36:00,50.4,1.74,9.01,1.802
2218,10,2025-02-02 08:36:00,35.1,1.0,11.4,2.28
2219,11,2025-02-02 08:36:00,81.2,3.57,19.58,3.916
2220,12,2025-02-02 08:36:00,83.1,3.04,22.37,4.474
2221,13,2025-02-02 08:36:00,49.3,7.91,22.22,4.444
2222,14,2025-02-02 08:36:00,93.3,0.22,10.52,2.104
2223,15,2025-02-02 08:36:00,97.4,6.75,27.81,5.562
2224,16,2025-02-02 08:36:00,81.5,3.54,17.76,3.552
2225,1,2025-02-02 08:48:00,76.4,5.86,4.89,0.978
2226,2,2025-02-02 08:48:00,92.3,5.09,13.12,2.624
2227,3,2025-02-02 08:48:00,90.3,7.08,12.96,2.592
2228,4,2025-02-02 08:48:00,37.7,6.53,4.95,0.99
2229,5,2025-02-02 08:48:00,40.4,7.35,7.06,1.412
2230,6,2025-02-02 08:48:00,46.5,7.95,15.05,3.01
2231,7,2025-02-02 08:48:00,70.1,1.92,5.87,1.174
2232,8,2025-02-02 08:48:00,81.1,0.37,18.95,3.79
2233,9,2025-02-02 08:48:00,44.2,6.47,14.08,2.816
2234,10,2025-02-02 08:48:00,42.1,7.86,20.07,4.014
2235,11,2025-02-02 08:48:00,66.9,1.46,17.1,3.42
2236,12,2025-02-02 08:48:00,57.9,1.31,11.75,2.35
2237,13,2025-02-02 08:48:00,39.9,6.83,10.88,2.176
2238,14,2025-02-02 08:48:00,62.5,0.85,26.73,5.346
2239,15,2025-02-02 08:48:00,72.5,5.35,16.89,3.378
2240,16,2025-02-02 08:48:00,62.7,4.71,21.52,4.304
2241,1,2025-02-02 09:00:00,57.6,3.13,9.86,1.972
2242,2,2025-02-02 09:00:00,68.3,7.06,7.08,1.416
2243,3,2025-02-02 09:00:00,74.1,5.58,9.29,1.858
2244,4,2025-02-02 09:00:00,65.3,6.63,9.18,1.836
2245,5,2025-02-02 09:00:00,38.6,4.05,8.39,1.678
2246,6,2025-02-02 09:00:00,48.7,2.02,16.0,3.2
2247,7,2025-02-02 09:00:00,70.6,7.37,18.82,3.764
2248,8,2025-02-02 09:00:00,65.0,6.91,16.73,3.346
2249,9,2025-02-02 09:00:00,54.8,0.63,6.99,1.398
2250,10,2025-02-02 09:00:00,69.8,3.01,17.15,3.43
2251,11,2025-02-02 09:00:00,74.8,5.72,16.73,3.346
2252,12,2025-02-02 09:00:00,37.6,0.55,21.01,4.202
2253,13,2025-02-02 09:00:00,50.2,7.8,9.96,1.992
2254,14,2025-02-02 09:00:00,89.6,7.9,27.31,5.462
2255,15,2025-02-02 09:00:00,72.7,1.07,30.85,6.17
2256,16,2025-02-02 09:00:00,61.0,7.08,31.36,6.272
2257,1,2025-02-02 09:12:00,54.3,2.87,6.61,1.322
2258,2,2025-02-02 09:12:00,41.3,1.95,9.64,1.928
2259,3,2025-02-02 09:12:00,39.9,6.77,11.66,2.332
2260,4,2025-02-02 09:12:00,43.5,3.18,5.78,1.156
2261,5,2025-02-02 09:12:00,78.7,3.13,15.32,3.064
2262,6,2025-02-02 09:12:00,65.0,2.47,7.07,1.414
2263,7,2025-02-02 09:12:00,49.4,1.42,18.65,3.73
2264,8,2025-02-02 09:12:00,96.5,2.76,9.84,1.968
2265,9,2025-02-02 09:12:00,95.9,4.48,9.44,1.888
2266,10,2025-02-02 09:12:00,82.6,3.35,16.74,3.348
2267,11,2025-02-02 09:12:00,42.8,5.12,9.68,1.936
2268,12,2025-02-02 09:12:00,40.9,2.18,20.93,4.186
2269,13,2025-02-02 09:12:00,95.7,0.73,16.44,3.288
2270,14,2025-02-02 09:12:00,97.4,6.99,28.87,5.774
2271,15,2025-02-02 09:12:00,40.4,4.94,23.24,4.648
2272,16,2025-02-02 09:12:00,60.8,4.59,19.67,3.934
2273,1,2025-02-02 09:24:00,65.7,0.64,6.16,1.232
2274,2,2025-02-02 09:24:00,72.1,1.94,8.86,1.772
2275,3,2025-02-02 09:24:00,77.7,3.81,6.43,1.286
2276,4,2025-02-02 09:24:00,78.9,7.25,13.63,2.726
2277,5,2025-02-02 09:24:00,57.0,1.25,6.97,1.394
2278,6,2025-02-02 09:24:00,42.4,5.79,15.6,3.12
2279,7,2025-02-02 09:24:00,94.9,2.29,18.81,3.762
2280,8,2025-02-02 09:24:00,58.5,5.22,13.57,2.714
2281,9,2025-02-02 09:24:00,39.4,4.17,9.44,1.888
2282,10,2025-02-02 09:24:00,54.9,5.3,19.78,3.956
2283,11,2025-02-02 09:24:00,53.6,1.2,9.64,1.928
2284,12,2025-02-02 09:24:00,43.0,3.4,21.22,4.244
2285,13,2025-02-02 09:24:00,77.5,2.7,22.18,4.436
2286,14,2025-02-02 09:24:00,86.1,4.37,25.7,5.14
2287,15,2025-02-02 09:24:00,63.8,6.68,23.97,4.794
2288,16,2025-02-02 09:24:00,42.4,5.96,16.01,3.202
2289,1,2025-02-02 09:36:00,91.5,7.96,4.17,0.834
2290,2,2025-02-02 09:36:00,36.5,6.47,9.75,1.95
2291,3,2025-02-02 09:36:00,73.4,0.52,11.75,2.35
2292,4,2025-02-02 09:36:00,40.4,0.44,7.68,1.536
2293,5,2025-02-02 09:36:00,64.0,0.28,5.39,1.078
2294,6,2025-02-02 09:36:00,38.3,4.05,12.16,2.432
2295,7,2025-02-02 09:36:00,61.2,3.8,8.95,1.79
2296,8,2025-02-02 09:36:00,38.2,2.46,8.11,1.622
2297,9,2025-02-02 09:36:00,42.4,3.22,17.28,3.456
2298,10,2025-02-02 09:36:00,77.4,7.54,9.15,1.83
2299,11,2025-02-02 09:36:00,58.4,4.13,8.21,1.642
2300,12,2025-02-02 09:36:00,62.3,3.72,21.34,4.268
2301,13,2025-02-02 09:36:00,65.9,2.93,16.51,3.302
2302,14,2025-02-02 09:36:00,50.6,0.27,22.81,4.562
2303,15,2025-02-02 09:36:00,89.5,6.29,12.63,2.526
2304,16,2025-02-02 09:36:00,62.0,0.5,10.41,2.082
2305,1,2025-02-02 09:48:00,36.7,7.52,8.53,1.706
2306,2,2025-02-02 09:48:00,93.4,2.86,4.62,0.924
2307,3,2025-02-02 09:48:00,61.1,2.04,6.48,1.296
2308,4,2025-02-02 09:48:00,85.0,3.55,12.81,2.562
2309,5,2025-02-02 09:48:00,35.0,3.39,10.8,2.16
2310,6,2025-02-02 09:48:00,53.5,2.86,14.56,2.912
2311,7,2025-02-02 09:48:00,58.9,1.43,6.29,1.258
2312,8,2025-02-02 09:48:00,78.8,2.55,14.92,2.984
2313,9,2025-02-02 09:48:00,45.8,5.39,22.65,4.53
2314,10,2025-02-02 09:48:00,70.2,6.53,10.78,2.156
2315,11,2025-02-02 09:48:00,93.9,1.15,18.13,3.626
2316,12,2025-02-02 09:48:00,93.0,7.85,25.51,5.102
2317,13,2025-02-02 09:48:00,46.5,5.92,11.19,2.238
2318,14,2025-02-02 09:48:00,85.8,7.32,28.04,5.608
2319,15,2025-02-02 09:48:00,72.4,1.57,26.21,5.242
2320,16,2025-02-02 09:48:00,49.1,0.66,15.45,3.09
2321,1,2025-02-02 10:00:00,69.4,1.88,10.3,2.06
2322,2,2025-02-02 10:00:00,63.0,7.72,6.86,1.372
2323,3,2025-02-02 10:00:00,66.4,1.35,13.7,2.74
2324,4,2025-02-02 10:00:00,95.3,7.81,12.05,2.41
2325,5,2025-02-02 10:00:00,56.1,0.57,14.97,2.994
2326,6,2025-02-02 10:00:00,80.7,7.63,6.16,1.232
2327,7,2025-02-02 10:00:00,68.6,3.81,7.07,1.414
2328,8,2025-02-02 10:00:00,37.5,5.92,10.6,2.12
2329,9,2025-02-02 10:00:00,89.6,4.18,17.0,3.4
2330,10,2025-02-02 10:00:00,95.5,6.88,21.38,4.276
2331,11,2025-02-02 10:00:00,50.5,2.21,19.41,3.882
2332,12,2025-02-02 10:00:00,42.1,2.82,12.92,2.584
2333,13,2025-02-02 10:00:00,88.2,1.68,20.63,4.126
2334,14,2025-02-02 10:00:00,75.4,1.22,14.64,2.928
2335,15,2025-02-02 10:00:00,52.2,4.35,10.11,2.022
2336,16,2025-02-02 10:00:00,80.0,4.36,13.1,2.62
2337,1,2025-02-02 10:12:00,84.2,7.49,3.47,0.694
2338,2,2025-02-02 10:12:00,80.6,0.7,9.32,1.864
2339,3,2025-02-02 10:12:00,68.6,7.8,13.63,2.726
2340,4,2025-02-02 10:12:00,46.9,1.54,15.19,3.038
2341,5,2025-02-02 10:12:00,37.8,1.17,9.53,1.906
2342,6,2025-02-02 10:12:00,70.0,1.53,14.37,2.874
2343,7,2025-02-02 10:12:00,68.8,7.61,19.23,3.846
2344,8,2025-02-02 10:12:00,64.0,3.0,20.17,4.034
2345,9,2025-02-02 10:12:00,86.9,0.75,18.02,3.604
2346,10,2025-02-02 10:12:00,51.0,0.4,7.86,1.572
2347,11,2025-02-02 10:12:00,65.5,5.09,14.15,2.83
2348,12,2025-02-02 10:12:00,54.7,2.34,7.71,1.542
2349,13,2025-02-02 10:12:00,39.4,1.52,8.88,1.776
2350,14,2025-02-02 10:12:00,49.9,2.69,14.78,2.956
2351,15,2025-02-02 10:12:00,39.9,1.66,17.42,3.484
2352,16,2025-02-02 10:12:00,68.7,6.47,24.53,4.906
2353,1,2025-02-02 10:24:00,87.8,1.69,10.72,2.144
2354,2,2025-02-02 10:24:00,54.2,5.88,4.17,0.834
2355,3,2025-02-02 10:24:00,64.3,5.84,5.44,1.088
2356,4,2025-02-02 10:24:00,63.5,0.75,14.04,2.808
2357,5,2025-02-02 10:24:00,87.7,0.8,6.91,1.382
2358,6,2025-02-02 10:24:00,44.1,2.54,9.97,1.994
2359,7,2025-02-02 10:24:00,90.3,6.86,14.07,2.814
2360,8,2025-02-02 10:24:00,35.0,6.89,7.26,1.452
2361,9,2025-02-02 10:24:00,45.1,6.29,14.83,2.966
2362,10,2025-02-02 10:24:00,84.6,3.13,9.78,1.956
2363,11,2025-02-02 10:24:00,75.0,1.51,12.03,2.406
2364,12,2025-02-02 10:24:00,57.1,2.58,19.02,3.804
2365,13,2025-02-02 10:24:00,88.6,7.44,17.65,3.53
2366,14,2025-02-02 10:24:00,51.1,5.57,18.83,3.766
2367,15,2025-02-02 10:24:00,94.0,1.38,12.29,2.458
2368,16,2025-02-02 10:24:00,63.0,2.21,17.94,3.588
2369,1,2025-02-02 10:36:00,78.8,1.01,6.31,1.262
2370,2,2025-02-02 10:36:00,45.1,0.59,11.81,2.362
2371,3,2025-02-02 10:36:00,42.1,5.69,5.75,1.15
2372,4,2025-02-02 10:36:00,91.9,5.38,8.62,1.724
2373,5,2025-02-02 10:36:00,41.9,0.24,16.84,3.368
2374,6,2025-02-02 10:36:00,79.9,2.75,5.67,1.134
2375,7,2025-02-02 10:36:00,38.7,3.76,19.96,3.992
2376,8,2025-02-02 10:36:00,36.7,4.98,10.69,2.138
2377,9,2025-02-02 10:36:00,39.3,7.82,12.52,2.504
2378,10,2025-02-02 10:36:00,87.7,5.87,10.6,2.12
2379,11,2025-02-02 10:36:00,59.4,3.05,13.87,2.774
2380,12,2025-02-02 10:36:00,96.4,7.9,13.12,2.624
2381,13,2025-02-02 10:36:00,83.9,0.4,11.77,2.354
2382,14,2025-02-02 10:36:00,41.1,5.28,10.68,2.136
2383,15,2025-02-02 10:36:00,62.0,3.42,26.64,5.328
2384,16,2025-02-02 10:36:00,69.9,0.37,14.76,2.952
2385,1,2025-02-02 10:48:00,69.9,7.71,10.78,2.156
2386,2,2025-02-02 10:48:00,97.3,2.01,4.31,0.862
2387,3,2025-02-02 10:48:00,76.3,6.43,9.12,1.824
2388,4,2025-02-02 10:48:00,83.7,1.72,5.25,1.05
2389,5,2025-02-02 10:48:00,88.7,5.17,6.6,1.32
2390,6,2025-02-02 10:48:00,71.0,4.99,8.38,1.676
2391,7,2025-02-02 10:48:00,55.8,0.95,11.69,2.338
2392,8,2025-02-02 10:48:00,98.0,3.21,19.76,3.952
2393,9,2025-02-02 10:48:00,67.4,5.82,7.74,1.548
2394,10,2025-02-02 10:48:00,43.9,1.44,21.28,4.256
2395,11,2025-02-02 10:48:00,59.9,5.95,9.61,1.922
2396,12,2025-02-02 10:48:00,57.9,2.54,14.41,2.882
2397,13,2025-02-02 10:48:00,37.1,7.6,23.4,4.68
2398,14,2025-02-02 10:48:00,69.4,8.03,21.56,4.312
2399,15,2025-02-02 10:48:00,69.7,6.79,19.85,3.97
2400,16,2025-02-02 10:48:00,90.1,4.48,28.99,5.798
2401,1,2025-02-02 11:00:00,46.0,6.81,9.08,1.816
2402,2,2025-02-02 11:00:00,90.0,1.45,9.96,1.992
2403,3,2025-02-02 11:00:00,63.5,7.18,12.69,2.538
2404,4,2025-02-02 11:00:00,84.3,2.17,12.87,2.574
2405,5,2025-02-02 11:00:00,52.1,2.16,7.11,1.422
2406,6,2025-02-02 11:00:00,43.4,7.21,10.87,2.174
2407,7,2025-02-02 11:00:00,58.2,0.36,7.67,1.534
2408,8,2025-02-02 11:00:00,65.8,5.69,12.93,2.586
2409,9,2025-02-02 11:00:00,58.6,5.92,16.4,3.28
2410,10,2025-02-02 11:00:00,63.2,1.27,15.28,3.056
2411,11,2025-02-02 11:00:00,57.6,3.59,13.65,2.73
2412,12,2025-02-02 11:00:00,35.9,2.02,21.23,4.246
2413,13,2025-02-02 11:00:00,69.0,5.25,20.93,4.186
2414,14,2025-02-02 11:00:00,92.7,2.89,12.68,2.536
2415,15,2025-02-02 11:00:00,50.0,2.61,16.48,3.296
2416,16,2025-02-02 11:00:00,84.4,3.33,18.02,3.604
2417,1,2025-02-02 11:12:00,41.5,5.54,3.4,0.68
2418,2,2025-02-02 11:12:00,74.5,1.3,7.4,1.48
2419,3,2025-02-02 11:12:00,47.4,3.26,9.37,1.874
2420,4,2025-02-02 11:12:00,38.8,2.2,5.57,1.114
2421,5,2025-02-02 11:12:00,37.4,1.98,5.79,1.158
2422,6,2025-02-02 11:12:00,89.1,4.11,6.06,1.212
2423,7,2025-02-02 11:12:00,54.8,0.97,19.67,3.934
2424,8,2025-02-02 11:12:00,35.0,2.59,15.97,3.194
2425,9,2025-02-02 11:12:00,45.5,1.81,8.03,1.606
2426,10,2025-02-02 11:12:00,82.5,0.81,7.38,1.476
2427,11,2025-02-02 11:12:00,55.4,0.27,22.73,4.546
2428,12,2025-02-02 11:12:00,95.3,1.78,25.59,5.118
2429,13,2025-02-02 11:12:00,81.7,3.5,23.92,4.784
2430,14,2025-02-02 11:12:00,59.6,7.63,9.31,1.862
2431,15,2025-02-02 11:12:00,90.5,3.21,12.13,2.426
2432,16,2025-02-02 11:12:00,94.2,4.99,21.92,4.384
2433,1,2025-02-02 11:24:00,82.0,2.28,9.87,1.974
2434,2,2025-02-02 11:24:00,80.6,2.03,13.06,2.612
2435,3,2025-02-02 11:24:00,35.6,5.83,14.4,2.88
2436,4,2025-02-02 11:24:00,71.7,0.81,15.47,3.094
2437,5,2025-02-02 11:24:00,58.3,6.35,14.42,2.884
2438,6,2025-02-02 11:24:00,45.5,0.6,6.94,1.388
2439,7,2025-02-02 11:24:00,73.0,3.67,7.68,1.536
2440,8,2025-02-02 11:24:00,63.2,5.28,13.76,2.752
2441,9,2025-02-02 11:24:00,65.4,0.34,9.13,1.826
2442,10,2025-02-02 11:24:00,71.8,1.43,17.07,3.414
2443,11,2025-02-02 11:24:00,46.0,7.63,13.65,2.73
2444,12,2025-02-02 11:24:00,95.4,6.21,17.58,3.516
2445,13,2025-02-02 11:24:00,91.4,6.33,17.5,3.5
2446,14,2025-02-02 11:24:00,83.0,0.33,13.29,2.658
2447,15,2025-02-02 11:24:00,38.7,7.78,19.47,3.894
2448,16,2025-02-02 11:24:00,53.6,3.15,24.93,4.986
2449,1,2025-02-02 11:36:00,73.6,2.16,10.98,2.196
2450,2,2025-02-02 11:36:00,92.2,5.54,8.9,1.78
2451,3,2025-02-02 11:36:00,78.3,4.4,13.92,2.784
2452,4,2025-02-02 11:36:00,78.7,4.01,10.56,2.112
2453,5,2025-02-02 11:36:00,54.7,0.52,14.98,2.996
2454,6,2025-02-02 11:36:00,92.9,7.34,17.02,3.404
2455,7,2025-02-02 11:36:00,79.6,6.69,14.81,2.962
2456,8,2025-02-02 11:36:00,83.6,7.6,17.72,3.544
2457,9,2025-02-02 11:36:00,60.5,0.75,7.14,1.428
2458,10,2025-02-02 11:36:00,80.1,0.75,10.1,2.02
2459,11,2025-02-02 11:36:00,76.4,5.45,20.34,4.068
2460,12,2025-02-02 11:36:00,38.0,2.38,9.51,1.902
2461,13,2025-02-02 11:36:00,47.9,6.4,14.28,2.856
2462,14,2025-02-02 11:36:00,67.5,1.68,15.98,3.196
2463,15,2025-02-02 11:36:00,66.6,5.43,14.99,2.998
2464,16,2025-02-02 11:36:00,54.0,2.44,9.58,1.916
2465,1,2025-02-02 11:48:00,34.4,1.29,4.1,0.82
2466,2,2025-02-02 11:48:00,57.8,3.97,9.84,1.968
2467,3,2025-02-02 11:48:00,89.8,3.31,4.32,0.864
2468,4,2025-02-02 11:48:00,86.7,6.81,8.26,1.652
2469,5,2025-02-02 11:48:00,97.3,0.38,16.37,3.274
2470,6,2025-02-02 11:48:00,76.6,5.23,8.0,1.6
2471,7,2025-02-02 11:48:00,89.5,4.84,7.36,1.472
2472,8,2025-02-02 11:48:00,90.7,5.8,14.02,2.804
2473,9,2025-02-02 11:48:00,72.4,3.02,6.78,1.356
2474,10,2025-02-02 11:48:00,71.0,1.73,15.66,3.132
2475,11,2025-02-02 11:48:00,89.6,5.98,16.48,3.296
2476,12,2025-02-02 11:48:00,66.5,3.62,8.62,1.724
2477,13,2025-02-02 11:48:00,38.2,7.98,18.6,3.72
2478,14,2025-02-02 11:48:00,90.6,3.1,11.19,2.238
2479,15,2025-02-02 11:48:00,46.0,4.19,20.71,4.142
2480,16,2025-02-02 11:48:00,97.4,1.47,28.57,5.714
2481,1,2025-02-02 12:00:00,86.7,0.59,11.49,2.298
2482,2,2025-02-02 12:00:00,59.9,4.17,7.0,1.4
2483,3,2025-02-02 12:00:00,45.9,3.56,7.5,1.5
2484,4,2025-02-02 12:00:00,48.0,3.79,9.71,1.942
2485,5,2025-02-02 12:00:00,47.8,4.18,14.49,2.898
2486,6,2025-02-02 12:00:00,67.9,4.54,7.3,1.46
2487,7,2025-02-02 12:00:00,70.8,4.21,13.37,2.674
2488,8,2025-02-02 12:00:00,80.6,4.48,7.72,1.544
2489,9,2025-02-02 12:00:00,76.5,2.1,12.02,2.404
2490,10,2025-02-02 12:00:00,86.9,1.15,15.07,3.014
2491,11,2025-02-02 12:00:00,61.8,5.54,8.29,1.658
2492,12,2025-02-02 12:00:00,38.6,4.77,15.53,3.106
2493,13,2025-02-02 12:00:00,94.6,2.48,25.02,5.004
2494,14,2025-02-02 12:00:00,81.5,4.97,14.43,2.886
2495,15,2025-02-02 12:00:00,92.8,7.04,26.05,5.21
2496,16,2025-02-02 12:00:00,69.5,0.53,10.41,2.082
2497,1,2025-02-02 12:12:00,71.7,7.25,5.75,1.15
2498,2,2025-02-02 12:12:00,89.2,4.66,6.37,1.274
2499,3,2025-02-02 12:12:00,92.2,1.08,8.79,1.758
2500,4,2025-02-02 12:12:00,34.6,1.8,5.1,1.02
2501,5,2025-02-02 12:12:00,85.1,1.24,12.45,2.49
2502,6,2025-02-02 12:12:00,72.1,0.45,7.92,1.584
2503,7,2025-02-02 12:12:00,74.1,3.03,10.4,2.08
2504,8,2025-02-02 12:12:00,45.1,2.44,11.9,2.38
2505,9,2025-02-02 12:12:00,60.0,7.29,11.62,2.324
2506,10,2025-02-02 12:12:00,68.7,4.51,22.04,4.408
2507,11,2025-02-02 12:12:00,58.3,5.15,7.44,1.488
2508,12,2025-02-02 12:12:00,92.8,4.84,8.62,1.724
2509,13,2025-02-02 12:12:00,61.4,0.58,27.59,5.518
2510,14,2025-02-02 12:12:00,48.2,3.24,15.99,3.198
2511,15,2025-02-02 12:12:00,39.8,3.35,28.84,5.768
2512,16,2025-02-02 12:12:00,93.2,7.42,21.98,4.396
2513,1,2025-02-02 12:24:00,58.9,6.49,10.5,2.1
2514,2,2025-02-02 12:24:00,95.4,7.51,6.55,1.31
2515,3,2025-02-02 12:24:00,78.0,5.43,8.14,1.628
2516,4,2025-02-02 12:24:00,97.0,7.1,10.16,2.032
2517,5,2025-02-02 12:24:00,71.5,6.58,11.64,2.328
2518,6,2025-02-02 12:24:00,62.6,6.43,8.86,1.772
2519,7,2025-02-02 12:24:00,69.0,3.78,8.31,1.662
2520,8,2025-02-02 12:24:00,75.6,7.08,14.51,2.902
2521,9,2025-02-02 12:24:00,96.8,5.2,21.26,4.252
2522,10,2025-02-02 12:24:00,97.3,2.12,8.54,1.708
2523,11,2025-02-02 12:24:00,63.7,5.73,16.11,3.222
2524,12,2025-02-02 12:24:00,62.2,5.78,20.59,4.118
2525,13,2025-02-02 12:24:00,47.7,5.89,17.95,3.59
2526,14,2025-02-02 12:24:00,42.3,3.77,24.06,4.812
2527,15,2025-02-02 12:24:00,35.1,2.48,10.58,2.116
2528,16,2025-02-02 12:24:00,55.1,1.78,17.39,3.478
2529,1,2025-02-02 12:36:00,64.3,7.79,9.68,1.936
2530,2,2025-02-02 12:36:00,35.7,6.38,10.5,2.1
2531,3,2025-02-02 12:36:00,82.8,0.99,5.94,1.188
2532,4,2025-02-02 12:36:00,56.3,5.19,13.02,2.604
2533,5,2025-02-02 12:36:00,51.3,3.79,13.65,2.73
2534,6,2025-02-02 12:36:00,75.1,4.52,13.66,2.732
2535,7,2025-02-02 12:36:00,43.6,7.26,11.56,2.312
2536,8,2025-02-02 12:36:00,58.7,1.6,12.05,2.41
2537,9,2025-02-02 12:36:00,45.7,4.13,17.74,3.548
2538,10,2025-02-02 12:36:00,41.5,1.98,8.03,1.606
2539,11,2025-02-02 12:36:00,92.6,4.67,10.84,2.168
2540,12,2025-02-02 12:36:00,41.7,5.73,21.9,4.38
2541,13,2025-02-02 12:36:00,48.3,5.07,23.72,4.744
2542,14,2025-02-02 12:36:00,73.1,4.79,27.99,5.598
2543,15,2025-02-02 12:36:00,76.6,5.47,21.81,4.362
2544,16,2025-02-02 12:36:00,48.4,0.44,16.74,3.348
2545,1,2025-02-02 12:48:00,45.5,7.27,10.22,2.044
2546,2,2025-02-02 12:48:00,39.1,2.72,12.99,2.598
2547,3,2025-02-02 12:48:00,94.3,1.62,6.98,1.396
2548,4,2025-02-02 12:48:00,93.5,8.02,11.35,2.27
2549,5,2025-02-02 12:48:00,57.1,5.39,5.21,1.042
2550,6,2025-02-02 12:48:00,55.4,5.97,6.96,1.392
2551,7,2025-02-02 12:48:00,79.5,5.33,12.89,2.578
2552,8,2025-02-02 12:48:00,34.6,1.88,18.04,3.608
2553,9,2025-02-02 12:48:00,67.5,7.3,17.75,3.55
2554,10,2025-02-02 12:48:00,53.4,4.4,11.88,2.376
2555,11,2025-02-02 12:48:00,97.3,3.84,19.01,3.802
2556,12,2025-02-02 12:48:00,61.2,0.88,18.12,3.624
2557,13,2025-02-02 12:48:00,49.9,4.24,11.83,2.366
2558,14,2025-02-02 12:48:00,81.2,1.89,21.13,4.226
2559,15,2025-02-02 12:48:00,60.1,6.6,20.25,4.05
2560,16,2025-02-02 12:48:00,67.9,5.91,24.63,4.926
2561,1,2025-02-02 13:00:00,75.3,4.27,6.01,1.202
2562,2,2025-02-02 13:00:00,86.6,2.91,12.91,2.582
2563,3,2025-02-02 13:00:00,36.5,2.35,5.6,1.12
2564,4,2025-02-02 13:00:00,43.3,4.38,5.37,1.074
2565,5,2025-02-02 13:00:00,91.3,8.01,5.91,1.182
2566,6,2025-02-02 13:00:00,95.5,2.42,8.26,1.652
2567,7,2025-02-02 13:00:00,94.4,0.45,15.99,3.198
2568,8,2025-02-02 13:00:00,90.7,2.02,7.06,1.412
2569,9,2025-02-02 13:00:00,81.8,1.46,14.51,2.902
2570,10,2025-02-02 13:00:00,82.8,7.79,16.45,3.29
2571,11,2025-02-02 13:00:00,71.7,6.32,14.44,2.888
2572,12,2025-02-02 13:00:00,70.4,1.19,7.79,1.558
2573,13,2025-02-02 13:00:00,42.0,5.37,19.65,3.93
2574,14,2025-02-02 13:00:00,92.2,1.61,15.87,3.174
2575,15,2025-02-02 13:00:00,60.1,2.14,13.39,2.678
2576,16,2025-02-02 13:00:00,36.0,0.33,18.6,3.72
2577,1,2025-02-02 13:12:00,84.3,6.7,8.18,1.636
2578,2,2025-02-02 13:12:00,79.1,3.12,8.84,1.768
2579,3,2025-02-02 13:12:00,77.1,2.65,13.02,2.604
2580,4,2025-02-02 13:12:00,84.0,1.66,12.37,2.474
2581,5,2025-02-02 13:12:00,71.2,0.84,12.16,2.432
2582,6,2025-02-02 13:12:00,93.1,7.86,16.09,3.218
2583,7,2025-02-02 13:12:00,97.7,1.78,8.35,1.67
2584,8,2025-02-02 13:12:00,94.9,3.54,6.19,1.238
2585,9,2025-02-02 13:12:00,39.7,6.94,6.8,1.36
2586,10,2025-02-02 13:12:00,94.6,4.78,8.3,1.66
2587,11,2025-02-02 13:12:00,42.1,0.33,8.58,1.716
2588,12,2025-02-02 13:12:00,84.2,3.75,9.14,1.828
2589,13,2025-02-02 13:12:00,42.8,0.94,25.86,5.172
2590,14,2025-02-02 13:12:00,50.8,2.88,26.44,5.288
2591,15,2025-02-02 13:12:00,68.2,5.26,12.99,2.598
2592,16,2025-02-02 13:12:00,83.0,3.04,31.3,6.26
2593,1,2025-02-02 13:24:00,39.2,2.52,5.9,1.18
2594,2,2025-02-02 13:24:00,63.1,4.02,6.64,1.328
2595,3,2025-02-02 13:24:00,53.4,4.09,10.2,2.04
2596,4,2025-02-02 13:24:00,80.6,7.9,5.98,1.196
2597,5,2025-02-02 13:24:00,70.3,3.27,12.64,2.528
2598,6,2025-02-02 13:24:00,88.8,7.8,14.29,2.858
2599,7,2025-02-02 13:24:00,43.2,0.78,19.64,3.928
2600,8,2025-02-02 13:24:00,85.6,2.63,10.36,2.072
2601,9,2025-02-02 13:24:00,64.1,2.63,8.93,1.786
2602,10,2025-02-02 13:24:00,41.2,1.28,12.34,2.468
2603,11,2025-02-02 13:24:00,85.7,3.19,13.99,2.798
2604,12,2025-02-02 13:24:00,60.0,2.82,21.87,4.374
2605,13,2025-02-02 13:24:00,60.7,7.65,9.87,1.974
2606,14,2025-02-02 13:24:00,46.7,4.11,14.52,2.904
2607,15,2025-02-02 13:24:00,57.1,6.29,29.44,5.888
2608,16,2025-02-02 13:24:00,55.1,6.06,20.37,4.074
2609,1,2025-02-02 13:36:00,55.7,6.57,5.94,1.188
2610,2,2025-02-02 13:36:00,40.2,5.87,6.03,1.206
2611,3,2025-02-02 13:36:00,55.1,6.86,10.5,2.1
2612,4,2025-02-02 13:36:00,79.7,3.71,13.92,2.784
2613,5,2025-02-02 13:36:00,94.2,1.72,16.81,3.362
2614,6,2025-02-02 13:36:00,41.8,6.41,8.88,1.776
2615,7,2025-02-02 13:36:00,61.9,0.42,18.01,3.602
2616,8,2025-02-02 13:36:00,49.4,6.74,20.36,4.072
2617,9,2025-02-02 13:36:00,83.1,3.39,11.86,2.372
2618,10,2025-02-02 13:36:00,76.0,5.51,22.69,4.538
2619,11,2025-02-02 13:36:00,42.3,4.44,8.45,1.69
2620,12,2025-02-02 13:36:00,48.9,5.88,11.89,2.378
2621,13,2025-02-02 13:36:00,73.5,3.56,19.83,3.966
2622,14,2025-02-02 13:36:00,83.9,2.75,24.72,4.944
2623,15,2025-02-02 13:36:00,43.2,0.22,19.59,3.918
2624,16,2025-02-02 13:36:00,91.9,3.39,18.15,3.63
2625,1,2025-02-02 13:48:00,78.1,7.53,11.58,2.316
2626,2,2025-02-02 13:48:00,51.8,4.43,9.67,1.934
2627,3,2025-02-02 13:48:00,39.9,6.46,6.0,1.2
2628,4,2025-02-02 13:48:00,41.3,6.53,8.59,1.718
2629,5,2025-02-02 13:48:00,95.3,1.21,6.44,1.288
2630,6,2025-02-02 13:48:00,97.4,5.4,11.59,2.318
2631,7,2025-02-02 13:48:00,79.6,6.94,13.88,2.776
2632,8,2025-02-02 13:48:00,80.0,1.41,8.56,1.712
2633,9,2025-02-02 13:48:00,84.8,3.59,7.73,1.546
2634,10,2025-02-02 13:48:00,65.8,4.96,11.76,2.352
2635,11,2025-02-02 13:48:00,86.7,2.13,12.39,2.478
2636,12,2025-02-02 13:48:00,72.1,0.26,12.21,2.442
2637,13,2025-02-02 13:48:00,90.0,4.6,11.18,2.236
2638,14,2025-02-02 13:48:00,91.9,0.72,22.8,4.56
2639,15,2025-02-02 13:48:00,52.3,4.77,20.1,4.02
2640,16,2025-02-02 13:48:00,39.6,7.31,18.6,3.72
2641,1,2025-02-02 14:00:00,53.0,3.61,5.23,1.046
2642,2,2025-02-02 14:00:00,66.2,1.2,5.11,1.022
2643,3,2025-02-02 14:00:00,92.6,7.13,10.84,2.168
2644,4,2025-02-02 14:00:00,39.2,1.91,6.95,1.39
2645,5,2025-02-02 14:00:00,96.0,4.4,9.17,1.834
2646,6,2025-02-02 14:00:00,91.3,7.5,6.41,1.282
2647,7,2025-02-02 14:00:00,64.9,4.35,17.19,3.438
2648,8,2025-02-02 14:00:00,61.3,6.65,14.47,2.894
2649,9,2025-02-02 14:00:00,63.1,2.12,10.14,2.028
2650,10,2025-02-02 14:00:00,53.7,7.94,9.26,1.852
2651,11,2025-02-02 14:00:00,51.4,5.54,23.72,4.744
2652,12,2025-02-02 14:00:00,63.6,4.64,16.7,3.34
2653,13,2025-02-02 14:00:00,88.7,2.9,12.3,2.46
2654,14,2025-02-02 14:00:00,67.1,7.1,20.46,4.092
2655,15,2025-02-02 14:00:00,74.3,1.11,18.01,3.602
2656,16,2025-02-02 14:00:00,70.2,0.65,19.86,3.972
2657,1,2025-02-02 14:12:00,76.5,5.26,6.96,1.392
2658,2,2025-02-02 14:12:00,38.6,0.42,6.75,1.35
2659,3,2025-02-02 14:12:00,85.2,1.63,9.7,1.94
2660,4,2025-02-02 14:12:00,47.0,4.46,10.19,2.038
2661,5,2025-02-02 14:12:00,64.6,3.17,15.89,3.178
2662,6,2025-02-02 14:12:00,76.2,2.23,17.39,3.478
2663,7,2025-02-02 14:12:00,95.9,3.17,9.79,1.958
2664,8,2025-02-02 14:12:00,71.5,3.37,17.29,3.458
2665,9,2025-02-02 14:12:00,60.4,2.48,9.96,1.992
2666,10,2025-02-02 14:12:00,83.8,5.99,6.93,1.386
2667,11,2025-02-02 14:12:00,76.8,4.36,12.49,2.498
2668,12,2025-02-02 14:12:00,70.9,5.28,22.92,4.584
2669,13,2025-02-02 14:12:00,64.1,5.28,10.6,2.12
2670,14,2025-02-02 14:12:00,51.7,2.3,12.68,2.536
2671,15,2025-02-02 14:12:00,41.3,1.03,9.57,1.914
2672,16,2025-02-02 14:12:00,49.1,0.21,17.65,3.53
2673,1,2025-02-02 14:24:00,53.3,8.09,11.16,2.232
2674,2,2025-02-02 14:24:00,45.7,4.2,7.14,1.428
2675,3,2025-02-02 14:24:00,41.4,7.15,9.3,1.86
2676,4,2025-02-02 14:24:00,81.4,4.63,8.56,1.712
2677,5,2025-02-02 14:24:00,95.0,3.81,11.29,2.258
2678,6,2025-02-02 14:24:00,73.9,2.55,12.04,2.408
2679,7,2025-02-02 14:24:00,52.1,1.88,9.37,1.874
2680,8,2025-02-02 14:24:00,42.9,3.53,15.2,3.04
2681,9,2025-02-02 14:24:00,49.9,0.92,13.28,2.656
2682,10,2025-02-02 14:24:00,41.3,1.54,12.93,2.586
2683,11,2025-02-02 14:24:00,41.7,1.99,13.5,2.7
2684,12,2025-02-02 14:24:00,77.3,4.65,25.96,5.192
2685,13,2025-02-02 14:24:00,80.1,1.16,27.41,5.482
2686,14,2025-02-02 14:24:00,41.8,7.12,27.21,5.442
2687,15,2025-02-02 14:24:00,56.8,0.22,13.67,2.734
2688,16,2025-02-02 14:24:00,49.4,7.42,12.06,2.412
2689,1,2025-02-02 14:36:00,74.5,7.42,6.26,1.252
2690,2,2025-02-02 14:36:00,52.4,8.0,10.46,2.092
2691,3,2025-02-02 14:36:00,77.0,2.94,10.6,2.12
2692,4,2025-02-02 14:36:00,88.8,4.67,13.18,2.636
2693,5,2025-02-02 14:36:00,46.9,2.17,5.74,1.148
2694,6,2025-02-02 14:36:00,58.1,5.14,14.57,2.914
2695,7,2025-02-02 14:36:00,67.2,5.93,13.69,2.738
2696,8,2025-02-02 14:36:00,97.1,4.25,16.22,3.244
2697,9,2025-02-02 14:36:00,55.2,8.08,22.0,4.4
2698,10,2025-02-02 14:36:00,49.7,1.43,23.8,4.76
2699,11,2025-02-02 14:36:00,39.6,1.8,8.91,1.782
2700,12,2025-02-02 14:36:00,34.2,0.38,22.85,4.57
2701,13,2025-02-02 14:36:00,77.1,1.77,26.11,5.222
2702,14,2025-02-02 14:36:00,68.3,6.99,22.41,4.482
2703,15,2025-02-02 14:36:00,75.9,2.98,9.25,1.85
2704,16,2025-02-02 14:36:00,38.0,4.44,20.73,4.146
2705,1,2025-02-02 14:48:00,37.6,4.37,6.47,1.294
2706,2,2025-02-02 14:48:00,62.9,7.56,5.71,1.142
2707,3,2025-02-02 14:48:00,51.1,4.59,11.83,2.366
2708,4,2025-02-02 14:48:00,76.3,2.47,7.4,1.48
2709,5,2025-02-02 14:48:00,77.4,3.48,9.5,1.9
2710,6,2025-02-02 14:48:00,47.5,5.29,9.21,1.842
2711,7,2025-02-02 14:48:00,76.7,6.66,16.66,3.332
2712,8,2025-02-02 14:48:00,69.3,4.47,20.84,4.168
2713,9,2025-02-02 14:48:00,71.8,7.03,15.58,3.116
2714,10,2025-02-02 14:48:00,55.0,0.85,14.1,2.82
2715,11,2025-02-02 14:48:00,75.0,4.53,14.32,2.864
2716,12,2025-02-02 14:48:00,37.2,1.61,16.8,3.36
2717,13,2025-02-02 14:48:00,57.8,6.99,20.39,4.078
2718,14,2025-02-02 14:48:00,63.1,0.77,10.56,2.112
2719,15,2025-02-02 14:48:00,86.1,3.16,29.44,5.888
2720,16,2025-02-02 14:48:00,77.7,3.05,10.3,2.06
2721,1,2025-02-02 15:00:00,74.4,0.98,7.74,1.548
2722,2,2025-02-02 15:00:00,80.8,6.11,6.56,1.312
2723,3,2025-02-02 15:00:00,38.0,3.28,12.75,2.55
2724,4,2025-02-02 15:00:00,86.1,3.14,14.55,2.91
2725,5,2025-02-02 15:00:00,92.9,2.92,14.5,2.9
2726,6,2025-02-02 15:00:00,42.0,5.71,14.45,2.89
2727,7,2025-02-02 15:00:00,45.3,6.79,7.65,1.53
2728,8,2025-02-02 15:00:00,60.2,4.5,10.72,2.144
2729,9,2025-02-02 15:00:00,51.4,4.84,16.5,3.3
2730,10,2025-02-02 15:00:00,92.8,6.59,17.27,3.454
2731,11,2025-02-02 15:00:00,38.1,3.66,9.76,1.952
2732,12,2025-02-02 15:00:00,60.5,2.69,16.62,3.324
2733,13,2025-02-02 15:00:00,52.2,2.13,11.15,2.23
2734,14,2025-02-02 15:00:00,41.5,4.85,22.22,4.444
2735,15,2025-02-02 15:00:00,48.3,2.62,24.3,4.86
2736,16,2025-02-02 15:00:00,59.8,0.86,32.06,6.412
2737,1,2025-02-02 15:12:00,84.5,0.76,11.7,2.34
2738,2,2025-02-02 15:12:00,51.0,5.88,7.99,1.598
2739,3,2025-02-02 15:12:00,60.8,3.26,10.82,2.164
2740,4,2025-02-02 15:12:00,67.5,8.02,14.16,2.832
2741,5,2025-02-02 15:12:00,61.7,2.55,9.43,1.886
2742,6,2025-02-02 15:12:00,94.9,4.72,12.94,2.588
2743,7,2025-02-02 15:12:00,66.4,4.45,16.7,3.34
2744,8,2025-02-02 15:12:00,62.8,1.18,12.3,2.46
2745,9,2025-02-02 15:12:00,90.8,6.18,20.79,4.158
2746,10,2025-02-02 15:12:00,38.3,0.7,21.38,4.276
2747,11,2025-02-02 15:12:00,45.8,7.52,10.87,2.174
2748,12,2025-02-02 15:12:00,86.0,7.29,24.88,4.976
2749,13,2025-02-02 15:12:00,85.7,3.1,28.23,5.646
2750,14,2025-02-02 15:12:00,48.6,6.12,19.73,3.946
2751,15,2025-02-02 15:12:00,78.6,4.28,20.11,4.022
2752,16,2025-02-02 15:12:00,37.2,6.54,26.91,5.382
2753,1,2025-02-02 15:24:00,63.0,1.77,6.33,1.266
2754,2,2025-02-02 15:24:00,59.8,3.0,5.43,1.086
2755,3,2025-02-02 15:24:00,76.3,6.65,4.68,0.936
2756,4,2025-02-02 15:24:00,34.1,2.3,15.12,3.024
2757,5,2025-02-02 15:24:00,61.9,4.9,10.55,2.11
2758,6,2025-02-02 15:24:00,88.9,2.12,11.47,2.294
2759,7,2025-02-02 15:24:00,35.2,7.06,14.89,2.978
2760,8,2025-02-02 15:24:00,79.9,6.76,6.79,1.358
2761,9,2025-02-02 15:24:00,97.4,6.11,15.51,3.102
2762,10,2025-02-02 15:24:00,49.5,2.85,14.06,2.812
2763,11,2025-02-02 15:24:00,46.7,6.84,12.37,2.474
2764,12,2025-02-02 15:24:00,92.3,3.6,23.53,4.706
2765,13,2025-02-02 15:24:00,55.8,7.38,22.42,4.484
2766,14,2025-02-02 15:24:00,91.1,0.52,29.18,5.836
2767,15,2025-02-02 15:24:00,80.2,7.45,19.34,3.868
2768,16,2025-02-02 15:24:00,67.4,5.85,16.84,3.368
2769,1,2025-02-02 15:36:00,65.9,6.83,11.26,2.252
2770,2,2025-02-02 15:36:00,62.1,7.84,3.94,0.788
2771,3,2025-02-02 15:36:00,96.4,7.42,6.34,1.268
2772,4,2025-02-02 15:36:00,88.6,1.7,8.44,1.688
2773,5,2025-02-02 15:36:00,70.8,6.73,14.79,2.958
2774,6,2025-02-02 15:36:00,40.2,6.96,15.05,3.01
2775,7,2025-02-02 15:36:00,71.2,1.57,12.21,2.442
2776,8,2025-02-02 15:36:00,56.1,3.98,8.95,1.79
2777,9,2025-02-02 15:36:00,92.3,1.01,17.23,3.446
2778,10,2025-02-02 15:36:00,73.8,2.0,22.79,4.558
2779,11,2025-02-02 15:36:00,86.3,7.37,23.12,4.624
2780,12,2025-02-02 15:36:00,73.6,7.73,21.66,4.332
2781,13,2025-02-02 15:36:00,62.1,3.22,27.64,5.528
2782,14,2025-02-02 15:36:00,47.9,4.75,10.74,2.148
2783,15,2025-02-02 15:36:00,64.0,2.55,11.19,2.238
2784,16,2025-02-02 15:36:00,67.0,7.5,18.4,3.68
2785,1,2025-02-02 15:48:00,73.9,3.7,11.72,2.344
2786,2,2025-02-02 15:48:00,67.5,1.67,10.66,2.132
2787,3,2025-02-02 15:48:00,71.2,6.4,13.56,2.712
2788,4,2025-02-02 15:48:00,83.8,7.02,9.21,1.842
2789,5,2025-02-02 15:48:00,88.8,0.98,8.5,1.7
2790,6,2025-02-02 15:48:00,39.1,1.12,7.25,1.45
2791,7,2025-02-02 15:48:00,64.9,0.39,13.17,2.634
2792,8,2025-02-02 15:48:00,93.6,1.05,10.4,2.08
2793,9,2025-02-02 15:48:00,85.3,6.73,15.97,3.194
2794,10,2025-02-02 15:48:00,49.8,6.41,19.33,3.866
2795,11,2025-02-02 15:48:00,69.4,1.78,15.99,3.198
2796,12,2025-02-02 15:48:00,48.8,3.78,17.6,3.52
2797,13,2025-02-02 15:48:00,51.7,6.94,9.31,1.862
2798,14,2025-02-02 15:48:00,65.2,7.1,19.76,3.952
2799,15,2025-02-02 15:48:00,93.0,2.04,9.08,1.816
2800,16,2025-02-02 15:48:00,78.5,7.26,29.24,5.848
2801,1,2025-02-02 16:00:00,81.2,0.93,10.39,2.078
2802,2,2025-02-02 16:00:00,39.6,5.51,11.98,2.396
2803,3,2025-02-02 16:00:00,64.2,4.05,12.02,2.404
2804,4,2025-02-02 16:00:00,49.8,4.7,15.33,3.066
2805,5,2025-02-02 16:00:00,60.1,1.72,15.0,3.0
2806,6,2025-02-02 16:00:00,61.1,5.22,8.69,1.738
2807,7,2025-02-02 16:00:00,40.2,6.6,17.27,3.454
2808,8,2025-02-02 16:00:00,95.4,3.26,8.11,1.622
2809,9,2025-02-02 16:00:00,41.8,0.31,15.22,3.044
2810,10,2025-02-02 16:00:00,85.5,4.9,9.09,1.818
2811,11,2025-02-02 16:00:00,87.2,6.11,10.2,2.04
2812,12,2025-02-02 16:00:00,43.4,4.58,25.36,5.072
2813,13,2025-02-02 16:00:00,54.9,3.6,27.82,5.564
2814,14,2025-02-02 16:00:00,64.0,3.96,15.76,3.152
2815,15,2025-02-02 16:00:00,52.9,7.87,25.55,5.11
2816,16,2025-02-02 16:00:00,80.1,1.83,10.46,2.092
2817,1,2025-02-02 16:12:00,87.3,5.94,7.89,1.578
2818,2,2025-02-02 16:12:00,74.3,2.91,8.93,1.786
2819,3,2025-02-02 16:12:00,94.2,3.34,13.36,2.672
2820,4,2025-02-02 16:12:00,43.9,1.97,14.33,2.866
2821,5,2025-02-02 16:12:00,48.7,3.31,7.8,1.56
2822,6,2025-02-02 16:12:00,85.0,6.18,16.45,3.29
2823,7,2025-02-02 16:12:00,50.4,2.63,6.72,1.344
2824,8,2025-02-02 16:12:00,37.5,2.14,18.64,3.728
2825,9,2025-02-02 16:12:00,39.1,4.17,9.53,1.906
2826,10,2025-02-02 16:12:00,71.3,7.93,12.44,2.488
2827,11,2025-02-02 16:12:00,59.0,6.75,16.53,3.306
2828,12,2025-02-02 16:12:00,44.7,5.67,19.04,3.808
2829,13,2025-02-02 16:12:00,74.9,6.44,27.57,5.514
2830,14,2025-02-02 16:12:00,35.2,5.1,14.83,2.966
2831,15,2025-02-02 16:12:00,51.1,5.24,23.85,4.77
2832,16,2025-02-02 16:12:00,60.2,2.5,11.69,2.338
2833,1,2025-02-02 16:24:00,92.4,7.58,7.81,1.562
2834,2,2025-02-02 16:24:00,54.7,2.78,6.21,1.242
2835,3,2025-02-02 16:24:00,40.8,1.51,8.08,1.616
2836,4,2025-02-02 16:24:00,63.1,3.57,7.26,1.452
2837,5,2025-02-02 16:24:00,47.9,1.62,13.17,2.634
2838,6,2025-02-02 16:24:00,81.7,3.02,6.58,1.316
2839,7,2025-02-02 16:24:00,40.2,2.96,8.73,1.746
2840,8,2025-02-02 16:24:00,92.1,1.15,18.97,3.794
2841,9,2025-02-02 16:24:00,74.9,4.64,8.01,1.602
2842,10,2025-02-02 16:24:00,94.2,2.67,7.75,1.55
2843,11,2025-02-02 16:24:00,95.5,5.85,25.02,5.004
2844,12,2025-02-02 16:24:00,72.1,3.8,23.08,4.616
2845,13,2025-02-02 16:24:00,96.8,4.68,21.12,4.224
2846,14,2025-02-02 16:24:00,54.4,0.83,21.79,4.358
2847,15,2025-02-02 16:24:00,80.2,4.12,14.51,2.902
2848,16,2025-02-02 16:24:00,40.3,5.41,15.81,3.162
2849,1,2025-02-02 16:36:00,76.1,5.15,9.27,1.854
2850,2,2025-02-02 16:36:00,88.1,0.62,4.61,0.922
2851,3,2025-02-02 16:36:00,62.3,1.28,5.36,1.072
2852,4,2025-02-02 16:36:00,55.9,7.32,14.42,2.884
2853,5,2025-02-02 16:36:00,51.5,0.4,14.28,2.856
2854,6,2025-02-02 16:36:00,77.6,3.57,12.99,2.598
2855,7,2025-02-02 16:36:00,52.4,3.83,11.79,2.358
2856,8,2025-02-02 16:36:00,36.2,6.59,14.83,2.966
2857,9,2025-02-02 16:36:00,97.0,6.32,10.82,2.164
2858,10,2025-02-02 16:36:00,97.8,8.01,22.35,4.47
2859,11,2025-02-02 16:36:00,48.8,5.76,16.89,3.378
2860,12,2025-02-02 16:36:00,43.6,3.76,12.53,2.506
2861,13,2025-02-02 16:36:00,80.3,3.55,24.52,4.904
2862,14,2025-02-02 16:36:00,96.0,7.38,16.47,3.294
2863,15,2025-02-02 16:36:00,74.1,4.12,30.68,6.136
2864,16,2025-02-02 16:36:00,79.1,3.97,29.78,5.956
2865,1,2025-02-02 16:48:00,94.9,3.71,9.37,1.874
2866,2,2025-02-02 16:48:00,47.8,7.82,10.27,2.054
2867,3,2025-02-02 16:48:00,63.5,6.24,12.9,2.58
2868,4,2025-02-02 16:48:00,39.2,4.78,9.28,1.856
2869,5,2025-02-02 16:48:00,58.0,6.82,7.19,1.438
2870,6,2025-02-02 16:48:00,36.5,6.09,11.83,2.366
2871,7,2025-02-02 16:48:00,86.2,2.22,6.94,1.388
2872,8,2025-02-02 16:48:00,74.7,6.48,11.36,2.272
2873,9,2025-02-02 16:48:00,47.0,6.53,16.19,3.238
2874,10,2025-02-02 16:48:00,80.9,7.35,22.29,4.458
2875,11,2025-02-02 16:48:00,46.1,3.4,11.1,2.22
2876,12,2025-02-02 16:48:00,90.8,2.36,17.48,3.496
2877,13,2025-02-02 16:48:00,60.0,0.99,23.2,4.64
2878,14,2025-02-02 16:48:00,97.8,6.75,25.11,5.022
2879,15,2025-02-02 16:48:00,59.3,3.03,12.71,2.542
2880,16,2025-02-02 16:48:00,79.9,7.77,28.65,5.73
2881,1,2025-02-02 17:00:00,53.6,6.34,10.22,2.044
2882,2,2025-02-02 17:00:00,43.7,0.74,6.38,1.276
2883,3,2025-02-02 17:00:00,74.4,5.13,6.84,1.368
2884,4,2025-02-02 17:00:00,49.1,4.31,11.75,2.35
2885,5,2025-02-02 17:00:00,36.1,1.79,10.82,2.164
2886,6,2025-02-02 17:00:00,79.2,3.3,16.58,3.316
2887,7,2025-02-02 17:00:00,74.2,1.77,10.95,2.19
2888,8,2025-02-02 17:00:00,53.1,1.17,13.74,2.748
2889,9,2025-02-02 17:00:00,57.8,1.95,21.85,4.37
2890,10,2025-02-02 17:00:00,74.5,3.88,16.3,3.26
2891,11,2025-02-02 17:00:00,60.3,4.7,15.69,3.138
2892,12,2025-02-02 17:00:00,86.8,7.69,22.9,4.58
2893,13,2025-02-02 17:00:00,90.6,5.26,17.22,3.444
2894,14,2025-02-02 17:00:00,38.7,7.38,20.55,4.11
2895,15,2025-02-02 17:00:00,64.9,8.09,16.42,3.284
2896,16,2025-02-02 17:00:00,51.9,2.47,9.66,1.932
2897,1,2025-02-02 17:12:00,49.2,2.67,8.75,1.75
2898,2,2025-02-02 17:12:00,41.2,0.41,4.93,0.986
2899,3,2025-02-02 17:12:00,35.0,6.06,13.51,2.702
2900,4,2025-02-02 17:12:00,67.4,0.34,12.28,2.456
2901,5,2025-02-02 17:12:00,47.4,6.81,9.54,1.908
2902,6,2025-02-02 17:12:00,39.1,6.31,8.3,1.66
2903,7,2025-02-02 17:12:00,76.2,3.34,19.13,3.826
2904,8,2025-02-02 17:12:00,65.4,3.88,18.94,3.788
2905,9,2025-02-02 17:12:00,63.2,4.66,9.73,1.946
2906,10,2025-02-02 17:12:00,84.1,3.72,10.94,2.188
2907,11,2025-02-02 17:12:00,54.1,3.07,9.68,1.936
2908,12,2025-02-02 17:12:00,66.5,7.41,12.93,2.586
2909,13,2025-02-02 17:12:00,65.7,0.91,12.98,2.596
2910,14,2025-02-02 17:12:00,59.1,2.23,26.67,5.334
2911,15,2025-02-02 17:12:00,93.8,0.92,18.84,3.768
2912,16,2025-02-02 17:12:00,91.6,0.37,9.47,1.894
2913,1,2025-02-02 17:24:00,76.8,1.95,10.29,2.058
2914,2,2025-02-02 17:24:00,86.0,4.58,9.04,1.808
2915,3,2025-02-02 17:24:00,48.7,7.88,6.01,1.202
2916,4,2025-02-02 17:24:00,73.5,3.17,9.23,1.846
2917,5,2025-02-02 17:24:00,81.7,1.92,10.49,2.098
2918,6,2025-02-02 17:24:00,51.6,4.19,9.21,1.842
2919,7,2025-02-02 17:24:00,89.3,6.5,13.49,2.698
2920,8,2025-02-02 17:24:00,65.9,0.68,8.68,1.736
2921,9,2025-02-02 17:24:00,84.8,1.25,13.95,2.79
2922,10,2025-02-02 17:24:00,42.7,2.88,9.36,1.872
2923,11,2025-02-02 17:24:00,52.6,4.6,15.29,3.058
2924,12,2025-02-02 17:24:00,62.8,4.91,21.34,4.268
2925,13,2025-02-02 17:24:00,86.3,3.55,22.6,4.52
2926,14,2025-02-02 17:24:00,87.2,0.72,22.84,4.568
2927,15,2025-02-02 17:24:00,94.3,7.34,12.08,2.416
2928,16,2025-02-02 17:24:00,59.8,2.07,21.22,4.244
2929,1,2025-02-02 17:36:00,42.0,7.27,7.02,1.404
2930,2,2025-02-02 17:36:00,81.6,4.91,11.73,2.346
2931,3,2025-02-02 17:36:00,80.0,3.84,13.27,2.654
2932,4,2025-02-02 17:36:00,91.0,2.4,8.57,1.714
2933,5,2025-02-02 17:36:00,35.7,0.71,15.14,3.028
2934,6,2025-02-02 17:36:00,53.3,5.77,15.37,3.074
2935,7,2025-02-02 17:36:00,65.1,3.99,17.03,3.406
2936,8,2025-02-02 17:36:00,77.6,2.57,6.54,1.308
2937,9,2025-02-02 17:36:00,78.3,3.24,10.48,2.096
2938,10,2025-02-02 17:36:00,65.5,0.28,17.01,3.402
2939,11,2025-02-02 17:36:00,60.5,0.56,10.05,2.01
2940,12,2025-02-02 17:36:00,73.3,5.48,25.36,5.072
2941,13,2025-02-02 17:36:00,77.9,0.63,27.09,5.418
2942,14,2025-02-02 17:36:00,80.2,1.84,9.12,1.824
2943,15,2025-02-02 17:36:00,45.7,3.8,18.26,3.652
2944,16,2025-02-02 17:36:00,65.2,5.86,20.64,4.128
2945,1,2025-02-02 17:48:00,74.6,7.23,3.88,0.776
2946,2,2025-02-02 17:48:00,80.1,6.14,10.96,2.192
2947,3,2025-02-02 17:48:00,64.8,8.06,6.76,1.352
2948,4,2025-02-02 17:48:00,79.4,7.77,8.37,1.674
2949,5,2025-02-02 17:48:00,76.5,3.47,14.68,2.936
2950,6,2025-02-02 17:48:00,65.5,6.59,14.87,2.974
2951,7,2025-02-02 17:48:00,55.2,5.12,12.24,2.448
2952,8,2025-02-02 17:48:00,70.4,7.74,21.16,4.232
2953,9,2025-02-02 17:48:00,93.6,4.56,7.84,1.568
2954,10,2025-02-02 17:48:00,49.7,7.74,14.39,2.878
2955,11,2025-02-02 17:48:00,89.0,1.14,24.48,4.896
2956,12,2025-02-02 17:48:00,96.4,4.07,22.64,4.528
2957,13,2025-02-02 17:48:00,83.3,0.28,20.88,4.176
2958,14,2025-02-02 17:48:00,55.0,1.87,15.18,3.036
2959,15,2025-02-02 17:48:00,45.7,6.59,12.45,2.49
2960,16,2025-02-02 17:48:00,96.5,2.24,10.66,2.132
2961,1,2025-02-02 18:00:00,91.0,4.65,9.4,1.88
2962,2,2025-02-02 18:00:00,68.7,0.23,13.03,2.606
2963,3,2025-02-02 18:00:00,52.5,4.41,14.32,2.864
2964,4,2025-02-02 18:00:00,45.7,4.29,6.13,1.226
2965,5,2025-02-02 18:00:00,66.4,7.71,15.76,3.152
2966,6,2025-02-02 18:00:00,89.3,6.43,15.4,3.08
2967,7,2025-02-02 18:00:00,42.4,1.78,15.39,3.078
2968,8,2025-02-02 18:00:00,74.3,1.62,19.24,3.848
2969,9,2025-02-02 18:00:00,52.9,0.98,22.2,4.44
2970,10,2025-02-02 18:00:00,56.6,4.06,12.97,2.594
2971,11,2025-02-02 18:00:00,96.0,7.23,12.1,2.42
2972,12,2025-02-02 18:00:00,36.4,7.07,23.11,4.622
2973,13,2025-02-02 18:00:00,67.3,4.91,19.4,3.88
2974,14,2025-02-02 18:00:00,77.0,2.14,28.81,5.762
2975,15,2025-02-02 18:00:00,51.9,5.22,22.31,4.462
2976,16,2025-02-02 18:00:00,46.3,6.8,21.17,4.234
2977,1,2025-02-02 18:12:00,66.9,4.77,4.32,0.864
2978,2,2025-02-02 18:12:00,61.3,1.72,7.52,1.504
2979,3,2025-02-02 18:12:00,89.4,5.25,10.27,2.054
2980,4,2025-02-02 18:12:00,43.5,6.85,8.06,1.612
2981,5,2025-02-02 18:12:00,90.0,1.0,8.74,1.748
2982,6,2025-02-02 18:12:00,70.9,3.49,6.51,1.302
2983,7,2025-02-02 18:12:00,67.8,8.01,8.97,1.794
2984,8,2025-02-02 18:12:00,56.3,5.0,17.48,3.496
2985,9,2025-02-02 18:12:00,76.6,2.22,11.15,2.23
2986,10,2025-02-02 18:12:00,86.1,2.98,16.5,3.3
2987,11,2025-02-02 18:12:00,54.5,3.68,21.99,4.398
2988,12,2025-02-02 18:12:00,86.9,8.05,8.62,1.724
2989,13,2025-02-02 18:12:00,78.8,7.07,27.18,5.436
2990,14,2025-02-02 18:12:00,59.8,4.95,17.12,3.424
2991,15,2025-02-02 18:12:00,79.5,0.53,19.07,3.814
2992,16,2025-02-02 18:12:00,65.7,7.11,21.98,4.396
2993,1,2025-02-02 18:24:00,64.1,2.89,9.45,1.89
2994,2,2025-02-02 18:24:00,74.9,7.0,10.38,2.076
2995,3,2025-02-02 18:24:00,67.3,1.78,12.71,2.542
2996,4,2025-02-02 18:24:00,71.5,0.59,6.93,1.386
2997,5,2025-02-02 18:24:00,60.4,0.98,13.37,2.674
2998,6,2025-02-02 18:24:00,67.1,7.11,6.26,1.252
2999,7,2025-02-02 18:24:00,76.1,2.45,19.73,3.946
3000,8,2025-02-02 18:24:00,60.4,3.42,7.21,1.442
3001,9,2025-02-02 18:24:00,82.1,2.29,7.65,1.53
3002,10,2025-02-02 18:24:00,41.7,2.05,10.78,2.156
3003,11,2025-02-02 18:24:00,47.4,6.42,24.64,4.928
3004,12,2025-02-02 18:24:00,97.0,4.39,18.53,3.706
3005,13,2025-02-02 18:24:00,86.2,8.01,26.14,5.228
3006,14,2025-02-02 18:24:00,91.8,8.1,25.36,5.072
3007,15,2025-02-02 18:24:00,86.6,1.06,17.38,3.476
3008,16,2025-02-02 18:24:00,51.1,6.2,10.52,2.104
3009,1,2025-02-02 18:36:00,94.5,1.68,10.36,2.072
3010,2,2025-02-02 18:36:00,43.7,6.84,6.01,1.202
3011,3,2025-02-02 18:36:00,63.7,5.22,12.28,2.456
3012,4,2025-02-02 18:36:00,81.6,7.32,8.08,1.616
3013,5,2025-02-02 18:36:00,54.0,1.5,7.54,1.508
3014,6,2025-02-02 18:36:00,92.8,1.75,7.66,1.532
3015,7,2025-02-02 18:36:00,67.1,6.08,7.66,1.532
3016,8,2025-02-02 18:36:00,79.4,5.11,9.28,1.856
3017,9,2025-02-02 18:36:00,44.0,5.23,9.62,1.924
3018,10,2025-02-02 18:36:00,37.4,4.29,10.24,2.048
3019,11,2025-02-02 18:36:00,94.5,3.32,10.68,2.136
3020,12,2025-02-02 18:36:00,55.8,7.1,8.77,1.754
3021,13,2025-02-02 18:36:00,81.9,3.39,22.01,4.402
3022,14,2025-02-02 18:36:00,60.1,6.27,10.73,2.146
3023,15,2025-02-02 18:36:00,67.5,0.93,15.52,3.104
3024,16,2025-02-02 18:36:00,43.3,1.94,29.9,5.98
3025,1,2025-02-02 18:48:00,82.3,6.53,3.5,0.7
3026,2,2025-02-02 18:48:00,40.4,3.15,11.57,2.314
3027,3,2025-02-02 18:48:00,70.2,4.38,11.93,2.386
3028,4,2025-02-02 18:48:00,52.9,5.26,11.32,2.264
3029,5,2025-02-02 18:48:00,37.9,1.6,15.0,3.0
3030,6,2025-02-02 18:48:00,39.6,5.7,8.64,1.728
3031,7,2025-02-02 18:48:00,83.1,2.33,15.74,3.148
3032,8,2025-02-02 18:48:00,91.8,5.61,20.98,4.196
3033,9,2025-02-02 18:48:00,47.0,4.65,11.34,2.268
3034,10,2025-02-02 18:48:00,84.4,7.65,13.91,2.782
3035,11,2025-02-02 18:48:00,42.2,1.87,18.59,3.718
3036,12,2025-02-02 18:48:00,93.0,6.27,13.83,2.766
3037,13,2025-02-02 18:48:00,79.4,2.32,10.58,2.116
3038,14,2025-02-02 18:48:00,62.3,5.61,17.42,3.484
3039,15,2025-02-02 18:48:00,50.1,2.69,26.92,5.384
3040,16,2025-02-02 18:48:00,40.3,2.34,27.18,5.436
3041,1,2025-02-02 19:00:00,70.9,1.98,9.66,1.932
3042,2,2025-02-02 19:00:00,42.7,7.02,4.88,0.976
3043,3,2025-02-02 19:00:00,49.8,4.53,10.79,2.158
3044,4,2025-02-02 19:00:00,35.5,7.79,13.47,2.694
3045,5,2025-02-02 19:00:00,82.5,5.3,15.3,3.06
3046,6,2025-02-02 19:00:00,53.0,1.92,7.47,1.494
3047,7,2025-02-02 19:00:00,88.8,0.41,18.1,3.62
3048,8,2025-02-02 19:00:00,37.4,5.4,9.89,1.978
3049,9,2025-02-02 19:00:00,40.5,8.09,14.56,2.912
3050,10,2025-02-02 19:00:00,59.2,7.07,22.0,4.4
3051,11,2025-02-02 19:00:00,52.1,2.54,19.27,3.854
3052,12,2025-02-02 19:00:00,88.6,7.82,9.92,1.984
3053,13,2025-02-02 19:00:00,75.1,2.47,17.68,3.536
3054,14,2025-02-02 19:00:00,35.0,1.09,11.52,2.304
3055,15,2025-02-02 19:00:00,53.0,5.26,21.86,4.372
3056,16,2025-02-02 19:00:00,34.4,2.53,20.4,4.08
3057,1,2025-02-02 19:12:00,80.8,8.09,4.77,0.954
3058,2,2025-02-02 19:12:00,44.7,6.74,5.11,1.022
3059,3,2025-02-02 19:12:00,82.8,7.75,8.62,1.724
3060,4,2025-02-02 19:12:00,71.4,1.1,10.61,2.122
3061,5,2025-02-02 19:12:00,38.2,2.49,16.08,3.216
3062,6,2025-02-02 19:12:00,89.5,7.81,9.96,1.992
3063,7,2025-02-02 19:12:00,58.4,5.01,13.01,2.602
3064,8,2025-02-02 19:12:00,43.9,1.83,13.93,2.786
3065,9,2025-02-02 19:12:00,61.0,7.33,20.13,4.026
3066,10,2025-02-02 19:12:00,49.9,5.04,22.54,4.508
3067,11,2025-02-02 19:12:00,65.7,2.53,11.6,2.32
3068,12,2025-02-02 19:12:00,49.0,2.2,24.85,4.97
3069,13,2025-02-02 19:12:00,58.1,1.84,20.5,4.1
3070,14,2025-02-02 19:12:00,94.0,2.05,23.52,4.704
3071,15,2025-02-02 19:12:00,60.6,0.76,12.41,2.482
3072,16,2025-02-02 19:12:00,70.9,0.4,13.98,2.796
3073,1,2025-02-02 19:24:00,66.8,1.3,11.74,2.348
3074,2,2025-02-02 19:24:00,36.6,0.72,8.53,1.706
3075,3,2025-02-02 19:24:00,46.2,8.08,7.54,1.508
3076,4,2025-02-02 19:24:00,76.4,0.36,9.13,1.826
3077,5,2025-02-02 19:24:00,87.9,1.51,13.19,2.638
3078,6,2025-02-02 19:24:00,82.5,2.58,15.35,3.07
3079,7,2025-02-02 19:24:00,63.3,0.74,6.26,1.252
3080,8,2025-02-02 19:24:00,45.2,4.58,9.35,1.87
3081,9,2025-02-02 19:24:00,40.9,6.64,15.92,3.184
3082,10,2025-02-02 19:24:00,64.1,5.11,23.65,4.73
3083,11,2025-02-02 19:24:00,65.3,2.05,10.14,2.028
3084,12,2025-02-02 19:24:00,55.7,4.19,15.09,3.018
3085,13,2025-02-02 19:24:00,43.5,3.73,22.91,4.582
3086,14,2025-02-02 19:24:00,57.9,6.21,19.15,3.83
3087,15,2025-02-02 19:24:00,87.8,2.58,11.21,2.242
3088,16,2025-02-02 19:24:00,67.9,7.52,16.19,3.238
3089,1,2025-02-02 19:36:00,72.8,7.71,6.35,1.27
3090,2,2025-02-02 19:36:00,55.6,7.5,8.46,1.692
3091,3,2025-02-02 19:36:00,57.2,1.31,10.8,2.16
3092,4,2025-02-02 19:36:00,72.4,4.92,10.55,2.11
3093,5,2025-02-02 19:36:00,68.5,4.46,15.88,3.176
3094,6,2025-02-02 19:36:00,52.3,2.15,15.92,3.184
3095,7,2025-02-02 19:36:00,40.2,4.75,7.26,1.452
3096,8,2025-02-02 19:36:00,51.8,2.81,13.32,2.664
3097,9,2025-02-02 19:36:00,97.8,5.33,17.74,3.548
3098,10,2025-02-02 19:36:00,59.8,1.11,12.71,2.542
3099,11,2025-02-02 19:36:00,61.9,2.76,10.33,2.066
3100,12,2025-02-02 19:36:00,74.9,4.36,22.45,4.49
3101,13,2025-02-02 19:36:00,79.5,6.04,27.24,5.448
3102,14,2025-02-02 19:36:00,39.3,2.91,11.32,2.264
3103,15,2025-02-02 19:36:00,84.9,6.67,24.52,4.904
3104,16,2025-02-02 19:36:00,43.5,1.5,21.08,4.216
3105,1,2025-02-02 19:48:00,38.7,2.64,6.98,1.396
3106,2,2025-02-02 19:48:00,44.2,2.35,9.89,1.978
3107,3,2025-02-02 19:48:00,78.5,5.57,10.41,2.082
3108,4,2025-02-02 19:48:00,64.5,3.97,14.14,2.828
3109,5,2025-02-02 19:48:00,53.0,3.24,12.49,2.498
3110,6,2025-02-02 19:48:00,35.3,4.97,6.52,1.304
3111,7,2025-02-02 19:48:00,44.2,1.18,7.74,1.548
3112,8,2025-02-02 19:48:00,47.3,7.06,6.56,1.312
3113,9,2025-02-02 19:48:00,39.4,7.04,7.13,1.426
3114,10,2025-02-02 19:48:00,92.2,4.91,17.0,3.4
3115,11,2025-02-02 19:48:00,96.2,4.93,17.32,3.464
3116,12,2025-02-02 19:48:00,63.5,6.69,19.14,3.828
3117,13,2025-02-02 19:48:00,89.9,3.39,11.83,2.366
3118,14,2025-02-02 19:48:00,70.5,5.66,25.55,5.11
3119,15,2025-02-02 19:48:00,55.2,1.86,16.26,3.252
3120,16,2025-02-02 19:48:00,57.8,0.36,31.8,6.36
3121,1,2025-02-02 20:00:00,43.8,2.9,6.49,1.298
3122,2,2025-02-02 20:00:00,47.7,6.84,8.91,1.782
3123,3,2025-02-02 20:00:00,79.1,4.74,10.08,2.016
3124,4,2025-02-02 20:00:00,78.5,4.08,12.27,2.454
3125,5,2025-02-02 20:00:00,65.1,4.55,16.86,3.372
3126,6,2025-02-02 20:00:00,76.6,2.44,11.11,2.222
3127,7,2025-02-02 20:00:00,93.6,6.53,18.64,3.728
3128,8,2025-02-02 20:00:00,97.2,5.19,7.03,1.406
3129,9,2025-02-02 20:00:00,86.6,5.78,16.34,3.268
3130,10,2025-02-02 20:00:00,38.8,6.07,17.59,3.518
3131,11,2025-02-02 20:00:00,91.5,3.77,17.36,3.472
3132,12,2025-02-02 20:00:00,51.1,6.38,10.26,2.052
3133,13,2025-02-02 20:00:00,54.1,7.83,26.32,5.264
3134,14,2025-02-02 20:00:00,54.0,7.75,23.74,4.748
3135,15,2025-02-02 20:00:00,95.6,1.21,25.27,5.054
3136,16,2025-02-02 20:00:00,54.6,7.51,16.82,3.364
3137,1,2025-02-02 20:12:00,72.0,1.99,7.99,1.598
3138,2,2025-02-02 20:12:00,71.7,5.58,9.33,1.866
3139,3,2025-02-02 20:12:00,51.1,5.71,12.51,2.502
3140,4,2025-02-02 20:12:00,70.6,1.28,13.77,2.754
3141,5,2025-02-02 20:12:00,36.8,1.35,11.94,2.388
3142,6,2025-02-02 20:12:00,60.0,6.49,10.49,2.098
3143,7,2025-02-02 20:12:00,96.0,4.81,10.66,2.132
3144,8,2025-02-02 20:12:00,59.4,0.67,8.34,1.668
3145,9,2025-02-02 20:12:00,97.6,4.49,6.71,1.342
3146,10,2025-02-02 20:12:00,89.2,6.29,19.34,3.868
3147,11,2025-02-02 20:12:00,48.4,3.76,14.17,2.834
3148,12,2025-02-02 20:12:00,71.4,0.7,13.95,2.79
3149,13,2025-02-02 20:12:00,95.4,0.27,16.13,3.226
3150,14,2025-02-02 20:12:00,58.3,0.95,22.56,4.512
3151,15,2025-02-02 20:12:00,52.0,6.22,23.22,4.644
3152,16,2025-02-02 20:12:00,58.6,2.32,30.8,6.16
3153,1,2025-02-02 20:24:00,89.2,2.35,11.53,2.306
3154,2,2025-02-02 20:24:00,71.0,2.87,11.97,2.394
3155,3,2025-02-02 20:24:00,41.9,6.57,5.01,1.002
3156,4,2025-02-02 20:24:00,96.3,6.53,12.55,2.51
3157,5,2025-02-02 20:24:00,83.2,4.04,11.85,2.37
3158,6,2025-02-02 20:24:00,55.8,6.23,12.77,2.554
3159,7,2025-02-02 20:24:00,42.6,1.55,6.31,1.262
3160,8,2025-02-02 20:24:00,60.2,1.57,18.06,3.612
3161,9,2025-02-02 20:24:00,53.8,0.31,16.13,3.226
3162,10,2025-02-02 20:24:00,39.0,2.26,11.52,2.304
3163,11,2025-02-02 20:24:00,52.5,7.76,15.13,3.026
3164,12,2025-02-02 20:24:00,54.8,1.29,20.72,4.144
3165,13,2025-02-02 20:24:00,97.0,2.68,24.64,4.928
3166,14,2025-02-02 20:24:00,89.6,2.47,10.09,2.018
3167,15,2025-02-02 20:24:00,74.8,4.58,17.16,3.432
3168,16,2025-02-02 20:24:00,75.9,5.0,12.72,2.544
3169,1,2025-02-02 20:36:00,64.7,7.31,7.16,1.432
3170,2,2025-02-02 20:36:00,56.2,2.26,10.85,2.17
3171,3,2025-02-02 20:36:00,48.0,6.58,7.21,1.442
3172,4,2025-02-02 20:36:00,97.1,1.48,9.38,1.876
3173,5,2025-02-02 20:36:00,78.8,2.28,6.48,1.296
3174,6,2025-02-02 20:36:00,37.2,5.71,17.91,3.582
3175,7,2025-02-02 20:36:00,56.7,4.01,17.99,3.598
3176,8,2025-02-02 20:36:00,70.9,6.98,14.53,2.906
3177,9,2025-02-02 20:36:00,78.3,0.77,10.78,2.156
3178,10,2025-02-02 20:36:00,39.4,6.85,23.93,4.786
3179,11,2025-02-02 20:36:00,82.9,0.27,18.91,3.782
3180,12,2025-02-02 20:36:00,78.5,6.31,21.84,4.368
3181,13,2025-02-02 20:36:00,62.4,3.13,17.54,3.508
3182,14,2025-02-02 20:36:00,77.6,7.1,23.98,4.796
3183,15,2025-02-02 20:36:00,46.6,0.79,9.85,1.97
3184,16,2025-02-02 20:36:00,79.6,4.66,11.35,2.27
3185,1,2025-02-02 20:48:00,42.8,7.87,10.59,2.118
3186,2,2025-02-02 20:48:00,45.5,5.31,11.7,2.34
3187,3,2025-02-02 20:48:00,53.9,3.99,4.26,0.852
3188,4,2025-02-02 20:48:00,62.6,4.69,6.47,1.294
3189,5,2025-02-02 20:48:00,89.6,7.12,12.4,2.48
3190,6,2025-02-02 20:48:00,83.3,6.62,10.7,2.14
3191,7,2025-02-02 20:48:00,78.3,5.36,8.1,1.62
3192,8,2025-02-02 20:48:00,55.6,6.71,14.34,2.868
3193,9,2025-02-02 20:48:00,75.4,5.77,10.83,2.166
3194,10,2025-02-02 20:48:00,97.9,2.53,22.24,4.448
3195,11,2025-02-02 20:48:00,74.3,7.97,25.42,5.084
3196,12,2025-02-02 20:48:00,52.6,1.18,11.75,2.35
3197,13,2025-02-02 20:48:00,85.1,0.29,23.01,4.602
3198,14,2025-02-02 20:48:00,79.6,4.32,19.03,3.806
3199,15,2025-02-02 20:48:00,35.5,0.97,15.1,3.02
3200,16,2025-02-02 20:48:00,58.8,4.37,9.99,1.998
3201,1,2025-02-02 21:00:00,91.2,5.61,5.52,1.104
3202,2,2025-02-02 21:00:00,72.3,4.71,8.59,1.718
3203,3,2025-02-02 21:00:00,79.5,7.17,4.32,0.864
3204,4,2025-02-02 21:00:00,60.1,3.36,13.81,2.762
3205,5,2025-02-02 21:00:00,66.3,0.71,5.78,1.156
3206,6,2025-02-02 21:00:00,63.0,4.14,7.53,1.506
3207,7,2025-02-02 21:00:00,49.0,7.6,15.18,3.036
3208,8,2025-02-02 21:00:00,42.9,6.76,15.23,3.046
3209,9,2025-02-02 21:00:00,81.6,4.78,18.41,3.682
3210,10,2025-02-02 21:00:00,80.5,1.91,10.7,2.14
3211,11,2025-02-02 21:00:00,74.6,1.63,21.48,4.296
3212,12,2025-02-02 21:00:00,77.5,5.37,16.02,3.204
3213,13,2025-02-02 21:00:00,47.4,6.0,8.91,1.782
3214,14,2025-02-02 21:00:00,72.3,0.48,22.93,4.586
3215,15,2025-02-02 21:00:00,83.7,3.33,9.08,1.816
3216,16,2025-02-02 21:00:00,60.9,2.3,26.93,5.386
3217,1,2025-02-02 21:12:00,64.6,8.06,11.7,2.34
3218,2,2025-02-02 21:12:00,86.3,7.02,9.87,1.974
3219,3,2025-02-02 21:12:00,89.3,6.89,9.75,1.95
3220,4,2025-02-02 21:12:00,77.6,1.47,7.12,1.424
3221,5,2025-02-02 21:12:00,70.5,4.06,16.99,3.398
3222,6,2025-02-02 21:12:00,71.6,6.02,8.07,1.614
3223,7,2025-02-02 21:12:00,72.5,5.38,15.83,3.166
3224,8,2025-02-02 21:12:00,63.0,1.28,12.46,2.492
3225,9,2025-02-02 21:12:00,57.2,1.99,10.0,2.0
3226,10,2025-02-02 21:12:00,52.0,1.99,13.8,2.76
3227,11,2025-02-02 21:12:00,70.6,5.68,7.37,1.474
3228,12,2025-02-02 21:12:00,88.0,5.16,24.74,4.948
3229,13,2025-02-02 21:12:00,78.2,5.11,19.83,3.966
3230,14,2025-02-02 21:12:00,71.5,0.87,19.12,3.824
3231,15,2025-02-02 21:12:00,52.1,3.44,14.35,2.87
3232,16,2025-02-02 21:12:00,76.0,5.74,18.94,3.788
3233,1,2025-02-02 21:24:00,93.9,5.61,5.54,1.108
3234,2,2025-02-02 21:24:00,80.1,2.43,10.82,2.164
3235,3,2025-02-02 21:24:00,35.5,3.68,5.77,1.154
3236,4,2025-02-02 21:24:00,97.4,0.83,13.6,2.72
3237,5,2025-02-02 21:24:00,45.2,2.58,17.0,3.4
3238,6,2025-02-02 21:24:00,45.7,6.01,5.8,1.16
3239,7,2025-02-02 21:24:00,38.5,7.48,10.78,2.156
3240,8,2025-02-02 21:24:00,59.1,1.74,7.6,1.52
3241,9,2025-02-02 21:24:00,84.3,4.81,18.84,3.768
3242,10,2025-02-02 21:24:00,78.1,7.79,17.2,3.44
3243,11,2025-02-02 21:24:00,93.1,5.31,15.86,3.172
3244,12,2025-02-02 21:24:00,52.3,1.63,16.94,3.388
3245,13,2025-02-02 21:24:00,69.2,0.3,26.77,5.354
3246,14,2025-02-02 21:24:00,71.2,4.7,12.7,2.54
3247,15,2025-02-02 21:24:00,59.2,4.59,26.61,5.322
3248,16,2025-02-02 21:24:00,35.2,6.96,10.22,2.044
3249,1,2025-02-02 21:36:00,83.7,4.66,9.07,1.814
3250,2,2025-02-02 21:36:00,46.6,4.95,11.92,2.384
3251,3,2025-02-02 21:36:00,75.2,5.34,6.41,1.282
3252,4,2025-02-02 21:36:00,63.3,3.46,6.8,1.36
3253,5,2025-02-02 21:36:00,73.4,5.89,6.27,1.254
3254,6,2025-02-02 21:36:00,46.1,1.42,8.87,1.774
3255,7,2025-02-02 21:36:00,62.2,0.71,6.33,1.266
3256,8,2025-02-02 21:36:00,74.1,2.54,7.4,1.48
3257,9,2025-02-02 21:36:00,69.1,6.91,9.07,1.814
3258,10,2025-02-02 21:36:00,56.5,5.53,20.83,4.166
3259,11,2025-02-02 21:36:00,96.4,5.71,16.58,3.316
3260,12,2025-02-02 21:36:00,77.2,0.68,18.5,3.7
3261,13,2025-02-02 21:36:00,50.6,5.11,9.62,1.924
3262,14,2025-02-02 21:36:00,78.8,6.33,10.31,2.062
3263,15,2025-02-02 21:36:00,45.0,5.84,18.77,3.754
3264,16,2025-02-02 21:36:00,70.4,0.24,22.08,4.416
3265,1,2025-02-02 21:48:00,81.6,2.3,4.14,0.828
3266,2,2025-02-02 21:48:00,84.7,6.12,7.27,1.454
3267,3,2025-02-02 21:48:00,85.0,7.31,13.89,2.778
3268,4,2025-02-02 21:48:00,54.1,0.35,10.16,2.032
3269,5,2025-02-02 21:48:00,91.4,1.54,6.16,1.232
3270,6,2025-02-02 21:48:00,41.8,1.12,7.6,1.52
3271,7,2025-02-02 21:48:00,83.0,5.4,14.09,2.818
3272,8,2025-02-02 21:48:00,50.2,2.7,12.43,2.486
3273,9,2025-02-02 21:48:00,50.0,6.71,18.95,3.79
3274,10,2025-02-02 21:48:00,92.7,0.9,10.62,2.124
3275,11,2025-02-02 21:48:00,93.6,4.12,19.66,3.932
3276,12,2025-02-02 21:48:00,86.0,1.69,15.22,3.044
3277,13,2025-02-02 21:48:00,47.1,6.62,12.76,2.552
3278,14,2025-02-02 21:48:00,92.4,4.11,9.28,1.856
3279,15,2025-02-02 21:48:00,91.3,5.01,29.14,5.828
3280,16,2025-02-02 21:48:00,50.9,1.8,13.81,2.762
3281,1,2025-02-02 22:00:00,47.3,6.85,5.66,1.132
3282,2,2025-02-02 22:00:00,76.9,4.81,9.2,1.84
3283,3,2025-02-02 22:00:00,77.7,4.78,6.97,1.394
3284,4,2025-02-02 22:00:00,53.4,2.26,11.89,2.378
3285,5,2025-02-02 22:00:00,95.2,6.88,7.24,1.448
3286,6,2025-02-02 22:00:00,39.8,6.71,14.17,2.834
3287,7,2025-02-02 22:00:00,65.3,6.07,10.9,2.18
3288,8,2025-02-02 22:00:00,89.3,3.86,15.03,3.006
3289,9,2025-02-02 22:00:00,35.8,7.78,14.74,2.948
3290,10,2025-02-02 22:00:00,57.3,1.77,16.52,3.304
3291,11,2025-02-02 22:00:00,92.1,3.98,22.48,4.496
3292,12,2025-02-02 22:00:00,94.9,0.29,8.93,1.786
3293,13,2025-02-02 22:00:00,67.5,1.13,26.52,5.304
3294,14,2025-02-02 22:00:00,75.6,6.05,25.14,5.028
3295,15,2025-02-02 22:00:00,77.0,2.82,9.76,1.952
3296,16,2025-02-02 22:00:00,41.1,2.96,30.87,6.174
3297,1,2025-02-02 22:12:00,68.7,2.84,11.1,2.22
3298,2,2025-02-02 22:12:00,89.8,6.26,10.79,2.158
3299,3,2025-02-02 22:12:00,90.6,0.75,9.23,1.846
3300,4,2025-02-02 22:12:00,92.9,7.61,8.45,1.69
3301,5,2025-02-02 22:12:00,59.7,4.89,12.14,2.428
3302,6,2025-02-02 22:12:00,87.1,6.13,8.99,1.798
3303,7,2025-02-02 22:12:00,69.8,0.49,9.58,1.916
3304,8,2025-02-02 22:12:00,56.9,0.39,15.29,3.058
3305,9,2025-02-02 22:12:00,54.9,5.7,7.14,1.428
3306,10,2025-02-02 22:12:00,96.0,4.19,10.73,2.146
3307,11,2025-02-02 22:12:00,50.3,3.27,23.25,4.65
3308,12,2025-02-02 22:12:00,68.2,2.1,19.3,3.86
3309,13,2025-02-02 22:12:00,56.8,1.01,25.62,5.124
3310,14,2025-02-02 22:12:00,83.7,1.72,25.47,5.094
3311,15,2025-02-02 22:12:00,47.8,4.05,9.73,1.946
3312,16,2025-02-02 22:12:00,37.7,4.45,23.1,4.62
3313,1,2025-02-02 22:24:00,86.6,6.74,11.53,2.306
3314,2,2025-02-02 22:24:00,52.5,3.33,8.44,1.688
3315,3,2025-02-02 22:24:00,61.8,2.74,4.17,0.834
3316,4,2025-02-02 22:24:00,38.8,5.7,7.91,1.582
3317,5,2025-02-02 22:24:00,85.4,1.69,6.96,1.392
3318,6,2025-02-02 22:24:00,92.2,6.37,16.57,3.314
3319,7,2025-02-02 22:24:00,35.4,7.23,5.82,1.164
3320,8,2025-02-02 22:24:00,83.3,2.58,8.66,1.732
3321,9,2025-02-02 22:24:00,53.9,4.82,8.23,1.646
3322,10,2025-02-02 22:24:00,75.0,2.25,10.5,2.1
3323,11,2025-02-02 22:24:00,52.9,6.6,20.64,4.128
3324,12,2025-02-02 22:24:00,63.4,3.82,10.01,2.002
3325,13,2025-02-02 22:24:00,75.6,4.02,11.95,2.39
3326,14,2025-02-02 22:24:00,80.2,6.38,27.61,5.522
3327,15,2025-02-02 22:24:00,93.8,6.69,21.11,4.222
3328,16,2025-02-02 22:24:00,89.2,1.61,29.14,5.828
3329,1,2025-02-02 22:36:00,80.5,5.56,9.71,1.942
3330,2,2025-02-02 22:36:00,61.3,7.5,13.05,2.61
3331,3,2025-02-02 22:36:00,44.5,6.41,10.47,2.094
3332,4,2025-02-02 22:36:00,91.1,6.01,12.27,2.454
3333,5,2025-02-02 22:36:00,54.1,3.81,7.86,1.572
3334,6,2025-02-02 22:36:00,44.5,2.62,5.48,1.096
3335,7,2025-02-02 22:36:00,46.6,6.73,9.31,1.862
3336,8,2025-02-02 22:36:00,71.7,5.48,15.5,3.1
3337,9,2025-02-02 22:36:00,54.8,7.26,16.52,3.304
3338,10,2025-02-02 22:36:00,50.2,7.28,11.37,2.274
3339,11,2025-02-02 22:36:00,34.6,2.77,12.23,2.446
3340,12,2025-02-02 22:36:00,34.6,1.57,12.12,2.424
3341,13,2025-02-02 22:36:00,65.2,6.12,25.25,5.05
3342,14,2025-02-02 22:36:00,53.4,2.6,12.42,2.484
3343,15,2025-02-02 22:36:00,51.4,2.38,17.74,3.548
3344,16,2025-02-02 22:36:00,91.7,1.35,9.43,1.886
3345,1,2025-02-02 22:48:00,47.0,6.49,6.76,1.352
3346,2,2025-02-02 22:48:00,58.4,6.65,5.76,1.152
3347,3,2025-02-02 22:48:00,78.0,1.76,7.05,1.41
3348,4,2025-02-02 22:48:00,88.0,6.72,12.72,2.544
3349,5,2025-02-02 22:48:00,92.8,3.82,6.29,1.258
3350,6,2025-02-02 22:48:00,97.7,2.82,16.15,3.23
3351,7,2025-02-02 22:48:00,74.8,6.29,9.78,1.956
3352,8,2025-02-02 22:48:00,63.2,7.47,9.27,1.854
3353,9,2025-02-02 22:48:00,41.3,1.98,12.55,2.51
3354,10,2025-02-02 22:48:00,81.5,2.31,10.44,2.088
3355,11,2025-02-02 22:48:00,58.0,6.13,14.88,2.976
3356,12,2025-02-02 22:48:00,69.0,2.61,8.57,1.714
3357,13,2025-02-02 22:48:00,50.0,3.18,11.46,2.292
3358,14,2025-02-02 22:48:00,66.8,7.76,22.37,4.474
3359,15,2025-02-02 22:48:00,72.5,2.02,18.78,3.756
3360,16,2025-02-02 22:48:00,76.2,7.0,13.14,2.628
3361,1,2025-02-02 23:00:00,82.7,0.75,5.03,1.006
3362,2,2025-02-02 23:00:00,88.8,2.6,6.55,1.31
3363,3,2025-02-02 23:00:00,53.5,2.02,5.38,1.076
3364,4,2025-02-02 23:00:00,50.9,1.87,7.22,1.444
3365,5,2025-02-02 23:00:00,50.4,6.98,11.76,2.352
3366,6,2025-02-02 23:00:00,66.6,2.93,17.02,3.404
3367,7,2025-02-02 23:00:00,69.1,7.23,9.22,1.844
3368,8,2025-02-02 23:00:00,34.4,4.69,6.59,1.318
3369,9,2025-02-02 23:00:00,60.6,6.64,20.76,4.152
3370,10,2025-02-02 23:00:00,66.4,2.58,17.96,3.592
3371,11,2025-02-02 23:00:00,57.8,2.26,20.38,4.076
3372,12,2025-02-02 23:00:00,60.6,3.72,18.03,3.606
3373,13,2025-02-02 23:00:00,38.4,3.7,9.82,1.964
3374,14,2025-02-02 23:00:00,46.5,7.88,23.38,4.676
3375,15,2025-02-02 23:00:00,50.1,5.51,12.36,2.472
3376,16,2025-02-02 23:00:00,38.6,6.58,29.92,5.984
3377,1,2025-02-02 23:12:00,78.8,2.5,8.93,1.786
3378,2,2025-02-02 23:12:00,89.7,1.8,4.59,0.918
3379,3,2025-02-02 23:12:00,55.6,7.68,13.86,2.772
3380,4,2025-02-02 23:12:00,39.9,1.11,7.72,1.544
3381,5,2025-02-02 23:12:00,70.0,7.71,8.19,1.638
3382,6,2025-02-02 23:12:00,92.6,5.55,11.34,2.268
3383,7,2025-02-02 23:12:00,42.2,7.18,11.51,2.302
3384,8,2025-02-02 23:12:00,90.1,5.69,14.51,2.902
3385,9,2025-02-02 23:12:00,63.1,1.29,6.64,1.328
3386,10,2025-02-02 23:12:00,64.0,1.82,21.53,4.306
3387,11,2025-02-02 23:12:00,70.8,0.89,21.68,4.336
3388,12,2025-02-02 23:12:00,55.6,5.55,25.68,5.136
3389,13,2025-02-02 23:12:00,83.0,1.4,8.28,1.656
3390,14,2025-02-02 23:12:00,82.1,1.06,20.66,4.132
3391,15,2025-02-02 23:12:00,72.1,6.53,14.87,2.974
3392,16,2025-02-02 23:12:00,75.3,6.57,26.58,5.316
3393,1,2025-02-02 23:24:00,72.4,0.45,10.18,2.036
3394,2,2025-02-02 23:24:00,91.2,6.55,6.01,1.202
3395,3,2025-02-02 23:24:00,92.6,7.64,5.32,1.064
3396,4,2025-02-02 23:24:00,86.6,8.03,12.4,2.48
3397,5,2025-02-02 23:24:00,87.1,6.2,11.68,2.336
3398,6,2025-02-02 23:24:00,97.9,6.63,15.01,3.002
3399,7,2025-02-02 23:24:00,77.3,7.33,13.55,2.71
3400,8,2025-02-02 23:24:00,95.1,2.76,8.65,1.73
3401,9,2025-02-02 23:24:00,79.9,1.35,15.07,3.014
3402,10,2025-02-02 23:24:00,72.8,1.85,18.96,3.792
3403,11,2025-02-02 23:24:00,74.6,3.81,16.83,3.366
3404,12,2025-02-02 23:24:00,58.2,5.8,10.11,2.022
3405,13,2025-02-02 23:24:00,54.2,2.27,17.06,3.412
3406,14,2025-02-02 23:24:00,35.8,1.66,17.52,3.504
3407,15,2025-02-02 23:24:00,97.4,0.98,22.1,4.42
3408,16,2025-02-02 23:24:00,97.7,6.96,17.49,3.498
3409,1,2025-02-02 23:36:00,87.0,2.0,5.72,1.144
3410,2,2025-02-02 23:36:00,49.9,4.0,6.46,1.292
3411,3,2025-02-02 23:36:00,63.7,1.4,11.03,2.206
3412,4,2025-02-02 23:36:00,54.6,6.45,5.23,1.046
3413,5,2025-02-02 23:36:00,77.6,3.61,10.24,2.048
3414,6,2025-02-02 23:36:00,88.6,0.33,10.72,2.144
3415,7,2025-02-02 23:36:00,54.0,6.63,19.15,3.83
3416,8,2025-02-02 23:36:00,85.3,1.42,13.65,2.73
3417,9,2025-02-02 23:36:00,50.3,2.39,8.17,1.634
3418,10,2025-02-02 23:36:00,45.1,6.57,18.28,3.656
3419,11,2025-02-02 23:36:00,38.6,5.57,8.91,1.782
3420,12,2025-02-02 23:36:00,90.6,2.4,22.14,4.428
3421,13,2025-02-02 23:36:00,63.6,3.42,10.34,2.068
3422,14,2025-02-02 23:36:00,81.9,0.28,28.53,5.706
3423,15,2025-02-02 23:36:00,44.3,6.15,12.97,2.594
3424,16,2025-02-02 23:36:00,81.4,5.79,32.07,6.414
3425,1,2025-02-02 23:48:00,78.1,0.3,3.56,0.712
3426,2,2025-02-02 23:48:00,81.4,0.75,9.05,1.81
3427,3,2025-02-02 23:48:00,51.7,1.39,4.63,0.926
3428,4,2025-02-02 23:48:00,41.8,1.79,8.89,1.778
3429,5,2025-02-02 23:48:00,97.4,2.7,14.29,2.858
3430,6,2025-02-02 23:48:00,89.0,1.47,16.72,3.344
3431,7,2025-02-02 23:48:00,61.8,5.71,13.33,2.666
3432,8,2025-02-02 23:48:00,88.3,6.97,19.12,3.824
3433,9,2025-02-02 23:48:00,47.3,3.75,22.34,4.468
3434,10,2025-02-02 23:48:00,52.0,2.61,11.85,2.37
3435,11,2025-02-02 23:48:00,63.8,1.08,22.68,4.536
3436,12,2025-02-02 23:48:00,70.9,6.69,10.78,2.156
3437,13,2025-02-02 23:48:00,36.5,0.79,16.66,3.332
3438,14,2025-02-02 23:48:00,58.0,2.65,23.25,4.65
3439,15,2025-02-02 23:48:00,57.7,2.59,19.11,3.822
3440,16,2025-02-02 23:48:00,84.0,6.17,10.26,2.052
3441,1,2025-02-03 00:00:00,96.1,2.85,8.77,1.754
3442,2,2025-02-03 00:00:00,58.3,1.75,7.5,1.5
3443,3,2025-02-03 00:00:00,68.2,7.74,8.46,1.692
3444,4,2025-02-03 00:00:00,56.8,4.83,7.06,1.412
3445,5,2025-02-03 00:00:00,84.0,7.96,16.49,3.298
3446,6,2025-02-03 00:00:00,77.8,6.43,14.84,2.968
3447,7,2025-02-03 00:00:00,48.3,6.11,16.81,3.362
3448,8,2025-02-03 00:00:00,94.0,6.82,19.31,3.862
3449,9,2025-02-03 00:00:00,91.5,4.05,14.93,2.986
3450,10,2025-02-03 00:00:00,63.4,1.99,22.32,4.464
3451,11,2025-02-03 00:00:00,90.1,3.61,25.02,5.004
3452,12,2025-02-03 00:00:00,57.5,3.71,16.41,3.282
3453,13,2025-02-03 00:00:00,50.4,0.62,28.12,5.624
3454,14,2025-02-03 00:00:00,39.6,2.18,19.29,3.858
3455,15,2025-02-03 00:00:00,78.7,3.48,27.91,5.582
3456,16,2025-02-03 00:00:00,65.8,6.07,23.63,4.726
3457,1,2025-02-03 00:12:00,39.5,7.91,4.7,0.94
3458,2,2025-02-03 00:12:00,45.7,6.91,11.91,2.382
3459,3,2025-02-03 00:12:00,76.4,5.44,10.66,2.132
3460,4,2025-02-03 00:12:00,75.6,0.5,15.85,3.17
3461,5,2025-02-03 00:12:00,76.9,5.35,11.54,2.308
3462,6,2025-02-03 00:12:00,53.3,3.08,14.37,2.874
3463,7,2025-02-03 00:12:00,36.7,4.39,15.01,3.002
3464,8,2025-02-03 00:12:00,78.4,0.97,19.12,3.824
3465,9,2025-02-03 00:12:00,84.3,0.38,17.46,3.492
3466,10,2025-02-03 00:12:00,46.4,1.9,7.8,1.56
3467,11,2025-02-03 00:12:00,61.9,7.54,19.38,3.876
3468,12,2025-02-03 00:12:00,73.1,1.18,17.21,3.442
3469,13,2025-02-03 00:12:00,57.2,4.89,13.89,2.778
3470,14,2025-02-03 00:12:00,61.3,7.86,15.27,3.054
3471,15,2025-02-03 00:12:00,80.3,4.38,17.25,3.45
3472,16,2025-02-03 00:12:00,43.0,4.78,10.43,2.086
3473,1,2025-02-03 00:24:00,39.6,6.8,3.58,0.716
3474,2,2025-02-03 00:24:00,46.3,5.7,10.1,2.02
3475,3,2025-02-03 00:24:00,52.4,7.57,9.56,1.912
3476,4,2025-02-03 00:24:00,51.8,7.53,11.65,2.33
3477,5,2025-02-03 00:24:00,42.2,6.1,7.35,1.47
3478,6,2025-02-03 00:24:00,97.6,4.46,13.66,2.732
3479,7,2025-02-03 00:24:00,35.8,4.06,19.11,3.822
3480,8,2025-02-03 00:24:00,40.2,4.37,15.25,3.05
3481,9,2025-02-03 00:24:00,37.6,4.14,7.92,1.584
3482,10,2025-02-03 00:24:00,52.5,5.5,10.39,2.078
3483,11,2025-02-03 00:24:00,77.6,4.48,24.14,4.828
3484,12,2025-02-03 00:24:00,83.7,1.2,17.07,3.414
3485,13,2025-02-03 00:24:00,53.7,0.72,26.89,5.378
3486,14,2025-02-03 00:24:00,80.5,0.99,23.02,4.604
3487,15,2025-02-03 00:24:00,73.0,5.35,9.23,1.846
3488,16,2025-02-03 00:24:00,56.8,4.8,12.95,2.59
3489,1,2025-02-03 00:36:00,80.2,7.22,4.17,0.834
3490,2,2025-02-03 00:36:00,60.3,6.19,12.26,2.452
3491,3,2025-02-03 00:36:00,48.0,1.89,5.59,1.118
3492,4,2025-02-03 00:36:00,85.0,4.51,12.3,2.46
3493,5,2025-02-03 00:36:00,71.5,4.25,15.02,3.004
3494,6,2025-02-03 00:36:00,44.0,2.46,14.5,2.9
3495,7,2025-02-03 00:36:00,92.5,5.94,13.46,2.692
3496,8,2025-02-03 00:36:00,65.5,3.99,18.67,3.734
3497,9,2025-02-03 00:36:00,47.4,0.91,12.86,2.572
3498,10,2025-02-03 00:36:00,71.9,6.93,17.61,3.522
3499,11,2025-02-03 00:36:00,69.5,4.2,17.36,3.472
3500,12,2025-02-03 00:36:00,49.1,7.22,23.37,4.674
3501,13,2025-02-03 00:36:00,64.1,5.65,16.54,3.308
3502,14,2025-02-03 00:36:00,35.0,4.76,26.57,5.314
3503,15,2025-02-03 00:36:00,88.1,6.79,25.37,5.074
3504,16,2025-02-03 00:36:00,88.6,7.87,10.12,2.024
3505,1,2025-02-03 00:48:00,67.3,1.98,6.61,1.322
3506,2,2025-02-03 00:48:00,89.4,2.71,5.79,1.158
3507,3,2025-02-03 00:48:00,38.8,7.64,5.67,1.134
3508,4,2025-02-03 00:48:00,37.3,3.16,12.15,2.43
3509,5,2025-02-03 00:48:00,50.6,1.33,7.07,1.414
3510,6,2025-02-03 00:48:00,89.7,1.25,6.54,1.308
3511,7,2025-02-03 00:48:00,82.9,2.15,14.58,2.916
3512,8,2025-02-03 00:48:00,96.9,7.48,19.01,3.802
3513,9,2025-02-03 00:48:00,61.0,8.02,7.77,1.554
3514,10,2025-02-03 00:48:00,44.6,2.34,19.88,3.976
3515,11,2025-02-03 00:48:00,49.3,4.94,19.76,3.952
3516,12,2025-02-03 00:48:00,73.3,4.58,19.01,3.802
3517,13,2025-02-03 00:48:00,73.6,1.42,13.52,2.704
3518,14,2025-02-03 00:48:00,43.2,1.8,25.87,5.174
3519,15,2025-02-03 00:48:00,39.9,1.02,19.78,3.956
3520,16,2025-02-03 00:48:00,73.7,5.02,28.03,5.606
3521,1,2025-02-03 01:00:00,96.1,3.18,8.59,1.718
3522,2,2025-02-03 01:00:00,95.0,4.66,9.88,1.976
3523,3,2025-02-03 01:00:00,68.3,5.83,7.52,1.504
3524,4,2025-02-03 01:00:00,74.7,2.01,9.19,1.838
3525,5,2025-02-03 01:00:00,55.3,0.56,9.1,1.82
3526,6,2025-02-03 01:00:00,63.6,3.85,15.66,3.132
3527,7,2025-02-03 01:00:00,86.7,2.02,6.61,1.322
3528,8,2025-02-03 01:00:00,73.2,6.58,17.81,3.562
3529,9,2025-02-03 01:00:00,66.5,7.28,22.17,4.434
3530,10,2025-02-03 01:00:00,48.2,3.52,14.05,2.81
3531,11,2025-02-03 01:00:00,95.7,2.49,12.51,2.502
3532,12,2025-02-03 01:00:00,88.1,6.55,20.27,4.054
3533,13,2025-02-03 01:00:00,41.5,2.03,21.38,4.276
3534,14,2025-02-03 01:00:00,67.9,0.75,24.1,4.82
3535,15,2025-02-03 01:00:00,55.7,3.99,28.76,5.752
3536,16,2025-02-03 01:00:00,71.7,3.29,32.25,6.45
3537,1,2025-02-03 01:12:00,76.1,4.3,5.78,1.156
3538,2,2025-02-03 01:12:00,96.3,2.16,8.45,1.69
3539,3,2025-02-03 01:12:00,45.7,3.07,13.01,2.602
3540,4,2025-02-03 01:12:00,45.0,7.77,8.49,1.698
3541,5,2025-02-03 01:12:00,70.8,5.77,16.28,3.256
3542,6,2025-02-03 01:12:00,88.7,1.59,13.79,2.758
3543,7,2025-02-03 01:12:00,52.0,6.35,8.72,1.744
3544,8,2025-02-03 01:12:00,85.6,7.57,11.97,2.394
3545,9,2025-02-03 01:12:00,67.2,3.11,13.28,2.656
3546,10,2025-02-03 01:12:00,38.3,7.91,21.63,4.326
3547,11,2025-02-03 01:12:00,92.7,3.35,7.47,1.494
3548,12,2025-02-03 01:12:00,60.9,0.68,24.12,4.824
3549,13,2025-02-03 01:12:00,73.2,3.58,17.89,3.578
3550,14,2025-02-03 01:12:00,59.1,3.5,25.35,5.07
3551,15,2025-02-03 01:12:00,39.7,2.24,9.63,1.926
3552,16,2025-02-03 01:12:00,53.4,6.47,19.18,3.836
3553,1,2025-02-03 01:24:00,70.8,2.6,11.43,2.286
3554,2,2025-02-03 01:24:00,39.2,0.26,11.26,2.252
3555,3,2025-02-03 01:24:00,53.3,3.92,7.25,1.45
3556,4,2025-02-03 01:24:00,51.2,1.1,15.32,3.064
3557,5,2025-02-03 01:24:00,59.8,3.16,6.76,1.352
3558,6,2025-02-03 01:24:00,59.4,7.19,7.36,1.472
3559,7,2025-02-03 01:24:00,87.3,4.07,14.34,2.868
3560,8,2025-02-03 01:24:00,93.6,2.34,10.6,2.12
3561,9,2025-02-03 01:24:00,46.0,7.45,14.32,2.864
3562,10,2025-02-03 01:24:00,56.3,5.51,9.16,1.832
3563,11,2025-02-03 01:24:00,45.6,7.33,15.04,3.008
3564,12,2025-02-03 01:24:00,72.8,1.62,20.7,4.14
3565,13,2025-02-03 01:24:00,47.6,7.58,28.2,5.64
3566,14,2025-02-03 01:24:00,54.7,1.99,18.68,3.736
3567,15,2025-02-03 01:24:00,60.3,2.77,19.69,3.938
3568,16,2025-02-03 01:24:00,90.9,6.66,16.34,3.268
3569,1,2025-02-03 01:36:00,80.8,0.97,3.56,0.712
3570,2,2025-02-03 01:36:00,55.6,0.49,10.48,2.096
3571,3,2025-02-03 01:36:00,57.9,4.26,5.53,1.106
3572,4,2025-02-03 01:36:00,40.0,0.23,13.91,2.782
3573,5,2025-02-03 01:36:00,37.2,7.46,14.77,2.954
3574,6,2025-02-03 01:36:00,93.3,7.92,14.46,2.892
3575,7,2025-02-03 01:36:00,68.7,2.83,13.97,2.794
3576,8,2025-02-03 01:36:00,78.7,4.46,18.14,3.628
3577,9,2025-02-03 01:36:00,40.3,4.34,6.64,1.328
3578,10,2025-02-03 01:36:00,74.3,3.47,9.15,1.83
3579,11,2025-02-03 01:36:00,58.2,3.95,16.42,3.284
3580,12,2025-02-03 01:36:00,52.2,3.88,14.31,2.862
3581,13,2025-02-03 01:36:00,94.2,3.35,24.53,4.906
3582,14,2025-02-03 01:36:00,51.3,0.21,24.36,4.872
3583,15,2025-02-03 01:36:00,59.7,7.82,25.96,5.192
3584,16,2025-02-03 01:36:00,48.8,7.82,20.27,4.054
3585,1,2025-02-03 01:48:00,96.8,3.72,6.29,1.258
3586,2,2025-02-03 01:48:00,85.3,3.5,9.43,1.886
3587,3,2025-02-03 01:48:00,63.5,3.98,9.81,1.962
3588,4,2025-02-03 01:48:00,84.5,4.46,7.38,1.476
3589,5,2025-02-03 01:48:00,80.1,7.42,5.24,1.048
3590,6,2025-02-03 01:48:00,50.7,0.89,15.9,3.18
3591,7,2025-02-03 01:48:00,95.7,0.91,17.42,3.484
3592,8,2025-02-03 01:48:00,78.8,3.39,18.47,3.694
3593,9,2025-02-03 01:48:00,57.1,1.53,8.11,1.622
3594,10,2025-02-03 01:48:00,51.7,6.95,19.94,3.988
3595,11,2025-02-03 01:48:00,68.3,0.34,7.94,1.588
3596,12,2025-02-03 01:48:00,94.8,6.42,15.7,3.14
3597,13,2025-02-03 01:48:00,37.0,3.25,16.55,3.31
3598,14,2025-02-03 01:48:00,37.3,4.33,21.85,4.37
3599,15,2025-02-03 01:48:00,63.4,7.23,25.87,5.174
3600,16,2025-02-03 01:48:00,54.8,6.11,18.63,3.726
3601,1,2025-02-03 02:00:00,36.0,7.25,11.5,2.3
3602,2,2025-02-03 02:00:00,38.1,5.85,8.73,1.746
3603,3,2025-02-03 02:00:00,54.6,3.69,9.89,1.978
3604,4,2025-02-03 02:00:00,80.1,4.84,7.32,1.464
3605,5,2025-02-03 02:00:00,45.6,1.06,6.44,1.288
3606,6,2025-02-03 02:00:00,79.0,3.91,14.36,2.872
3607,7,2025-02-03 02:00:00,85.7,8.1,8.93,1.786
3608,8,2025-02-03 02:00:00,75.7,0.33,8.25,1.65
3609,9,2025-02-03 02:00:00,90.6,8.03,11.86,2.372
3610,10,2025-02-03 02:00:00,88.6,0.95,13.23,2.646
3611,11,2025-02-03 02:00:00,40.5,6.9,17.49,3.498
3612,12,2025-02-03 02:00:00,84.7,7.57,14.53,2.906
3613,13,2025-02-03 02:00:00,90.7,1.13,22.42,4.484
3614,14,2025-02-03 02:00:00,65.6,4.65,13.71,2.742
3615,15,2025-02-03 02:00:00,82.4,7.46,29.95,5.99
3616,16,2025-02-03 02:00:00,71.9,4.22,29.58,5.916
3617,1,2025-02-03 02:12:00,43.0,6.27,6.83,1.366
3618,2,2025-02-03 02:12:00,94.3,1.37,11.05,2.21
3619,3,2025-02-03 02:12:00,82.1,1.17,11.04,2.208
3620,4,2025-02-03 02:12:00,55.9,3.16,12.53,2.506
3621,5,2025-02-03 02:12:00,91.5,1.63,5.75,1.15
3622,6,2025-02-03 02:12:00,45.3,7.44,13.74,2.748
3623,7,2025-02-03 02:12:00,96.3,7.23,15.68,3.136
3624,8,2025-02-03 02:12:00,94.0,2.4,15.28,3.056
3625,9,2025-02-03 02:12:00,38.8,7.53,13.07,2.614
3626,10,2025-02-03 02:12:00,49.3,7.24,19.42,3.884
3627,11,2025-02-03 02:12:00,48.6,5.27,22.06,4.412
3628,12,2025-02-03 02:12:00,93.7,1.02,24.97,4.994
3629,13,2025-02-03 02:12:00,57.7,5.75,13.37,2.674
3630,14,2025-02-03 02:12:00,62.9,5.19,10.55,2.11
3631,15,2025-02-03 02:12:00,39.0,0.66,21.41,4.282
3632,16,2025-02-03 02:12:00,59.1,0.21,13.2,2.64
3633,1,2025-02-03 02:24:00,76.6,5.41,4.86,0.972
3634,2,2025-02-03 02:24:00,78.9,4.35,6.46,1.292
3635,3,2025-02-03 02:24:00,68.2,2.55,5.12,1.024
3636,4,2025-02-03 02:24:00,44.6,3.35,14.99,2.998
3637,5,2025-02-03 02:24:00,34.9,3.31,6.65,1.33
3638,6,2025-02-03 02:24:00,44.6,2.82,10.39,2.078
3639,7,2025-02-03 02:24:00,43.7,0.59,9.29,1.858
3640,8,2025-02-03 02:24:00,45.4,5.31,11.98,2.396
3641,9,2025-02-03 02:24:00,95.0,2.92,13.78,2.756
3642,10,2025-02-03 02:24:00,96.6,3.18,18.1,3.62
3643,11,2025-02-03 02:24:00,62.1,5.6,24.77,4.954
3644,12,2025-02-03 02:24:00,58.8,5.97,19.52,3.904
3645,13,2025-02-03 02:24:00,35.5,7.64,12.63,2.526
3646,14,2025-02-03 02:24:00,37.2,6.46,24.36,4.872
3647,15,2025-02-03 02:24:00,86.7,8.07,20.01,4.002
3648,16,2025-02-03 02:24:00,93.3,3.11,16.84,3.368
3649,1,2025-02-03 02:36:00,56.1,5.86,5.71,1.142
3650,2,2025-02-03 02:36:00,84.8,2.77,7.95,1.59
3651,3,2025-02-03 02:36:00,76.3,0.77,10.19,2.038
3652,4,2025-02-03 02:36:00,58.8,2.09,5.29,1.058
3653,5,2025-02-03 02:36:00,37.9,1.86,15.63,3.126
3654,6,2025-02-03 02:36:00,95.4,6.53,17.59,3.518
3655,7,2025-02-03 02:36:00,53.5,2.36,17.2,3.44
3656,8,2025-02-03 02:36:00,49.2,0.72,14.22,2.844
3657,9,2025-02-03 02:36:00,55.7,4.08,16.0,3.2
3658,10,2025-02-03 02:36:00,62.0,0.8,15.06,3.012
3659,11,2025-02-03 02:36:00,47.3,1.67,24.88,4.976
3660,12,2025-02-03 02:36:00,97.7,2.73,19.41,3.882
3661,13,2025-02-03 02:36:00,71.2,2.24,11.36,2.272
3662,14,2025-02-03 02:36:00,59.3,2.21,14.81,2.962
3663,15,2025-02-03 02:36:00,62.1,0.8,17.54,3.508
3664,16,2025-02-03 02:36:00,59.4,1.52,31.25,6.25
3665,1,2025-02-03 02:48:00,89.4,1.34,5.36,1.072
3666,2,2025-02-03 02:48:00,58.4,7.0,8.67,1.734
3667,3,2025-02-03 02:48:00,35.5,5.01,14.49,2.898
3668,4,2025-02-03 02:48:00,90.1,5.79,10.26,2.052
3669,5,2025-02-03 02:48:00,46.9,7.6,10.29,2.058
3670,6,2025-02-03 02:48:00,47.8,1.21,9.0,1.8
3671,7,2025-02-03 02:48:00,80.2,6.27,15.03,3.006
3672,8,2025-02-03 02:48:00,86.7,4.37,21.25,4.25
3673,9,2025-02-03 02:48:00,95.2,6.88,10.68,2.136
3674,10,2025-02-03 02:48:00,51.9,6.32,15.1,3.02
3675,11,2025-02-03 02:48:00,93.6,7.29,7.81,1.562
3676,12,2025-02-03 02:48:00,78.2,4.72,20.0,4.0
3677,13,2025-02-03 02:48:00,52.4,0.24,18.07,3.614
3678,14,2025-02-03 02:48:00,54.9,4.07,25.99,5.198
3679,15,2025-02-03 02:48:00,75.1,7.54,12.57,2.514
3680,16,2025-02-03 02:48:00,64.9,4.22,18.28,3.656
3681,1,2025-02-03 03:00:00,70.6,7.75,7.48,1.496
3682,2,2025-02-03 03:00:00,44.6,7.51,9.32,1.864
3683,3,2025-02-03 03:00:00,43.3,2.37,8.29,1.658
3684,4,2025-02-03 03:00:00,80.6,3.99,11.22,2.244
3685,5,2025-02-03 03:00:00,56.6,1.36,5.54,1.108
3686,6,2025-02-03 03:00:00,58.6,7.06,6.92,1.384
3687,7,2025-02-03 03:00:00,51.3,1.49,6.75,1.35
3688,8,2025-02-03 03:00:00,81.7,3.69,10.41,2.082
3689,9,2025-02-03 03:00:00,48.8,6.74,22.08,4.416
3690,10,2025-02-03 03:00:00,93.4,0.97,7.68,1.536
3691,11,2025-02-03 03:00:00,61.7,6.19,20.54,4.108
3692,12,2025-02-03 03:00:00,90.0,7.02,21.72,4.344
3693,13,2025-02-03 03:00:00,49.2,1.5,10.24,2.048
3694,14,2025-02-03 03:00:00,63.2,3.43,12.58,2.516
3695,15,2025-02-03 03:00:00,53.2,7.84,30.11,6.022
3696,16,2025-02-03 03:00:00,93.4,1.59,15.67,3.134
3697,1,2025-02-03 03:12:00,88.0,2.43,8.52,1.704
3698,2,2025-02-03 03:12:00,84.7,0.4,4.43,0.886
3699,3,2025-02-03 03:12:00,72.5,5.57,5.32,1.064
3700,4,2025-02-03 03:12:00,89.7,1.99,4.92,0.984
3701,5,2025-02-03 03:12:00,35.2,6.7,14.5,2.9
3702,6,2025-02-03 03:12:00,96.1,7.97,13.94,2.788
3703,7,2025-02-03 03:12:00,79.3,6.09,6.3,1.26
3704,8,2025-02-03 03:12:00,52.8,2.4,16.38,3.276
3705,9,2025-02-03 03:12:00,49.6,0.71,11.85,2.37
3706,10,2025-02-03 03:12:00,42.3,2.6,9.8,1.96
3707,11,2025-02-03 03:12:00,51.9,4.46,20.81,4.162
3708,12,2025-02-03 03:12:00,47.1,0.88,23.4,4.68
3709,13,2025-02-03 03:12:00,79.4,2.89,21.75,4.35
3710,14,2025-02-03 03:12:00,96.9,6.55,9.05,1.81
3711,15,2025-02-03 03:12:00,54.7,6.48,14.22,2.844
3712,16,2025-02-03 03:12:00,41.4,4.34,9.99,1.998
3713,1,2025-02-03 03:24:00,38.9,5.43,6.79,1.358
3714,2,2025-02-03 03:24:00,46.8,1.27,6.1,1.22
3715,3,2025-02-03 03:24:00,35.6,7.03,5.2,1.04
3716,4,2025-02-03 03:24:00,40.0,2.84,12.78,2.556
3717,5,2025-02-03 03:24:00,73.8,7.29,8.38,1.676
3718,6,2025-02-03 03:24:00,68.3,4.68,8.89,1.778
3719,7,2025-02-03 03:24:00,42.5,6.85,8.01,1.602
3720,8,2025-02-03 03:24:00,76.6,4.78,11.19,2.238
3721,9,2025-02-03 03:24:00,38.4,1.69,15.44,3.088
3722,10,2025-02-03 03:24:00,48.5,7.97,17.32,3.464
3723,11,2025-02-03 03:24:00,87.6,6.48,22.2,4.44
3724,12,2025-02-03 03:24:00,49.4,2.17,14.23,2.846
3725,13,2025-02-03 03:24:00,64.1,1.69,14.34,2.868
3726,14,2025-02-03 03:24:00,69.5,2.33,22.05,4.41
3727,15,2025-02-03 03:24:00,59.9,4.75,18.81,3.762
3728,16,2025-02-03 03:24:00,41.5,0.58,13.7,2.74
3729,1,2025-02-03 03:36:00,48.4,1.57,10.35,2.07
3730,2,2025-02-03 03:36:00,38.6,6.36,11.05,2.21
3731,3,2025-02-03 03:36:00,76.5,4.13,5.24,1.048
3732,4,2025-02-03 03:36:00,80.6,6.49,11.44,2.288
3733,5,2025-02-03 03:36:00,50.5,2.98,12.26,2.452
3734,6,2025-02-03 03:36:00,36.6,1.1,15.85,3.17
3735,7,2025-02-03 03:36:00,89.6,2.33,16.88,3.376
3736,8,2025-02-03 03:36:00,63.0,3.17,10.96,2.192
3737,9,2025-02-03 03:36:00,69.0,2.33,11.73,2.346
3738,10,2025-02-03 03:36:00,95.0,1.45,14.31,2.862
3739,11,2025-02-03 03:36:00,34.6,3.29,24.75,4.95
3740,12,2025-02-03 03:36:00,82.3,2.12,24.59,4.918
3741,13,2025-02-03 03:36:00,53.3,4.4,11.51,2.302
3742,14,2025-02-03 03:36:00,82.7,3.98,22.82,4.564
3743,15,2025-02-03 03:36:00,51.6,4.11,10.41,2.082
3744,16,2025-02-03 03:36:00,65.0,5.91,17.09,3.418
3745,1,2025-02-03 03:48:00,86.7,0.94,10.09,2.018
3746,2,2025-02-03 03:48:00,95.5,3.23,6.31,1.262
3747,3,2025-02-03 03:48:00,95.3,2.49,12.28,2.456
3748,4,2025-02-03 03:48:00,37.6,7.95,6.95,1.39
3749,5,2025-02-03 03:48:00,47.2,1.62,15.91,3.182
3750,6,2025-02-03 03:48:00,49.6,7.48,8.81,1.762
3751,7,2025-02-03 03:48:00,63.5,0.86,9.3,1.86
3752,8,2025-02-03 03:48:00,59.4,0.66,9.26,1.852
3753,9,2025-02-03 03:48:00,92.0,7.42,14.53,2.906
3754,10,2025-02-03 03:48:00,42.1,5.97,14.55,2.91
3755,11,2025-02-03 03:48:00,39.0,8.08,20.94,4.188
3756,12,2025-02-03 03:48:00,81.3,0.21,10.68,2.136
3757,13,2025-02-03 03:48:00,80.4,5.72,19.21,3.842
3758,14,2025-02-03 03:48:00,95.5,2.68,25.9,5.18
3759,15,2025-02-03 03:48:00,55.2,6.27,28.61,5.722
3760,16,2025-02-03 03:48:00,43.5,0.52,15.44,3.088
3761,1,2025-02-03 04:00:00,78.5,7.17,3.83,0.766
3762,2,2025-02-03 04:00:00,40.1,2.4,8.75,1.75
3763,3,2025-02-03 04:00:00,55.3,7.79,14.11,2.822
3764,4,2025-02-03 04:00:00,62.6,7.66,13.24,2.648
3765,5,2025-02-03 04:00:00,38.1,3.98,5.68,1.136
3766,6,2025-02-03 04:00:00,47.3,6.29,17.58,3.516
3767,7,2025-02-03 04:00:00,70.2,5.63,17.46,3.492
3768,8,2025-02-03 04:00:00,85.6,6.82,6.79,1.358
3769,9,2025-02-03 04:00:00,73.4,1.54,7.52,1.504
3770,10,2025-02-03 04:00:00,60.1,7.77,12.85,2.57
3771,11,2025-02-03 04:00:00,57.2,5.48,16.53,3.306
3772,12,2025-02-03 04:00:00,48.9,5.6,21.36,4.272
3773,13,2025-02-03 04:00:00,63.1,7.83,12.52,2.504
3774,14,2025-02-03 04:00:00,96.3,1.83,9.34,1.868
3775,15,2025-02-03 04:00:00,73.9,6.49,19.69,3.938
3776,16,2025-02-03 04:00:00,56.5,4.9,24.71,4.942
3777,1,2025-02-03 04:12:00,92.1,6.78,6.48,1.296
3778,2,2025-02-03 04:12:00,56.6,5.37,8.7,1.74
3779,3,2025-02-03 04:12:00,40.5,5.23,6.3,1.26
3780,4,2025-02-03 04:12:00,66.1,4.08,8.26,1.652
3781,5,2025-02-03 04:12:00,72.4,0.78,7.5,1.5
3782,6,2025-02-03 04:12:00,60.6,2.9,6.48,1.296
3783,7,2025-02-03 04:12:00,61.6,4.61,8.57,1.714
3784,8,2025-02-03 04:12:00,81.1,7.86,16.66,3.332
3785,9,2025-02-03 04:12:00,77.3,0.54,13.1,2.62
3786,10,2025-02-03 04:12:00,35.1,4.41,13.43,2.686
3787,11,2025-02-03 04:12:00,76.0,2.2,11.34,2.268
3788,12,2025-02-03 04:12:00,77.5,7.99,25.49,5.098
3789,13,2025-02-03 04:12:00,59.1,5.72,9.27,1.854
3790,14,2025-02-03 04:12:00,38.9,2.07,21.77,4.354
3791,15,2025-02-03 04:12:00,96.0,5.66,23.05,4.61
3792,16,2025-02-03 04:12:00,41.3,6.89,18.01,3.602
3793,1,2025-02-03 04:24:00,54.0,4.99,4.1,0.82
3794,2,2025-02-03 04:24:00,35.0,2.42,6.53,1.306
3795,3,2025-02-03 04:24:00,35.4,5.01,4.75,0.95
3796,4,2025-02-03 04:24:00,90.8,2.67,15.87,3.174
3797,5,2025-02-03 04:24:00,84.5,4.48,5.22,1.044
3798,6,2025-02-03 04:24:00,53.9,2.01,8.97,1.794
3799,7,2025-02-03 04:24:00,75.5,2.35,19.13,3.826
3800,8,2025-02-03 04:24:00,60.2,0.57,8.46,1.692
3801,9,2025-02-03 04:24:00,58.8,7.97,11.0,2.2
3802,10,2025-02-03 04:24:00,48.1,4.57,16.14,3.228
3803,11,2025-02-03 04:24:00,94.9,5.34,12.87,2.574
3804,12,2025-02-03 04:24:00,69.2,7.69,21.67,4.334
3805,13,2025-02-03 04:24:00,83.5,3.2,12.03,2.406
3806,14,2025-02-03 04:24:00,67.1,2.84,27.06,5.412
3807,15,2025-02-03 04:24:00,94.1,3.51,18.44,3.688
3808,16,2025-02-03 04:24:00,85.8,0.25,26.37,5.274
3809,1,2025-02-03 04:36:00,90.8,3.59,6.87,1.374
3810,2,2025-02-03 04:36:00,34.8,7.73,6.15,1.23
3811,3,2025-02-03 04:36:00,82.7,1.81,7.63,1.526
3812,4,2025-02-03 04:36:00,83.0,6.26,9.83,1.966
3813,5,2025-02-03 04:36:00,86.5,2.8,8.06,1.612
3814,6,2025-02-03 04:36:00,79.6,2.69,15.91,3.182
3815,7,2025-02-03 04:36:00,72.0,0.75,19.61,3.922
3816,8,2025-02-03 04:36:00,47.9,7.44,13.0,2.6
3817,9,2025-02-03 04:36:00,38.9,2.31,15.46,3.092
3818,10,2025-02-03 04:36:00,72.9,0.52,14.65,2.93
3819,11,2025-02-03 04:36:00,36.5,5.21,14.12,2.824
3820,12,2025-02-03 04:36:00,63.7,3.66,12.34,2.468
3821,13,2025-02-03 04:36:00,93.7,1.53,16.32,3.264
3822,14,2025-02-03 04:36:00,90.8,5.81,8.82,1.764
3823,15,2025-02-03 04:36:00,42.3,1.06,18.85,3.77
3824,16,2025-02-03 04:36:00,48.7,4.72,32.28,6.456
3825,1,2025-02-03 04:48:00,85.4,1.69,5.45,1.09
3826,2,2025-02-03 04:48:00,84.6,7.45,3.83,0.766
3827,3,2025-02-03 04:48:00,97.9,8.01,14.02,2.804
3828,4,2025-02-03 04:48:00,68.8,7.34,7.07,1.414
3829,5,2025-02-03 04:48:00,94.0,2.78,12.31,2.462
3830,6,2025-02-03 04:48:00,91.9,5.12,16.41,3.282
3831,7,2025-02-03 04:48:00,63.1,3.34,7.25,1.45
3832,8,2025-02-03 04:48:00,37.6,1.68,17.76,3.552
3833,9,2025-02-03 04:48:00,49.8,4.43,8.99,1.798
3834,10,2025-02-03 04:48:00,42.5,3.47,19.27,3.854
3835,11,2025-02-03 04:48:00,54.5,4.46,22.63,4.526
3836,12,2025-02-03 04:48:00,72.2,0.85,10.33,2.066
3837,13,2025-02-03 04:48:00,93.6,6.37,17.2,3.44
3838,14,2025-02-03 04:48:00,70.0,6.7,10.09,2.018
3839,15,2025-02-03 04:48:00,72.2,4.25,9.3,1.86
3840,16,2025-02-03 04:48:00,49.9,2.76,24.12,4.824
3841,1,2025-02-03 05:00:00,83.3,6.4,6.94,1.388
3842,2,2025-02-03 05:00:00,44.3,4.41,5.22,1.044
3843,3,2025-02-03 05:00:00,66.0,3.04,14.0,2.8
3844,4,2025-02-03 05:00:00,49.2,6.28,6.19,1.238
3845,5,2025-02-03 05:00:00,53.5,0.38,11.72,2.344
3846,6,2025-02-03 05:00:00,46.8,5.63,9.99,1.998
3847,7,2025-02-03 05:00:00,87.5,4.0,14.71,2.942
3848,8,2025-02-03 05:00:00,82.6,7.48,12.08,2.416
3849,9,2025-02-03 05:00:00,44.8,3.95,22.0,4.4
3850,10,2025-02-03 05:00:00,42.1,0.8,9.72,1.944
3851,11,2025-02-03 05:00:00,66.8,6.18,12.38,2.476
3852,12,2025-02-03 05:00:00,80.5,7.49,18.18,3.636
3853,13,2025-02-03 05:00:00,35.6,4.48,8.11,1.622
3854,14,2025-02-03 05:00:00,48.9,2.09,24.38,4.876
3855,15,2025-02-03 05:00:00,71.9,7.47,12.23,2.446
3856,16,2025-02-03 05:00:00,42.2,4.59,24.22,4.844
3857,1,2025-02-03 05:12:00,58.2,4.0,4.74,0.948
3858,2,2025-02-03 05:12:00,56.3,6.7,6.43,1.286
3859,3,2025-02-03 05:12:00,85.9,4.07,12.5,2.5
3860,4,2025-02-03 05:12:00,79.4,5.28,14.22,2.844
3861,5,2025-02-03 05:12:00,63.2,2.24,9.19,1.838
3862,6,2025-02-03 05:12:00,82.7,1.49,14.61,2.922
3863,7,2025-02-03 05:12:00,61.1,0.54,9.7,1.94
3864,8,2025-02-03 05:12:00,38.0,4.81,7.57,1.514
3865,9,2025-02-03 05:12:00,88.8,2.93,19.57,3.914
3866,10,2025-02-03 05:12:00,51.5,7.9,22.95,4.59
3867,11,2025-02-03 05:12:00,94.1,0.75,19.98,3.996
3868,12,2025-02-03 05:12:00,56.2,2.46,12.81,2.562
3869,13,2025-02-03 05:12:00,46.6,5.6,10.02,2.004
3870,14,2025-02-03 05:12:00,42.1,3.56,11.78,2.356
3871,15,2025-02-03 05:12:00,58.6,5.87,24.9,4.98
3872,16,2025-02-03 05:12:00,47.6,3.07,25.32,5.064
3873,1,2025-02-03 05:24:00,50.9,8.08,9.64,1.928
3874,2,2025-02-03 05:24:00,51.0,4.01,6.44,1.288
3875,3,2025-02-03 05:24:00,47.5,6.88,10.31,2.062
3876,4,2025-02-03 05:24:00,67.5,5.31,14.82,2.964
3877,5,2025-02-03 05:24:00,60.1,2.99,7.72,1.544
3878,6,2025-02-03 05:24:00,67.8,7.73,17.97,3.594
3879,7,2025-02-03 05:24:00,79.8,2.67,7.17,1.434
3880,8,2025-02-03 05:24:00,37.3,4.04,19.89,3.978
3881,9,2025-02-03 05:24:00,34.4,2.94,10.13,2.026
3882,10,2025-02-03 05:24:00,85.8,0.92,8.21,1.642
3883,11,2025-02-03 05:24:00,49.3,0.21,19.06,3.812
3884,12,2025-02-03 05:24:00,40.8,4.71,26.07,5.214
3885,13,2025-02-03 05:24:00,41.4,3.54,14.52,2.904
3886,14,2025-02-03 05:24:00,68.9,4.88,29.46,5.892
3887,15,2025-02-03 05:24:00,36.8,3.37,23.87,4.774
3888,16,2025-02-03 05:24:00,35.7,6.7,19.59,3.918
3889,1,2025-02-03 05:36:00,49.5,0.77,10.78,2.156
3890,2,2025-02-03 05:36:00,73.0,7.61,12.18,2.436
3891,3,2025-02-03 05:36:00,88.8,5.02,6.88,1.376
3892,4,2025-02-03 05:36:00,52.8,4.48,9.6,1.92
3893,5,2025-02-03 05:36:00,67.9,5.19,14.39,2.878
3894,6,2025-02-03 05:36:00,82.2,7.25,11.78,2.356
3895,7,2025-02-03 05:36:00,61.1,0.81,16.34,3.268
3896,8,2025-02-03 05:36:00,74.2,0.32,7.4,1.48
3897,9,2025-02-03 05:36:00,89.3,4.63,14.13,2.826
3898,10,2025-02-03 05:36:00,49.2,7.13,14.74,2.948
3899,11,2025-02-03 05:36:00,76.6,3.18,16.64,3.328
3900,12,2025-02-03 05:36:00,62.9,3.59,16.39,3.278
3901,13,2025-02-03 05:36:00,45.5,6.45,14.69,2.938
3902,14,2025-02-03 05:36:00,59.9,5.7,21.87,4.374
3903,15,2025-02-03 05:36:00,59.0,7.88,17.98,3.596
3904,16,2025-02-03 05:36:00,97.2,2.11,15.27,3.054
3905,1,2025-02-03 05:48:00,42.8,6.52,4.22,0.844
3906,2,2025-02-03 05:48:00,56.7,0.76,11.16,2.232
3907,3,2025-02-03 05:48:00,45.1,3.59,10.53,2.106
3908,4,2025-02-03 05:48:00,55.0,7.53,5.59,1.118
3909,5,2025-02-03 05:48:00,97.4,5.19,6.36,1.272
3910,6,2025-02-03 05:48:00,91.1,0.28,11.13,2.226
3911,7,2025-02-03 05:48:00,82.0,7.91,7.17,1.434
3912,8,2025-02-03 05:48:00,97.7,6.84,18.13,3.626
3913,9,2025-02-03 05:48:00,92.5,5.49,22.62,4.524
3914,10,2025-02-03 05:48:00,72.0,6.41,23.63,4.726
3915,11,2025-02-03 05:48:00,88.0,5.15,18.43,3.686
3916,12,2025-02-03 05:48:00,35.9,1.49,10.15,2.03
3917,13,2025-02-03 05:48:00,75.9,0.78,10.12,2.024
3918,14,2025-02-03 05:48:00,96.0,0.88,17.23,3.446
3919,15,2025-02-03 05:48:00,87.9,2.32,27.56,5.512
3920,16,2025-02-03 05:48:00,77.6,6.52,31.11,6.222
3921,1,2025-02-03 06:00:00,96.5,5.11,9.94,1.988
3922,2,2025-02-03 06:00:00,71.5,4.7,9.77,1.954
3923,3,2025-02-03 06:00:00,78.6,4.61,7.41,1.482
3924,4,2025-02-03 06:00:00,83.9,1.29,7.25,1.45
3925,5,2025-02-03 06:00:00,86.4,2.13,11.08,2.216
3926,6,2025-02-03 06:00:00,87.3,2.27,7.84,1.568
3927,7,2025-02-03 06:00:00,78.4,6.35,17.86,3.572
3928,8,2025-02-03 06:00:00,82.0,5.46,13.49,2.698
3929,9,2025-02-03 06:00:00,71.5,6.78,10.55,2.11
3930,10,2025-02-03 06:00:00,80.5,0.52,10.52,2.104
3931,11,2025-02-03 06:00:00,84.7,4.35,19.9,3.98
3932,12,2025-02-03 06:00:00,74.3,4.87,26.65,5.33
3933,13,2025-02-03 06:00:00,94.4,0.84,13.89,2.778
3934,14,2025-02-03 06:00:00,95.2,0.88,25.25,5.05
3935,15,2025-02-03 06:00:00,86.9,4.03,21.97,4.394
3936,16,2025-02-03 06:00:00,42.9,2.58,14.02,2.804
3937,1,2025-02-03 06:12:00,97.8,7.14,3.49,0.698
3938,2,2025-02-03 06:12:00,53.3,6.87,3.86,0.772
3939,3,2025-02-03 06:12:00,57.8,7.67,6.31,1.262
3940,4,2025-02-03 06:12:00,51.2,1.83,10.14,2.028
3941,5,2025-02-03 06:12:00,95.9,4.46,11.56,2.312
3942,6,2025-02-03 06:12:00,35.5,2.36,18.02,3.604
3943,7,2025-02-03 06:12:00,73.7,7.16,14.07,2.814
3944,8,2025-02-03 06:12:00,61.3,6.43,18.35,3.67
3945,9,2025-02-03 06:12:00,38.7,6.06,21.73,4.346
3946,10,2025-02-03 06:12:00,62.4,4.29,7.97,1.594
3947,11,2025-02-03 06:12:00,63.2,3.45,23.91,4.782
3948,12,2025-02-03 06:12:00,82.4,6.93,23.05,4.61
3949,13,2025-02-03 06:12:00,98.0,1.44,16.63,3.326
3950,14,2025-02-03 06:12:00,49.7,6.55,26.4,5.28
3951,15,2025-02-03 06:12:00,77.4,8.07,26.18,5.236
3952,16,2025-02-03 06:12:00,59.3,7.79,27.15,5.43
3953,1,2025-02-03 06:24:00,42.9,6.63,9.51,1.902
3954,2,2025-02-03 06:24:00,97.2,0.3,8.78,1.756
3955,3,2025-02-03 06:24:00,75.8,4.1,12.71,2.542
3956,4,2025-02-03 06:24:00,91.8,4.6,13.18,2.636
3957,5,2025-02-03 06:24:00,86.7,2.06,11.61,2.322
3958,6,2025-02-03 06:24:00,40.6,6.92,8.58,1.716
3959,7,2025-02-03 06:24:00,90.8,3.32,14.29,2.858
3960,8,2025-02-03 06:24:00,97.0,0.87,19.77,3.954
3961,9,2025-02-03 06:24:00,65.7,5.03,11.88,2.376
3962,10,2025-02-03 06:24:00,86.6,4.77,10.69,2.138
3963,11,2025-02-03 06:24:00,65.6,6.5,8.34,1.668
3964,12,2025-02-03 06:24:00,59.2,4.79,24.27,4.854
3965,13,2025-02-03 06:24:00,36.5,6.56,16.59,3.318
3966,14,2025-02-03 06:24:00,58.4,4.12,12.97,2.594
3967,15,2025-02-03 06:24:00,82.0,5.13,24.09,4.818
3968,16,2025-02-03 06:24:00,78.2,2.82,19.17,3.834
3969,1,2025-02-03 06:36:00,46.5,4.77,10.07,2.014
3970,2,2025-02-03 06:36:00,85.8,3.42,4.61,0.922
3971,3,2025-02-03 06:36:00,57.7,7.57,9.98,1.996
3972,4,2025-02-03 06:36:00,56.7,1.82,9.2,1.84
3973,5,2025-02-03 06:36:00,71.5,4.5,13.87,2.774
3974,6,2025-02-03 06:36:00,93.9,0.68,8.71,1.742
3975,7,2025-02-03 06:36:00,66.7,3.38,8.23,1.646
3976,8,2025-02-03 06:36:00,56.7,0.74,7.02,1.404
3977,9,2025-02-03 06:36:00,87.8,2.59,17.07,3.414
3978,10,2025-02-03 06:36:00,63.7,2.73,20.84,4.168
3979,11,2025-02-03 06:36:00,64.4,7.83,19.3,3.86
3980,12,2025-02-03 06:36:00,34.4,4.1,13.44,2.688
3981,13,2025-02-03 06:36:00,91.3,1.73,12.29,2.458
3982,14,2025-02-03 06:36:00,72.5,7.62,11.09,2.218
3983,15,2025-02-03 06:36:00,84.7,6.75,21.77,4.354
3984,16,2025-02-03 06:36:00,92.3,3.83,13.03,2.606
3985,1,2025-02-03 06:48:00,41.9,2.86,6.22,1.244
3986,2,2025-02-03 06:48:00,84.4,5.55,9.91,1.982
3987,3,2025-02-03 06:48:00,52.0,7.54,10.66,2.132
3988,4,2025-02-03 06:48:00,95.0,4.2,6.56,1.312
3989,5,2025-02-03 06:48:00,89.5,2.42,11.6,2.32
3990,6,2025-02-03 06:48:00,40.3,3.19,7.01,1.402
3991,7,2025-02-03 06:48:00,83.4,6.73,13.46,2.692
3992,8,2025-02-03 06:48:00,43.9,5.87,19.45,3.89
3993,9,2025-02-03 06:48:00,77.7,3.15,21.98,4.396
3994,10,2025-02-03 06:48:00,40.8,1.07,17.05,3.41
3995,11,2025-02-03 06:48:00,97.6,2.76,12.87,2.574
3996,12,2025-02-03 06:48:00,96.3,4.58,23.85,4.77
3997,13,2025-02-03 06:48:00,65.6,6.87,28.22,5.644
3998,14,2025-02-03 06:48:00,53.9,6.59,22.56,4.512
3999,15,2025-02-03 06:48:00,82.7,2.37,20.43,4.086
4000,16,2025-02-03 06:48:00,54.8,1.82,10.75,2.15
4001,1,2025-02-03 07:00:00,54.1,0.89,6.9,1.38
4002,2,2025-02-03 07:00:00,41.2,7.4,12.89,2.578
4003,3,2025-02-03 07:00:00,91.2,5.82,8.59,1.718
4004,4,2025-02-03 07:00:00,68.6,1.27,10.37,2.074
4005,5,2025-02-03 07:00:00,73.5,5.34,12.35,2.47
4006,6,2025-02-03 07:00:00,56.4,0.96,17.55,3.51
4007,7,2025-02-03 07:00:00,77.2,6.84,18.58,3.716
4008,8,2025-02-03 07:00:00,84.5,1.9,6.95,1.39
4009,9,2025-02-03 07:00:00,45.9,1.03,21.52,4.304
4010,10,2025-02-03 07:00:00,69.7,7.82,11.53,2.306
4011,11,2025-02-03 07:00:00,71.6,5.83,16.72,3.344
4012,12,2025-02-03 07:00:00,74.4,6.22,26.09,5.218
4013,13,2025-02-03 07:00:00,55.0,0.54,9.22,1.844
4014,14,2025-02-03 07:00:00,73.6,6.1,10.29,2.058
4015,15,2025-02-03 07:00:00,68.0,3.74,27.05,5.41
4016,16,2025-02-03 07:00:00,93.1,1.62,12.75,2.55
4017,1,2025-02-03 07:12:00,44.6,5.17,11.63,2.326
4018,2,2025-02-03 07:12:00,59.8,2.37,5.55,1.11
4019,3,2025-02-03 07:12:00,75.7,7.46,4.43,0.886
4020,4,2025-02-03 07:12:00,45.4,5.05,5.01,1.002
4021,5,2025-02-03 07:12:00,63.3,3.0,11.99,2.398
4022,6,2025-02-03 07:12:00,96.9,7.05,15.7,3.14
4023,7,2025-02-03 07:12:00,77.1,6.98,13.63,2.726
4024,8,2025-02-03 07:12:00,60.1,4.8,14.6,2.92
4025,9,2025-02-03 07:12:00,68.5,2.76,20.31,4.062
4026,10,2025-02-03 07:12:00,95.9,3.16,14.72,2.944
4027,11,2025-02-03 07:12:00,93.8,7.98,15.95,3.19
4028,12,2025-02-03 07:12:00,34.1,5.11,18.5,3.7
4029,13,2025-02-03 07:12:00,74.0,4.75,26.04,5.208
4030,14,2025-02-03 07:12:00,56.9,1.81,20.12,4.024
4031,15,2025-02-03 07:12:00,85.9,5.04,11.78,2.356
4032,16,2025-02-03 07:12:00,89.5,4.19,26.92,5.384
4033,1,2025-02-03 07:24:00,45.4,4.83,7.07,1.414
4034,2,2025-02-03 07:24:00,48.4,5.01,5.32,1.064
4035,3,2025-02-03 07:24:00,58.0,6.4,9.36,1.872
4036,4,2025-02-03 07:24:00,35.4,4.46,6.01,1.202
4037,5,2025-02-03 07:24:00,62.9,5.08,15.94,3.188
4038,6,2025-02-03 07:24:00,51.7,3.23,12.04,2.408
4039,7,2025-02-03 07:24:00,63.3,0.23,9.77,1.954
4040,8,2025-02-03 07:24:00,70.9,6.79,13.27,2.654
4041,9,2025-02-03 07:24:00,68.7,3.92,22.12,4.424
4042,10,2025-02-03 07:24:00,85.6,7.27,17.53,3.506
4043,11,2025-02-03 07:24:00,76.1,2.77,12.68,2.536
4044,12,2025-02-03 07:24:00,88.4,4.82,18.23,3.646
4045,13,2025-02-03 07:24:00,75.1,1.81,13.33,2.666
4046,14,2025-02-03 07:24:00,68.4,3.98,25.26,5.052
4047,15,2025-02-03 07:24:00,90.2,4.66,25.87,5.174
4048,16,2025-02-03 07:24:00,36.9,0.54,9.88,1.976
4049,1,2025-02-03 07:36:00,55.5,4.01,4.92,0.984
4050,2,2025-02-03 07:36:00,85.3,5.79,8.95,1.79
4051,3,2025-02-03 07:36:00,43.9,2.23,4.9,0.98
4052,4,2025-02-03 07:36:00,86.2,5.8,4.72,0.944
4053,5,2025-02-03 07:36:00,60.0,5.8,5.95,1.19
4054,6,2025-02-03 07:36:00,50.2,3.47,6.48,1.296
4055,7,2025-02-03 07:36:00,65.6,3.16,6.39,1.278
4056,8,2025-02-03 07:36:00,44.2,7.5,17.85,3.57
4057,9,2025-02-03 07:36:00,92.6,5.64,21.3,4.26
4058,10,2025-02-03 07:36:00,37.4,1.31,17.67,3.534
4059,11,2025-02-03 07:36:00,64.7,4.42,24.07,4.814
4060,12,2025-02-03 07:36:00,73.3,3.49,9.89,1.978
4061,13,2025-02-03 07:36:00,66.5,4.32,26.53,5.306
4062,14,2025-02-03 07:36:00,42.7,4.82,14.07,2.814
4063,15,2025-02-03 07:36:00,57.7,5.13,29.5,5.9
4064,16,2025-02-03 07:36:00,44.1,3.82,24.48,4.896
4065,1,2025-02-03 07:48:00,84.3,3.3,3.52,0.704
4066,2,2025-02-03 07:48:00,58.5,7.29,8.33,1.666
4067,3,2025-02-03 07:48:00,58.6,6.06,10.15,2.03
4068,4,2025-02-03 07:48:00,90.8,1.58,15.26,3.052
4069,5,2025-02-03 07:48:00,71.3,1.96,9.8,1.96
4070,6,2025-02-03 07:48:00,77.1,3.31,12.24,2.448
4071,7,2025-02-03 07:48:00,73.9,4.98,7.96,1.592
4072,8,2025-02-03 07:48:00,60.0,2.15,17.97,3.594
4073,9,2025-02-03 07:48:00,96.3,6.15,13.55,2.71
4074,10,2025-02-03 07:48:00,65.7,6.17,16.38,3.276
4075,11,2025-02-03 07:48:00,91.1,6.15,16.11,3.222
4076,12,2025-02-03 07:48:00,37.8,4.17,20.12,4.024
4077,13,2025-02-03 07:48:00,62.4,2.27,17.94,3.588
4078,14,2025-02-03 07:48:00,80.5,7.2,22.44,4.488
4079,15,2025-02-03 07:48:00,35.5,3.12,15.3,3.06
4080,16,2025-02-03 07:48:00,34.4,1.86,24.81,4.962
4081,1,2025-02-03 08:00:00,36.1,3.76,8.55,1.71
4082,2,2025-02-03 08:00:00,97.2,7.72,11.14,2.228
4083,3,2025-02-03 08:00:00,91.3,7.03,9.88,1.976
4084,4,2025-02-03 08:00:00,34.5,2.73,6.22,1.244
4085,5,2025-02-03 08:00:00,64.4,2.07,11.48,2.296
4086,6,2025-02-03 08:00:00,41.9,7.3,5.72,1.144
4087,7,2025-02-03 08:00:00,73.0,5.15,15.46,3.092
4088,8,2025-02-03 08:00:00,68.4,1.4,14.35,2.87
4089,9,2025-02-03 08:00:00,58.5,3.98,18.62,3.724
4090,10,2025-02-03 08:00:00,44.2,4.71,7.39,1.478
4091,11,2025-02-03 08:00:00,80.9,0.31,15.07,3.014
4092,12,2025-02-03 08:00:00,47.0,6.61,21.45,4.29
4093,13,2025-02-03 08:00:00,74.7,3.36,16.92,3.384
4094,14,2025-02-03 08:00:00,81.1,3.53,26.88,5.376
4095,15,2025-02-03 08:00:00,43.1,1.54,14.95,2.99
4096,16,2025-02-03 08:00:00,85.7,5.91,12.85,2.57
4097,1,2025-02-03 08:12:00,38.7,4.1,6.7,1.34
4098,2,2025-02-03 08:12:00,79.9,5.53,8.36,1.672
4099,3,2025-02-03 08:12:00,85.0,2.88,12.74,2.548
4100,4,2025-02-03 08:12:00,66.6,6.91,11.47,2.294
4101,5,2025-02-03 08:12:00,71.2,3.72,7.66,1.532
4102,6,2025-02-03 08:12:00,51.5,4.39,17.82,3.564
4103,7,2025-02-03 08:12:00,60.7,3.88,7.77,1.554
4104,8,2025-02-03 08:12:00,65.8,3.28,14.4,2.88
4105,9,2025-02-03 08:12:00,93.2,7.45,16.9,3.38
4106,10,2025-02-03 08:12:00,77.4,7.71,7.33,1.466
4107,11,2025-02-03 08:12:00,78.8,4.87,20.16,4.032
4108,12,2025-02-03 08:12:00,65.9,7.59,18.02,3.604
4109,13,2025-02-03 08:12:00,72.5,3.86,25.71,5.142
4110,14,2025-02-03 08:12:00,68.5,2.46,18.86,3.772
4111,15,2025-02-03 08:12:00,62.8,3.65,21.2,4.24
4112,16,2025-02-03 08:12:00,56.2,2.34,10.16,2.032
4113,1,2025-02-03 08:24:00,47.8,0.7,5.35,1.07
4114,2,2025-02-03 08:24:00,38.2,4.08,9.63,1.926
4115,3,2025-02-03 08:24:00,80.0,3.03,13.7,2.74
4116,4,2025-02-03 08:24:00,70.6,0.71,6.99,1.398
4117,5,2025-02-03 08:24:00,73.8,4.18,11.66,2.332
4118,6,2025-02-03 08:24:00,90.7,7.44,15.06,3.012
4119,7,2025-02-03 08:24:00,47.8,7.5,7.49,1.498
4120,8,2025-02-03 08:24:00,60.1,0.57,14.4,2.88
4121,9,2025-02-03 08:24:00,65.0,3.49,12.69,2.538
4122,10,2025-02-03 08:24:00,79.2,8.02,9.04,1.808
4123,11,2025-02-03 08:24:00,82.6,0.33,18.43,3.686
4124,12,2025-02-03 08:24:00,58.9,3.1,24.65,4.93
4125,13,2025-02-03 08:24:00,88.2,3.29,12.02,2.404
4126,14,2025-02-03 08:24:00,53.1,4.02,10.02,2.004
4127,15,2025-02-03 08:24:00,55.1,0.97,22.8,4.56
4128,16,2025-02-03 08:24:00,64.9,2.17,11.55,2.31
4129,1,2025-02-03 08:36:00,47.0,5.46,10.06,2.012
4130,2,2025-02-03 08:36:00,78.0,1.18,13.09,2.618
4131,3,2025-02-03 08:36:00,97.6,1.09,8.44,1.688
4132,4,2025-02-03 08:36:00,45.5,3.44,15.44,3.088
4133,5,2025-02-03 08:36:00,90.8,7.79,5.36,1.072
4134,6,2025-02-03 08:36:00,35.4,6.16,8.32,1.664
4135,7,2025-02-03 08:36:00,68.8,0.23,7.38,1.476
4136,8,2025-02-03 08:36:00,93.6,7.27,7.04,1.408
4137,9,2025-02-03 08:36:00,88.5,0.96,16.51,3.302
4138,10,2025-02-03 08:36:00,45.4,6.93,20.25,4.05
4139,11,2025-02-03 08:36:00,86.8,6.82,23.23,4.646
4140,12,2025-02-03 08:36:00,44.4,5.98,26.64,5.328
4141,13,2025-02-03 08:36:00,87.1,6.3,28.05,5.61
4142,14,2025-02-03 08:36:00,57.0,3.24,11.96,2.392
4143,15,2025-02-03 08:36:00,83.4,0.41,22.47,4.494
4144,16,2025-02-03 08:36:00,83.3,4.35,24.35,4.87
4145,1,2025-02-03 08:48:00,35.6,6.44,6.78,1.356
4146,2,2025-02-03 08:48:00,40.3,6.69,13.0,2.6
4147,3,2025-02-03 08:48:00,82.7,7.95,7.27,1.454
4148,4,2025-02-03 08:48:00,85.0,3.92,7.04,1.408
4149,5,2025-02-03 08:48:00,94.0,1.1,15.43,3.086
4150,6,2025-02-03 08:48:00,91.7,3.75,12.18,2.436
4151,7,2025-02-03 08:48:00,84.1,5.61,10.64,2.128
4152,8,2025-02-03 08:48:00,75.0,3.36,14.22,2.844
4153,9,2025-02-03 08:48:00,92.0,1.87,16.91,3.382
4154,10,2025-02-03 08:48:00,94.5,0.52,15.88,3.176
4155,11,2025-02-03 08:48:00,84.9,1.54,9.09,1.818
4156,12,2025-02-03 08:48:00,39.4,7.85,19.75,3.95
4157,13,2025-02-03 08:48:00,55.3,5.12,18.98,3.796
4158,14,2025-02-03 08:48:00,65.7,1.03,26.16,5.232
4159,15,2025-02-03 08:48:00,79.5,0.21,13.57,2.714
4160,16,2025-02-03 08:48:00,89.4,5.51,17.05,3.41
4161,1,2025-02-03 09:00:00,93.3,5.91,10.16,2.032
4162,2,2025-02-03 09:00:00,54.1,2.01,7.52,1.504
4163,3,2025-02-03 09:00:00,64.6,5.21,12.07,2.414
4164,4,2025-02-03 09:00:00,92.1,4.4,12.98,2.596
4165,5,2025-02-03 09:00:00,54.8,1.54,11.87,2.374
4166,6,2025-02-03 09:00:00,35.5,3.58,15.26,3.052
4167,7,2025-02-03 09:00:00,84.6,1.43,8.86,1.772
4168,8,2025-02-03 09:00:00,66.8,3.44,17.61,3.522
4169,9,2025-02-03 09:00:00,53.2,0.92,7.79,1.558
4170,10,2025-02-03 09:00:00,55.9,1.56,20.9,4.18
4171,11,2025-02-03 09:00:00,37.3,0.56,18.6,3.72
4172,12,2025-02-03 09:00:00,59.2,0.23,20.46,4.092
4173,13,2025-02-03 09:00:00,42.4,7.53,16.68,3.336
4174,14,2025-02-03 09:00:00,83.6,1.16,14.02,2.804
4175,15,2025-02-03 09:00:00,76.5,5.43,12.63,2.526
4176,16,2025-02-03 09:00:00,94.7,0.65,26.57,5.314
4177,1,2025-02-03 09:12:00,97.4,7.64,7.94,1.588
4178,2,2025-02-03 09:12:00,75.4,3.47,9.79,1.958
4179,3,2025-02-03 09:12:00,50.7,6.58,14.55,2.91
4180,4,2025-02-03 09:12:00,47.5,3.4,7.69,1.538
4181,5,2025-02-03 09:12:00,35.8,4.23,6.07,1.214
4182,6,2025-02-03 09:12:00,65.6,5.45,11.17,2.234
4183,7,2025-02-03 09:12:00,78.3,5.63,13.89,2.778
4184,8,2025-02-03 09:12:00,57.9,0.72,15.92,3.184
4185,9,2025-02-03 09:12:00,49.1,0.29,10.47,2.094
4186,10,2025-02-03 09:12:00,80.0,0.35,21.56,4.312
4187,11,2025-02-03 09:12:00,60.7,3.75,19.85,3.97
4188,12,2025-02-03 09:12:00,48.1,3.2,12.56,2.512
4189,13,2025-02-03 09:12:00,78.5,0.68,14.85,2.97
4190,14,2025-02-03 09:12:00,74.8,6.12,9.41,1.882
4191,15,2025-02-03 09:12:00,69.1,1.64,12.01,2.402
4192,16,2025-02-03 09:12:00,80.0,1.29,21.91,4.382
4193,1,2025-02-03 09:24:00,45.3,7.35,8.9,1.78
4194,2,2025-02-03 09:24:00,63.2,6.07,5.89,1.178
4195,3,2025-02-03 09:24:00,89.9,1.22,9.12,1.824
4196,4,2025-02-03 09:24:00,63.8,3.96,14.05,2.81
4197,5,2025-02-03 09:24:00,85.2,0.48,12.18,2.436
4198,6,2025-02-03 09:24:00,36.0,2.95,18.69,3.738
4199,7,2025-02-03 09:24:00,41.3,6.5,18.42,3.684
4200,8,2025-02-03 09:24:00,60.5,0.97,17.11,3.422
4201,9,2025-02-03 09:24:00,41.6,6.16,6.83,1.366
4202,10,2025-02-03 09:24:00,87.1,4.15,17.36,3.472
4203,11,2025-02-03 09:24:00,88.9,5.43,24.25,4.85
4204,12,2025-02-03 09:24:00,71.5,5.85,10.47,2.094
4205,13,2025-02-03 09:24:00,48.3,3.24,17.07,3.414
4206,14,2025-02-03 09:24:00,93.2,6.78,12.63,2.526
4207,15,2025-02-03 09:24:00,45.0,0.59,13.97,2.794
4208,16,2025-02-03 09:24:00,54.8,2.42,22.26,4.452
4209,1,2025-02-03 09:36:00,58.6,4.97,10.88,2.176
4210,2,2025-02-03 09:36:00,73.3,5.1,10.16,2.032
4211,3,2025-02-03 09:36:00,49.8,0.8,5.63,1.126
4212,4,2025-02-03 09:36:00,41.4,1.15,11.27,2.254
4213,5,2025-02-03 09:36:00,37.0,6.21,8.98,1.796
4214,6,2025-02-03 09:36:00,68.3,6.58,6.83,1.366
4215,7,2025-02-03 09:36:00,67.0,2.48,17.43,3.486
4216,8,2025-02-03 09:36:00,44.4,6.0,21.41,4.282
4217,9,2025-02-03 09:36:00,52.1,2.04,20.71,4.142
4218,10,2025-02-03 09:36:00,70.9,5.77,18.83,3.766
4219,11,2025-02-03 09:36:00,42.5,0.88,10.06,2.012
4220,12,2025-02-03 09:36:00,61.3,4.65,23.56,4.712
4221,13,2025-02-03 09:36:00,73.2,5.78,18.59,3.718
4222,14,2025-02-03 09:36:00,35.5,3.47,27.17,5.434
4223,15,2025-02-03 09:36:00,52.1,4.56,26.12,5.224
4224,16,2025-02-03 09:36:00,44.3,5.61,18.15,3.63
4225,1,2025-02-03 09:48:00,79.0,6.74,11.11,2.222
4226,2,2025-02-03 09:48:00,36.3,3.85,5.69,1.138
4227,3,2025-02-03 09:48:00,82.3,7.95,9.03,1.806
4228,4,2025-02-03 09:48:00,72.7,4.92,8.3,1.66
4229,5,2025-02-03 09:48:00,65.0,4.73,5.68,1.136
4230,6,2025-02-03 09:48:00,60.6,0.75,17.14,3.428
4231,7,2025-02-03 09:48:00,96.3,7.85,15.23,3.046
4232,8,2025-02-03 09:48:00,75.5,6.82,15.46,3.092
4233,9,2025-02-03 09:48:00,73.7,3.89,17.09,3.418
4234,10,2025-02-03 09:48:00,69.9,3.32,22.41,4.482
4235,11,2025-02-03 09:48:00,83.5,1.81,14.57,2.914
4236,12,2025-02-03 09:48:00,74.9,4.84,13.87,2.774
4237,13,2025-02-03 09:48:00,39.5,1.67,15.24,3.048
4238,14,2025-02-03 09:48:00,37.6,2.58,25.02,5.004
4239,15,2025-02-03 09:48:00,35.3,6.35,11.79,2.358
4240,16,2025-02-03 09:48:00,97.0,4.12,11.62,2.324
4241,1,2025-02-03 10:00:00,57.2,5.42,5.49,1.098
4242,2,2025-02-03 10:00:00,81.6,0.49,10.51,2.102
4243,3,2025-02-03 10:00:00,39.5,7.39,13.7,2.74
4244,4,2025-02-03 10:00:00,43.3,7.8,13.91,2.782
4245,5,2025-02-03 10:00:00,45.0,2.79,7.92,1.584
4246,6,2025-02-03 10:00:00,79.9,6.5,18.04,3.608
4247,7,2025-02-03 10:00:00,44.9,4.3,19.66,3.932
4248,8,2025-02-03 10:00:00,86.6,3.37,12.39,2.478
4249,9,2025-02-03 10:00:00,56.9,1.26,15.72,3.144
4250,10,2025-02-03 10:00:00,87.0,5.54,23.11,4.622
4251,11,2025-02-03 10:00:00,50.2,7.04,24.87,4.974
4252,12,2025-02-03 10:00:00,78.9,3.53,22.65,4.53
4253,13,2025-02-03 10:00:00,42.1,3.26,12.3,2.46
4254,14,2025-02-03 10:00:00,34.5,6.41,26.3,5.26
4255,15,2025-02-03 10:00:00,50.9,2.39,17.46,3.492
4256,16,2025-02-03 10:00:00,90.3,0.93,13.21,2.642
4257,1,2025-02-03 10:12:00,57.2,4.62,10.25,2.05
4258,2,2025-02-03 10:12:00,59.8,1.77,4.3,0.86
4259,3,2025-02-03 10:12:00,40.8,1.42,14.58,2.916
4260,4,2025-02-03 10:12:00,73.1,4.55,11.37,2.274
4261,5,2025-02-03 10:12:00,71.0,6.78,6.46,1.292
4262,6,2025-02-03 10:12:00,38.9,1.07,14.89,2.978
4263,7,2025-02-03 10:12:00,40.7,5.05,12.36,2.472
4264,8,2025-02-03 10:12:00,69.3,3.84,7.38,1.476
4265,9,2025-02-03 10:12:00,37.0,3.94,7.78,1.556
4266,10,2025-02-03 10:12:00,48.5,7.19,16.71,3.342
4267,11,2025-02-03 10:12:00,68.8,4.99,9.31,1.862
4268,12,2025-02-03 10:12:00,48.4,7.64,10.78,2.156
4269,13,2025-02-03 10:12:00,56.4,3.08,13.94,2.788
4270,14,2025-02-03 10:12:00,68.6,2.1,9.19,1.838
4271,15,2025-02-03 10:12:00,81.3,5.63,24.47,4.894
4272,16,2025-02-03 10:12:00,40.1,7.86,17.76,3.552
4273,1,2025-02-03 10:24:00,39.4,4.23,3.57,0.714
4274,2,2025-02-03 10:24:00,46.3,2.17,12.95,2.59
4275,3,2025-02-03 10:24:00,68.7,2.45,7.57,1.514
4276,4,2025-02-03 10:24:00,70.2,5.0,9.81,1.962
4277,5,2025-02-03 10:24:00,78.6,6.78,16.69,3.338
4278,6,2025-02-03 10:24:00,89.7,4.49,9.77,1.954
4279,7,2025-02-03 10:24:00,79.1,7.4,9.88,1.976
4280,8,2025-02-03 10:24:00,62.4,3.62,13.42,2.684
4281,9,2025-02-03 10:24:00,59.5,5.82,9.39,1.878
4282,10,2025-02-03 10:24:00,71.1,5.17,12.25,2.45
4283,11,2025-02-03 10:24:00,54.0,3.47,9.03,1.806
4284,12,2025-02-03 10:24:00,93.9,1.73,14.15,2.83
4285,13,2025-02-03 10:24:00,73.3,7.3,19.38,3.876
4286,14,2025-02-03 10:24:00,64.1,4.0,26.39,5.278
4287,15,2025-02-03 10:24:00,44.0,8.03,23.75,4.75
4288,16,2025-02-03 10:24:00,97.0,3.42,26.23,5.246
4289,1,2025-02-03 10:36:00,36.6,4.19,8.87,1.774
4290,2,2025-02-03 10:36:00,83.8,4.96,8.1,1.62
4291,3,2025-02-03 10:36:00,62.8,7.76,5.16,1.032
4292,4,2025-02-03 10:36:00,62.5,5.09,9.97,1.994
4293,5,2025-02-03 10:36:00,73.7,2.77,6.14,1.228
4294,6,2025-02-03 10:36:00,91.4,4.51,10.9,2.18
4295,7,2025-02-03 10:36:00,86.3,7.54,18.93,3.786
4296,8,2025-02-03 10:36:00,49.0,3.98,10.8,2.16
4297,9,2025-02-03 10:36:00,50.1,4.26,11.26,2.252
4298,10,2025-02-03 10:36:00,43.4,4.76,14.79,2.958
4299,11,2025-02-03 10:36:00,52.5,5.4,24.02,4.804
4300,12,2025-02-03 10:36:00,66.8,7.44,25.34,5.068
4301,13,2025-02-03 10:36:00,91.8,6.67,26.73,5.346
4302,14,2025-02-03 10:36:00,44.1,7.22,22.33,4.466
4303,15,2025-02-03 10:36:00,49.6,4.41,15.65,3.13
4304,16,2025-02-03 10:36:00,36.1,7.47,17.9,3.58
4305,1,2025-02-03 10:48:00,44.3,7.69,8.07,1.614
4306,2,2025-02-03 10:48:00,86.4,5.48,13.23,2.646
4307,3,2025-02-03 10:48:00,67.3,4.8,6.93,1.386
4308,4,2025-02-03 10:48:00,82.8,5.4,5.53,1.106
4309,5,2025-02-03 10:48:00,76.7,1.75,13.38,2.676
4310,6,2025-02-03 10:48:00,80.7,7.88,6.32,1.264
4311,7,2025-02-03 10:48:00,51.3,1.76,17.18,3.436
4312,8,2025-02-03 10:48:00,77.4,1.44,16.01,3.202
4313,9,2025-02-03 10:48:00,92.7,0.42,14.6,2.92
4314,10,2025-02-03 10:48:00,51.4,2.53,12.27,2.454
4315,11,2025-02-03 10:48:00,69.2,3.9,21.74,4.348
4316,12,2025-02-03 10:48:00,44.0,2.37,17.75,3.55
4317,13,2025-02-03 10:48:00,45.9,0.5,27.79,5.558
4318,14,2025-02-03 10:48:00,59.0,1.05,28.36,5.672
4319,15,2025-02-03 10:48:00,51.7,5.08,18.2,3.64
4320,16,2025-02-03 10:48:00,43.9,2.83,26.46,5.292
4321,1,2025-02-03 11:00:00,44.7,4.26,3.75,0.75
4322,2,2025-02-03 11:00:00,36.7,1.09,11.18,2.236
4323,3,2025-02-03 11:00:00,36.6,4.73,11.16,2.232
4324,4,2025-02-03 11:00:00,58.9,1.75,6.49,1.298
4325,5,2025-02-03 11:00:00,85.7,6.02,5.52,1.104
4326,6,2025-02-03 11:00:00,56.4,0.33,13.07,2.614
4327,7,2025-02-03 11:00:00,59.5,2.28,7.46,1.492
4328,8,2025-02-03 11:00:00,73.3,1.4,20.44,4.088
4329,9,2025-02-03 11:00:00,58.2,6.97,12.07,2.414
4330,10,2025-02-03 11:00:00,63.8,0.65,9.37,1.874
4331,11,2025-02-03 11:00:00,49.8,6.5,16.77,3.354
4332,12,2025-02-03 11:00:00,73.7,3.27,10.22,2.044
4333,13,2025-02-03 11:00:00,92.2,2.64,13.29,2.658
4334,14,2025-02-03 11:00:00,44.8,2.31,21.61,4.322
4335,15,2025-02-03 11:00:00,64.8,0.46,25.21,5.042
4336,16,2025-02-03 11:00:00,64.5,5.07,27.2,5.44
4337,1,2025-02-03 11:12:00,77.6,7.84,10.82,2.164
4338,2,2025-02-03 11:12:00,50.1,0.47,12.88,2.576
4339,3,2025-02-03 11:12:00,56.5,3.2,13.56,2.712
4340,4,2025-02-03 11:12:00,58.9,4.69,7.84,1.568
4341,5,2025-02-03 11:12:00,94.0,2.53,5.3,1.06
4342,6,2025-02-03 11:12:00,88.7,0.31,8.66,1.732
4343,7,2025-02-03 11:12:00,72.9,1.54,8.15,1.63
4344,8,2025-02-03 11:12:00,63.1,6.85,19.85,3.97
4345,9,2025-02-03 11:12:00,48.3,7.64,10.63,2.126
4346,10,2025-02-03 11:12:00,74.9,6.87,7.81,1.562
4347,11,2025-02-03 11:12:00,85.1,6.47,8.94,1.788
4348,12,2025-02-03 11:12:00,35.8,6.28,14.96,2.992
4349,13,2025-02-03 11:12:00,90.0,4.96,27.04,5.408
4350,14,2025-02-03 11:12:00,97.4,1.37,15.6,3.12
4351,15,2025-02-03 11:12:00,75.8,6.77,25.43,5.086
4352,16,2025-02-03 11:12:00,81.9,5.81,11.93,2.386
4353,1,2025-02-03 11:24:00,41.1,7.76,3.53,0.706
4354,2,2025-02-03 11:24:00,91.3,1.16,7.04,1.408
4355,3,2025-02-03 11:24:00,42.0,3.33,8.55,1.71
4356,4,2025-02-03 11:24:00,78.4,6.9,13.45,2.69
4357,5,2025-02-03 11:24:00,38.6,7.93,16.0,3.2
4358,6,2025-02-03 11:24:00,44.1,6.6,5.66,1.132
4359,7,2025-02-03 11:24:00,82.0,3.56,18.06,3.612
4360,8,2025-02-03 11:24:00,43.4,4.24,7.96,1.592
4361,9,2025-02-03 11:24:00,63.8,3.89,22.42,4.484
4362,10,2025-02-03 11:24:00,79.3,3.35,9.26,1.852
4363,11,2025-02-03 11:24:00,97.6,4.67,18.41,3.682
4364,12,2025-02-03 11:24:00,97.0,5.44,9.78,1.956
4365,13,2025-02-03 11:24:00,53.4,4.36,11.46,2.292
4366,14,2025-02-03 11:24:00,88.9,1.24,20.71,4.142
4367,15,2025-02-03 11:24:00,40.2,3.02,17.85,3.57
4368,16,2025-02-03 11:24:00,97.8,6.17,16.39,3.278
4369,1,2025-02-03 11:36:00,54.5,3.89,10.96,2.192
4370,2,2025-02-03 11:36:00,77.2,2.64,4.27,0.854
4371,3,2025-02-03 11:36:00,71.6,7.35,4.73,0.946
4372,4,2025-02-03 11:36:00,50.5,7.66,12.47,2.494
4373,5,2025-02-03 11:36:00,81.6,5.6,8.3,1.66
4374,6,2025-02-03 11:36:00,44.5,2.06,16.26,3.252
4375,7,2025-02-03 11:36:00,91.8,4.12,13.41,2.682
4376,8,2025-02-03 11:36:00,50.2,0.89,12.7,2.54
4377,9,2025-02-03 11:36:00,92.3,7.28,18.56,3.712
4378,10,2025-02-03 11:36:00,61.6,3.31,8.64,1.728
4379,11,2025-02-03 11:36:00,65.9,3.9,21.63,4.326
4380,12,2025-02-03 11:36:00,94.5,1.38,21.29,4.258
4381,13,2025-02-03 11:36:00,94.8,2.95,8.51,1.702
4382,14,2025-02-03 11:36:00,90.8,0.5,25.43,5.086
4383,15,2025-02-03 11:36:00,85.8,4.05,12.6,2.52
4384,16,2025-02-03 11:36:00,59.4,3.83,20.99,4.198
4385,1,2025-02-03 11:48:00,67.8,4.45,11.7,2.34
4386,2,2025-02-03 11:48:00,38.6,4.96,11.22,2.244
4387,3,2025-02-03 11:48:00,41.5,7.94,8.53,1.706
4388,4,2025-02-03 11:48:00,54.0,4.15,12.29,2.458
4389,5,2025-02-03 11:48:00,89.1,0.72,15.25,3.05
4390,6,2025-02-03 11:48:00,96.9,4.29,10.3,2.06
4391,7,2025-02-03 11:48:00,68.0,1.14,19.1,3.82
4392,8,2025-02-03 11:48:00,86.8,0.95,13.33,2.666
4393,9,2025-02-03 11:48:00,68.9,0.99,13.18,2.636
4394,10,2025-02-03 11:48:00,80.7,2.37,14.93,2.986
4395,11,2025-02-03 11:48:00,36.8,5.41,18.56,3.712
4396,12,2025-02-03 11:48:00,47.9,1.89,15.9,3.18
4397,13,2025-02-03 11:48:00,92.9,4.63,18.88,3.776
4398,14,2025-02-03 11:48:00,46.2,4.76,25.53,5.106
4399,15,2025-02-03 11:48:00,70.4,3.57,21.84,4.368
4400,16,2025-02-03 11:48:00,52.9,6.84,25.43,5.086
4401,1,2025-02-03 12:00:00,41.6,1.21,11.16,2.232
4402,2,2025-02-03 12:00:00,82.8,5.24,9.22,1.844
4403,3,2025-02-03 12:00:00,78.8,7.15,8.39,1.678
4404,4,2025-02-03 12:00:00,80.4,0.27,10.23,2.046
4405,5,2025-02-03 12:00:00,65.6,1.37,10.94,2.188
4406,6,2025-02-03 12:00:00,49.1,2.21,16.66,3.332
4407,7,2025-02-03 12:00:00,90.0,4.33,7.75,1.55
4408,8,2025-02-03 12:00:00,65.4,4.84,12.62,2.524
4409,9,2025-02-03 12:00:00,47.7,2.69,12.57,2.514
4410,10,2025-02-03 12:00:00,64.2,6.61,23.67,4.734
4411,11,2025-02-03 12:00:00,40.3,7.04,11.02,2.204
4412,12,2025-02-03 12:00:00,72.8,6.44,14.04,2.808
4413,13,2025-02-03 12:00:00,65.3,7.25,17.48,3.496
4414,14,2025-02-03 12:00:00,65.5,0.42,18.25,3.65
4415,15,2025-02-03 12:00:00,45.9,1.32,23.82,4.764
4416,16,2025-02-03 12:00:00,64.0,1.98,29.47,5.894
4417,1,2025-02-03 12:12:00,96.9,4.22,8.52,1.704
4418,2,2025-02-03 12:12:00,63.0,3.9,10.09,2.018
4419,3,2025-02-03 12:12:00,76.2,6.14,12.07,2.414
4420,4,2025-02-03 12:12:00,38.7,7.0,14.15,2.83
4421,5,2025-02-03 12:12:00,82.7,4.12,8.26,1.652
4422,6,2025-02-03 12:12:00,90.0,1.34,11.76,2.352
4423,7,2025-02-03 12:12:00,93.9,2.08,15.94,3.188
4424,8,2025-02-03 12:12:00,42.0,6.58,12.23,2.446
4425,9,2025-02-03 12:12:00,34.2,5.59,18.57,3.714
4426,10,2025-02-03 12:12:00,39.2,6.63,7.94,1.588
4427,11,2025-02-03 12:12:00,67.8,4.64,20.01,4.002
4428,12,2025-02-03 12:12:00,67.3,7.49,11.61,2.322
4429,13,2025-02-03 12:12:00,88.4,1.0,21.39,4.278
4430,14,2025-02-03 12:12:00,62.2,7.83,23.2,4.64
4431,15,2025-02-03 12:12:00,93.9,7.21,13.3,2.66
4432,16,2025-02-03 12:12:00,41.2,3.11,26.66,5.332
4433,1,2025-02-03 12:24:00,58.5,5.14,8.52,1.704
4434,2,2025-02-03 12:24:00,89.4,5.38,12.26,2.452
4435,3,2025-02-03 12:24:00,76.1,1.28,12.84,2.568
4436,4,2025-02-03 12:24:00,42.4,6.06,9.32,1.864
4437,5,2025-02-03 12:24:00,88.3,0.75,15.87,3.174
4438,6,2025-02-03 12:24:00,52.8,7.89,5.62,1.124
4439,7,2025-02-03 12:24:00,59.8,2.71,7.72,1.544
4440,8,2025-02-03 12:24:00,94.5,0.99,7.54,1.508
4441,9,2025-02-03 12:24:00,43.8,3.69,21.0,4.2
4442,10,2025-02-03 12:24:00,66.2,2.13,9.4,1.88
4443,11,2025-02-03 12:24:00,69.1,4.86,24.29,4.858
4444,12,2025-02-03 12:24:00,92.7,5.63,21.62,4.324
4445,13,2025-02-03 12:24:00,92.0,4.4,15.11,3.022
4446,14,2025-02-03 12:24:00,56.0,0.24,21.06,4.212
4447,15,2025-02-03 12:24:00,88.5,7.04,17.94,3.588
4448,16,2025-02-03 12:24:00,79.8,4.93,14.47,2.894
4449,1,2025-02-03 12:36:00,69.3,7.64,6.1,1.22
4450,2,2025-02-03 12:36:00,89.7,3.17,6.7,1.34
4451,3,2025-02-03 12:36:00,47.5,6.53,9.15,1.83
4452,4,2025-02-03 12:36:00,47.0,7.65,13.92,2.784
4453,5,2025-02-03 12:36:00,72.0,3.29,11.04,2.208
4454,6,2025-02-03 12:36:00,40.6,7.07,8.94,1.788
4455,7,2025-02-03 12:36:00,47.1,0.36,17.33,3.466
4456,8,2025-02-03 12:36:00,70.4,1.44,12.97,2.594
4457,9,2025-02-03 12:36:00,51.8,3.83,11.41,2.282
4458,10,2025-02-03 12:36:00,38.0,4.2,10.48,2.096
4459,11,2025-02-03 12:36:00,79.2,0.55,20.64,4.128
4460,12,2025-02-03 12:36:00,91.4,5.22,9.45,1.89
4461,13,2025-02-03 12:36:00,37.7,1.68,19.29,3.858
4462,14,2025-02-03 12:36:00,56.2,0.52,26.57,5.314
4463,15,2025-02-03 12:36:00,54.2,3.53,17.29,3.458
4464,16,2025-02-03 12:36:00,93.7,2.04,14.06,2.812
4465,1,2025-02-03 12:48:00,74.4,6.35,3.71,0.742
4466,2,2025-02-03 12:48:00,37.2,3.72,4.74,0.948
4467,3,2025-02-03 12:48:00,94.7,1.2,13.66,2.732
4468,4,2025-02-03 12:48:00,36.0,2.84,9.69,1.938
4469,5,2025-02-03 12:48:00,56.0,5.1,11.53,2.306
4470,6,2025-02-03 12:48:00,62.7,3.88,9.45,1.89
4471,7,2025-02-03 12:48:00,96.3,3.5,7.84,1.568
4472,8,2025-02-03 12:48:00,72.8,7.52,7.72,1.544
4473,9,2025-02-03 12:48:00,48.3,7.29,15.39,3.078
4474,10,2025-02-03 12:48:00,73.5,5.59,11.49,2.298
4475,11,2025-02-03 12:48:00,41.6,3.31,20.37,4.074
4476,12,2025-02-03 12:48:00,52.2,1.58,26.47,5.294
4477,13,2025-02-03 12:48:00,58.2,7.81,14.93,2.986
4478,14,2025-02-03 12:48:00,69.2,5.3,26.33,5.266
4479,15,2025-02-03 12:48:00,94.4,1.59,23.23,4.646
4480,16,2025-02-03 12:48:00,80.2,2.86,30.71,6.142
4481,1,2025-02-03 13:00:00,39.8,3.24,10.06,2.012
4482,2,2025-02-03 13:00:00,54.8,7.05,5.17,1.034
4483,3,2025-02-03 13:00:00,70.8,1.43,6.71,1.342
4484,4,2025-02-03 13:00:00,62.0,1.47,15.34,3.068
4485,5,2025-02-03 13:00:00,64.4,3.13,15.67,3.134
4486,6,2025-02-03 13:00:00,77.1,0.98,9.85,1.97
4487,7,2025-02-03 13:00:00,94.6,6.33,9.79,1.958
4488,8,2025-02-03 13:00:00,78.0,5.35,14.55,2.91
4489,9,2025-02-03 13:00:00,43.2,1.44,16.95,3.39
4490,10,2025-02-03 13:00:00,75.1,3.28,14.51,2.902
4491,11,2025-02-03 13:00:00,40.2,3.45,24.88,4.976
4492,12,2025-02-03 13:00:00,62.8,4.46,12.32,2.464
4493,13,2025-02-03 13:00:00,73.9,2.32,11.06,2.212
4494,14,2025-02-03 13:00:00,39.3,7.1,18.41,3.682
4495,15,2025-02-03 13:00:00,89.6,0.88,24.0,4.8
4496,16,2025-02-03 13:00:00,43.2,1.23,11.02,2.204
4497,1,2025-02-03 13:12:00,76.5,4.06,7.92,1.584
4498,2,2025-02-03 13:12:00,43.8,6.7,11.68,2.336
4499,3,2025-02-03 13:12:00,41.1,7.66,11.54,2.308
4500,4,2025-02-03 13:12:00,63.3,5.59,12.01,2.402
4501,5,2025-02-03 13:12:00,35.3,1.07,14.71,2.942
4502,6,2025-02-03 13:12:00,93.0,7.93,18.58,3.716
4503,7,2025-02-03 13:12:00,81.7,2.66,6.07,1.214
4504,8,2025-02-03 13:12:00,36.9,5.95,21.0,4.2
4505,9,2025-02-03 13:12:00,66.1,2.82,20.86,4.172
4506,10,2025-02-03 13:12:00,64.5,3.37,16.02,3.204
4507,11,2025-02-03 13:12:00,53.4,5.34,13.24,2.648
4508,12,2025-02-03 13:12:00,51.6,4.71,10.33,2.066
4509,13,2025-02-03 13:12:00,35.0,7.17,9.97,1.994
4510,14,2025-02-03 13:12:00,36.4,6.28,23.4,4.68
4511,15,2025-02-03 13:12:00,81.1,7.47,21.54,4.308
4512,16,2025-02-03 13:12:00,70.3,7.88,11.17,2.234
4513,1,2025-02-03 13:24:00,91.4,6.68,10.31,2.062
4514,2,2025-02-03 13:24:00,45.1,7.89,7.88,1.576
4515,3,2025-02-03 13:24:00,77.0,6.23,10.11,2.022
4516,4,2025-02-03 13:24:00,79.0,7.08,8.52,1.704
4517,5,2025-02-03 13:24:00,52.9,4.85,10.75,2.15
4518,6,2025-02-03 13:24:00,94.6,4.55,10.53,2.106
4519,7,2025-02-03 13:24:00,62.1,0.5,6.68,1.336
4520,8,2025-02-03 13:24:00,80.1,4.18,7.15,1.43
4521,9,2025-02-03 13:24:00,50.7,7.21,20.19,4.038
4522,10,2025-02-03 13:24:00,51.5,0.4,22.11,4.422
4523,11,2025-02-03 13:24:00,61.9,4.44,10.66,2.132
4524,12,2025-02-03 13:24:00,43.6,1.39,22.07,4.414
4525,13,2025-02-03 13:24:00,85.7,7.63,22.5,4.5
4526,14,2025-02-03 13:24:00,48.6,5.24,12.39,2.478
4527,15,2025-02-03 13:24:00,84.8,1.15,20.15,4.03
4528,16,2025-02-03 13:24:00,61.9,4.47,9.33,1.866
4529,1,2025-02-03 13:36:00,53.0,1.08,7.08,1.416
4530,2,2025-02-03 13:36:00,66.9,3.36,12.07,2.414
4531,3,2025-02-03 13:36:00,87.3,6.51,6.95,1.39
4532,4,2025-02-03 13:36:00,92.3,0.31,8.58,1.716
4533,5,2025-02-03 13:36:00,96.4,5.49,9.31,1.862
4534,6,2025-02-03 13:36:00,42.5,1.85,11.15,2.23
4535,7,2025-02-03 13:36:00,94.2,0.56,7.8,1.56
4536,8,2025-02-03 13:36:00,37.3,5.62,16.03,3.206
4537,9,2025-02-03 13:36:00,87.8,7.93,17.7,3.54
4538,10,2025-02-03 13:36:00,74.7,4.93,21.88,4.376
4539,11,2025-02-03 13:36:00,94.4,5.5,7.47,1.494
4540,12,2025-02-03 13:36:00,44.8,3.67,22.95,4.59
4541,13,2025-02-03 13:36:00,46.5,6.11,19.9,3.98
4542,14,2025-02-03 13:36:00,79.3,7.34,11.99,2.398
4543,15,2025-02-03 13:36:00,89.5,0.92,29.2,5.84
4544,16,2025-02-03 13:36:00,49.3,1.39,12.62,2.524
4545,1,2025-02-03 13:48:00,52.7,0.52,9.46,1.892
4546,2,2025-02-03 13:48:00,95.6,1.96,8.13,1.626
4547,3,2025-02-03 13:48:00,36.7,6.63,10.94,2.188
4548,4,2025-02-03 13:48:00,66.1,5.24,12.01,2.402
4549,5,2025-02-03 13:48:00,68.7,2.82,11.42,2.284
4550,6,2025-02-03 13:48:00,59.0,0.77,12.88,2.576
4551,7,2025-02-03 13:48:00,85.8,0.53,17.49,3.498
4552,8,2025-02-03 13:48:00,55.6,5.47,19.94,3.988
4553,9,2025-02-03 13:48:00,41.0,2.82,12.7,2.54
4554,10,2025-02-03 13:48:00,94.1,0.54,15.52,3.104
4555,11,2025-02-03 13:48:00,37.4,1.13,19.06,3.812
4556,12,2025-02-03 13:48:00,82.3,2.72,18.75,3.75
4557,13,2025-02-03 13:48:00,43.6,1.86,13.34,2.668
4558,14,2025-02-03 13:48:00,34.8,5.93,22.71,4.542
4559,15,2025-02-03 13:48:00,41.9,2.43,10.32,2.064
4560,16,2025-02-03 13:48:00,47.5,1.22,11.89,2.378
4561,1,2025-02-03 14:00:00,38.0,4.64,11.0,2.2
4562,2,2025-02-03 14:00:00,48.6,6.19,6.59,1.318
4563,3,2025-02-03 14:00:00,41.3,0.28,14.35,2.87
4564,4,2025-02-03 14:00:00,75.0,5.41,13.85,2.77
4565,5,2025-02-03 14:00:00,87.6,3.85,5.15,1.03
4566,6,2025-02-03 14:00:00,81.8,7.64,13.16,2.632
4567,7,2025-02-03 14:00:00,54.4,2.19,6.61,1.322
4568,8,2025-02-03 14:00:00,75.9,5.0,8.55,1.71
4569,9,2025-02-03 14:00:00,58.3,2.73,17.08,3.416
4570,10,2025-02-03 14:00:00,48.2,5.47,16.34,3.268
4571,11,2025-02-03 14:00:00,74.5,4.66,12.34,2.468
4572,12,2025-02-03 14:00:00,40.2,0.83,11.78,2.356
4573,13,2025-02-03 14:00:00,34.1,7.98,19.66,3.932
4574,14,2025-02-03 14:00:00,78.8,0.32,13.97,2.794
4575,15,2025-02-03 14:00:00,46.6,1.96,20.1,4.02
4576,16,2025-02-03 14:00:00,56.6,7.95,12.19,2.438
4577,1,2025-02-03 14:12:00,80.5,5.54,9.5,1.9
4578,2,2025-02-03 14:12:00,97.0,0.83,11.22,2.244
4579,3,2025-02-03 14:12:00,53.1,7.79,11.79,2.358
4580,4,2025-02-03 14:12:00,80.2,4.99,15.39,3.078
4581,5,2025-02-03 14:12:00,68.5,7.94,15.01,3.002
4582,6,2025-02-03 14:12:00,58.7,0.98,18.31,3.662
4583,7,2025-02-03 14:12:00,40.7,3.59,9.4,1.88
4584,8,2025-02-03 14:12:00,53.5,2.57,19.05,3.81
4585,9,2025-02-03 14:12:00,35.5,6.19,13.98,2.796
4586,10,2025-02-03 14:12:00,95.0,7.1,17.3,3.46
4587,11,2025-02-03 14:12:00,46.7,6.94,18.22,3.644
4588,12,2025-02-03 14:12:00,86.5,1.79,11.22,2.244
4589,13,2025-02-03 14:12:00,96.0,1.85,24.36,4.872
4590,14,2025-02-03 14:12:00,47.8,4.93,20.47,4.094
4591,15,2025-02-03 14:12:00,61.4,6.45,11.71,2.342
4592,16,2025-02-03 14:12:00,70.7,3.3,20.1,4.02
4593,1,2025-02-03 14:24:00,43.0,7.92,4.77,0.954
4594,2,2025-02-03 14:24:00,62.5,4.61,12.44,2.488
4595,3,2025-02-03 14:24:00,42.6,3.09,13.13,2.626
4596,4,2025-02-03 14:24:00,47.4,5.18,9.38,1.876
4597,5,2025-02-03 14:24:00,90.4,6.3,15.24,3.048
4598,6,2025-02-03 14:24:00,89.6,6.94,6.27,1.254
4599,7,2025-02-03 14:24:00,76.0,3.75,11.29,2.258
4600,8,2025-02-03 14:24:00,95.0,8.03,14.5,2.9
4601,9,2025-02-03 14:24:00,59.2,3.95,22.22,4.444
4602,10,2025-02-03 14:24:00,40.6,3.62,10.13,2.026
4603,11,2025-02-03 14:24:00,71.9,1.8,23.7,4.74
4604,12,2025-02-03 14:24:00,85.1,6.15,7.87,1.574
4605,13,2025-02-03 14:24:00,81.8,1.68,11.53,2.306
4606,14,2025-02-03 14:24:00,51.4,3.35,17.73,3.546
4607,15,2025-02-03 14:24:00,44.8,4.89,19.31,3.862
4608,16,2025-02-03 14:24:00,76.5,0.39,26.34,5.268
4609,1,2025-02-03 14:36:00,53.9,5.27,11.55,2.31
4610,2,2025-02-03 14:36:00,78.9,8.03,9.21,1.842
4611,3,2025-02-03 14:36:00,93.1,2.74,4.93,0.986
4612,4,2025-02-03 14:36:00,65.5,3.26,5.49,1.098
4613,5,2025-02-03 14:36:00,57.3,1.51,9.7,1.94
4614,6,2025-02-03 14:36:00,47.1,4.43,9.16,1.832
4615,7,2025-02-03 14:36:00,68.3,3.13,10.93,2.186
4616,8,2025-02-03 14:36:00,85.5,2.91,16.3,3.26
4617,9,2025-02-03 14:36:00,59.9,6.11,14.33,2.866
4618,10,2025-02-03 14:36:00,89.5,0.94,9.16,1.832
4619,11,2025-02-03 14:36:00,56.0,7.34,11.57,2.314
4620,12,2025-02-03 14:36:00,41.0,1.17,16.42,3.284
4621,13,2025-02-03 14:36:00,86.1,3.27,27.95,5.59
4622,14,2025-02-03 14:36:00,75.3,6.69,18.59,3.718
4623,15,2025-02-03 14:36:00,81.8,3.35,25.66,5.132
4624,16,2025-02-03 14:36:00,78.1,4.73,24.01,4.802
4625,1,2025-02-03 14:48:00,76.2,2.38,6.3,1.26
4626,2,2025-02-03 14:48:00,46.3,0.61,8.66,1.732
4627,3,2025-02-03 14:48:00,38.8,0.68,14.56,2.912
4628,4,2025-02-03 14:48:00,92.6,1.19,13.41,2.682
4629,5,2025-02-03 14:48:00,90.8,3.18,14.54,2.908
4630,6,2025-02-03 14:48:00,46.7,3.61,8.0,1.6
4631,7,2025-02-03 14:48:00,38.0,5.57,19.26,3.852
4632,8,2025-02-03 14:48:00,83.2,3.99,8.17,1.634
4633,9,2025-02-03 14:48:00,51.1,5.41,20.25,4.05
4634,10,2025-02-03 14:48:00,45.8,5.02,10.1,2.02
4635,11,2025-02-03 14:48:00,40.7,6.91,12.92,2.584
4636,12,2025-02-03 14:48:00,41.4,3.73,21.06,4.212
4637,13,2025-02-03 14:48:00,89.1,4.8,24.77,4.954
4638,14,2025-02-03 14:48:00,39.0,0.48,29.17,5.834
4639,15,2025-02-03 14:48:00,38.6,7.99,19.05,3.81
4640,16,2025-02-03 14:48:00,79.8,3.26,21.71,4.342
4641,1,2025-02-03 15:00:00,81.0,6.75,9.08,1.816
4642,2,2025-02-03 15:00:00,34.0,1.71,11.2,2.24
4643,3,2025-02-03 15:00:00,84.6,2.9,10.74,2.148
4644,4,2025-02-03 15:00:00,38.1,5.04,5.61,1.122
4645,5,2025-02-03 15:00:00,95.9,6.13,6.92,1.384
4646,6,2025-02-03 15:00:00,77.1,7.07,9.72,1.944
4647,7,2025-02-03 15:00:00,81.8,6.81,9.07,1.814
4648,8,2025-02-03 15:00:00,55.1,7.0,10.54,2.108
4649,9,2025-02-03 15:00:00,81.3,6.72,17.11,3.422
4650,10,2025-02-03 15:00:00,41.0,1.2,19.9,3.98
4651,11,2025-02-03 15:00:00,98.0,0.81,9.68,1.936
4652,12,2025-02-03 15:00:00,70.5,0.4,25.55,5.11
4653,13,2025-02-03 15:00:00,48.3,1.81,23.89,4.778
4654,14,2025-02-03 15:00:00,45.9,6.2,19.86,3.972
4655,15,2025-02-03 15:00:00,75.6,1.07,16.57,3.314
4656,16,2025-02-03 15:00:00,54.1,0.74,14.55,2.91
4657,1,2025-02-03 15:12:00,90.0,3.65,7.63,1.526
4658,2,2025-02-03 15:12:00,89.8,4.49,10.55,2.11
4659,3,2025-02-03 15:12:00,91.6,0.89,12.67,2.534
4660,4,2025-02-03 15:12:00,48.2,3.51,7.25,1.45
4661,5,2025-02-03 15:12:00,72.2,4.12,8.03,1.606
4662,6,2025-02-03 15:12:00,72.6,4.6,11.94,2.388
4663,7,2025-02-03 15:12:00,67.5,0.55,14.21,2.842
4664,8,2025-02-03 15:12:00,85.9,0.97,19.2,3.84
4665,9,2025-02-03 15:12:00,75.2,0.62,9.1,1.82
4666,10,2025-02-03 15:12:00,62.0,4.6,16.85,3.37
4667,11,2025-02-03 15:12:00,70.9,7.32,11.72,2.344
4668,12,2025-02-03 15:12:00,73.1,5.45,8.73,1.746
4669,13,2025-02-03 15:12:00,94.0,0.6,16.19,3.238
4670,14,2025-02-03 15:12:00,82.4,0.67,16.32,3.264
4671,15,2025-02-03 15:12:00,73.1,3.86,20.05,4.01
4672,16,2025-02-03 15:12:00,34.9,1.7,19.3,3.86
4673,1,2025-02-03 15:24:00,64.8,1.55,4.3,0.86
4674,2,2025-02-03 15:24:00,59.8,7.97,9.67,1.934
4675,3,2025-02-03 15:24:00,58.2,5.76,14.15,2.83
4676,4,2025-02-03 15:24:00,72.8,6.59,13.58,2.716
4677,5,2025-02-03 15:24:00,45.4,5.07,5.47,1.094
4678,6,2025-02-03 15:24:00,69.0,0.62,8.07,1.614
4679,7,2025-02-03 15:24:00,84.9,7.51,14.09,2.818
4680,8,2025-02-03 15:24:00,79.8,5.87,16.55,3.31
4681,9,2025-02-03 15:24:00,73.8,1.11,7.2,1.44
4682,10,2025-02-03 15:24:00,38.5,2.85,20.34,4.068
4683,11,2025-02-03 15:24:00,94.9,3.28,15.36,3.072
4684,12,2025-02-03 15:24:00,92.1,2.36,14.06,2.812
4685,13,2025-02-03 15:24:00,50.6,2.99,24.85,4.97
4686,14,2025-02-03 15:24:00,89.7,3.31,28.64,5.728
4687,15,2025-02-03 15:24:00,67.7,6.78,22.6,4.52
4688,16,2025-02-03 15:24:00,35.5,4.45,9.41,1.882
4689,1,2025-02-03 15:36:00,76.3,7.46,10.79,2.158
4690,2,2025-02-03 15:36:00,40.7,2.56,7.91,1.582
4691,3,2025-02-03 15:36:00,44.4,6.36,12.84,2.568
4692,4,2025-02-03 15:36:00,71.0,4.96,13.91,2.782
4693,5,2025-02-03 15:36:00,40.6,8.01,14.02,2.804
4694,6,2025-02-03 15:36:00,46.5,3.67,10.79,2.158
4695,7,2025-02-03 15:36:00,54.5,1.57,19.24,3.848
4696,8,2025-02-03 15:36:00,57.2,5.16,13.83,2.766
4697,9,2025-02-03 15:36:00,65.9,4.64,20.35,4.07
4698,10,2025-02-03 15:36:00,37.3,5.41,15.25,3.05
4699,11,2025-02-03 15:36:00,96.5,1.49,7.29,1.458
4700,12,2025-02-03 15:36:00,46.0,5.03,8.49,1.698
4701,13,2025-02-03 15:36:00,48.3,0.44,12.66,2.532
4702,14,2025-02-03 15:36:00,56.9,3.46,16.95,3.39
4703,15,2025-02-03 15:36:00,90.2,1.73,10.15,2.03
4704,16,2025-02-03 15:36:00,86.8,2.81,30.47,6.094
4705,1,2025-02-03 15:48:00,44.8,2.72,10.67,2.134
4706,2,2025-02-03 15:48:00,47.8,2.12,6.01,1.202
4707,3,2025-02-03 15:48:00,73.0,1.06,9.13,1.826
4708,4,2025-02-03 15:48:00,78.4,6.55,11.78,2.356
4709,5,2025-02-03 15:48:00,63.6,2.15,12.46,2.492
4710,6,2025-02-03 15:48:00,62.1,7.92,17.23,3.446
4711,7,2025-02-03 15:48:00,53.5,6.18,11.46,2.292
4712,8,2025-02-03 15:48:00,38.1,6.14,13.75,2.75
4713,9,2025-02-03 15:48:00,76.3,1.54,20.68,4.136
4714,10,2025-02-03 15:48:00,67.9,1.58,8.49,1.698
4715,11,2025-02-03 15:48:00,72.3,1.68,11.27,2.254
4716,12,2025-02-03 15:48:00,93.6,0.94,24.23,4.846
4717,13,2025-02-03 15:48:00,86.4,5.21,20.86,4.172
4718,14,2025-02-03 15:48:00,75.0,2.21,27.74,5.548
4719,15,2025-02-03 15:48:00,66.1,6.38,21.41,4.282
4720,16,2025-02-03 15:48:00,42.4,6.53,21.4,4.28
4721,1,2025-02-03 16:00:00,70.7,7.13,3.43,0.686
4722,2,2025-02-03 16:00:00,39.8,3.88,6.85,1.37
4723,3,2025-02-03 16:00:00,65.7,2.47,10.56,2.112
4724,4,2025-02-03 16:00:00,71.5,5.22,9.75,1.95
4725,5,2025-02-03 16:00:00,34.5,2.64,14.51,2.902
4726,6,2025-02-03 16:00:00,56.2,5.32,16.18,3.236
4727,7,2025-02-03 16:00:00,97.7,1.14,12.78,2.556
4728,8,2025-02-03 16:00:00,36.3,1.1,12.47,2.494
4729,9,2025-02-03 16:00:00,48.0,6.06,10.77,2.154
4730,10,2025-02-03 16:00:00,63.9,6.7,17.83,3.566
4731,11,2025-02-03 16:00:00,48.4,7.35,16.95,3.39
4732,12,2025-02-03 16:00:00,55.4,6.78,13.25,2.65
4733,13,2025-02-03 16:00:00,89.5,6.98,24.95,4.99
4734,14,2025-02-03 16:00:00,83.1,5.68,18.15,3.63
4735,15,2025-02-03 16:00:00,60.0,4.01,23.07,4.614
4736,16,2025-02-03 16:00:00,62.9,4.08,13.52,2.704
4737,1,2025-02-03 16:12:00,94.2,3.06,8.33,1.666
4738,2,2025-02-03 16:12:00,36.9,3.22,8.75,1.75
4739,3,2025-02-03 16:12:00,72.7,7.25,12.35,2.47
4740,4,2025-02-03 16:12:00,56.1,7.77,13.21,2.642
4741,5,2025-02-03 16:12:00,66.9,5.77,13.49,2.698
4742,6,2025-02-03 16:12:00,39.3,3.47,13.61,2.722
4743,7,2025-02-03 16:12:00,57.4,4.37,14.27,2.854
4744,8,2025-02-03 16:12:00,87.1,8.08,9.07,1.814
4745,9,2025-02-03 16:12:00,61.9,4.9,19.64,3.928
4746,10,2025-02-03 16:12:00,88.8,7.26,11.62,2.324
4747,11,2025-02-03 16:12:00,43.9,0.9,19.03,3.806
4748,12,2025-02-03 16:12:00,78.0,6.17,9.39,1.878
4749,13,2025-02-03 16:12:00,45.0,6.07,17.75,3.55
4750,14,2025-02-03 16:12:00,92.5,5.49,29.09,5.818
4751,15,2025-02-03 16:12:00,40.5,1.37,9.82,1.964
4752,16,2025-02-03 16:12:00,43.4,3.36,13.07,2.614
4753,1,2025-02-03 16:24:00,97.1,3.7,5.99,1.198
4754,2,2025-02-03 16:24:00,86.8,5.31,5.57,1.114
4755,3,2025-02-03 16:24:00,42.3,4.61,10.8,2.16
4756,4,2025-02-03 16:24:00,89.7,2.81,6.3,1.26
4757,5,2025-02-03 16:24:00,96.1,7.21,6.97,1.394
4758,6,2025-02-03 16:24:00,34.2,3.8,6.51,1.302
4759,7,2025-02-03 16:24:00,38.5,0.97,11.7,2.34
4760,8,2025-02-03 16:24:00,69.9,1.84,20.17,4.034
4761,9,2025-02-03 16:24:00,47.5,8.02,16.16,3.232
4762,10,2025-02-03 16:24:00,41.3,4.73,18.8,3.76
4763,11,2025-02-03 16:24:00,93.7,7.35,16.74,3.348
4764,12,2025-02-03 16:24:00,50.0,2.96,8.13,1.626
4765,13,2025-02-03 16:24:00,82.0,1.01,24.4,4.88
4766,14,2025-02-03 16:24:00,83.9,4.21,27.36,5.472
4767,15,2025-02-03 16:24:00,55.0,2.39,29.56,5.912
4768,16,2025-02-03 16:24:00,89.3,6.84,9.89,1.978
4769,1,2025-02-03 16:36:00,80.5,1.85,4.87,0.974
4770,2,2025-02-03 16:36:00,36.3,4.8,7.52,1.504
4771,3,2025-02-03 16:36:00,97.6,4.49,7.68,1.536
4772,4,2025-02-03 16:36:00,78.2,1.19,4.77,0.954
4773,5,2025-02-03 16:36:00,89.4,6.55,9.94,1.988
4774,6,2025-02-03 16:36:00,54.6,3.2,18.31,3.662
4775,7,2025-02-03 16:36:00,67.2,4.15,6.44,1.288
4776,8,2025-02-03 16:36:00,42.5,4.78,17.28,3.456
4777,9,2025-02-03 16:36:00,60.9,0.69,15.56,3.112
4778,10,2025-02-03 16:36:00,51.9,6.96,20.88,4.176
4779,11,2025-02-03 16:36:00,41.0,3.96,18.91,3.782
4780,12,2025-02-03 16:36:00,90.9,1.23,15.87,3.174
4781,13,2025-02-03 16:36:00,42.0,5.0,23.8,4.76
4782,14,2025-02-03 16:36:00,52.5,1.49,14.42,2.884
4783,15,2025-02-03 16:36:00,51.9,7.57,10.68,2.136
4784,16,2025-02-03 16:36:00,57.7,5.43,28.22,5.644
4785,1,2025-02-03 16:48:00,95.4,7.94,10.17,2.034
4786,2,2025-02-03 16:48:00,50.8,5.3,12.27,2.454
4787,3,2025-02-03 16:48:00,51.0,5.23,12.61,2.522
4788,4,2025-02-03 16:48:00,49.3,6.88,6.05,1.21
4789,5,2025-02-03 16:48:00,50.9,3.92,5.82,1.164
4790,6,2025-02-03 16:48:00,39.2,7.98,8.0,1.6
4791,7,2025-02-03 16:48:00,35.9,5.41,15.65,3.13
4792,8,2025-02-03 16:48:00,69.2,4.62,20.83,4.166
4793,9,2025-02-03 16:48:00,66.8,3.08,22.47,4.494
4794,10,2025-02-03 16:48:00,62.1,1.4,22.86,4.572
4795,11,2025-02-03 16:48:00,50.3,5.18,9.48,1.896
4796,12,2025-02-03 16:48:00,90.9,6.79,8.78,1.756
4797,13,2025-02-03 16:48:00,71.2,5.81,25.43,5.086
4798,14,2025-02-03 16:48:00,77.2,3.51,29.54,5.908
4799,15,2025-02-03 16:48:00,66.3,2.9,28.41,5.682
4800,16,2025-02-03 16:48:00,48.3,5.95,29.93,5.986
4801,1,2025-02-03 17:00:00,79.7,2.74,5.8,1.16
4802,2,2025-02-03 17:00:00,42.8,2.09,8.94,1.788
4803,3,2025-02-03 17:00:00,82.1,7.63,7.57,1.514
4804,4,2025-02-03 17:00:00,54.7,5.07,13.66,2.732
4805,5,2025-02-03 17:00:00,36.9,4.5,13.93,2.786
4806,6,2025-02-03 17:00:00,87.1,4.67,7.57,1.514
4807,7,2025-02-03 17:00:00,36.9,5.48,15.03,3.006
4808,8,2025-02-03 17:00:00,45.2,7.86,13.81,2.762
4809,9,2025-02-03 17:00:00,70.1,3.11,20.94,4.188
4810,10,2025-02-03 17:00:00,39.1,4.08,10.04,2.008
4811,11,2025-02-03 17:00:00,69.8,4.78,20.31,4.062
4812,12,2025-02-03 17:00:00,66.7,4.49,16.23,3.246
4813,13,2025-02-03 17:00:00,37.7,4.97,15.95,3.19
4814,14,2025-02-03 17:00:00,80.2,7.77,23.88,4.776
4815,15,2025-02-03 17:00:00,46.4,2.44,16.2,3.24
4816,16,2025-02-03 17:00:00,86.5,3.71,16.77,3.354
4817,1,2025-02-03 17:12:00,46.9,7.71,4.08,0.816
4818,2,2025-02-03 17:12:00,60.7,7.18,8.5,1.7
4819,3,2025-02-03 17:12:00,64.3,8.05,14.21,2.842
4820,4,2025-02-03 17:12:00,41.6,0.28,14.78,2.956
4821,5,2025-02-03 17:12:00,44.3,1.6,13.22,2.644
4822,6,2025-02-03 17:12:00,75.7,6.04,8.77,1.754
4823,7,2025-02-03 17:12:00,90.0,2.11,15.43,3.086
4824,8,2025-02-03 17:12:00,45.1,2.56,7.64,1.528
4825,9,2025-02-03 17:12:00,94.8,5.8,7.58,1.516
4826,10,2025-02-03 17:12:00,85.2,4.44,15.05,3.01
4827,11,2025-02-03 17:12:00,95.9,6.65,18.85,3.77
4828,12,2025-02-03 17:12:00,43.1,1.91,24.45,4.89
4829,13,2025-02-03 17:12:00,59.6,0.37,24.34,4.868
4830,14,2025-02-03 17:12:00,82.7,6.93,29.23,5.846
4831,15,2025-02-03 17:12:00,89.1,5.38,13.92,2.784
4832,16,2025-02-03 17:12:00,74.6,0.92,9.7,1.94
4833,1,2025-02-03 17:24:00,68.9,4.46,7.67,1.534
4834,2,2025-02-03 17:24:00,45.0,7.55,11.35,2.27
4835,3,2025-02-03 17:24:00,66.6,2.48,7.13,1.426
4836,4,2025-02-03 17:24:00,85.2,6.39,5.08,1.016
4837,5,2025-02-03 17:24:00,96.9,1.53,14.04,2.808
4838,6,2025-02-03 17:24:00,64.6,1.03,12.05,2.41
4839,7,2025-02-03 17:24:00,54.3,1.19,6.44,1.288
4840,8,2025-02-03 17:24:00,91.4,0.98,8.19,1.638
4841,9,2025-02-03 17:24:00,90.7,4.19,9.4,1.88
4842,10,2025-02-03 17:24:00,39.4,7.86,8.72,1.744
4843,11,2025-02-03 17:24:00,47.8,5.5,25.32,5.064
4844,12,2025-02-03 17:24:00,35.7,5.56,15.38,3.076
4845,13,2025-02-03 17:24:00,96.1,4.85,9.54,1.908
4846,14,2025-02-03 17:24:00,62.6,0.64,13.18,2.636
4847,15,2025-02-03 17:24:00,40.7,6.0,10.86,2.172
4848,16,2025-02-03 17:24:00,77.9,3.81,10.5,2.1
4849,1,2025-02-03 17:36:00,55.7,1.63,4.9,0.98
4850,2,2025-02-03 17:36:00,88.5,4.18,9.48,1.896
4851,3,2025-02-03 17:36:00,76.8,4.45,9.21,1.842
4852,4,2025-02-03 17:36:00,71.7,4.96,11.28,2.256
4853,5,2025-02-03 17:36:00,54.6,4.58,16.76,3.352
4854,6,2025-02-03 17:36:00,86.1,6.71,15.54,3.108
4855,7,2025-02-03 17:36:00,36.2,3.67,11.0,2.2
4856,8,2025-02-03 17:36:00,51.6,1.88,19.92,3.984
4857,9,2025-02-03 17:36:00,94.7,3.83,22.58,4.516
4858,10,2025-02-03 17:36:00,68.1,2.22,7.26,1.452
4859,11,2025-02-03 17:36:00,34.1,2.05,25.1,5.02
4860,12,2025-02-03 17:36:00,71.0,5.57,17.97,3.594
4861,13,2025-02-03 17:36:00,62.6,0.74,19.2,3.84
4862,14,2025-02-03 17:36:00,34.9,7.14,17.74,3.548
4863,15,2025-02-03 17:36:00,73.4,5.57,18.1,3.62
4864,16,2025-02-03 17:36:00,79.9,8.07,15.41,3.082
4865,1,2025-02-03 17:48:00,51.6,6.6,9.05,1.81
4866,2,2025-02-03 17:48:00,69.7,0.66,3.82,0.764
4867,3,2025-02-03 17:48:00,51.4,6.17,9.86,1.972
4868,4,2025-02-03 17:48:00,57.1,0.38,12.03,2.406
4869,5,2025-02-03 17:48:00,68.9,2.96,15.48,3.096
4870,6,2025-02-03 17:48:00,75.9,0.78,9.26,1.852
4871,7,2025-02-03 17:48:00,35.4,0.99,7.73,1.546
4872,8,2025-02-03 17:48:00,35.7,6.66,17.8,3.56
4873,9,2025-02-03 17:48:00,64.2,1.46,8.22,1.644
4874,10,2025-02-03 17:48:00,76.1,6.15,20.43,4.086
4875,11,2025-02-03 17:48:00,62.6,0.76,8.98,1.796
4876,12,2025-02-03 17:48:00,42.5,4.99,21.78,4.356
4877,13,2025-02-03 17:48:00,44.6,1.42,17.78,3.556
4878,14,2025-02-03 17:48:00,39.5,3.41,11.89,2.378
4879,15,2025-02-03 17:48:00,83.0,7.54,12.57,2.514
4880,16,2025-02-03 17:48:00,48.2,5.39,17.39,3.478
4881,1,2025-02-03 18:00:00,35.2,3.63,10.87,2.174
4882,2,2025-02-03 18:00:00,68.2,4.08,12.65,2.53
4883,3,2025-02-03 18:00:00,83.3,2.75,8.87,1.774
4884,4,2025-02-03 18:00:00,89.5,3.15,7.07,1.414
4885,5,2025-02-03 18:00:00,46.7,3.46,6.18,1.236
4886,6,2025-02-03 18:00:00,73.4,0.97,11.55,2.31
4887,7,2025-02-03 18:00:00,57.2,6.28,16.02,3.204
4888,8,2025-02-03 18:00:00,65.9,4.55,12.13,2.426
4889,9,2025-02-03 18:00:00,40.8,1.5,21.03,4.206
4890,10,2025-02-03 18:00:00,37.6,7.65,21.24,4.248
4891,11,2025-02-03 18:00:00,39.6,6.09,25.13,5.026
4892,12,2025-02-03 18:00:00,86.2,3.27,21.79,4.358
4893,13,2025-02-03 18:00:00,35.1,4.49,8.9,1.78
4894,14,2025-02-03 18:00:00,42.1,4.83,27.15,5.43
4895,15,2025-02-03 18:00:00,52.0,7.76,26.34,5.268
4896,16,2025-02-03 18:00:00,41.6,2.69,21.01,4.202
4897,1,2025-02-03 18:12:00,45.0,5.55,11.53,2.306
4898,2,2025-02-03 18:12:00,69.6,7.14,12.18,2.436
4899,3,2025-02-03 18:12:00,81.5,7.87,14.2,2.84
4900,4,2025-02-03 18:12:00,38.8,3.07,15.86,3.172
4901,5,2025-02-03 18:12:00,90.7,1.26,11.19,2.238
4902,6,2025-02-03 18:12:00,49.6,5.1,17.53,3.506
4903,7,2025-02-03 18:12:00,96.9,2.83,7.59,1.518
4904,8,2025-02-03 18:12:00,83.4,3.2,13.4,2.68
4905,9,2025-02-03 18:12:00,71.4,2.73,21.57,4.314
4906,10,2025-02-03 18:12:00,69.3,0.92,9.59,1.918
4907,11,2025-02-03 18:12:00,75.9,6.73,24.13,4.826
4908,12,2025-02-03 18:12:00,42.1,5.92,10.47,2.094
4909,13,2025-02-03 18:12:00,56.4,1.37,16.2,3.24
4910,14,2025-02-03 18:12:00,57.1,2.6,11.54,2.308
4911,15,2025-02-03 18:12:00,60.6,1.35,26.62,5.324
4912,16,2025-02-03 18:12:00,73.0,2.81,19.24,3.848
4913,1,2025-02-03 18:24:00,67.9,1.44,6.35,1.27
4914,2,2025-02-03 18:24:00,88.2,5.41,7.22,1.444
4915,3,2025-02-03 18:24:00,82.9,3.19,12.7,2.54
4916,4,2025-02-03 18:24:00,66.3,6.76,8.29,1.658
4917,5,2025-02-03 18:24:00,82.1,1.3,10.59,2.118
4918,6,2025-02-03 18:24:00,82.0,5.12,8.93,1.786
4919,7,2025-02-03 18:24:00,40.6,0.6,6.34,1.268
4920,8,2025-02-03 18:24:00,91.6,4.67,19.21,3.842
4921,9,2025-02-03 18:24:00,51.0,0.48,18.35,3.67
4922,10,2025-02-03 18:24:00,61.9,2.58,21.62,4.324
4923,11,2025-02-03 18:24:00,56.2,0.98,15.74,3.148
4924,12,2025-02-03 18:24:00,97.3,3.94,26.74,5.348
4925,13,2025-02-03 18:24:00,88.6,5.74,20.38,4.076
4926,14,2025-02-03 18:24:00,55.0,0.76,13.24,2.648
4927,15,2025-02-03 18:24:00,40.8,2.91,16.67,3.334
4928,16,2025-02-03 18:24:00,46.7,4.66,30.95,6.19
4929,1,2025-02-03 18:36:00,51.6,5.92,6.09,1.218
4930,2,2025-02-03 18:36:00,39.1,0.31,6.15,1.23
4931,3,2025-02-03 18:36:00,97.6,2.37,9.03,1.806
4932,4,2025-02-03 18:36:00,67.4,6.73,14.59,2.918
4933,5,2025-02-03 18:36:00,81.2,2.88,12.35,2.47
4934,6,2025-02-03 18:36:00,89.3,2.32,15.73,3.146
4935,7,2025-02-03 18:36:00,64.5,6.99,17.65,3.53
4936,8,2025-02-03 18:36:00,90.6,1.36,21.01,4.202
4937,9,2025-02-03 18:36:00,46.2,2.19,20.92,4.184
4938,10,2025-02-03 18:36:00,68.7,6.08,21.18,4.236
4939,11,2025-02-03 18:36:00,79.7,1.85,20.0,4.0
4940,12,2025-02-03 18:36:00,37.8,5.79,15.29,3.058
4941,13,2025-02-03 18:36:00,78.1,6.29,11.79,2.358
4942,14,2025-02-03 18:36:00,95.5,7.16,12.81,2.562
4943,15,2025-02-03 18:36:00,75.5,0.23,30.6,6.12
4944,16,2025-02-03 18:36:00,63.0,0.92,31.82,6.364
4945,1,2025-02-03 18:48:00,35.2,3.8,5.15,1.03
4946,2,2025-02-03 18:48:00,92.2,2.38,6.65,1.33
4947,3,2025-02-03 18:48:00,61.1,7.37,6.03,1.206
4948,4,2025-02-03 18:48:00,34.6,2.97,15.13,3.026
4949,5,2025-02-03 18:48:00,51.2,7.19,13.23,2.646
4950,6,2025-02-03 18:48:00,80.5,0.78,17.01,3.402
4951,7,2025-02-03 18:48:00,63.8,5.1,12.65,2.53
4952,8,2025-02-03 18:48:00,92.9,1.07,10.34,2.068
4953,9,2025-02-03 18:48:00,34.9,2.78,10.12,2.024
4954,10,2025-02-03 18:48:00,36.3,4.16,20.91,4.182
4955,11,2025-02-03 18:48:00,84.0,6.7,10.17,2.034
4956,12,2025-02-03 18:48:00,72.9,7.29,24.67,4.934
4957,13,2025-02-03 18:48:00,49.7,7.73,18.67,3.734
4958,14,2025-02-03 18:48:00,45.6,5.52,17.58,3.516
4959,15,2025-02-03 18:48:00,85.1,6.22,21.6,4.32
4960,16,2025-02-03 18:48:00,91.1,7.32,10.06,2.012
4961,1,2025-02-03 19:00:00,73.1,7.5,10.32,2.064
4962,2,2025-02-03 19:00:00,75.8,7.22,10.86,2.172
4963,3,2025-02-03 19:00:00,94.6,7.37,10.34,2.068
4964,4,2025-02-03 19:00:00,36.7,7.77,13.58,2.716
4965,5,2025-02-03 19:00:00,39.3,7.25,14.72,2.944
4966,6,2025-02-03 19:00:00,72.7,7.08,5.89,1.178
4967,7,2025-02-03 19:00:00,70.0,0.95,10.91,2.182
4968,8,2025-02-03 19:00:00,80.6,4.08,12.98,2.596
4969,9,2025-02-03 19:00:00,72.3,3.62,13.65,2.73
4970,10,2025-02-03 19:00:00,45.5,4.48,14.3,2.86
4971,11,2025-02-03 19:00:00,97.5,2.74,25.42,5.084
4972,12,2025-02-03 19:00:00,95.5,0.74,22.21,4.442
4973,13,2025-02-03 19:00:00,66.6,3.34,18.08,3.616
4974,14,2025-02-03 19:00:00,77.5,2.02,14.16,2.832
4975,15,2025-02-03 19:00:00,90.5,7.42,27.78,5.556
4976,16,2025-02-03 19:00:00,40.1,7.49,30.04,6.008
4977,1,2025-02-03 19:12:00,89.0,2.77,6.12,1.224
4978,2,2025-02-03 19:12:00,95.9,5.27,9.92,1.984
4979,3,2025-02-03 19:12:00,46.8,2.74,7.3,1.46
4980,4,2025-02-03 19:12:00,39.7,4.22,12.67,2.534
4981,5,2025-02-03 19:12:00,51.4,6.75,5.5,1.1
4982,6,2025-02-03 19:12:00,77.4,4.62,11.79,2.358
4983,7,2025-02-03 19:12:00,89.7,4.1,6.12,1.224
4984,8,2025-02-03 19:12:00,88.0,6.34,10.95,2.19
4985,9,2025-02-03 19:12:00,70.3,3.57,8.91,1.782
4986,10,2025-02-03 19:12:00,44.3,6.94,18.25,3.65
4987,11,2025-02-03 19:12:00,94.5,0.58,21.75,4.35
4988,12,2025-02-03 19:12:00,51.7,0.87,23.78,4.756
4989,13,2025-02-03 19:12:00,55.2,3.82,8.21,1.642
4990,14,2025-02-03 19:12:00,52.4,7.15,18.92,3.784
4991,15,2025-02-03 19:12:00,94.3,3.92,25.53,5.106
4992,16,2025-02-03 19:12:00,39.2,7.23,13.62,2.724
4993,1,2025-02-03 19:24:00,89.7,0.68,8.78,1.756
4994,2,2025-02-03 19:24:00,40.2,6.55,8.92,1.784
4995,3,2025-02-03 19:24:00,39.7,3.77,9.6,1.92
4996,4,2025-02-03 19:24:00,40.8,5.7,4.77,0.954
4997,5,2025-02-03 19:24:00,88.8,0.98,9.93,1.986
4998,6,2025-02-03 19:24:00,56.4,4.38,14.95,2.99
4999,7,2025-02-03 19:24:00,90.1,0.74,14.51,2.902
5000,8,2025-02-03 19:24:00,52.4,4.95,15.01,3.002
5001,9,2025-02-03 19:24:00,35.4,3.35,9.28,1.856
5002,10,2025-02-03 19:24:00,61.3,4.79,15.49,3.098
5003,11,2025-02-03 19:24:00,48.8,5.2,14.72,2.944
5004,12,2025-02-03 19:24:00,37.6,5.42,21.71,4.342
5005,13,2025-02-03 19:24:00,54.9,5.75,25.92,5.184
5006,14,2025-02-03 19:24:00,89.0,3.62,18.02,3.604
5007,15,2025-02-03 19:24:00,58.4,2.22,18.34,3.668
5008,16,2025-02-03 19:24:00,76.2,2.03,24.73,4.946
5009,1,2025-02-03 19:36:00,83.7,4.86,3.45,0.69
5010,2,2025-02-03 19:36:00,76.0,5.81,12.32,2.464
5011,3,2025-02-03 19:36:00,40.6,0.4,6.44,1.288
5012,4,2025-02-03 19:36:00,87.9,2.93,9.24,1.848
5013,5,2025-02-03 19:36:00,73.3,5.05,10.22,2.044
5014,6,2025-02-03 19:36:00,65.8,4.96,8.01,1.602
5015,7,2025-02-03 19:36:00,87.0,4.51,19.05,3.81
5016,8,2025-02-03 19:36:00,67.2,5.63,8.79,1.758
5017,9,2025-02-03 19:36:00,85.2,6.17,16.27,3.254
5018,10,2025-02-03 19:36:00,76.0,7.86,19.24,3.848
5019,11,2025-02-03 19:36:00,70.6,5.7,10.47,2.094
5020,12,2025-02-03 19:36:00,73.9,1.5,11.11,2.222
5021,13,2025-02-03 19:36:00,57.8,6.56,12.95,2.59
5022,14,2025-02-03 19:36:00,37.8,6.43,16.53,3.306
5023,15,2025-02-03 19:36:00,51.7,4.37,9.32,1.864
5024,16,2025-02-03 19:36:00,66.1,4.89,16.61,3.322
5025,1,2025-02-03 19:48:00,97.2,2.91,11.0,2.2
5026,2,2025-02-03 19:48:00,39.7,2.54,12.29,2.458
5027,3,2025-02-03 19:48:00,91.9,4.07,13.62,2.724
5028,4,2025-02-03 19:48:00,83.8,7.23,14.93,2.986
5029,5,2025-02-03 19:48:00,91.7,4.68,11.78,2.356
5030,6,2025-02-03 19:48:00,60.6,5.04,18.06,3.612
5031,7,2025-02-03 19:48:00,82.3,5.66,8.62,1.724
5032,8,2025-02-03 19:48:00,72.9,7.42,20.13,4.026
5033,9,2025-02-03 19:48:00,46.3,3.15,9.39,1.878
5034,10,2025-02-03 19:48:00,37.1,1.89,18.99,3.798
5035,11,2025-02-03 19:48:00,50.4,7.45,15.18,3.036
5036,12,2025-02-03 19:48:00,91.6,2.98,25.47,5.094
5037,13,2025-02-03 19:48:00,56.0,5.66,9.43,1.886
5038,14,2025-02-03 19:48:00,95.5,8.06,13.22,2.644
5039,15,2025-02-03 19:48:00,63.1,2.25,26.06,5.212
5040,16,2025-02-03 19:48:00,78.8,7.34,24.66,4.932
5041,1,2025-02-03 20:00:00,72.6,1.53,8.11,1.622
5042,2,2025-02-03 20:00:00,43.0,5.3,4.37,0.874
5043,3,2025-02-03 20:00:00,82.5,4.71,10.25,2.05
5044,4,2025-02-03 20:00:00,61.6,2.93,8.41,1.682
5045,5,2025-02-03 20:00:00,40.1,6.05,16.36,3.272
5046,6,2025-02-03 20:00:00,75.3,5.41,5.88,1.176
5047,7,2025-02-03 20:00:00,65.9,7.07,15.48,3.096
5048,8,2025-02-03 20:00:00,43.0,7.96,12.51,2.502
5049,9,2025-02-03 20:00:00,37.0,2.0,17.1,3.42
5050,10,2025-02-03 20:00:00,65.6,4.23,23.05,4.61
5051,11,2025-02-03 20:00:00,37.4,1.94,15.63,3.126
5052,12,2025-02-03 20:00:00,93.7,3.23,14.19,2.838
5053,13,2025-02-03 20:00:00,44.5,3.86,27.89,5.578
5054,14,2025-02-03 20:00:00,75.8,4.17,29.19,5.838
5055,15,2025-02-03 20:00:00,59.6,5.58,9.15,1.83
5056,16,2025-02-03 20:00:00,46.9,2.11,17.8,3.56
5057,1,2025-02-03 20:12:00,66.5,1.1,4.65,0.93
5058,2,2025-02-03 20:12:00,64.1,3.28,4.55,0.91
5059,3,2025-02-03 20:12:00,48.4,2.55,11.11,2.222
5060,4,2025-02-03 20:12:00,57.3,5.6,7.57,1.514
5061,5,2025-02-03 20:12:00,89.8,1.7,12.73,2.546
5062,6,2025-02-03 20:12:00,55.1,0.32,5.96,1.192
5063,7,2025-02-03 20:12:00,90.0,3.01,17.38,3.476
5064,8,2025-02-03 20:12:00,66.8,5.44,12.54,2.508
5065,9,2025-02-03 20:12:00,75.0,3.23,11.37,2.274
5066,10,2025-02-03 20:12:00,65.9,2.89,14.18,2.836
5067,11,2025-02-03 20:12:00,39.2,2.83,25.33,5.066
5068,12,2025-02-03 20:12:00,63.0,5.95,11.37,2.274
5069,13,2025-02-03 20:12:00,76.6,0.71,12.54,2.508
5070,14,2025-02-03 20:12:00,77.1,2.59,25.72,5.144
5071,15,2025-02-03 20:12:00,92.0,2.93,18.17,3.634
5072,16,2025-02-03 20:12:00,77.2,5.18,16.39,3.278
5073,1,2025-02-03 20:24:00,46.1,1.2,5.32,1.064
5074,2,2025-02-03 20:24:00,64.9,0.74,9.39,1.878
5075,3,2025-02-03 20:24:00,55.0,5.7,6.55,1.31
5076,4,2025-02-03 20:24:00,51.0,2.29,11.65,2.33
5077,5,2025-02-03 20:24:00,38.4,5.26,6.46,1.292
5078,6,2025-02-03 20:24:00,66.3,3.59,10.34,2.068
5079,7,2025-02-03 20:24:00,74.4,0.93,14.64,2.928
5080,8,2025-02-03 20:24:00,84.0,4.77,17.88,3.576
5081,9,2025-02-03 20:24:00,94.3,3.29,9.74,1.948
5082,10,2025-02-03 20:24:00,89.2,0.24,9.34,1.868
5083,11,2025-02-03 20:24:00,59.2,4.93,17.01,3.402
5084,12,2025-02-03 20:24:00,53.7,0.26,20.25,4.05
5085,13,2025-02-03 20:24:00,77.7,6.22,18.11,3.622
5086,14,2025-02-03 20:24:00,37.1,4.81,8.73,1.746
5087,15,2025-02-03 20:24:00,81.9,5.93,30.9,6.18
5088,16,2025-02-03 20:24:00,42.3,5.28,18.17,3.634
5089,1,2025-02-03 20:36:00,68.0,0.91,4.44,0.888
5090,2,2025-02-03 20:36:00,73.9,0.75,12.04,2.408
5091,3,2025-02-03 20:36:00,35.3,6.02,5.14,1.028
5092,4,2025-02-03 20:36:00,93.2,4.64,14.14,2.828
5093,5,2025-02-03 20:36:00,51.0,4.05,14.14,2.828
5094,6,2025-02-03 20:36:00,96.2,1.73,13.85,2.77
5095,7,2025-02-03 20:36:00,71.9,4.42,13.15,2.63
5096,8,2025-02-03 20:36:00,40.5,1.45,12.46,2.492
5097,9,2025-02-03 20:36:00,39.1,1.54,10.1,2.02
5098,10,2025-02-03 20:36:00,75.4,2.84,16.2,3.24
5099,11,2025-02-03 20:36:00,91.8,6.85,17.96,3.592
5100,12,2025-02-03 20:36:00,63.1,3.33,11.02,2.204
5101,13,2025-02-03 20:36:00,68.6,6.36,22.33,4.466
5102,14,2025-02-03 20:36:00,41.6,4.51,28.14,5.628
5103,15,2025-02-03 20:36:00,73.9,3.93,15.63,3.126
5104,16,2025-02-03 20:36:00,61.4,5.92,25.7,5.14
5105,1,2025-02-03 20:48:00,75.5,7.43,7.05,1.41
5106,2,2025-02-03 20:48:00,45.2,7.24,13.06,2.612
5107,3,2025-02-03 20:48:00,75.6,1.78,8.06,1.612
5108,4,2025-02-03 20:48:00,63.7,3.56,11.88,2.376
5109,5,2025-02-03 20:48:00,94.1,2.6,15.76,3.152
5110,6,2025-02-03 20:48:00,53.3,0.59,9.16,1.832
5111,7,2025-02-03 20:48:00,50.8,3.24,12.2,2.44
5112,8,2025-02-03 20:48:00,44.8,6.85,9.12,1.824
5113,9,2025-02-03 20:48:00,62.3,3.28,20.93,4.186
5114,10,2025-02-03 20:48:00,59.0,7.02,17.17,3.434
5115,11,2025-02-03 20:48:00,57.9,5.53,9.84,1.968
5116,12,2025-02-03 20:48:00,70.0,6.8,18.65,3.73
5117,13,2025-02-03 20:48:00,53.4,3.94,16.79,3.358
5118,14,2025-02-03 20:48:00,81.5,0.78,25.54,5.108
5119,15,2025-02-03 20:48:00,68.6,2.58,12.41,2.482
5120,16,2025-02-03 20:48:00,79.9,5.05,13.4,2.68
5121,1,2025-02-03 21:00:00,76.9,3.79,9.58,1.916
5122,2,2025-02-03 21:00:00,44.5,6.24,8.95,1.79
5123,3,2025-02-03 21:00:00,78.3,7.17,8.66,1.732
5124,4,2025-02-03 21:00:00,60.7,4.09,9.77,1.954
5125,5,2025-02-03 21:00:00,40.9,7.63,9.06,1.812
5126,6,2025-02-03 21:00:00,47.8,7.24,12.51,2.502
5127,7,2025-02-03 21:00:00,72.7,4.85,9.56,1.912
5128,8,2025-02-03 21:00:00,53.2,5.78,20.84,4.168
5129,9,2025-02-03 21:00:00,38.1,0.38,21.83,4.366
5130,10,2025-02-03 21:00:00,89.5,3.82,7.72,1.544
5131,11,2025-02-03 21:00:00,36.6,0.78,19.45,3.89
5132,12,2025-02-03 21:00:00,95.7,4.37,7.86,1.572
5133,13,2025-02-03 21:00:00,67.2,1.57,26.17,5.234
5134,14,2025-02-03 21:00:00,90.5,4.45,10.4,2.08
5135,15,2025-02-03 21:00:00,49.1,2.7,28.02,5.604
5136,16,2025-02-03 21:00:00,86.4,6.66,30.46,6.092
5137,1,2025-02-03 21:12:00,88.0,3.31,8.59,1.718
5138,2,2025-02-03 21:12:00,64.7,4.36,12.55,2.51
5139,3,2025-02-03 21:12:00,50.5,0.75,5.31,1.062
5140,4,2025-02-03 21:12:00,44.3,2.44,14.34,2.868
5141,5,2025-02-03 21:12:00,92.2,7.77,7.22,1.444
5142,6,2025-02-03 21:12:00,60.9,4.32,16.02,3.204
5143,7,2025-02-03 21:12:00,54.8,2.27,10.37,2.074
5144,8,2025-02-03 21:12:00,53.3,5.63,18.98,3.796
5145,9,2025-02-03 21:12:00,87.7,2.26,15.76,3.152
5146,10,2025-02-03 21:12:00,69.7,4.03,19.41,3.882
5147,11,2025-02-03 21:12:00,37.0,1.13,15.54,3.108
5148,12,2025-02-03 21:12:00,49.4,5.54,13.9,2.78
5149,13,2025-02-03 21:12:00,70.2,4.05,8.34,1.668
5150,14,2025-02-03 21:12:00,63.9,0.83,21.05,4.21
5151,15,2025-02-03 21:12:00,40.6,0.31,20.42,4.084
5152,16,2025-02-03 21:12:00,96.9,4.73,25.27,5.054
5153,1,2025-02-03 21:24:00,53.2,3.97,11.23,2.246
5154,2,2025-02-03 21:24:00,47.7,4.09,7.85,1.57
5155,3,2025-02-03 21:24:00,59.2,1.83,5.42,1.084
5156,4,2025-02-03 21:24:00,71.7,5.46,7.59,1.518
5157,5,2025-02-03 21:24:00,44.5,3.08,6.05,1.21
5158,6,2025-02-03 21:24:00,51.9,7.32,15.26,3.052
5159,7,2025-02-03 21:24:00,80.0,1.48,19.88,3.976
5160,8,2025-02-03 21:24:00,81.4,7.3,19.37,3.874
5161,9,2025-02-03 21:24:00,51.8,4.75,12.44,2.488
5162,10,2025-02-03 21:24:00,85.5,5.7,15.82,3.164
5163,11,2025-02-03 21:24:00,79.9,1.67,23.91,4.782
5164,12,2025-02-03 21:24:00,35.8,6.17,20.22,4.044
5165,13,2025-02-03 21:24:00,65.2,6.01,24.02,4.804
5166,14,2025-02-03 21:24:00,70.8,1.66,14.55,2.91
5167,15,2025-02-03 21:24:00,42.4,1.41,12.62,2.524
5168,16,2025-02-03 21:24:00,73.2,2.64,20.56,4.112
5169,1,2025-02-03 21:36:00,69.4,0.58,8.71,1.742
5170,2,2025-02-03 21:36:00,38.4,3.62,9.57,1.914
5171,3,2025-02-03 21:36:00,44.4,7.62,13.22,2.644
5172,4,2025-02-03 21:36:00,59.1,1.68,13.56,2.712
5173,5,2025-02-03 21:36:00,95.8,0.26,8.26,1.652
5174,6,2025-02-03 21:36:00,55.1,4.3,10.68,2.136
5175,7,2025-02-03 21:36:00,61.5,3.75,9.09,1.818
5176,8,2025-02-03 21:36:00,46.3,7.38,15.58,3.116
5177,9,2025-02-03 21:36:00,86.8,2.67,19.52,3.904
5178,10,2025-02-03 21:36:00,44.2,3.04,15.62,3.124
5179,11,2025-02-03 21:36:00,63.5,4.63,12.3,2.46
5180,12,2025-02-03 21:36:00,59.5,1.51,18.28,3.656
5181,13,2025-02-03 21:36:00,72.5,3.75,15.29,3.058
5182,14,2025-02-03 21:36:00,36.7,7.87,22.29,4.458
5183,15,2025-02-03 21:36:00,62.7,6.3,13.59,2.718
5184,16,2025-02-03 21:36:00,34.8,7.38,24.81,4.962
5185,1,2025-02-03 21:48:00,54.8,1.36,10.65,2.13
5186,2,2025-02-03 21:48:00,50.8,2.15,5.09,1.018
5187,3,2025-02-03 21:48:00,86.1,0.65,6.01,1.202
5188,4,2025-02-03 21:48:00,76.6,1.15,8.14,1.628
5189,5,2025-02-03 21:48:00,48.2,5.23,12.29,2.458
5190,6,2025-02-03 21:48:00,34.2,5.42,12.84,2.568
5191,7,2025-02-03 21:48:00,45.5,6.29,9.33,1.866
5192,8,2025-02-03 21:48:00,56.8,5.23,19.67,3.934
5193,9,2025-02-03 21:48:00,52.8,4.61,14.16,2.832
5194,10,2025-02-03 21:48:00,89.6,2.85,20.01,4.002
5195,11,2025-02-03 21:48:00,76.8,7.99,7.64,1.528
5196,12,2025-02-03 21:48:00,41.4,0.47,14.46,2.892
5197,13,2025-02-03 21:48:00,47.4,4.16,16.27,3.254
5198,14,2025-02-03 21:48:00,36.8,2.82,19.88,3.976
5199,15,2025-02-03 21:48:00,72.5,5.12,22.84,4.568
5200,16,2025-02-03 21:48:00,48.4,0.4,23.73,4.746
