reading_id,machine_id,recorded_at,temperature_c,vibration_rms,power_kw,energy_kwh
1,1,2025-03-01 06:00:00,40.7,5.48,7.73,1.933
2,2,2025-03-01 06:00:00,68.4,6.43,7.93,1.982
3,3,2025-03-01 06:00:00,74.1,1.58,4.59,1.147
4,4,2025-03-01 06:00:00,49.2,6.37,13.66,3.415
5,5,2025-03-01 06:00:00,81.8,1.46,14.44,3.61
6,6,2025-03-01 06:00:00,62.6,2.85,16.27,4.067
7,7,2025-03-01 06:00:00,40.0,0.42,11.41,2.853
8,8,2025-03-01 06:00:00,44.4,3.08,17.92,4.48
9,9,2025-03-01 06:00:00,83.7,6.19,19.32,4.83
10,10,2025-03-01 06:00:00,90.0,1.49,14.43,3.607
11,11,2025-03-01 06:00:00,75.2,4.81,12.92,3.23
12,12,2025-03-01 06:00:00,69.0,5.47,15.43,3.857
13,1,2025-03-01 06:15:00,92.0,2.38,7.52,1.88
14,2,2025-03-01 06:15:00,89.5,2.41,6.83,1.708
15,3,2025-03-01 06:15:00,91.1,0.44,8.43,2.107
16,4,2025-03-01 06:15:00,67.9,0.76,12.87,3.217
17,5,2025-03-01 06:15:00,48.0,1.81,9.73,2.433
18,6,2025-03-01 06:15:00,53.2,2.5,7.01,1.752
19,7,2025-03-01 06:15:00,60.8,4.84,14.33,3.583
20,8,2025-03-01 06:15:00,83.2,6.35,13.82,3.455
21,9,2025-03-01 06:15:00,78.7,2.88,11.4,2.85
22,10,2025-03-01 06:15:00,59.1,1.52,9.18,2.295
23,11,2025-03-01 06:15:00,46.4,4.69,10.93,2.732
24,12,2025-03-01 06:15:00,82.4,3.11,15.16,3.79
25,1,2025-03-01 06:30:00,62.8,4.66,3.83,0.958
26,2,2025-03-01 06:30:00,79.3,0.82,5.11,1.278
27,3,2025-03-01 06:30:00,39.4,2.61,9.74,2.435
28,4,2025-03-01 06:30:00,50.5,2.73,6.34,1.585
29,5,2025-03-01 06:30:00,48.8,1.52,10.32,2.58
30,6,2025-03-01 06:30:00,59.0,2.4,10.9,2.725
31,7,2025-03-01 06:30:00,43.6,5.02,12.56,3.14
32,8,2025-03-01 06:30:00,62.1,2.62,10.1,2.525
33,9,2025-03-01 06:30:00,40.4,6.28,12.59,3.147
34,10,2025-03-01 06:30:00,39.7,4.25,22.76,5.69
35,11,2025-03-01 06:30:00,91.7,5.33,20.7,5.175
36,12,2025-03-01 06:30:00,87.3,0.9,21.48,5.37
37,1,2025-03-01 06:45:00,77.9,3.49,6.77,1.692
38,2,2025-03-01 06:45:00,74.9,6.3,5.22,1.305
39,3,2025-03-01 06:45:00,67.4,3.53,7.72,1.93
40,4,2025-03-01 06:45:00,82.1,1.33,7.9,1.975
41,5,2025-03-01 06:45:00,54.3,4.63,13.78,3.445
42,6,2025-03-01 06:45:00,68.5,4.3,13.63,3.408
43,7,2025-03-01 06:45:00,45.7,4.37,9.86,2.465
44,8,2025-03-01 06:45:00,54.9,5.67,8.13,2.033
45,9,2025-03-01 06:45:00,81.4,2.52,21.5,5.375
46,10,2025-03-01 06:45:00,56.2,5.46,21.46,5.365
47,11,2025-03-01 06:45:00,73.3,6.32,12.35,3.087
48,12,2025-03-01 06:45:00,89.3,0.8,24.83,6.207
49,1,2025-03-01 07:00:00,65.2,2.78,5.01,1.252
50,2,2025-03-01 07:00:00,69.9,4.7,8.48,2.12
51,3,2025-03-01 07:00:00,78.4,2.43,5.47,1.367
52,4,2025-03-01 07:00:00,73.8,5.61,10.25,2.562
53,5,2025-03-01 07:00:00,82.1,1.67,12.41,3.103
54,6,2025-03-01 07:00:00,76.0,4.93,7.65,1.913
55,7,2025-03-01 07:00:00,65.5,1.96,7.33,1.833
56,8,2025-03-01 07:00:00,90.4,2.32,14.95,3.737
57,9,2025-03-01 07:00:00,57.1,2.17,18.94,4.735
58,10,2025-03-01 07:00:00,53.4,3.51,19.97,4.992
59,11,2025-03-01 07:00:00,60.4,1.2,20.09,5.022
60,12,2025-03-01 07:00:00,39.9,0.71,26.51,6.628
61,1,2025-03-01 07:15:00,66.9,1.48,8.53,2.132
62,2,2025-03-01 07:15:00,48.6,1.31,9.95,2.487
63,3,2025-03-01 07:15:00,47.2,5.94,10.25,2.562
64,4,2025-03-01 07:15:00,58.5,4.46,7.48,1.87
65,5,2025-03-01 07:15:00,44.2,6.29,7.86,1.965
66,6,2025-03-01 07:15:00,81.7,3.89,11.94,2.985
67,7,2025-03-01 07:15:00,45.1,5.79,12.38,3.095
68,8,2025-03-01 07:15:00,60.9,1.12,19.42,4.855
69,9,2025-03-01 07:15:00,80.7,1.56,11.41,2.853
70,10,2025-03-01 07:15:00,61.0,5.23,10.05,2.513
71,11,2025-03-01 07:15:00,76.4,0.77,15.46,3.865
72,12,2025-03-01 07:15:00,68.8,1.7,14.71,3.678
73,1,2025-03-01 07:30:00,64.1,2.35,7.8,1.95
74,2,2025-03-01 07:30:00,74.6,4.69,7.37,1.843
75,3,2025-03-01 07:30:00,47.6,3.5,11.8,2.95
76,4,2025-03-01 07:30:00,53.1,4.48,6.4,1.6
77,5,2025-03-01 07:30:00,66.5,5.3,9.63,2.408
78,6,2025-03-01 07:30:00,60.8,2.2,9.16,2.29
79,7,2025-03-01 07:30:00,39.7,4.64,15.31,3.828
80,8,2025-03-01 07:30:00,77.4,3.19,19.74,4.935
81,9,2025-03-01 07:30:00,83.4,3.05,21.09,5.272
82,10,2025-03-01 07:30:00,78.2,2.59,22.07,5.518
83,11,2025-03-01 07:30:00,60.0,0.8,22.93,5.732
84,12,2025-03-01 07:30:00,68.1,3.2,15.71,3.928
85,1,2025-03-01 07:45:00,43.7,5.46,4.61,1.153
86,2,2025-03-01 07:45:00,80.7,1.04,4.54,1.135
87,3,2025-03-01 07:45:00,55.8,2.47,9.46,2.365
88,4,2025-03-01 07:45:00,48.8,2.27,11.3,2.825
89,5,2025-03-01 07:45:00,83.9,2.69,14.52,3.63
90,6,2025-03-01 07:45:00,71.5,4.69,8.49,2.123
91,7,2025-03-01 07:45:00,53.5,1.48,7.85,1.962
92,8,2025-03-01 07:45:00,82.1,5.02,9.18,2.295
93,9,2025-03-01 07:45:00,54.4,4.36,21.98,5.495
94,10,2025-03-01 07:45:00,86.5,0.59,23.71,5.928
95,11,2025-03-01 07:45:00,70.7,1.84,15.97,3.993
96,12,2025-03-01 07:45:00,91.1,2.07,16.87,4.218
97,1,2025-03-01 08:00:00,38.5,2.44,8.5,2.125
98,2,2025-03-01 08:00:00,58.2,4.45,8.1,2.025
99,3,2025-03-01 08:00:00,44.5,3.68,11.59,2.897
100,4,2025-03-01 08:00:00,60.9,5.24,9.99,2.498
101,5,2025-03-01 08:00:00,46.6,1.42,7.76,1.94
102,6,2025-03-01 08:00:00,73.8,3.91,16.88,4.22
103,7,2025-03-01 08:00:00,88.1,5.57,18.72,4.68
104,8,2025-03-01 08:00:00,57.2,0.73,18.52,4.63
105,9,2025-03-01 08:00:00,68.4,0.55,20.18,5.045
106,10,2025-03-01 08:00:00,53.1,5.08,14.18,3.545
107,11,2025-03-01 08:00:00,42.8,1.86,9.62,2.405
108,12,2025-03-01 08:00:00,72.9,4.64,10.09,2.522
109,1,2025-03-01 08:15:00,40.1,2.57,3.5,0.875
110,2,2025-03-01 08:15:00,54.4,4.24,8.36,2.09
111,3,2025-03-01 08:15:00,40.0,4.1,6.44,1.61
112,4,2025-03-01 08:15:00,56.8,0.45,5.96,1.49
113,5,2025-03-01 08:15:00,90.9,6.26,8.98,2.245
114,6,2025-03-01 08:15:00,62.7,1.36,13.46,3.365
115,7,2025-03-01 08:15:00,80.5,4.49,18.37,4.593
116,8,2025-03-01 08:15:00,44.4,1.03,10.14,2.535
117,9,2025-03-01 08:15:00,64.5,1.3,13.6,3.4
118,10,2025-03-01 08:15:00,72.2,3.21,22.97,5.742
119,11,2025-03-01 08:15:00,68.3,1.06,17.01,4.253
120,12,2025-03-01 08:15:00,62.7,0.55,17.53,4.383
121,1,2025-03-01 08:30:00,51.7,0.8,8.76,2.19
122,2,2025-03-01 08:30:00,69.7,4.4,6.22,1.555
123,3,2025-03-01 08:30:00,45.1,1.77,9.44,2.36
124,4,2025-03-01 08:30:00,89.5,2.75,6.07,1.518
125,5,2025-03-01 08:30:00,56.8,6.37,6.69,1.673
126,6,2025-03-01 08:30:00,60.4,1.91,17.22,4.305
127,7,2025-03-01 08:30:00,77.9,3.09,10.14,2.535
128,8,2025-03-01 08:30:00,70.5,6.31,12.99,3.248
129,9,2025-03-01 08:30:00,54.9,2.61,11.89,2.973
130,10,2025-03-01 08:30:00,75.9,2.71,10.33,2.583
131,11,2025-03-01 08:30:00,70.3,3.79,21.11,5.277
132,12,2025-03-01 08:30:00,83.1,3.37,16.64,4.16
133,1,2025-03-01 08:45:00,79.9,2.85,9.07,2.268
134,2,2025-03-01 08:45:00,69.4,6.05,7.91,1.978
135,3,2025-03-01 08:45:00,85.0,3.89,6.92,1.73
136,4,2025-03-01 08:45:00,45.3,6.1,5.76,1.44
137,5,2025-03-01 08:45:00,62.9,4.04,9.42,2.355
138,6,2025-03-01 08:45:00,60.2,0.92,13.24,3.31
139,7,2025-03-01 08:45:00,39.1,3.03,7.92,1.98
140,8,2025-03-01 08:45:00,42.4,3.23,9.72,2.43
141,9,2025-03-01 08:45:00,91.9,4.77,18.95,4.737
142,10,2025-03-01 08:45:00,61.5,3.56,21.38,5.345
143,11,2025-03-01 08:45:00,80.8,3.87,11.73,2.933
144,12,2025-03-01 08:45:00,70.4,0.94,18.89,4.723
145,1,2025-03-01 09:00:00,48.4,5.17,7.43,1.857
146,2,2025-03-01 09:00:00,61.0,5.48,10.09,2.522
147,3,2025-03-01 09:00:00,40.4,5.41,10.32,2.58
148,4,2025-03-01 09:00:00,51.8,4.5,6.35,1.587
149,5,2025-03-01 09:00:00,89.2,5.56,10.92,2.73
150,6,2025-03-01 09:00:00,53.2,0.53,12.3,3.075
151,7,2025-03-01 09:00:00,48.9,3.26,14.69,3.672
152,8,2025-03-01 09:00:00,51.0,5.79,8.55,2.138
153,9,2025-03-01 09:00:00,91.0,5.73,20.4,5.1
154,10,2025-03-01 09:00:00,48.1,2.34,12.83,3.208
155,11,2025-03-01 09:00:00,44.7,1.61,14.8,3.7
156,12,2025-03-01 09:00:00,80.5,4.22,18.64,4.66
157,1,2025-03-01 09:15:00,41.6,6.03,7.63,1.907
158,2,2025-03-01 09:15:00,54.2,5.1,7.99,1.998
159,3,2025-03-01 09:15:00,79.6,0.43,5.94,1.485
160,4,2025-03-01 09:15:00,74.1,6.2,11.5,2.875
161,5,2025-03-01 09:15:00,46.0,2.52,6.5,1.625
162,6,2025-03-01 09:15:00,91.1,4.85,14.79,3.697
163,7,2025-03-01 09:15:00,44.1,4.8,18.41,4.603
164,8,2025-03-01 09:15:00,49.5,5.97,15.55,3.888
165,9,2025-03-01 09:15:00,61.1,3.71,13.6,3.4
166,10,2025-03-01 09:15:00,50.9,4.89,20.39,5.098
167,11,2025-03-01 09:15:00,39.2,4.38,21.15,5.287
168,12,2025-03-01 09:15:00,60.7,2.58,20.79,5.197
169,1,2025-03-01 09:30:00,51.3,4.29,4.27,1.067
170,2,2025-03-01 09:30:00,56.7,3.24,4.17,1.042
171,3,2025-03-01 09:30:00,65.5,6.23,9.76,2.44
172,4,2025-03-01 09:30:00,62.6,5.94,10.64,2.66
173,5,2025-03-01 09:30:00,51.6,4.87,10.67,2.667
174,6,2025-03-01 09:30:00,86.7,3.29,8.37,2.092
175,7,2025-03-01 09:30:00,75.9,5.72,7.41,1.853
176,8,2025-03-01 09:30:00,75.7,5.81,12.99,3.248
177,9,2025-03-01 09:30:00,90.2,2.44,9.69,2.422
178,10,2025-03-01 09:30:00,70.0,1.12,14.84,3.71
179,11,2025-03-01 09:30:00,87.4,4.68,15.29,3.822
180,12,2025-03-01 09:30:00,77.7,2.24,18.27,4.567
181,1,2025-03-01 09:45:00,63.4,5.48,4.46,1.115
182,2,2025-03-01 09:45:00,52.0,3.17,8.93,2.232
183,3,2025-03-01 09:45:00,48.5,6.28,11.72,2.93
184,4,2025-03-01 09:45:00,80.2,6.14,10.0,2.5
185,5,2025-03-01 09:45:00,44.2,5.18,7.38,1.845
186,6,2025-03-01 09:45:00,81.2,3.38,7.89,1.972
187,7,2025-03-01 09:45:00,84.9,5.88,17.57,4.393
188,8,2025-03-01 09:45:00,67.6,5.23,12.42,3.105
189,9,2025-03-01 09:45:00,91.1,5.77,21.22,5.305
190,10,2025-03-01 09:45:00,63.7,2.66,8.78,2.195
191,11,2025-03-01 09:45:00,72.5,5.99,16.09,4.022
192,12,2025-03-01 09:45:00,73.9,3.82,23.18,5.795
193,1,2025-03-01 10:00:00,55.4,2.16,3.82,0.955
194,2,2025-03-01 10:00:00,73.6,3.97,6.83,1.708
195,3,2025-03-01 10:00:00,90.3,0.76,11.7,2.925
196,4,2025-03-01 10:00:00,72.6,1.6,12.17,3.042
197,5,2025-03-01 10:00:00,47.7,1.6,8.62,2.155
198,6,2025-03-01 10:00:00,62.7,5.17,12.62,3.155
199,7,2025-03-01 10:00:00,52.2,1.9,9.75,2.438
200,8,2025-03-01 10:00:00,52.3,1.51,13.43,3.357
201,9,2025-03-01 10:00:00,83.6,5.2,14.7,3.675
202,10,2025-03-01 10:00:00,47.3,4.15,14.63,3.658
203,11,2025-03-01 10:00:00,68.0,3.29,21.08,5.27
204,12,2025-03-01 10:00:00,82.1,4.05,16.79,4.197
205,1,2025-03-01 10:15:00,63.1,3.21,6.42,1.605
206,2,2025-03-01 10:15:00,59.8,4.14,4.05,1.012
207,3,2025-03-01 10:15:00,56.2,4.06,9.62,2.405
208,4,2025-03-01 10:15:00,45.6,0.84,8.08,2.02
209,5,2025-03-01 10:15:00,54.9,2.11,10.93,2.732
210,6,2025-03-01 10:15:00,78.0,0.68,10.83,2.708
211,7,2025-03-01 10:15:00,72.3,1.49,10.25,2.562
212,8,2025-03-01 10:15:00,85.4,3.06,13.7,3.425
213,9,2025-03-01 10:15:00,61.6,4.23,22.11,5.527
214,10,2025-03-01 10:15:00,76.5,2.2,10.06,2.515
215,11,2025-03-01 10:15:00,55.5,2.23,19.13,4.782
216,12,2025-03-01 10:15:00,76.3,1.93,10.72,2.68
217,1,2025-03-01 10:30:00,38.3,6.19,3.57,0.892
218,2,2025-03-01 10:30:00,47.7,2.24,5.66,1.415
219,3,2025-03-01 10:30:00,82.5,6.12,11.57,2.893
220,4,2025-03-01 10:30:00,46.3,3.08,8.46,2.115
221,5,2025-03-01 10:30:00,91.4,3.47,14.42,3.605
222,6,2025-03-01 10:30:00,65.8,3.85,14.18,3.545
223,7,2025-03-01 10:30:00,51.8,5.81,12.08,3.02
224,8,2025-03-01 10:30:00,62.4,1.65,16.47,4.117
225,9,2025-03-01 10:30:00,87.8,3.02,8.5,2.125
226,10,2025-03-01 10:30:00,53.6,5.29,19.29,4.822
227,11,2025-03-01 10:30:00,73.4,3.91,11.25,2.812
228,12,2025-03-01 10:30:00,88.9,1.89,22.25,5.562
229,1,2025-03-01 10:45:00,66.2,5.4,4.95,1.238
230,2,2025-03-01 10:45:00,39.8,1.18,8.33,2.083
231,3,2025-03-01 10:45:00,79.6,3.53,5.5,1.375
232,4,2025-03-01 10:45:00,84.0,0.97,12.34,3.085
233,5,2025-03-01 10:45:00,44.0,1.05,8.45,2.112
234,6,2025-03-01 10:45:00,66.2,4.33,14.02,3.505
235,7,2025-03-01 10:45:00,80.8,5.32,10.23,2.558
236,8,2025-03-01 10:45:00,90.9,1.75,17.12,4.28
237,9,2025-03-01 10:45:00,39.9,3.52,12.53,3.132
238,10,2025-03-01 10:45:00,58.3,6.0,11.01,2.752
239,11,2025-03-01 10:45:00,91.0,0.54,13.99,3.498
240,12,2025-03-01 10:45:00,68.1,2.12,20.06,5.015
241,1,2025-03-01 11:00:00,88.7,1.9,7.76,1.94
242,2,2025-03-01 11:00:00,75.5,1.1,7.94,1.985
243,3,2025-03-01 11:00:00,59.8,6.12,7.85,1.962
244,4,2025-03-01 11:00:00,63.1,4.92,6.99,1.748
245,5,2025-03-01 11:00:00,65.8,0.6,15.19,3.797
246,6,2025-03-01 11:00:00,41.9,3.65,16.04,4.01
247,7,2025-03-01 11:00:00,89.1,2.44,14.71,3.678
248,8,2025-03-01 11:00:00,90.5,5.29,19.18,4.795
249,9,2025-03-01 11:00:00,58.6,2.12,12.79,3.197
250,10,2025-03-01 11:00:00,47.4,1.9,20.58,5.145
251,11,2025-03-01 11:00:00,58.8,3.86,24.79,6.197
252,12,2025-03-01 11:00:00,54.4,5.6,19.07,4.768
253,1,2025-03-01 11:15:00,79.1,1.68,5.16,1.29
254,2,2025-03-01 11:15:00,77.8,3.33,10.41,2.603
255,3,2025-03-01 11:15:00,66.6,3.97,8.52,2.13
256,4,2025-03-01 11:15:00,71.2,3.23,13.94,3.485
257,5,2025-03-01 11:15:00,83.8,5.01,11.98,2.995
258,6,2025-03-01 11:15:00,48.0,3.53,16.86,4.215
259,7,2025-03-01 11:15:00,56.9,5.4,13.59,3.397
260,8,2025-03-01 11:15:00,60.7,4.22,15.42,3.855
261,9,2025-03-01 11:15:00,79.4,6.32,19.97,4.992
262,10,2025-03-01 11:15:00,86.2,3.03,17.09,4.272
263,11,2025-03-01 11:15:00,87.0,5.29,13.13,3.283
264,12,2025-03-01 11:15:00,59.9,1.93,22.9,5.725
265,1,2025-03-01 11:30:00,68.3,1.73,4.7,1.175
266,2,2025-03-01 11:30:00,53.7,1.23,6.43,1.607
267,3,2025-03-01 11:30:00,89.1,5.97,9.21,2.303
268,4,2025-03-01 11:30:00,79.0,5.37,8.85,2.212
269,5,2025-03-01 11:30:00,58.4,5.13,10.95,2.737
270,6,2025-03-01 11:30:00,72.2,2.64,15.13,3.783
271,7,2025-03-01 11:30:00,76.8,0.56,18.86,4.715
272,8,2025-03-01 11:30:00,62.4,0.52,14.33,3.583
273,9,2025-03-01 11:30:00,83.2,4.24,8.56,2.14
274,10,2025-03-01 11:30:00,58.7,3.33,21.43,5.357
275,11,2025-03-01 11:30:00,44.0,1.23,9.82,2.455
276,12,2025-03-01 11:30:00,55.0,0.98,23.67,5.918
277,1,2025-03-01 11:45:00,57.4,4.22,7.42,1.855
278,2,2025-03-01 11:45:00,46.6,1.03,8.78,2.195
279,3,2025-03-01 11:45:00,78.7,4.76,8.95,2.237
280,4,2025-03-01 11:45:00,87.5,1.66,8.41,2.103
281,5,2025-03-01 11:45:00,41.3,4.56,7.83,1.958
282,6,2025-03-01 11:45:00,82.4,5.62,14.83,3.708
283,7,2025-03-01 11:45:00,90.9,4.4,14.66,3.665
284,8,2025-03-01 11:45:00,67.7,1.99,19.02,4.755
285,9,2025-03-01 11:45:00,91.5,3.98,14.56,3.64
286,10,2025-03-01 11:45:00,86.7,6.33,12.42,3.105
287,11,2025-03-01 11:45:00,86.7,4.79,13.9,3.475
288,12,2025-03-01 11:45:00,57.9,5.11,11.99,2.998
289,1,2025-03-01 12:00:00,88.7,0.77,5.3,1.325
290,2,2025-03-01 12:00:00,52.7,5.69,4.84,1.21
291,3,2025-03-01 12:00:00,71.3,4.29,6.98,1.745
292,4,2025-03-01 12:00:00,52.6,4.74,5.81,1.452
293,5,2025-03-01 12:00:00,80.9,4.61,9.42,2.355
294,6,2025-03-01 12:00:00,65.7,5.06,6.52,1.63
295,7,2025-03-01 12:00:00,43.8,2.26,9.11,2.277
296,8,2025-03-01 12:00:00,57.9,1.45,13.4,3.35
297,9,2025-03-01 12:00:00,78.6,3.2,10.84,2.71
298,10,2025-03-01 12:00:00,68.7,3.31,10.03,2.507
299,11,2025-03-01 12:00:00,65.7,4.14,16.92,4.23
300,12,2025-03-01 12:00:00,78.4,4.54,25.58,6.395
301,1,2025-03-01 12:15:00,54.7,5.0,8.59,2.147
302,2,2025-03-01 12:15:00,61.8,5.77,8.85,2.212
303,3,2025-03-01 12:15:00,65.5,0.43,8.64,2.16
304,4,2025-03-01 12:15:00,88.8,5.33,5.34,1.335
305,5,2025-03-01 12:15:00,78.8,3.56,14.45,3.612
306,6,2025-03-01 12:15:00,85.5,3.12,12.49,3.123
307,7,2025-03-01 12:15:00,73.8,2.03,17.74,4.435
308,8,2025-03-01 12:15:00,48.2,6.49,7.97,1.992
309,9,2025-03-01 12:15:00,83.6,4.57,13.18,3.295
310,10,2025-03-01 12:15:00,91.4,3.15,15.2,3.8
311,11,2025-03-01 12:15:00,65.5,6.23,13.7,3.425
312,12,2025-03-01 12:15:00,68.4,0.53,15.89,3.973
313,1,2025-03-01 12:30:00,56.4,0.62,6.26,1.565
314,2,2025-03-01 12:30:00,71.8,2.13,9.93,2.482
315,3,2025-03-01 12:30:00,62.0,2.47,11.95,2.987
316,4,2025-03-01 12:30:00,62.0,3.48,12.92,3.23
317,5,2025-03-01 12:30:00,58.5,4.71,8.81,2.203
318,6,2025-03-01 12:30:00,78.6,1.51,16.94,4.235
319,7,2025-03-01 12:30:00,56.3,1.29,11.43,2.857
320,8,2025-03-01 12:30:00,50.3,2.0,11.87,2.967
321,9,2025-03-01 12:30:00,47.8,4.33,15.56,3.89
322,10,2025-03-01 12:30:00,78.9,1.0,15.61,3.902
323,11,2025-03-01 12:30:00,38.8,0.67,10.41,2.603
324,12,2025-03-01 12:30:00,38.4,3.51,25.37,6.343
325,1,2025-03-01 12:45:00,76.2,5.08,6.79,1.698
326,2,2025-03-01 12:45:00,68.2,4.96,6.58,1.645
327,3,2025-03-01 12:45:00,65.3,6.24,11.19,2.797
328,4,2025-03-01 12:45:00,47.5,5.14,6.64,1.66
329,5,2025-03-01 12:45:00,73.8,4.65,9.87,2.467
330,6,2025-03-01 12:45:00,45.3,1.59,8.33,2.083
331,7,2025-03-01 12:45:00,60.1,4.95,12.45,3.112
332,8,2025-03-01 12:45:00,50.6,3.7,19.31,4.827
333,9,2025-03-01 12:45:00,56.4,3.89,17.5,4.375
334,10,2025-03-01 12:45:00,77.7,5.65,13.84,3.46
335,11,2025-03-01 12:45:00,86.9,4.18,12.48,3.12
336,12,2025-03-01 12:45:00,86.7,3.28,23.12,5.78
337,1,2025-03-01 13:00:00,64.4,3.94,4.26,1.065
338,2,2025-03-01 13:00:00,58.5,0.95,7.98,1.995
339,3,2025-03-01 13:00:00,48.6,5.99,9.6,2.4
340,4,2025-03-01 13:00:00,81.5,4.52,12.86,3.215
341,5,2025-03-01 13:00:00,91.1,5.07,12.52,3.13
342,6,2025-03-01 13:00:00,42.5,4.77,12.71,3.178
343,7,2025-03-01 13:00:00,49.8,1.6,11.51,2.877
344,8,2025-03-01 13:00:00,54.6,1.08,16.27,4.067
345,9,2025-03-01 13:00:00,68.3,2.29,15.4,3.85
346,10,2025-03-01 13:00:00,39.7,1.7,13.72,3.43
347,11,2025-03-01 13:00:00,74.5,1.1,15.41,3.853
348,12,2025-03-01 13:00:00,50.6,2.15,14.04,3.51
349,1,2025-03-01 13:15:00,46.2,1.75,3.59,0.897
350,2,2025-03-01 13:15:00,86.7,4.86,9.49,2.373
351,3,2025-03-01 13:15:00,61.3,5.5,7.27,1.817
352,4,2025-03-01 13:15:00,79.8,0.7,10.03,2.507
353,5,2025-03-01 13:15:00,77.4,1.45,6.07,1.518
354,6,2025-03-01 13:15:00,45.2,2.56,8.87,2.217
355,7,2025-03-01 13:15:00,63.4,1.81,16.18,4.045
356,8,2025-03-01 13:15:00,55.2,6.43,10.87,2.717
357,9,2025-03-01 13:15:00,83.8,1.85,9.91,2.478
358,10,2025-03-01 13:15:00,47.4,0.69,14.56,3.64
359,11,2025-03-01 13:15:00,65.6,3.49,14.27,3.567
360,12,2025-03-01 13:15:00,64.4,0.41,12.42,3.105
361,1,2025-03-01 13:30:00,50.2,2.58,7.58,1.895
362,2,2025-03-01 13:30:00,72.2,3.8,7.01,1.752
363,3,2025-03-01 13:30:00,52.2,3.87,11.32,2.83
364,4,2025-03-01 13:30:00,65.3,5.9,10.75,2.688
365,5,2025-03-01 13:30:00,57.6,2.59,6.81,1.702
366,6,2025-03-01 13:30:00,51.9,5.12,6.52,1.63
367,7,2025-03-01 13:30:00,70.7,4.28,11.23,2.808
368,8,2025-03-01 13:30:00,41.5,3.33,9.3,2.325
369,9,2025-03-01 13:30:00,55.8,1.35,15.75,3.938
370,10,2025-03-01 13:30:00,77.6,0.88,18.49,4.622
371,11,2025-03-01 13:30:00,75.6,5.47,19.51,4.878
372,12,2025-03-01 13:30:00,50.2,5.92,15.4,3.85
373,1,2025-03-01 13:45:00,90.7,4.91,8.49,2.123
374,2,2025-03-01 13:45:00,56.8,1.84,7.26,1.815
375,3,2025-03-01 13:45:00,77.7,3.22,5.9,1.475
376,4,2025-03-01 13:45:00,79.9,6.44,7.94,1.985
377,5,2025-03-01 13:45:00,88.8,5.11,14.09,3.522
378,6,2025-03-01 13:45:00,74.0,0.45,14.02,3.505
379,7,2025-03-01 13:45:00,59.1,3.08,15.69,3.922
380,8,2025-03-01 13:45:00,42.7,4.33,16.56,4.14
381,9,2025-03-01 13:45:00,50.8,1.23,21.79,5.447
382,10,2025-03-01 13:45:00,47.4,1.79,15.51,3.877
383,11,2025-03-01 13:45:00,53.0,6.45,18.09,4.522
384,12,2025-03-01 13:45:00,68.2,1.8,21.26,5.315
385,1,2025-03-01 14:00:00,83.8,3.53,4.31,1.077
386,2,2025-03-01 14:00:00,73.9,3.92,4.81,1.202
387,3,2025-03-01 14:00:00,46.5,3.38,10.63,2.658
388,4,2025-03-01 14:00:00,60.0,2.71,6.45,1.613
389,5,2025-03-01 14:00:00,74.6,1.08,8.75,2.188
390,6,2025-03-01 14:00:00,69.8,2.81,9.9,2.475
391,7,2025-03-01 14:00:00,54.0,1.97,15.07,3.768
392,8,2025-03-01 14:00:00,65.2,4.02,12.09,3.022
393,9,2025-03-01 14:00:00,68.6,3.24,14.0,3.5
394,10,2025-03-01 14:00:00,90.7,5.53,15.43,3.857
395,11,2025-03-01 14:00:00,50.2,5.71,10.98,2.745
396,12,2025-03-01 14:00:00,78.0,1.67,13.48,3.37
397,1,2025-03-01 14:15:00,86.9,1.25,6.35,1.587
398,2,2025-03-01 14:15:00,91.0,3.76,8.58,2.145
399,3,2025-03-01 14:15:00,42.8,4.25,4.76,1.19
400,4,2025-03-01 14:15:00,82.5,4.52,5.22,1.305
401,5,2025-03-01 14:15:00,65.8,5.0,11.88,2.97
402,6,2025-03-01 14:15:00,61.7,1.09,10.85,2.712
403,7,2025-03-01 14:15:00,77.6,1.11,13.8,3.45
404,8,2025-03-01 14:15:00,38.8,3.99,13.97,3.493
405,9,2025-03-01 14:15:00,59.3,6.27,9.45,2.362
406,10,2025-03-01 14:15:00,82.9,1.19,18.08,4.52
407,11,2025-03-01 14:15:00,50.9,1.44,10.36,2.59
408,12,2025-03-01 14:15:00,85.1,5.6,20.16,5.04
409,1,2025-03-01 14:30:00,39.2,5.25,3.81,0.953
410,2,2025-03-01 14:30:00,42.6,3.24,10.11,2.527
411,3,2025-03-01 14:30:00,49.7,2.96,10.2,2.55
412,4,2025-03-01 14:30:00,53.2,3.34,12.17,3.042
413,5,2025-03-01 14:30:00,43.1,3.05,12.49,3.123
414,6,2025-03-01 14:30:00,53.7,5.98,9.63,2.408
415,7,2025-03-01 14:30:00,64.3,0.73,18.9,4.725
416,8,2025-03-01 14:30:00,49.9,5.47,10.54,2.635
417,9,2025-03-01 14:30:00,69.3,2.48,11.0,2.75
418,10,2025-03-01 14:30:00,45.4,1.39,10.65,2.663
419,11,2025-03-01 14:30:00,90.6,5.28,22.89,5.723
420,12,2025-03-01 14:30:00,84.0,4.3,20.18,5.045
421,1,2025-03-01 14:45:00,39.1,4.03,5.24,1.31
422,2,2025-03-01 14:45:00,79.9,6.46,4.98,1.245
423,3,2025-03-01 14:45:00,57.2,2.54,5.07,1.268
424,4,2025-03-01 14:45:00,38.8,6.31,6.78,1.695
425,5,2025-03-01 14:45:00,74.9,5.21,13.39,3.348
426,6,2025-03-01 14:45:00,53.4,1.78,11.35,2.837
427,7,2025-03-01 14:45:00,59.9,1.8,17.43,4.357
428,8,2025-03-01 14:45:00,52.4,0.6,16.6,4.15
429,9,2025-03-01 14:45:00,58.7,5.12,12.33,3.083
430,10,2025-03-01 14:45:00,85.9,4.92,22.82,5.705
431,11,2025-03-01 14:45:00,90.0,1.05,9.64,2.41
432,12,2025-03-01 14:45:00,90.5,4.03,10.6,2.65
433,1,2025-03-01 15:00:00,81.2,4.08,8.7,2.175
434,2,2025-03-01 15:00:00,84.1,3.31,10.28,2.57
435,3,2025-03-01 15:00:00,57.0,4.12,12.42,3.105
436,4,2025-03-01 15:00:00,72.2,4.82,10.99,2.748
437,5,2025-03-01 15:00:00,44.4,2.65,6.33,1.583
438,6,2025-03-01 15:00:00,73.5,2.62,6.85,1.712
439,7,2025-03-01 15:00:00,46.7,5.73,8.85,2.212
440,8,2025-03-01 15:00:00,80.8,5.08,9.15,2.288
441,9,2025-03-01 15:00:00,78.5,5.01,13.76,3.44
442,10,2025-03-01 15:00:00,85.2,5.64,18.0,4.5
443,11,2025-03-01 15:00:00,81.2,2.95,10.15,2.538
444,12,2025-03-01 15:00:00,65.5,5.38,25.79,6.447
445,1,2025-03-01 15:15:00,47.0,5.32,7.88,1.97
446,2,2025-03-01 15:15:00,70.6,4.12,8.69,2.172
447,3,2025-03-01 15:15:00,72.5,2.69,6.08,1.52
448,4,2025-03-01 15:15:00,66.9,2.58,7.56,1.89
449,5,2025-03-01 15:15:00,51.1,2.63,8.2,2.05
450,6,2025-03-01 15:15:00,77.2,5.91,9.52,2.38
451,7,2025-03-01 15:15:00,55.4,4.61,15.18,3.795
452,8,2025-03-01 15:15:00,86.2,1.93,19.78,4.945
453,9,2025-03-01 15:15:00,88.2,0.92,21.41,5.353
454,10,2025-03-01 15:15:00,45.3,6.04,16.52,4.13
455,11,2025-03-01 15:15:00,84.5,5.88,12.46,3.115
456,12,2025-03-01 15:15:00,57.7,6.01,13.25,3.312
457,1,2025-03-01 15:30:00,41.2,5.25,3.78,0.945
458,2,2025-03-01 15:30:00,40.8,1.58,9.16,2.29
459,3,2025-03-01 15:30:00,91.1,4.21,10.8,2.7
460,4,2025-03-01 15:30:00,66.6,0.48,13.99,3.498
461,5,2025-03-01 15:30:00,83.7,2.92,15.2,3.8
462,6,2025-03-01 15:30:00,47.3,2.11,11.12,2.78
463,7,2025-03-01 15:30:00,54.6,2.98,17.55,4.388
464,8,2025-03-01 15:30:00,45.2,1.55,15.9,3.975
465,9,2025-03-01 15:30:00,39.1,6.15,16.06,4.015
466,10,2025-03-01 15:30:00,73.3,0.6,22.13,5.532
467,11,2025-03-01 15:30:00,74.4,4.38,9.68,2.42
468,12,2025-03-01 15:30:00,90.5,5.74,22.61,5.652
469,1,2025-03-01 15:45:00,42.2,2.8,3.86,0.965
470,2,2025-03-01 15:45:00,45.2,2.63,10.46,2.615
471,3,2025-03-01 15:45:00,59.0,1.19,5.38,1.345
472,4,2025-03-01 15:45:00,45.2,6.33,6.77,1.692
473,5,2025-03-01 15:45:00,39.1,3.0,11.48,2.87
474,6,2025-03-01 15:45:00,44.4,0.86,12.99,3.248
475,7,2025-03-01 15:45:00,41.1,3.16,9.49,2.373
476,8,2025-03-01 15:45:00,53.0,1.8,14.36,3.59
477,9,2025-03-01 15:45:00,47.8,5.18,19.6,4.9
478,10,2025-03-01 15:45:00,44.3,3.36,22.77,5.692
479,11,2025-03-01 15:45:00,74.8,6.26,17.28,4.32
480,12,2025-03-01 15:45:00,72.0,2.76,20.46,5.115
481,1,2025-03-01 16:00:00,50.4,3.27,4.74,1.185
482,2,2025-03-01 16:00:00,47.2,3.65,6.66,1.665
483,3,2025-03-01 16:00:00,44.0,1.1,10.55,2.638
484,4,2025-03-01 16:00:00,73.0,3.34,13.66,3.415
485,5,2025-03-01 16:00:00,72.5,5.32,13.14,3.285
486,6,2025-03-01 16:00:00,54.1,3.34,6.7,1.675
487,7,2025-03-01 16:00:00,77.6,2.97,9.35,2.337
488,8,2025-03-01 16:00:00,51.1,3.89,9.52,2.38
489,9,2025-03-01 16:00:00,77.3,1.97,8.89,2.223
490,10,2025-03-01 16:00:00,77.8,3.34,19.61,4.902
491,11,2025-03-01 16:00:00,78.1,6.22,24.4,6.1
492,12,2025-03-01 16:00:00,82.0,6.42,12.87,3.217
493,1,2025-03-01 16:15:00,86.7,4.02,8.04,2.01
494,2,2025-03-01 16:15:00,64.5,6.36,9.76,2.44
495,3,2025-03-01 16:15:00,53.5,5.63,5.95,1.488
496,4,2025-03-01 16:15:00,79.8,2.11,11.76,2.94
497,5,2025-03-01 16:15:00,87.2,3.99,13.7,3.425
498,6,2025-03-01 16:15:00,59.3,3.74,11.69,2.922
499,7,2025-03-01 16:15:00,69.3,0.9,17.54,4.385
500,8,2025-03-01 16:15:00,43.3,4.55,14.43,3.607
501,9,2025-03-01 16:15:00,73.0,6.43,9.1,2.275
502,10,2025-03-01 16:15:00,53.1,6.31,9.38,2.345
503,11,2025-03-01 16:15:00,59.6,5.0,19.73,4.933
504,12,2025-03-01 16:15:00,61.6,1.91,14.56,3.64
505,1,2025-03-01 16:30:00,38.3,4.52,4.33,1.083
506,2,2025-03-01 16:30:00,86.7,4.28,4.28,1.07
507,3,2025-03-01 16:30:00,62.6,6.08,6.66,1.665
508,4,2025-03-01 16:30:00,88.1,0.68,9.24,2.31
509,5,2025-03-01 16:30:00,39.0,4.12,13.31,3.328
510,6,2025-03-01 16:30:00,84.3,6.35,10.46,2.615
511,7,2025-03-01 16:30:00,68.7,0.95,11.95,2.987
512,8,2025-03-01 16:30:00,38.8,4.72,7.73,1.933
513,9,2025-03-01 16:30:00,40.6,4.96,18.34,4.585
514,10,2025-03-01 16:30:00,51.0,3.65,20.16,5.04
515,11,2025-03-01 16:30:00,83.4,4.48,21.86,5.465
516,12,2025-03-01 16:30:00,45.5,5.88,23.47,5.867
517,1,2025-03-01 16:45:00,38.4,4.86,7.12,1.78
518,2,2025-03-01 16:45:00,40.2,3.41,5.08,1.27
519,3,2025-03-01 16:45:00,80.3,2.31,12.4,3.1
520,4,2025-03-01 16:45:00,72.2,4.36,9.34,2.335
521,5,2025-03-01 16:45:00,72.6,2.7,10.89,2.723
522,6,2025-03-01 16:45:00,83.1,2.57,15.84,3.96
523,7,2025-03-01 16:45:00,88.7,5.24,12.45,3.112
524,8,2025-03-01 16:45:00,74.2,4.29,10.23,2.558
525,9,2025-03-01 16:45:00,71.1,2.34,20.09,5.022
526,10,2025-03-01 16:45:00,75.8,3.0,9.3,2.325
527,11,2025-03-01 16:45:00,50.5,6.19,9.84,2.46
528,12,2025-03-01 16:45:00,87.2,4.05,24.2,6.05
529,1,2025-03-01 17:00:00,89.0,1.13,6.25,1.562
530,2,2025-03-01 17:00:00,86.9,4.8,7.66,1.915
531,3,2025-03-01 17:00:00,44.0,4.09,9.48,2.37
532,4,2025-03-01 17:00:00,68.7,4.57,10.61,2.652
533,5,2025-03-01 17:00:00,54.0,3.23,14.41,3.603
534,6,2025-03-01 17:00:00,54.1,1.57,9.35,2.337
535,7,2025-03-01 17:00:00,51.0,4.72,10.45,2.612
536,8,2025-03-01 17:00:00,54.1,0.4,16.04,4.01
537,9,2025-03-01 17:00:00,70.3,4.92,13.49,3.373
538,10,2025-03-01 17:00:00,90.5,4.17,14.87,3.717
539,11,2025-03-01 17:00:00,67.7,5.11,18.72,4.68
540,12,2025-03-01 17:00:00,50.0,2.77,15.14,3.785
541,1,2025-03-01 17:15:00,58.0,6.49,3.62,0.905
542,2,2025-03-01 17:15:00,75.9,1.55,6.5,1.625
543,3,2025-03-01 17:15:00,73.4,5.44,7.1,1.775
544,4,2025-03-01 17:15:00,72.5,2.34,12.73,3.183
545,5,2025-03-01 17:15:00,49.8,5.59,6.24,1.56
546,6,2025-03-01 17:15:00,62.2,3.68,9.99,2.498
547,7,2025-03-01 17:15:00,77.0,1.47,7.41,1.853
548,8,2025-03-01 17:15:00,43.3,1.34,11.06,2.765
549,9,2025-03-01 17:15:00,63.4,5.43,14.05,3.513
550,10,2025-03-01 17:15:00,69.8,2.98,19.62,4.905
551,11,2025-03-01 17:15:00,64.0,6.46,9.62,2.405
552,12,2025-03-01 17:15:00,43.8,1.64,10.25,2.562
553,1,2025-03-01 17:30:00,88.7,0.49,8.46,2.115
554,2,2025-03-01 17:30:00,65.4,3.31,5.46,1.365
555,3,2025-03-01 17:30:00,44.0,3.84,5.34,1.335
556,4,2025-03-01 17:30:00,71.8,6.25,10.47,2.618
557,5,2025-03-01 17:30:00,42.5,5.84,11.35,2.837
558,6,2025-03-01 17:30:00,67.5,3.62,9.59,2.397
559,7,2025-03-01 17:30:00,67.2,2.38,15.39,3.848
560,8,2025-03-01 17:30:00,45.6,1.03,18.37,4.593
561,9,2025-03-01 17:30:00,62.6,4.26,20.5,5.125
562,10,2025-03-01 17:30:00,56.0,2.43,17.15,4.287
563,11,2025-03-01 17:30:00,74.3,4.69,10.49,2.623
564,12,2025-03-01 17:30:00,64.2,3.17,22.37,5.593
565,1,2025-03-01 17:45:00,65.8,0.66,8.43,2.107
566,2,2025-03-01 17:45:00,81.2,4.93,4.23,1.058
567,3,2025-03-01 17:45:00,71.2,1.7,12.14,3.035
568,4,2025-03-01 17:45:00,73.4,0.82,10.81,2.703
569,5,2025-03-01 17:45:00,70.9,3.54,8.81,2.203
570,6,2025-03-01 17:45:00,70.2,1.09,12.52,3.13
571,7,2025-03-01 17:45:00,48.4,4.81,14.9,3.725
572,8,2025-03-01 17:45:00,78.3,5.61,9.55,2.388
573,9,2025-03-01 17:45:00,89.2,2.55,15.58,3.895
574,10,2025-03-01 17:45:00,66.9,6.32,20.04,5.01
575,11,2025-03-01 17:45:00,87.0,3.86,12.67,3.167
576,12,2025-03-01 17:45:00,78.3,4.39,25.03,6.258
577,1,2025-03-01 18:00:00,71.8,5.46,5.49,1.373
578,2,2025-03-01 18:00:00,52.6,4.51,7.91,1.978
579,3,2025-03-01 18:00:00,65.3,0.68,4.94,1.235
580,4,2025-03-01 18:00:00,53.1,3.67,7.31,1.827
581,5,2025-03-01 18:00:00,43.2,5.91,10.06,2.515
582,6,2025-03-01 18:00:00,60.4,5.7,15.59,3.897
583,7,2025-03-01 18:00:00,44.6,4.97,10.06,2.515
584,8,2025-03-01 18:00:00,67.2,1.19,8.64,2.16
585,9,2025-03-01 18:00:00,49.4,4.06,20.38,5.095
586,10,2025-03-01 18:00:00,61.7,6.27,20.84,5.21
587,11,2025-03-01 18:00:00,64.2,0.73,20.79,5.197
588,12,2025-03-01 18:00:00,68.0,5.88,15.21,3.803
589,1,2025-03-01 18:15:00,78.5,3.78,3.41,0.853
590,2,2025-03-01 18:15:00,45.7,3.07,4.36,1.09
591,3,2025-03-01 18:15:00,50.0,1.61,7.82,1.955
592,4,2025-03-01 18:15:00,71.3,4.82,13.0,3.25
593,5,2025-03-01 18:15:00,67.2,0.5,8.71,2.178
594,6,2025-03-01 18:15:00,71.2,1.46,14.33,3.583
595,7,2025-03-01 18:15:00,53.4,6.16,10.05,2.513
596,8,2025-03-01 18:15:00,57.6,5.24,11.93,2.982
597,9,2025-03-01 18:15:00,82.4,2.57,19.44,4.86
598,10,2025-03-01 18:15:00,81.3,5.32,18.68,4.67
599,11,2025-03-01 18:15:00,50.9,0.79,10.56,2.64
600,12,2025-03-01 18:15:00,72.0,3.02,12.04,3.01
601,1,2025-03-01 18:30:00,68.4,5.17,5.05,1.262
602,2,2025-03-01 18:30:00,87.6,4.0,7.93,1.982
603,3,2025-03-01 18:30:00,87.3,2.25,5.59,1.397
604,4,2025-03-01 18:30:00,86.2,2.17,11.27,2.817
605,5,2025-03-01 18:30:00,44.8,5.33,12.29,3.072
606,6,2025-03-01 18:30:00,89.5,3.91,6.61,1.653
607,7,2025-03-01 18:30:00,81.6,1.88,7.67,1.917
608,8,2025-03-01 18:30:00,91.1,3.42,12.59,3.147
609,9,2025-03-01 18:30:00,53.2,3.1,14.6,3.65
610,10,2025-03-01 18:30:00,78.2,3.73,14.66,3.665
611,11,2025-03-01 18:30:00,52.4,1.42,12.36,3.09
612,12,2025-03-01 18:30:00,55.7,1.01,11.95,2.987
613,1,2025-03-01 18:45:00,64.4,6.1,8.31,2.078
614,2,2025-03-01 18:45:00,73.5,1.33,4.16,1.04
615,3,2025-03-01 18:45:00,86.0,2.64,5.64,1.41
616,4,2025-03-01 18:45:00,44.5,4.1,12.68,3.17
617,5,2025-03-01 18:45:00,46.0,2.74,9.18,2.295
618,6,2025-03-01 18:45:00,77.6,4.18,15.19,3.797
619,7,2025-03-01 18:45:00,87.7,2.79,17.7,4.425
620,8,2025-03-01 18:45:00,52.7,6.22,17.76,4.44
621,9,2025-03-01 18:45:00,56.3,3.26,18.2,4.55
622,10,2025-03-01 18:45:00,57.3,2.62,20.66,5.165
623,11,2025-03-01 18:45:00,52.4,3.77,13.89,3.473
624,12,2025-03-01 18:45:00,53.7,4.83,12.57,3.143
625,1,2025-03-01 19:00:00,80.8,4.37,9.07,2.268
626,2,2025-03-01 19:00:00,62.9,2.21,8.15,2.038
627,3,2025-03-01 19:00:00,74.2,3.49,5.18,1.295
628,4,2025-03-01 19:00:00,62.8,5.03,6.74,1.685
629,5,2025-03-01 19:00:00,65.5,1.57,12.26,3.065
630,6,2025-03-01 19:00:00,65.2,3.62,8.34,2.085
631,7,2025-03-01 19:00:00,42.2,3.11,14.33,3.583
632,8,2025-03-01 19:00:00,60.9,5.83,17.47,4.367
633,9,2025-03-01 19:00:00,76.5,6.02,19.83,4.957
634,10,2025-03-01 19:00:00,46.4,3.09,23.09,5.772
635,11,2025-03-01 19:00:00,70.6,3.28,24.44,6.11
636,12,2025-03-01 19:00:00,91.4,6.2,23.75,5.938
637,1,2025-03-01 19:15:00,53.3,5.85,4.74,1.185
638,2,2025-03-01 19:15:00,57.7,5.88,5.01,1.252
639,3,2025-03-01 19:15:00,83.1,5.76,5.28,1.32
640,4,2025-03-01 19:15:00,43.7,1.44,5.26,1.315
641,5,2025-03-01 19:15:00,80.8,3.59,10.71,2.678
642,6,2025-03-01 19:15:00,55.3,5.13,6.47,1.617
643,7,2025-03-01 19:15:00,71.9,5.04,15.57,3.893
644,8,2025-03-01 19:15:00,62.9,2.85,11.05,2.763
645,9,2025-03-01 19:15:00,51.7,2.55,20.82,5.205
646,10,2025-03-01 19:15:00,69.9,1.94,11.2,2.8
647,11,2025-03-01 19:15:00,79.8,1.49,10.0,2.5
648,12,2025-03-01 19:15:00,50.9,4.93,11.99,2.998
649,1,2025-03-01 19:30:00,72.8,0.52,6.87,1.718
650,2,2025-03-01 19:30:00,66.4,6.02,5.12,1.28
651,3,2025-03-01 19:30:00,69.8,4.94,5.18,1.295
652,4,2025-03-01 19:30:00,57.0,0.63,9.98,2.495
653,5,2025-03-01 19:30:00,87.3,6.16,13.47,3.368
654,6,2025-03-01 19:30:00,77.2,4.84,12.09,3.022
655,7,2025-03-01 19:30:00,52.2,4.67,9.94,2.485
656,8,2025-03-01 19:30:00,44.5,2.25,15.95,3.987
657,9,2025-03-01 19:30:00,46.1,5.69,14.92,3.73
658,10,2025-03-01 19:30:00,52.1,2.98,15.22,3.805
659,11,2025-03-01 19:30:00,66.4,2.19,17.38,4.345
660,12,2025-03-01 19:30:00,41.4,4.98,25.49,6.372
661,1,2025-03-01 19:45:00,61.7,2.65,5.99,1.498
662,2,2025-03-01 19:45:00,43.4,5.62,8.43,2.107
663,3,2025-03-01 19:45:00,44.7,1.86,8.99,2.248
664,4,2025-03-01 19:45:00,65.4,0.64,5.23,1.308
665,5,2025-03-01 19:45:00,54.8,2.54,13.32,3.33
666,6,2025-03-01 19:45:00,74.4,2.77,8.01,2.002
667,7,2025-03-01 19:45:00,80.8,5.06,8.5,2.125
668,8,2025-03-01 19:45:00,40.0,5.99,9.26,2.315
669,9,2025-03-01 19:45:00,52.2,3.31,11.73,2.933
670,10,2025-03-01 19:45:00,64.2,2.43,22.71,5.678
671,11,2025-03-01 19:45:00,56.9,2.78,10.25,2.562
672,12,2025-03-01 19:45:00,90.7,4.64,13.13,3.283
673,1,2025-03-01 20:00:00,83.5,4.96,8.35,2.087
674,2,2025-03-01 20:00:00,46.3,5.69,4.36,1.09
675,3,2025-03-01 20:00:00,40.3,1.71,9.05,2.263
676,4,2025-03-01 20:00:00,79.9,1.4,11.32,2.83
677,5,2025-03-01 20:00:00,75.8,0.69,11.56,2.89
678,6,2025-03-01 20:00:00,38.8,0.55,12.04,3.01
679,7,2025-03-01 20:00:00,74.2,1.49,8.65,2.163
680,8,2025-03-01 20:00:00,52.0,0.87,11.15,2.788
681,9,2025-03-01 20:00:00,52.2,2.9,9.69,2.422
682,10,2025-03-01 20:00:00,58.4,4.75,14.66,3.665
683,11,2025-03-01 20:00:00,68.4,0.4,23.97,5.992
684,12,2025-03-01 20:00:00,55.0,5.14,26.05,6.513
685,1,2025-03-01 20:15:00,77.4,6.44,8.44,2.11
686,2,2025-03-01 20:15:00,83.0,0.75,5.98,1.495
687,3,2025-03-01 20:15:00,48.2,1.3,11.97,2.993
688,4,2025-03-01 20:15:00,69.2,6.01,13.77,3.442
689,5,2025-03-01 20:15:00,70.0,3.16,15.33,3.833
690,6,2025-03-01 20:15:00,52.7,4.91,14.54,3.635
691,7,2025-03-01 20:15:00,85.0,4.12,14.73,3.683
692,8,2025-03-01 20:15:00,60.0,2.72,12.04,3.01
693,9,2025-03-01 20:15:00,83.5,5.73,20.57,5.143
694,10,2025-03-01 20:15:00,83.4,2.27,16.62,4.155
695,11,2025-03-01 20:15:00,83.7,2.36,21.36,5.34
696,12,2025-03-01 20:15:00,80.3,3.49,13.03,3.257
697,1,2025-03-01 20:30:00,79.2,4.25,8.47,2.118
698,2,2025-03-01 20:30:00,86.4,5.83,8.52,2.13
699,3,2025-03-01 20:30:00,38.4,1.83,6.41,1.603
700,4,2025-03-01 20:30:00,65.2,3.04,8.58,2.145
701,5,2025-03-01 20:30:00,39.5,2.22,14.51,3.627
702,6,2025-03-01 20:30:00,75.4,2.14,12.62,3.155
703,7,2025-03-01 20:30:00,56.2,3.72,11.29,2.822
704,8,2025-03-01 20:30:00,40.6,5.38,11.68,2.92
705,9,2025-03-01 20:30:00,75.8,1.77,17.22,4.305
706,10,2025-03-01 20:30:00,77.2,6.19,14.39,3.598
707,11,2025-03-01 20:30:00,40.1,3.31,15.85,3.962
708,12,2025-03-01 20:30:00,82.4,2.2,12.6,3.15
709,1,2025-03-01 20:45:00,56.3,2.76,7.11,1.778
710,2,2025-03-01 20:45:00,68.4,3.04,5.56,1.39
711,3,2025-03-01 20:45:00,43.3,1.09,9.09,2.272
712,4,2025-03-01 20:45:00,87.5,3.23,10.97,2.743
713,5,2025-03-01 20:45:00,60.7,6.3,13.22,3.305
714,6,2025-03-01 20:45:00,73.6,1.95,13.02,3.255
715,7,2025-03-01 20:45:00,49.3,3.82,10.4,2.6
716,8,2025-03-01 20:45:00,52.4,4.9,8.61,2.152
717,9,2025-03-01 20:45:00,51.9,5.74,11.86,2.965
718,10,2025-03-01 20:45:00,86.7,6.4,13.67,3.417
719,11,2025-03-01 20:45:00,63.9,1.54,20.16,5.04
720,12,2025-03-01 20:45:00,90.0,2.79,25.49,6.372
721,1,2025-03-01 21:00:00,75.5,3.74,4.08,1.02
722,2,2025-03-01 21:00:00,42.3,5.25,4.76,1.19
723,3,2025-03-01 21:00:00,67.5,6.02,7.0,1.75
724,4,2025-03-01 21:00:00,64.1,5.52,13.14,3.285
725,5,2025-03-01 21:00:00,78.0,2.93,9.14,2.285
726,6,2025-03-01 21:00:00,77.0,5.77,13.2,3.3
727,7,2025-03-01 21:00:00,60.3,5.15,7.63,1.907
728,8,2025-03-01 21:00:00,90.1,1.21,9.62,2.405
729,9,2025-03-01 21:00:00,88.0,4.3,12.22,3.055
730,10,2025-03-01 21:00:00,78.7,5.23,19.47,4.867
731,11,2025-03-01 21:00:00,91.8,1.14,11.82,2.955
732,12,2025-03-01 21:00:00,56.0,3.07,16.18,4.045
733,1,2025-03-01 21:15:00,65.8,4.99,7.26,1.815
734,2,2025-03-01 21:15:00,41.0,2.41,10.63,2.658
735,3,2025-03-01 21:15:00,38.5,2.12,6.76,1.69
736,4,2025-03-01 21:15:00,91.2,1.61,12.06,3.015
737,5,2025-03-01 21:15:00,69.8,5.03,10.45,2.612
738,6,2025-03-01 21:15:00,43.8,6.13,9.96,2.49
739,7,2025-03-01 21:15:00,56.6,2.66,16.14,4.035
740,8,2025-03-01 21:15:00,63.8,4.04,13.07,3.268
741,9,2025-03-01 21:15:00,51.6,5.59,9.13,2.283
742,10,2025-03-01 21:15:00,87.4,1.25,18.9,4.725
743,11,2025-03-01 21:15:00,86.5,6.48,19.41,4.853
744,12,2025-03-01 21:15:00,55.0,4.32,21.53,5.383
745,1,2025-03-01 21:30:00,42.6,4.85,5.5,1.375
746,2,2025-03-01 21:30:00,48.4,2.62,6.91,1.728
747,3,2025-03-01 21:30:00,61.0,3.75,11.02,2.755
748,4,2025-03-01 21:30:00,47.0,4.96,7.19,1.798
749,5,2025-03-01 21:30:00,89.9,4.12,12.22,3.055
750,6,2025-03-01 21:30:00,72.1,4.7,8.29,2.072
751,7,2025-03-01 21:30:00,48.3,2.52,17.04,4.26
752,8,2025-03-01 21:30:00,61.4,1.14,8.35,2.087
753,9,2025-03-01 21:30:00,47.4,2.48,21.18,5.295
754,10,2025-03-01 21:30:00,67.4,1.0,22.06,5.515
755,11,2025-03-01 21:30:00,41.0,4.91,17.29,4.322
756,12,2025-03-01 21:30:00,74.4,3.09,14.53,3.632
757,1,2025-03-01 21:45:00,65.8,3.18,8.6,2.15
758,2,2025-03-01 21:45:00,86.5,2.32,8.57,2.143
759,3,2025-03-01 21:45:00,58.4,3.73,6.5,1.625
760,4,2025-03-01 21:45:00,76.9,5.01,9.76,2.44
761,5,2025-03-01 21:45:00,62.4,1.68,8.77,2.192
762,6,2025-03-01 21:45:00,69.4,1.49,15.26,3.815
763,7,2025-03-01 21:45:00,80.3,1.93,9.08,2.27
764,8,2025-03-01 21:45:00,49.1,2.39,16.89,4.223
765,9,2025-03-01 21:45:00,82.1,6.09,13.76,3.44
766,10,2025-03-01 21:45:00,54.1,4.77,12.35,3.087
767,11,2025-03-01 21:45:00,87.9,0.46,14.12,3.53
768,12,2025-03-01 21:45:00,73.1,0.59,26.23,6.558
769,1,2025-03-01 22:00:00,61.8,4.9,9.13,2.283
770,2,2025-03-01 22:00:00,79.5,3.56,9.47,2.368
771,3,2025-03-01 22:00:00,45.3,3.99,8.48,2.12
772,4,2025-03-01 22:00:00,38.7,3.46,5.59,1.397
773,5,2025-03-01 22:00:00,47.7,3.83,5.8,1.45
774,6,2025-03-01 22:00:00,87.1,4.28,11.19,2.797
775,7,2025-03-01 22:00:00,81.7,1.08,17.06,4.265
776,8,2025-03-01 22:00:00,62.9,2.01,19.79,4.947
777,9,2025-03-01 22:00:00,62.1,0.88,18.91,4.728
778,10,2025-03-01 22:00:00,87.5,2.14,21.94,5.485
779,11,2025-03-01 22:00:00,58.3,3.14,22.44,5.61
780,12,2025-03-01 22:00:00,68.9,4.69,14.29,3.572
781,1,2025-03-01 22:15:00,49.3,1.35,6.63,1.657
782,2,2025-03-01 22:15:00,41.4,0.7,6.97,1.742
783,3,2025-03-01 22:15:00,56.5,3.65,8.72,2.18
784,4,2025-03-01 22:15:00,74.2,2.97,6.92,1.73
785,5,2025-03-01 22:15:00,82.2,5.55,9.91,2.478
786,6,2025-03-01 22:15:00,64.3,2.62,6.55,1.637
787,7,2025-03-01 22:15:00,50.6,5.85,12.21,3.053
788,8,2025-03-01 22:15:00,61.9,6.45,15.97,3.993
789,9,2025-03-01 22:15:00,85.1,2.69,15.22,3.805
790,10,2025-03-01 22:15:00,60.8,5.29,19.44,4.86
791,11,2025-03-01 22:15:00,40.2,0.7,14.34,3.585
792,12,2025-03-01 22:15:00,39.1,3.54,16.53,4.133
793,1,2025-03-01 22:30:00,62.8,1.59,4.21,1.052
794,2,2025-03-01 22:30:00,53.9,5.02,6.55,1.637
795,3,2025-03-01 22:30:00,69.8,5.74,11.36,2.84
796,4,2025-03-01 22:30:00,70.2,4.42,11.79,2.947
797,5,2025-03-01 22:30:00,54.2,6.46,9.6,2.4
798,6,2025-03-01 22:30:00,86.8,1.75,8.64,2.16
799,7,2025-03-01 22:30:00,55.5,0.73,16.03,4.008
800,8,2025-03-01 22:30:00,41.0,4.96,12.78,3.195
801,9,2025-03-01 22:30:00,83.3,4.98,8.94,2.235
802,10,2025-03-01 22:30:00,69.6,5.3,10.78,2.695
803,11,2025-03-01 22:30:00,86.9,5.27,22.01,5.503
804,12,2025-03-01 22:30:00,48.5,5.23,19.91,4.978
805,1,2025-03-01 22:45:00,81.1,1.05,4.23,1.058
806,2,2025-03-01 22:45:00,52.6,4.41,9.42,2.355
807,3,2025-03-01 22:45:00,51.7,4.54,8.98,2.245
808,4,2025-03-01 22:45:00,68.0,4.84,9.67,2.417
809,5,2025-03-01 22:45:00,58.4,5.75,7.79,1.948
810,6,2025-03-01 22:45:00,78.4,5.95,15.66,3.915
811,7,2025-03-01 22:45:00,82.8,5.76,7.7,1.925
812,8,2025-03-01 22:45:00,72.7,3.96,18.0,4.5
813,9,2025-03-01 22:45:00,67.0,2.98,19.6,4.9
814,10,2025-03-01 22:45:00,67.8,5.27,12.07,3.018
815,11,2025-03-01 22:45:00,43.6,5.46,16.89,4.223
816,12,2025-03-01 22:45:00,48.0,5.82,17.35,4.338
817,1,2025-03-01 23:00:00,81.4,1.71,7.75,1.938
818,2,2025-03-01 23:00:00,67.9,3.15,10.75,2.688
819,3,2025-03-01 23:00:00,60.3,2.35,5.39,1.347
820,4,2025-03-01 23:00:00,81.5,4.9,5.66,1.415
821,5,2025-03-01 23:00:00,67.0,5.35,14.74,3.685
822,6,2025-03-01 23:00:00,54.4,3.29,11.74,2.935
823,7,2025-03-01 23:00:00,74.4,4.67,15.65,3.913
824,8,2025-03-01 23:00:00,52.3,4.3,19.52,4.88
825,9,2025-03-01 23:00:00,86.7,3.74,18.75,4.688
826,10,2025-03-01 23:00:00,92.0,5.42,22.09,5.522
827,11,2025-03-01 23:00:00,83.7,5.66,19.75,4.938
828,12,2025-03-01 23:00:00,68.9,6.07,23.44,5.86
829,1,2025-03-01 23:15:00,45.3,4.29,3.77,0.943
830,2,2025-03-01 23:15:00,68.2,4.02,10.14,2.535
831,3,2025-03-01 23:15:00,89.1,2.39,5.84,1.46
832,4,2025-03-01 23:15:00,88.4,2.2,10.03,2.507
833,5,2025-03-01 23:15:00,65.3,2.17,11.95,2.987
834,6,2025-03-01 23:15:00,41.9,2.21,14.61,3.652
835,7,2025-03-01 23:15:00,63.9,0.72,11.67,2.917
836,8,2025-03-01 23:15:00,86.6,5.07,16.62,4.155
837,9,2025-03-01 23:15:00,45.9,2.91,13.93,3.482
838,10,2025-03-01 23:15:00,87.1,2.71,23.04,5.76
839,11,2025-03-01 23:15:00,50.7,4.19,15.39,3.848
840,12,2025-03-01 23:15:00,48.0,5.87,17.35,4.338
841,1,2025-03-01 23:30:00,83.4,5.27,3.71,0.927
842,2,2025-03-01 23:30:00,68.9,2.15,9.91,2.478
843,3,2025-03-01 23:30:00,42.4,5.54,5.02,1.255
844,4,2025-03-01 23:30:00,64.2,2.56,10.27,2.567
845,5,2025-03-01 23:30:00,86.0,2.72,9.0,2.25
846,6,2025-03-01 23:30:00,88.5,3.02,10.72,2.68
847,7,2025-03-01 23:30:00,48.2,2.88,13.5,3.375
848,8,2025-03-01 23:30:00,62.3,5.33,11.0,2.75
849,9,2025-03-01 23:30:00,62.3,3.34,18.38,4.595
850,10,2025-03-01 23:30:00,87.3,1.64,19.86,4.965
851,11,2025-03-01 23:30:00,77.9,4.29,21.05,5.263
852,12,2025-03-01 23:30:00,79.9,4.18,21.97,5.492
853,1,2025-03-01 23:45:00,45.9,4.15,3.57,0.892
854,2,2025-03-01 23:45:00,69.2,2.52,9.5,2.375
855,3,2025-03-01 23:45:00,46.0,6.22,12.42,3.105
856,4,2025-03-01 23:45:00,57.9,2.03,6.25,1.562
857,5,2025-03-01 23:45:00,77.6,5.74,7.85,1.962
858,6,2025-03-01 23:45:00,45.6,2.56,9.75,2.438
859,7,2025-03-01 23:45:00,77.2,1.35,16.16,4.04
860,8,2025-03-01 23:45:00,74.8,2.61,13.93,3.482
861,9,2025-03-01 23:45:00,85.6,1.03,21.9,5.475
862,10,2025-03-01 23:45:00,59.7,4.63,20.66,5.165
863,11,2025-03-01 23:45:00,89.7,1.97,18.75,4.688
864,12,2025-03-01 23:45:00,86.2,5.86,26.11,6.527
865,1,2025-03-02 00:00:00,67.9,3.37,3.74,0.935
866,2,2025-03-02 00:00:00,65.2,1.02,5.11,1.278
867,3,2025-03-02 00:00:00,50.4,5.83,6.01,1.502
868,4,2025-03-02 00:00:00,56.2,3.06,12.09,3.022
869,5,2025-03-02 00:00:00,51.9,4.5,6.63,1.657
870,6,2025-03-02 00:00:00,68.3,1.18,16.57,4.143
871,7,2025-03-02 00:00:00,46.7,1.89,8.26,2.065
872,8,2025-03-02 00:00:00,45.4,5.18,11.18,2.795
873,9,2025-03-02 00:00:00,45.6,5.15,12.89,3.223
874,10,2025-03-02 00:00:00,88.5,1.15,16.85,4.213
875,11,2025-03-02 00:00:00,91.2,6.39,15.12,3.78
876,12,2025-03-02 00:00:00,75.0,5.97,26.15,6.537
877,1,2025-03-02 00:15:00,70.8,3.66,4.04,1.01
878,2,2025-03-02 00:15:00,75.1,0.58,6.4,1.6
879,3,2025-03-02 00:15:00,89.0,0.91,8.64,2.16
880,4,2025-03-02 00:15:00,75.5,0.51,14.02,3.505
881,5,2025-03-02 00:15:00,71.4,4.9,10.62,2.655
882,6,2025-03-02 00:15:00,39.7,2.71,6.6,1.65
883,7,2025-03-02 00:15:00,63.2,5.53,17.06,4.265
884,8,2025-03-02 00:15:00,54.5,3.14,18.71,4.678
885,9,2025-03-02 00:15:00,64.9,0.53,17.81,4.452
886,10,2025-03-02 00:15:00,90.9,4.5,17.23,4.308
887,11,2025-03-02 00:15:00,65.3,2.14,19.09,4.772
888,12,2025-03-02 00:15:00,75.1,2.27,25.75,6.438
889,1,2025-03-02 00:30:00,51.9,2.28,5.7,1.425
890,2,2025-03-02 00:30:00,91.0,1.57,6.24,1.56
891,3,2025-03-02 00:30:00,81.2,0.71,6.52,1.63
892,4,2025-03-02 00:30:00,39.9,2.76,12.1,3.025
893,5,2025-03-02 00:30:00,67.2,1.85,8.58,2.145
894,6,2025-03-02 00:30:00,81.3,4.69,9.7,2.425
895,7,2025-03-02 00:30:00,59.8,4.53,8.89,2.223
896,8,2025-03-02 00:30:00,89.1,3.92,12.71,3.178
897,9,2025-03-02 00:30:00,80.9,4.16,12.99,3.248
898,10,2025-03-02 00:30:00,52.9,5.52,14.64,3.66
899,11,2025-03-02 00:30:00,44.9,3.69,13.3,3.325
900,12,2025-03-02 00:30:00,80.2,3.58,24.2,6.05
901,1,2025-03-02 00:45:00,58.3,4.0,6.2,1.55
902,2,2025-03-02 00:45:00,55.3,2.65,9.98,2.495
903,3,2025-03-02 00:45:00,51.1,3.46,8.51,2.127
904,4,2025-03-02 00:45:00,50.1,2.46,10.59,2.647
905,5,2025-03-02 00:45:00,75.3,2.37,6.67,1.667
906,6,2025-03-02 00:45:00,41.7,1.35,8.13,2.033
907,7,2025-03-02 00:45:00,84.8,5.12,15.71,3.928
908,8,2025-03-02 00:45:00,80.5,5.91,17.63,4.407
909,9,2025-03-02 00:45:00,86.3,0.85,9.03,2.257
910,10,2025-03-02 00:45:00,58.7,3.9,16.55,4.138
911,11,2025-03-02 00:45:00,64.2,2.87,21.71,5.428
912,12,2025-03-02 00:45:00,83.9,2.02,13.57,3.393
913,1,2025-03-02 01:00:00,86.5,1.32,8.65,2.163
914,2,2025-03-02 01:00:00,74.2,2.78,8.3,2.075
915,3,2025-03-02 01:00:00,81.3,3.04,12.02,3.005
916,4,2025-03-02 01:00:00,41.6,3.08,5.34,1.335
917,5,2025-03-02 01:00:00,90.4,4.05,14.74,3.685
918,6,2025-03-02 01:00:00,49.5,1.55,13.85,3.462
919,7,2025-03-02 01:00:00,80.1,1.57,13.86,3.465
920,8,2025-03-02 01:00:00,47.3,5.42,16.32,4.08
921,9,2025-03-02 01:00:00,50.7,2.63,20.65,5.162
922,10,2025-03-02 01:00:00,63.4,4.66,20.93,5.232
923,11,2025-03-02 01:00:00,71.1,3.73,22.31,5.577
924,12,2025-03-02 01:00:00,61.8,1.61,20.34,5.085
925,1,2025-03-02 01:15:00,42.7,6.42,4.02,1.005
926,2,2025-03-02 01:15:00,62.1,2.93,4.67,1.167
927,3,2025-03-02 01:15:00,90.9,1.81,5.17,1.292
928,4,2025-03-02 01:15:00,51.5,2.57,11.76,2.94
929,5,2025-03-02 01:15:00,84.5,1.01,11.58,2.895
930,6,2025-03-02 01:15:00,91.3,5.31,11.33,2.833
931,7,2025-03-02 01:15:00,88.5,6.01,8.11,2.027
932,8,2025-03-02 01:15:00,88.9,4.84,8.25,2.062
933,9,2025-03-02 01:15:00,45.2,4.04,11.77,2.942
934,10,2025-03-02 01:15:00,81.4,5.65,18.66,4.665
935,11,2025-03-02 01:15:00,42.4,5.05,14.46,3.615
936,12,2025-03-02 01:15:00,72.2,1.98,16.22,4.055
937,1,2025-03-02 01:30:00,62.2,1.91,5.48,1.37
938,2,2025-03-02 01:30:00,90.8,1.54,10.43,2.607
939,3,2025-03-02 01:30:00,69.1,2.17,9.98,2.495
940,4,2025-03-02 01:30:00,55.7,1.6,13.52,3.38
941,5,2025-03-02 01:30:00,88.0,5.5,14.94,3.735
942,6,2025-03-02 01:30:00,64.7,0.88,6.42,1.605
943,7,2025-03-02 01:30:00,79.5,1.18,16.73,4.183
944,8,2025-03-02 01:30:00,44.5,4.25,15.08,3.77
945,9,2025-03-02 01:30:00,60.8,4.85,13.86,3.465
946,10,2025-03-02 01:30:00,49.9,0.45,16.76,4.19
947,11,2025-03-02 01:30:00,61.3,5.7,13.43,3.357
948,12,2025-03-02 01:30:00,73.3,4.74,12.52,3.13
949,1,2025-03-02 01:45:00,39.5,1.31,4.18,1.045
950,2,2025-03-02 01:45:00,57.5,1.24,8.88,2.22
951,3,2025-03-02 01:45:00,83.1,3.48,5.31,1.327
952,4,2025-03-02 01:45:00,88.1,5.35,12.0,3.0
953,5,2025-03-02 01:45:00,65.1,1.23,8.64,2.16
954,6,2025-03-02 01:45:00,66.2,2.48,8.82,2.205
955,7,2025-03-02 01:45:00,85.1,6.17,16.75,4.188
956,8,2025-03-02 01:45:00,58.0,3.14,9.49,2.373
957,9,2025-03-02 01:45:00,63.5,6.39,15.54,3.885
958,10,2025-03-02 01:45:00,85.4,4.67,11.5,2.875
959,11,2025-03-02 01:45:00,76.7,3.27,15.52,3.88
960,12,2025-03-02 01:45:00,79.0,4.06,21.82,5.455
961,1,2025-03-02 02:00:00,86.4,4.66,3.9,0.975
962,2,2025-03-02 02:00:00,40.7,2.44,9.97,2.493
963,3,2025-03-02 02:00:00,85.2,1.64,5.98,1.495
964,4,2025-03-02 02:00:00,86.1,3.43,6.51,1.627
965,5,2025-03-02 02:00:00,56.3,2.81,12.95,3.237
966,6,2025-03-02 02:00:00,81.5,6.37,14.5,3.625
967,7,2025-03-02 02:00:00,55.0,4.8,18.29,4.572
968,8,2025-03-02 02:00:00,89.4,3.19,11.97,2.993
969,9,2025-03-02 02:00:00,82.4,1.87,11.89,2.973
970,10,2025-03-02 02:00:00,49.7,4.42,12.99,3.248
971,11,2025-03-02 02:00:00,70.5,4.68,25.08,6.27
972,12,2025-03-02 02:00:00,65.8,6.32,22.5,5.625
973,1,2025-03-02 02:15:00,38.4,4.66,6.9,1.725
974,2,2025-03-02 02:15:00,65.6,6.15,10.68,2.67
975,3,2025-03-02 02:15:00,58.5,5.27,8.81,2.203
976,4,2025-03-02 02:15:00,64.5,6.44,5.42,1.355
977,5,2025-03-02 02:15:00,82.6,3.1,13.06,3.265
978,6,2025-03-02 02:15:00,86.2,5.26,6.69,1.673
979,7,2025-03-02 02:15:00,50.6,2.81,16.75,4.188
980,8,2025-03-02 02:15:00,87.5,4.51,11.65,2.913
981,9,2025-03-02 02:15:00,73.7,1.1,19.31,4.827
982,10,2025-03-02 02:15:00,65.0,1.76,19.95,4.987
983,11,2025-03-02 02:15:00,58.9,3.35,24.47,6.117
984,12,2025-03-02 02:15:00,70.0,2.68,11.32,2.83
985,1,2025-03-02 02:30:00,64.5,1.15,7.17,1.792
986,2,2025-03-02 02:30:00,69.9,1.45,5.22,1.305
987,3,2025-03-02 02:30:00,60.8,2.32,11.52,2.88
988,4,2025-03-02 02:30:00,55.5,6.48,5.87,1.468
989,5,2025-03-02 02:30:00,38.7,5.16,12.97,3.243
990,6,2025-03-02 02:30:00,84.8,2.18,15.88,3.97
991,7,2025-03-02 02:30:00,52.8,5.63,9.33,2.333
992,8,2025-03-02 02:30:00,46.0,2.62,19.34,4.835
993,9,2025-03-02 02:30:00,46.7,4.22,18.97,4.742
994,10,2025-03-02 02:30:00,38.4,1.86,21.0,5.25
995,11,2025-03-02 02:30:00,51.6,3.15,17.5,4.375
996,12,2025-03-02 02:30:00,91.0,3.06,26.46,6.615
997,1,2025-03-02 02:45:00,46.4,0.99,4.88,1.22
998,2,2025-03-02 02:45:00,45.5,6.08,6.41,1.603
999,3,2025-03-02 02:45:00,88.1,5.89,6.41,1.603
1000,4,2025-03-02 02:45:00,39.8,5.62,9.68,2.42
1001,5,2025-03-02 02:45:00,64.4,2.35,11.51,2.877
1002,6,2025-03-02 02:45:00,75.3,1.59,11.43,2.857
1003,7,2025-03-02 02:45:00,86.4,4.95,18.55,4.638
1004,8,2025-03-02 02:45:00,88.6,3.86,9.57,2.393
1005,9,2025-03-02 02:45:00,75.9,6.34,15.3,3.825
1006,10,2025-03-02 02:45:00,52.4,1.74,21.99,5.497
1007,11,2025-03-02 02:45:00,89.4,2.18,21.94,5.485
1008,12,2025-03-02 02:45:00,75.2,2.29,26.7,6.675
1009,1,2025-03-02 03:00:00,61.8,4.52,4.05,1.012
1010,2,2025-03-02 03:00:00,50.8,1.25,7.15,1.788
1011,3,2025-03-02 03:00:00,68.8,6.49,9.32,2.33
1012,4,2025-03-02 03:00:00,91.6,3.01,9.91,2.478
1013,5,2025-03-02 03:00:00,51.6,3.43,7.69,1.923
1014,6,2025-03-02 03:00:00,47.7,3.04,7.42,1.855
1015,7,2025-03-02 03:00:00,70.6,2.57,12.62,3.155
1016,8,2025-03-02 03:00:00,68.4,3.64,15.24,3.81
1017,9,2025-03-02 03:00:00,53.1,5.96,16.81,4.202
1018,10,2025-03-02 03:00:00,45.8,4.99,17.94,4.485
1019,11,2025-03-02 03:00:00,82.3,4.99,14.57,3.643
1020,12,2025-03-02 03:00:00,78.4,3.55,24.38,6.095
1021,1,2025-03-02 03:15:00,65.1,1.08,8.58,2.145
1022,2,2025-03-02 03:15:00,57.7,5.34,6.52,1.63
1023,3,2025-03-02 03:15:00,56.7,1.32,10.32,2.58
1024,4,2025-03-02 03:15:00,79.9,2.44,13.67,3.417
1025,5,2025-03-02 03:15:00,71.9,1.76,9.11,2.277
1026,6,2025-03-02 03:15:00,58.5,2.05,8.83,2.208
1027,7,2025-03-02 03:15:00,51.5,2.19,14.1,3.525
1028,8,2025-03-02 03:15:00,90.4,4.35,10.86,2.715
1029,9,2025-03-02 03:15:00,78.7,0.55,8.73,2.183
1030,10,2025-03-02 03:15:00,67.9,2.29,19.57,4.893
1031,11,2025-03-02 03:15:00,45.8,1.92,11.15,2.788
1032,12,2025-03-02 03:15:00,56.9,2.66,15.53,3.882
1033,1,2025-03-02 03:30:00,38.8,0.63,5.18,1.295
1034,2,2025-03-02 03:30:00,44.9,3.46,7.48,1.87
1035,3,2025-03-02 03:30:00,84.4,0.63,10.44,2.61
1036,4,2025-03-02 03:30:00,80.3,2.3,6.45,1.613
1037,5,2025-03-02 03:30:00,86.8,2.97,13.15,3.288
1038,6,2025-03-02 03:30:00,47.7,0.42,8.02,2.005
1039,7,2025-03-02 03:30:00,39.9,4.34,17.82,4.455
1040,8,2025-03-02 03:30:00,65.1,4.62,11.69,2.922
1041,9,2025-03-02 03:30:00,47.9,5.7,9.44,2.36
1042,10,2025-03-02 03:30:00,67.4,5.88,22.03,5.508
1043,11,2025-03-02 03:30:00,70.8,3.53,22.11,5.527
1044,12,2025-03-02 03:30:00,87.7,3.53,10.9,2.725
1045,1,2025-03-02 03:45:00,47.5,4.44,6.1,1.525
1046,2,2025-03-02 03:45:00,62.6,2.97,5.88,1.47
1047,3,2025-03-02 03:45:00,70.2,4.91,7.08,1.77
1048,4,2025-03-02 03:45:00,90.6,1.27,13.35,3.337
1049,5,2025-03-02 03:45:00,70.0,4.07,11.4,2.85
1050,6,2025-03-02 03:45:00,44.3,3.5,15.88,3.97
1051,7,2025-03-02 03:45:00,55.1,6.07,14.2,3.55
1052,8,2025-03-02 03:45:00,58.3,0.57,15.57,3.893
1053,9,2025-03-02 03:45:00,88.3,6.2,19.42,4.855
1054,10,2025-03-02 03:45:00,57.4,4.34,9.01,2.252
1055,11,2025-03-02 03:45:00,41.9,1.69,15.83,3.958
1056,12,2025-03-02 03:45:00,42.3,2.78,26.41,6.603
1057,1,2025-03-02 04:00:00,42.7,4.3,7.94,1.985
1058,2,2025-03-02 04:00:00,78.3,6.42,6.18,1.545
1059,3,2025-03-02 04:00:00,44.5,4.69,11.06,2.765
1060,4,2025-03-02 04:00:00,44.1,2.77,11.21,2.803
1061,5,2025-03-02 04:00:00,45.6,2.54,9.75,2.438
1062,6,2025-03-02 04:00:00,39.1,3.58,9.59,2.397
1063,7,2025-03-02 04:00:00,80.1,5.21,14.14,3.535
1064,8,2025-03-02 04:00:00,76.0,5.38,14.24,3.56
1065,9,2025-03-02 04:00:00,51.9,5.21,21.83,5.457
1066,10,2025-03-02 04:00:00,91.2,3.79,10.55,2.638
1067,11,2025-03-02 04:00:00,73.0,1.7,14.12,3.53
1068,12,2025-03-02 04:00:00,71.7,2.6,16.62,4.155
1069,1,2025-03-02 04:15:00,64.7,5.45,6.6,1.65
1070,2,2025-03-02 04:15:00,42.2,1.92,8.73,2.183
1071,3,2025-03-02 04:15:00,54.7,2.98,11.08,2.77
1072,4,2025-03-02 04:15:00,69.9,3.23,12.31,3.078
1073,5,2025-03-02 04:15:00,81.5,0.45,11.18,2.795
1074,6,2025-03-02 04:15:00,58.1,3.52,11.49,2.873
1075,7,2025-03-02 04:15:00,41.9,1.66,7.17,1.792
1076,8,2025-03-02 04:15:00,74.4,3.28,17.6,4.4
1077,9,2025-03-02 04:15:00,72.1,4.72,9.43,2.357
1078,10,2025-03-02 04:15:00,53.1,2.59,13.61,3.402
1079,11,2025-03-02 04:15:00,70.3,5.97,24.8,6.2
1080,12,2025-03-02 04:15:00,39.2,3.47,15.86,3.965
1081,1,2025-03-02 04:30:00,90.7,3.51,5.64,1.41
1082,2,2025-03-02 04:30:00,84.3,2.97,10.28,2.57
1083,3,2025-03-02 04:30:00,92.0,3.76,12.0,3.0
1084,4,2025-03-02 04:30:00,75.0,3.58,5.58,1.395
1085,5,2025-03-02 04:30:00,62.1,0.88,15.09,3.772
1086,6,2025-03-02 04:30:00,40.5,3.32,13.31,3.328
1087,7,2025-03-02 04:30:00,41.7,4.19,15.09,3.772
1088,8,2025-03-02 04:30:00,53.7,2.18,17.39,4.348
1089,9,2025-03-02 04:30:00,41.3,0.74,21.42,5.355
1090,10,2025-03-02 04:30:00,75.5,1.17,10.89,2.723
1091,11,2025-03-02 04:30:00,49.2,6.33,16.79,4.197
1092,12,2025-03-02 04:30:00,62.1,1.28,10.8,2.7
1093,1,2025-03-02 04:45:00,70.3,4.28,8.89,2.223
1094,2,2025-03-02 04:45:00,78.4,3.35,8.21,2.053
1095,3,2025-03-02 04:45:00,69.3,4.3,7.53,1.883
1096,4,2025-03-02 04:45:00,46.3,0.55,13.72,3.43
1097,5,2025-03-02 04:45:00,72.1,0.99,14.08,3.52
1098,6,2025-03-02 04:45:00,82.9,1.15,8.09,2.022
1099,7,2025-03-02 04:45:00,43.2,4.01,8.37,2.092
1100,8,2025-03-02 04:45:00,64.5,6.38,14.25,3.562
1101,9,2025-03-02 04:45:00,64.0,2.06,12.32,3.08
1102,10,2025-03-02 04:45:00,90.4,5.56,17.54,4.385
1103,11,2025-03-02 04:45:00,38.9,3.12,21.64,5.41
1104,12,2025-03-02 04:45:00,74.2,2.98,19.24,4.81
1105,1,2025-03-02 05:00:00,83.6,3.49,3.87,0.968
1106,2,2025-03-02 05:00:00,53.1,6.04,7.42,1.855
1107,3,2025-03-02 05:00:00,56.8,3.72,7.24,1.81
1108,4,2025-03-02 05:00:00,70.1,4.63,11.57,2.893
1109,5,2025-03-02 05:00:00,65.9,1.26,6.75,1.688
1110,6,2025-03-02 05:00:00,54.1,1.28,14.24,3.56
1111,7,2025-03-02 05:00:00,88.6,1.69,14.2,3.55
1112,8,2025-03-02 05:00:00,85.6,4.75,10.66,2.665
1113,9,2025-03-02 05:00:00,66.7,5.86,22.0,5.5
1114,10,2025-03-02 05:00:00,41.0,5.55,17.19,4.298
1115,11,2025-03-02 05:00:00,44.2,5.18,19.99,4.997
1116,12,2025-03-02 05:00:00,76.6,6.13,14.04,3.51
1117,1,2025-03-02 05:15:00,87.7,3.92,9.17,2.292
1118,2,2025-03-02 05:15:00,54.8,3.74,10.46,2.615
1119,3,2025-03-02 05:15:00,65.1,1.38,8.56,2.14
1120,4,2025-03-02 05:15:00,43.6,1.07,11.7,2.925
1121,5,2025-03-02 05:15:00,59.4,3.48,7.43,1.857
1122,6,2025-03-02 05:15:00,38.6,4.68,11.33,2.833
1123,7,2025-03-02 05:15:00,77.7,0.55,11.69,2.922
1124,8,2025-03-02 05:15:00,40.1,3.0,19.77,4.942
1125,9,2025-03-02 05:15:00,85.3,5.47,14.43,3.607
1126,10,2025-03-02 05:15:00,60.9,1.96,17.47,4.367
1127,11,2025-03-02 05:15:00,47.5,0.87,18.78,4.695
1128,12,2025-03-02 05:15:00,60.6,1.54,10.56,2.64
1129,1,2025-03-02 05:30:00,66.7,4.01,3.66,0.915
1130,2,2025-03-02 05:30:00,51.8,6.04,7.09,1.772
1131,3,2025-03-02 05:30:00,70.5,3.92,7.5,1.875
1132,4,2025-03-02 05:30:00,84.7,5.79,13.59,3.397
1133,5,2025-03-02 05:30:00,39.0,2.46,9.65,2.413
1134,6,2025-03-02 05:30:00,53.0,4.87,12.53,3.132
1135,7,2025-03-02 05:30:00,88.8,3.11,10.56,2.64
1136,8,2025-03-02 05:30:00,63.4,1.13,12.84,3.21
1137,9,2025-03-02 05:30:00,77.7,3.64,8.75,2.188
1138,10,2025-03-02 05:30:00,80.1,4.2,21.67,5.418
1139,11,2025-03-02 05:30:00,40.6,0.59,24.21,6.053
1140,12,2025-03-02 05:30:00,82.3,5.94,20.72,5.18
1141,1,2025-03-02 05:45:00,89.7,3.24,6.11,1.528
1142,2,2025-03-02 05:45:00,56.9,0.6,7.72,1.93
1143,3,2025-03-02 05:45:00,48.0,1.74,12.44,3.11
1144,4,2025-03-02 05:45:00,43.2,6.32,5.57,1.393
1145,5,2025-03-02 05:45:00,69.2,5.15,11.66,2.915
1146,6,2025-03-02 05:45:00,84.0,1.99,15.39,3.848
1147,7,2025-03-02 05:45:00,68.8,2.21,14.04,3.51
1148,8,2025-03-02 05:45:00,79.0,2.41,17.03,4.258
1149,9,2025-03-02 05:45:00,40.1,0.54,21.92,5.48
1150,10,2025-03-02 05:45:00,42.2,2.32,21.69,5.423
1151,11,2025-03-02 05:45:00,76.2,6.06,14.68,3.67
1152,12,2025-03-02 05:45:00,70.6,1.28,15.54,3.885
1153,1,2025-03-02 06:00:00,88.3,1.61,8.34,2.085
1154,2,2025-03-02 06:00:00,91.4,5.82,7.39,1.847
1155,3,2025-03-02 06:00:00,45.1,2.75,10.14,2.535
1156,4,2025-03-02 06:00:00,52.6,1.0,10.7,2.675
1157,5,2025-03-02 06:00:00,83.4,4.04,7.59,1.897
1158,6,2025-03-02 06:00:00,52.7,3.0,9.63,2.408
1159,7,2025-03-02 06:00:00,56.4,1.88,8.97,2.243
1160,8,2025-03-02 06:00:00,46.5,3.78,15.62,3.905
1161,9,2025-03-02 06:00:00,51.5,3.95,10.51,2.627
1162,10,2025-03-02 06:00:00,59.8,3.89,11.19,2.797
1163,11,2025-03-02 06:00:00,84.1,3.34,18.82,4.705
1164,12,2025-03-02 06:00:00,60.9,0.59,17.77,4.442
1165,1,2025-03-02 06:15:00,58.7,3.57,8.3,2.075
1166,2,2025-03-02 06:15:00,52.1,3.05,7.02,1.755
1167,3,2025-03-02 06:15:00,69.6,4.5,4.89,1.222
1168,4,2025-03-02 06:15:00,44.6,5.95,11.5,2.875
1169,5,2025-03-02 06:15:00,84.7,6.23,10.97,2.743
1170,6,2025-03-02 06:15:00,48.3,0.54,7.55,1.887
1171,7,2025-03-02 06:15:00,45.8,5.31,13.69,3.422
1172,8,2025-03-02 06:15:00,38.2,3.58,13.52,3.38
1173,9,2025-03-02 06:15:00,49.6,2.6,15.67,3.917
1174,10,2025-03-02 06:15:00,86.5,3.6,22.65,5.662
1175,11,2025-03-02 06:15:00,60.1,2.83,20.55,5.138
1176,12,2025-03-02 06:15:00,90.2,5.61,21.09,5.272
1177,1,2025-03-02 06:30:00,90.9,1.05,5.57,1.393
1178,2,2025-03-02 06:30:00,89.4,5.33,4.33,1.083
1179,3,2025-03-02 06:30:00,47.2,2.49,6.92,1.73
1180,4,2025-03-02 06:30:00,39.9,6.43,11.25,2.812
1181,5,2025-03-02 06:30:00,53.1,4.76,6.45,1.613
1182,6,2025-03-02 06:30:00,57.0,2.76,16.58,4.145
1183,7,2025-03-02 06:30:00,60.0,3.58,11.28,2.82
1184,8,2025-03-02 06:30:00,51.6,6.0,11.25,2.812
1185,9,2025-03-02 06:30:00,40.5,1.59,15.81,3.953
1186,10,2025-03-02 06:30:00,50.3,3.05,15.37,3.842
1187,11,2025-03-02 06:30:00,57.9,2.86,21.4,5.35
1188,12,2025-03-02 06:30:00,78.4,3.48,14.24,3.56
1189,1,2025-03-02 06:45:00,70.9,2.63,6.73,1.683
1190,2,2025-03-02 06:45:00,85.4,5.32,5.05,1.262
1191,3,2025-03-02 06:45:00,45.8,3.32,6.59,1.647
1192,4,2025-03-02 06:45:00,40.2,3.37,11.31,2.828
1193,5,2025-03-02 06:45:00,52.7,3.41,15.6,3.9
1194,6,2025-03-02 06:45:00,41.3,6.13,8.61,2.152
1195,7,2025-03-02 06:45:00,81.8,4.01,9.15,2.288
1196,8,2025-03-02 06:45:00,47.8,4.12,14.36,3.59
1197,9,2025-03-02 06:45:00,80.4,5.55,12.87,3.217
1198,10,2025-03-02 06:45:00,90.0,2.68,18.56,4.64
1199,11,2025-03-02 06:45:00,79.1,3.85,24.46,6.115
1200,12,2025-03-02 06:45:00,68.0,1.07,23.09,5.772
1201,1,2025-03-02 07:00:00,46.5,3.93,8.38,2.095
1202,2,2025-03-02 07:00:00,73.7,2.18,8.22,2.055
1203,3,2025-03-02 07:00:00,76.8,4.72,9.36,2.34
1204,4,2025-03-02 07:00:00,46.0,5.49,12.48,3.12
1205,5,2025-03-02 07:00:00,84.8,1.81,14.92,3.73
1206,6,2025-03-02 07:00:00,56.5,4.87,9.47,2.368
1207,7,2025-03-02 07:00:00,67.6,0.85,9.3,2.325
1208,8,2025-03-02 07:00:00,80.0,0.42,7.96,1.99
1209,9,2025-03-02 07:00:00,75.0,4.67,20.18,5.045
1210,10,2025-03-02 07:00:00,64.2,0.8,16.11,4.027
1211,11,2025-03-02 07:00:00,40.1,2.18,9.9,2.475
1212,12,2025-03-02 07:00:00,79.4,6.49,24.01,6.003
1213,1,2025-03-02 07:15:00,63.6,6.08,8.24,2.06
1214,2,2025-03-02 07:15:00,68.3,4.13,8.37,2.092
1215,3,2025-03-02 07:15:00,48.7,2.2,7.27,1.817
1216,4,2025-03-02 07:15:00,63.0,5.8,6.28,1.57
1217,5,2025-03-02 07:15:00,56.9,2.57,13.62,3.405
1218,6,2025-03-02 07:15:00,65.1,2.36,8.37,2.092
1219,7,2025-03-02 07:15:00,55.7,3.62,18.71,4.678
1220,8,2025-03-02 07:15:00,68.4,0.92,7.8,1.95
1221,9,2025-03-02 07:15:00,44.5,5.28,11.82,2.955
1222,10,2025-03-02 07:15:00,72.6,1.13,14.05,3.513
1223,11,2025-03-02 07:15:00,65.6,1.84,13.53,3.382
1224,12,2025-03-02 07:15:00,74.9,2.99,10.36,2.59
1225,1,2025-03-02 07:30:00,70.9,5.65,5.95,1.488
1226,2,2025-03-02 07:30:00,39.9,5.36,9.21,2.303
1227,3,2025-03-02 07:30:00,75.4,4.65,11.6,2.9
1228,4,2025-03-02 07:30:00,90.1,1.87,5.68,1.42
1229,5,2025-03-02 07:30:00,67.8,6.06,9.59,2.397
1230,6,2025-03-02 07:30:00,85.2,5.88,15.61,3.902
1231,7,2025-03-02 07:30:00,88.6,5.11,11.58,2.895
1232,8,2025-03-02 07:30:00,81.6,0.72,18.95,4.737
1233,9,2025-03-02 07:30:00,90.3,5.54,10.45,2.612
1234,10,2025-03-02 07:30:00,65.2,4.36,14.92,3.73
1235,11,2025-03-02 07:30:00,85.1,1.83,18.44,4.61
1236,12,2025-03-02 07:30:00,65.0,2.14,14.9,3.725
1237,1,2025-03-02 07:45:00,83.1,5.32,4.07,1.018
1238,2,2025-03-02 07:45:00,87.5,6.03,4.71,1.177
1239,3,2025-03-02 07:45:00,38.4,5.03,5.75,1.438
1240,4,2025-03-02 07:45:00,58.4,4.29,9.87,2.467
1241,5,2025-03-02 07:45:00,78.3,5.16,6.68,1.67
1242,6,2025-03-02 07:45:00,66.4,1.34,17.01,4.253
1243,7,2025-03-02 07:45:00,56.4,3.18,7.22,1.805
1244,8,2025-03-02 07:45:00,89.8,2.25,15.8,3.95
1245,9,2025-03-02 07:45:00,47.2,2.55,11.94,2.985
1246,10,2025-03-02 07:45:00,79.2,1.64,12.66,3.165
1247,11,2025-03-02 07:45:00,60.6,2.37,20.03,5.008
1248,12,2025-03-02 07:45:00,38.5,1.38,22.56,5.64
1249,1,2025-03-02 08:00:00,47.1,0.57,6.88,1.72
1250,2,2025-03-02 08:00:00,90.8,1.09,6.53,1.633
1251,3,2025-03-02 08:00:00,90.5,3.68,6.85,1.712
1252,4,2025-03-02 08:00:00,54.0,0.51,9.07,2.268
1253,5,2025-03-02 08:00:00,40.0,2.09,11.81,2.953
1254,6,2025-03-02 08:00:00,39.0,6.13,13.4,3.35
1255,7,2025-03-02 08:00:00,41.9,1.55,12.8,3.2
1256,8,2025-03-02 08:00:00,38.9,1.48,11.4,2.85
1257,9,2025-03-02 08:00:00,42.3,3.13,10.58,2.645
1258,10,2025-03-02 08:00:00,45.5,5.17,21.13,5.282
1259,11,2025-03-02 08:00:00,43.6,3.43,11.07,2.768
1260,12,2025-03-02 08:00:00,59.7,0.44,26.39,6.598
1261,1,2025-03-02 08:15:00,60.5,1.59,3.43,0.858
1262,2,2025-03-02 08:15:00,46.3,2.44,8.34,2.085
1263,3,2025-03-02 08:15:00,52.5,0.69,5.15,1.288
1264,4,2025-03-02 08:15:00,38.7,5.1,6.25,1.562
1265,5,2025-03-02 08:15:00,48.9,1.86,6.42,1.605
1266,6,2025-03-02 08:15:00,82.1,1.8,11.65,2.913
1267,7,2025-03-02 08:15:00,54.3,4.6,13.97,3.493
1268,8,2025-03-02 08:15:00,47.7,2.04,16.11,4.027
1269,9,2025-03-02 08:15:00,78.6,3.99,16.66,4.165
1270,10,2025-03-02 08:15:00,47.0,2.22,9.07,2.268
1271,11,2025-03-02 08:15:00,72.7,0.62,20.29,5.072
1272,12,2025-03-02 08:15:00,88.0,4.89,13.28,3.32
1273,1,2025-03-02 08:30:00,70.0,5.91,3.42,0.855
1274,2,2025-03-02 08:30:00,71.6,5.89,4.82,1.205
1275,3,2025-03-02 08:30:00,52.6,3.18,11.12,2.78
1276,4,2025-03-02 08:30:00,69.4,5.86,13.63,3.408
1277,5,2025-03-02 08:30:00,88.8,2.24,7.21,1.802
1278,6,2025-03-02 08:30:00,41.9,5.52,10.53,2.632
1279,7,2025-03-02 08:30:00,70.9,1.78,16.55,4.138
1280,8,2025-03-02 08:30:00,47.3,2.75,19.23,4.808
1281,9,2025-03-02 08:30:00,53.8,4.17,21.71,5.428
1282,10,2025-03-02 08:30:00,43.3,2.62,9.37,2.342
1283,11,2025-03-02 08:30:00,38.7,5.33,16.9,4.225
1284,12,2025-03-02 08:30:00,87.0,6.22,20.34,5.085
1285,1,2025-03-02 08:45:00,52.3,5.0,6.12,1.53
1286,2,2025-03-02 08:45:00,44.0,5.51,4.99,1.248
1287,3,2025-03-02 08:45:00,39.5,1.14,12.37,3.092
1288,4,2025-03-02 08:45:00,71.7,4.9,7.55,1.887
1289,5,2025-03-02 08:45:00,69.5,3.96,7.82,1.955
1290,6,2025-03-02 08:45:00,66.4,0.58,7.98,1.995
1291,7,2025-03-02 08:45:00,39.8,3.6,7.19,1.798
1292,8,2025-03-02 08:45:00,72.4,5.22,16.85,4.213
1293,9,2025-03-02 08:45:00,66.8,3.47,14.66,3.665
1294,10,2025-03-02 08:45:00,72.2,6.11,21.0,5.25
1295,11,2025-03-02 08:45:00,78.6,5.44,20.04,5.01
1296,12,2025-03-02 08:45:00,59.1,0.92,18.28,4.57
1297,1,2025-03-02 09:00:00,73.5,2.13,3.48,0.87
1298,2,2025-03-02 09:00:00,61.0,6.44,6.08,1.52
1299,3,2025-03-02 09:00:00,64.3,2.4,9.77,2.442
1300,4,2025-03-02 09:00:00,52.8,1.92,9.36,2.34
1301,5,2025-03-02 09:00:00,47.4,5.39,7.61,1.903
1302,6,2025-03-02 09:00:00,42.0,4.07,11.45,2.862
1303,7,2025-03-02 09:00:00,41.2,5.81,8.57,2.143
1304,8,2025-03-02 09:00:00,41.3,4.79,18.73,4.683
1305,9,2025-03-02 09:00:00,73.9,2.68,10.38,2.595
1306,10,2025-03-02 09:00:00,85.2,5.3,16.12,4.03
1307,11,2025-03-02 09:00:00,72.9,5.02,17.49,4.372
1308,12,2025-03-02 09:00:00,61.4,2.29,16.42,4.105
1309,1,2025-03-02 09:15:00,55.7,4.28,8.76,2.19
1310,2,2025-03-02 09:15:00,48.5,0.47,10.38,2.595
1311,3,2025-03-02 09:15:00,75.4,2.11,6.55,1.637
1312,4,2025-03-02 09:15:00,67.9,0.7,8.38,2.095
1313,5,2025-03-02 09:15:00,45.8,0.75,7.07,1.768
1314,6,2025-03-02 09:15:00,41.2,5.82,15.8,3.95
1315,7,2025-03-02 09:15:00,76.4,0.92,15.67,3.917
1316,8,2025-03-02 09:15:00,75.9,6.0,17.15,4.287
1317,9,2025-03-02 09:15:00,60.8,5.9,14.37,3.592
1318,10,2025-03-02 09:15:00,52.4,1.14,10.75,2.688
1319,11,2025-03-02 09:15:00,84.0,4.96,11.19,2.797
1320,12,2025-03-02 09:15:00,73.3,3.6,20.09,5.022
1321,1,2025-03-02 09:30:00,44.0,3.25,6.91,1.728
1322,2,2025-03-02 09:30:00,61.4,4.67,7.82,1.955
1323,3,2025-03-02 09:30:00,63.4,5.33,10.99,2.748
1324,4,2025-03-02 09:30:00,38.0,3.25,5.66,1.415
1325,5,2025-03-02 09:30:00,55.9,3.81,13.58,3.395
1326,6,2025-03-02 09:30:00,73.2,3.57,11.94,2.985
1327,7,2025-03-02 09:30:00,53.1,2.15,10.95,2.737
1328,8,2025-03-02 09:30:00,55.9,1.74,13.15,3.288
1329,9,2025-03-02 09:30:00,46.6,4.09,15.63,3.908
1330,10,2025-03-02 09:30:00,78.0,4.93,17.24,4.31
1331,11,2025-03-02 09:30:00,77.4,5.65,11.05,2.763
1332,12,2025-03-02 09:30:00,51.1,4.16,24.81,6.202
1333,1,2025-03-02 09:45:00,46.9,4.59,6.95,1.738
1334,2,2025-03-02 09:45:00,91.4,3.08,5.6,1.4
1335,3,2025-03-02 09:45:00,38.7,5.25,10.4,2.6
1336,4,2025-03-02 09:45:00,87.5,2.45,9.67,2.417
1337,5,2025-03-02 09:45:00,55.9,3.11,14.73,3.683
1338,6,2025-03-02 09:45:00,91.1,6.44,9.31,2.328
1339,7,2025-03-02 09:45:00,38.1,2.12,10.79,2.697
1340,8,2025-03-02 09:45:00,64.4,2.54,17.2,4.3
1341,9,2025-03-02 09:45:00,39.9,4.21,14.72,3.68
1342,10,2025-03-02 09:45:00,75.7,3.82,14.29,3.572
1343,11,2025-03-02 09:45:00,67.5,1.17,15.53,3.882
1344,12,2025-03-02 09:45:00,60.2,6.26,20.54,5.135
1345,1,2025-03-02 10:00:00,86.5,6.27,6.38,1.595
1346,2,2025-03-02 10:00:00,49.1,0.84,5.34,1.335
1347,3,2025-03-02 10:00:00,82.3,3.53,9.39,2.348
1348,4,2025-03-02 10:00:00,50.7,2.52,12.26,3.065
1349,5,2025-03-02 10:00:00,46.7,4.73,7.87,1.968
1350,6,2025-03-02 10:00:00,74.6,1.02,6.99,1.748
1351,7,2025-03-02 10:00:00,82.5,0.98,8.73,2.183
1352,8,2025-03-02 10:00:00,46.3,4.23,7.64,1.91
1353,9,2025-03-02 10:00:00,71.4,2.2,11.39,2.848
1354,10,2025-03-02 10:00:00,49.9,2.77,23.57,5.893
1355,11,2025-03-02 10:00:00,51.2,2.34,17.19,4.298
1356,12,2025-03-02 10:00:00,69.1,0.93,14.89,3.723
1357,1,2025-03-02 10:15:00,71.4,3.84,4.85,1.212
1358,2,2025-03-02 10:15:00,86.7,1.37,5.34,1.335
1359,3,2025-03-02 10:15:00,86.8,3.38,9.94,2.485
1360,4,2025-03-02 10:15:00,46.3,4.73,7.72,1.93
1361,5,2025-03-02 10:15:00,84.0,3.64,13.42,3.355
1362,6,2025-03-02 10:15:00,43.4,5.39,10.16,2.54
1363,7,2025-03-02 10:15:00,88.5,5.77,7.65,1.913
1364,8,2025-03-02 10:15:00,46.8,4.43,9.09,2.272
1365,9,2025-03-02 10:15:00,46.5,4.61,14.55,3.638
1366,10,2025-03-02 10:15:00,65.5,2.91,21.85,5.463
1367,11,2025-03-02 10:15:00,56.7,3.62,22.99,5.747
1368,12,2025-03-02 10:15:00,41.3,2.43,20.79,5.197
1369,1,2025-03-02 10:30:00,52.7,5.59,5.64,1.41
1370,2,2025-03-02 10:30:00,77.9,0.89,8.83,2.208
1371,3,2025-03-02 10:30:00,80.9,1.13,10.88,2.72
1372,4,2025-03-02 10:30:00,61.0,6.09,13.32,3.33
1373,5,2025-03-02 10:30:00,49.0,4.31,14.85,3.712
1374,6,2025-03-02 10:30:00,83.4,2.27,7.76,1.94
1375,7,2025-03-02 10:30:00,72.4,5.01,16.11,4.027
1376,8,2025-03-02 10:30:00,54.1,1.9,11.4,2.85
1377,9,2025-03-02 10:30:00,68.1,1.0,20.83,5.207
1378,10,2025-03-02 10:30:00,51.1,3.38,22.03,5.508
1379,11,2025-03-02 10:30:00,80.2,1.6,12.47,3.118
1380,12,2025-03-02 10:30:00,76.9,0.94,19.51,4.878
1381,1,2025-03-02 10:45:00,50.2,6.27,8.18,2.045
1382,2,2025-03-02 10:45:00,66.4,2.88,8.36,2.09
1383,3,2025-03-02 10:45:00,87.1,1.07,5.13,1.282
1384,4,2025-03-02 10:45:00,77.0,1.05,11.22,2.805
1385,5,2025-03-02 10:45:00,47.7,3.62,11.4,2.85
1386,6,2025-03-02 10:45:00,71.6,3.21,8.83,2.208
1387,7,2025-03-02 10:45:00,51.4,4.35,11.5,2.875
1388,8,2025-03-02 10:45:00,70.0,1.47,13.24,3.31
1389,9,2025-03-02 10:45:00,60.7,2.04,16.92,4.23
1390,10,2025-03-02 10:45:00,52.6,5.29,13.0,3.25
1391,11,2025-03-02 10:45:00,41.1,2.95,13.43,3.357
1392,12,2025-03-02 10:45:00,47.5,3.15,17.7,4.425
1393,1,2025-03-02 11:00:00,68.7,1.15,4.39,1.097
1394,2,2025-03-02 11:00:00,62.9,2.88,8.42,2.105
1395,3,2025-03-02 11:00:00,64.3,5.27,6.52,1.63
1396,4,2025-03-02 11:00:00,76.3,2.59,12.89,3.223
1397,5,2025-03-02 11:00:00,42.4,1.09,13.08,3.27
1398,6,2025-03-02 11:00:00,82.9,1.03,9.8,2.45
1399,7,2025-03-02 11:00:00,83.6,0.9,18.69,4.673
1400,8,2025-03-02 11:00:00,72.8,6.01,20.03,5.008
1401,9,2025-03-02 11:00:00,44.5,5.33,12.86,3.215
1402,10,2025-03-02 11:00:00,61.0,3.72,16.49,4.122
1403,11,2025-03-02 11:00:00,49.3,4.4,21.27,5.317
1404,12,2025-03-02 11:00:00,54.1,2.01,23.46,5.865
1405,1,2025-03-02 11:15:00,70.4,4.11,3.46,0.865
1406,2,2025-03-02 11:15:00,62.7,3.16,6.66,1.665
1407,3,2025-03-02 11:15:00,77.0,5.1,11.99,2.998
1408,4,2025-03-02 11:15:00,79.8,2.24,6.3,1.575
1409,5,2025-03-02 11:15:00,64.8,5.41,7.41,1.853
1410,6,2025-03-02 11:15:00,65.0,4.85,11.45,2.862
1411,7,2025-03-02 11:15:00,51.7,5.27,9.01,2.252
1412,8,2025-03-02 11:15:00,83.8,5.77,13.42,3.355
1413,9,2025-03-02 11:15:00,65.0,2.47,10.08,2.52
1414,10,2025-03-02 11:15:00,83.9,4.47,21.98,5.495
1415,11,2025-03-02 11:15:00,70.7,1.38,19.06,4.765
1416,12,2025-03-02 11:15:00,51.7,3.79,23.35,5.838
1417,1,2025-03-02 11:30:00,85.1,5.94,3.7,0.925
1418,2,2025-03-02 11:30:00,61.8,1.85,6.05,1.512
1419,3,2025-03-02 11:30:00,89.7,2.22,12.22,3.055
1420,4,2025-03-02 11:30:00,88.0,0.86,9.04,2.26
1421,5,2025-03-02 11:30:00,84.2,5.38,9.58,2.395
1422,6,2025-03-02 11:30:00,71.9,2.68,10.85,2.712
1423,7,2025-03-02 11:30:00,49.9,3.37,12.79,3.197
1424,8,2025-03-02 11:30:00,70.4,4.59,17.45,4.362
1425,9,2025-03-02 11:30:00,82.2,4.95,8.52,2.13
1426,10,2025-03-02 11:30:00,66.6,4.64,17.79,4.447
1427,11,2025-03-02 11:30:00,47.4,3.66,11.55,2.888
1428,12,2025-03-02 11:30:00,59.8,3.51,10.36,2.59
1429,1,2025-03-02 11:45:00,40.1,1.29,5.27,1.317
1430,2,2025-03-02 11:45:00,67.1,3.9,7.79,1.948
1431,3,2025-03-02 11:45:00,44.4,4.57,5.46,1.365
1432,4,2025-03-02 11:45:00,65.1,2.44,6.94,1.735
1433,5,2025-03-02 11:45:00,68.5,1.39,6.44,1.61
1434,6,2025-03-02 11:45:00,71.5,1.85,7.97,1.992
1435,7,2025-03-02 11:45:00,39.1,1.08,8.92,2.23
1436,8,2025-03-02 11:45:00,68.6,4.11,14.24,3.56
1437,9,2025-03-02 11:45:00,55.0,2.74,18.49,4.622
1438,10,2025-03-02 11:45:00,76.2,4.61,10.95,2.737
1439,11,2025-03-02 11:45:00,60.0,2.98,13.44,3.36
1440,12,2025-03-02 11:45:00,87.7,3.62,18.29,4.572
1441,1,2025-03-02 12:00:00,77.9,3.63,4.82,1.205
1442,2,2025-03-02 12:00:00,47.8,3.7,7.67,1.917
1443,3,2025-03-02 12:00:00,58.6,4.27,9.07,2.268
1444,4,2025-03-02 12:00:00,49.9,5.02,12.69,3.172
1445,5,2025-03-02 12:00:00,69.0,1.15,7.43,1.857
1446,6,2025-03-02 12:00:00,58.7,1.78,10.67,2.667
1447,7,2025-03-02 12:00:00,90.8,3.62,9.12,2.28
1448,8,2025-03-02 12:00:00,69.6,1.58,13.52,3.38
1449,9,2025-03-02 12:00:00,70.6,3.37,8.9,2.225
1450,10,2025-03-02 12:00:00,68.5,4.2,23.39,5.848
1451,11,2025-03-02 12:00:00,67.3,3.56,11.86,2.965
1452,12,2025-03-02 12:00:00,84.2,4.87,24.65,6.162
1453,1,2025-03-02 12:15:00,81.2,2.68,4.65,1.163
1454,2,2025-03-02 12:15:00,47.9,4.18,10.5,2.625
1455,3,2025-03-02 12:15:00,48.6,5.52,10.31,2.578
1456,4,2025-03-02 12:15:00,68.8,1.62,9.81,2.453
1457,5,2025-03-02 12:15:00,61.7,4.53,6.08,1.52
1458,6,2025-03-02 12:15:00,45.8,2.37,12.83,3.208
1459,7,2025-03-02 12:15:00,71.1,0.85,8.71,2.178
1460,8,2025-03-02 12:15:00,52.0,6.47,12.63,3.158
1461,9,2025-03-02 12:15:00,41.2,3.79,16.08,4.02
1462,10,2025-03-02 12:15:00,82.5,0.73,21.44,5.36
1463,11,2025-03-02 12:15:00,84.9,2.0,18.75,4.688
1464,12,2025-03-02 12:15:00,40.6,3.01,23.47,5.867
1465,1,2025-03-02 12:30:00,45.5,2.9,5.06,1.265
1466,2,2025-03-02 12:30:00,40.8,5.42,4.35,1.087
1467,3,2025-03-02 12:30:00,43.2,2.84,7.51,1.877
1468,4,2025-03-02 12:30:00,82.4,2.07,7.26,1.815
1469,5,2025-03-02 12:30:00,56.1,0.61,15.32,3.83
1470,6,2025-03-02 12:30:00,66.6,3.86,7.7,1.925
1471,7,2025-03-02 12:30:00,80.4,1.84,10.03,2.507
1472,8,2025-03-02 12:30:00,88.3,5.28,14.93,3.732
1473,9,2025-03-02 12:30:00,44.8,0.52,12.44,3.11
1474,10,2025-03-02 12:30:00,42.7,2.27,10.2,2.55
1475,11,2025-03-02 12:30:00,76.7,1.34,16.67,4.168
1476,12,2025-03-02 12:30:00,40.6,4.92,15.55,3.888
1477,1,2025-03-02 12:45:00,56.4,1.9,7.32,1.83
1478,2,2025-03-02 12:45:00,54.2,5.73,4.2,1.05
1479,3,2025-03-02 12:45:00,70.2,5.53,6.01,1.502
1480,4,2025-03-02 12:45:00,78.6,6.03,6.09,1.522
1481,5,2025-03-02 12:45:00,81.4,5.63,15.14,3.785
1482,6,2025-03-02 12:45:00,45.0,0.84,9.03,2.257
1483,7,2025-03-02 12:45:00,85.2,3.15,10.95,2.737
1484,8,2025-03-02 12:45:00,86.3,0.82,19.11,4.777
1485,9,2025-03-02 12:45:00,82.6,5.9,10.39,2.598
1486,10,2025-03-02 12:45:00,70.1,6.07,19.87,4.968
1487,11,2025-03-02 12:45:00,67.7,1.22,18.11,4.527
1488,12,2025-03-02 12:45:00,76.7,1.87,15.6,3.9
1489,1,2025-03-02 13:00:00,81.6,3.44,9.12,2.28
1490,2,2025-03-02 13:00:00,48.5,4.23,4.6,1.15
1491,3,2025-03-02 13:00:00,71.8,6.45,6.3,1.575
1492,4,2025-03-02 13:00:00,41.9,2.81,6.22,1.555
1493,5,2025-03-02 13:00:00,82.2,1.48,11.64,2.91
1494,6,2025-03-02 13:00:00,83.9,4.59,7.88,1.97
1495,7,2025-03-02 13:00:00,82.6,0.48,15.61,3.902
1496,8,2025-03-02 13:00:00,70.2,4.95,13.06,3.265
1497,9,2025-03-02 13:00:00,48.1,2.77,8.43,2.107
1498,10,2025-03-02 13:00:00,72.6,3.42,12.77,3.192
1499,11,2025-03-02 13:00:00,60.5,2.3,15.11,3.777
1500,12,2025-03-02 13:00:00,85.6,4.65,17.69,4.423
1501,1,2025-03-02 13:15:00,39.0,6.25,3.78,0.945
1502,2,2025-03-02 13:15:00,46.6,1.13,9.07,2.268
1503,3,2025-03-02 13:15:00,84.8,4.32,7.48,1.87
1504,4,2025-03-02 13:15:00,61.7,3.33,6.35,1.587
1505,5,2025-03-02 13:15:00,76.7,0.8,6.51,1.627
1506,6,2025-03-02 13:15:00,53.6,5.44,15.93,3.982
1507,7,2025-03-02 13:15:00,39.7,4.12,14.32,3.58
1508,8,2025-03-02 13:15:00,75.8,4.56,20.28,5.07
1509,9,2025-03-02 13:15:00,90.5,3.43,10.11,2.527
1510,10,2025-03-02 13:15:00,66.3,0.49,17.7,4.425
1511,11,2025-03-02 13:15:00,61.6,2.17,20.98,5.245
1512,12,2025-03-02 13:15:00,82.7,4.41,21.21,5.303
1513,1,2025-03-02 13:30:00,78.4,5.35,7.79,1.948
1514,2,2025-03-02 13:30:00,87.3,3.16,9.24,2.31
1515,3,2025-03-02 13:30:00,50.5,2.61,11.72,2.93
1516,4,2025-03-02 13:30:00,91.4,2.94,7.12,1.78
1517,5,2025-03-02 13:30:00,77.1,5.94,13.58,3.395
1518,6,2025-03-02 13:30:00,64.9,4.57,12.98,3.245
1519,7,2025-03-02 13:30:00,38.2,1.97,16.04,4.01
1520,8,2025-03-02 13:30:00,56.4,2.26,20.37,5.093
1521,9,2025-03-02 13:30:00,41.6,0.61,10.27,2.567
1522,10,2025-03-02 13:30:00,56.6,3.58,21.88,5.47
1523,11,2025-03-02 13:30:00,55.2,3.99,21.09,5.272
1524,12,2025-03-02 13:30:00,62.6,4.72,17.95,4.487
1525,1,2025-03-02 13:45:00,82.2,5.31,7.3,1.825
1526,2,2025-03-02 13:45:00,55.1,5.76,8.95,2.237
1527,3,2025-03-02 13:45:00,78.3,3.82,7.09,1.772
1528,4,2025-03-02 13:45:00,56.9,3.27,6.89,1.722
1529,5,2025-03-02 13:45:00,84.8,4.42,13.01,3.252
1530,6,2025-03-02 13:45:00,75.9,1.46,8.05,2.013
1531,7,2025-03-02 13:45:00,70.3,4.25,9.99,2.498
1532,8,2025-03-02 13:45:00,83.1,2.59,15.47,3.868
1533,9,2025-03-02 13:45:00,44.4,0.59,11.22,2.805
1534,10,2025-03-02 13:45:00,62.8,2.51,17.39,4.348
1535,11,2025-03-02 13:45:00,79.0,3.58,23.55,5.888
1536,12,2025-03-02 13:45:00,74.2,2.34,20.11,5.027
1537,1,2025-03-02 14:00:00,54.6,5.73,5.95,1.488
1538,2,2025-03-02 14:00:00,89.0,5.17,8.08,2.02
1539,3,2025-03-02 14:00:00,79.1,1.63,11.56,2.89
1540,4,2025-03-02 14:00:00,84.1,2.01,10.98,2.745
1541,5,2025-03-02 14:00:00,59.9,5.59,12.41,3.103
1542,6,2025-03-02 14:00:00,91.9,3.77,11.98,2.995
1543,7,2025-03-02 14:00:00,74.9,3.01,14.27,3.567
1544,8,2025-03-02 14:00:00,61.0,4.4,18.7,4.675
1545,9,2025-03-02 14:00:00,43.2,2.44,10.31,2.578
1546,10,2025-03-02 14:00:00,77.2,0.76,19.06,4.765
1547,11,2025-03-02 14:00:00,60.6,1.28,13.36,3.34
1548,12,2025-03-02 14:00:00,69.6,2.58,15.04,3.76
1549,1,2025-03-02 14:15:00,38.4,0.47,5.89,1.472
1550,2,2025-03-02 14:15:00,70.4,1.24,6.19,1.548
1551,3,2025-03-02 14:15:00,51.4,1.66,5.93,1.482
1552,4,2025-03-02 14:15:00,54.8,2.36,6.62,1.655
1553,5,2025-03-02 14:15:00,40.0,0.87,12.87,3.217
1554,6,2025-03-02 14:15:00,47.6,3.93,16.01,4.003
1555,7,2025-03-02 14:15:00,48.3,3.05,8.37,2.092
1556,8,2025-03-02 14:15:00,61.9,0.77,16.04,4.01
1557,9,2025-03-02 14:15:00,82.0,3.4,20.02,5.005
1558,10,2025-03-02 14:15:00,75.8,4.67,10.77,2.692
1559,11,2025-03-02 14:15:00,79.5,3.02,25.24,6.31
1560,12,2025-03-02 14:15:00,61.6,1.75,14.09,3.522
1561,1,2025-03-02 14:30:00,39.6,3.85,7.25,1.812
1562,2,2025-03-02 14:30:00,71.5,3.22,8.51,2.127
1563,3,2025-03-02 14:30:00,38.1,1.16,5.46,1.365
1564,4,2025-03-02 14:30:00,77.9,2.56,5.86,1.465
1565,5,2025-03-02 14:30:00,55.2,5.62,6.16,1.54
1566,6,2025-03-02 14:30:00,77.3,1.23,12.82,3.205
1567,7,2025-03-02 14:30:00,84.1,3.95,14.77,3.692
1568,8,2025-03-02 14:30:00,54.6,4.45,11.81,2.953
1569,9,2025-03-02 14:30:00,55.0,4.0,11.81,2.953
1570,10,2025-03-02 14:30:00,70.4,2.08,22.88,5.72
1571,11,2025-03-02 14:30:00,59.5,2.19,11.04,2.76
1572,12,2025-03-02 14:30:00,46.2,3.74,12.37,3.092
1573,1,2025-03-02 14:45:00,47.6,3.01,7.28,1.82
1574,2,2025-03-02 14:45:00,84.6,5.63,5.18,1.295
1575,3,2025-03-02 14:45:00,55.8,4.19,9.51,2.377
1576,4,2025-03-02 14:45:00,87.3,2.03,9.58,2.395
1577,5,2025-03-02 14:45:00,59.5,3.26,14.04,3.51
1578,6,2025-03-02 14:45:00,80.9,4.78,9.71,2.428
1579,7,2025-03-02 14:45:00,53.6,6.28,10.01,2.502
1580,8,2025-03-02 14:45:00,73.1,5.61,18.79,4.697
1581,9,2025-03-02 14:45:00,87.0,1.82,17.2,4.3
1582,10,2025-03-02 14:45:00,81.6,0.97,15.37,3.842
1583,11,2025-03-02 14:45:00,66.3,3.18,19.78,4.945
1584,12,2025-03-02 14:45:00,57.8,4.3,21.67,5.418
1585,1,2025-03-02 15:00:00,76.7,5.05,7.38,1.845
1586,2,2025-03-02 15:00:00,68.2,2.43,8.81,2.203
1587,3,2025-03-02 15:00:00,64.8,2.13,6.36,1.59
1588,4,2025-03-02 15:00:00,63.7,1.14,7.93,1.982
1589,5,2025-03-02 15:00:00,75.4,6.48,10.45,2.612
1590,6,2025-03-02 15:00:00,38.6,5.88,14.09,3.522
1591,7,2025-03-02 15:00:00,72.9,1.27,15.9,3.975
1592,8,2025-03-02 15:00:00,48.4,5.24,11.07,2.768
1593,9,2025-03-02 15:00:00,86.7,4.07,11.58,2.895
1594,10,2025-03-02 15:00:00,83.8,3.57,23.16,5.79
1595,11,2025-03-02 15:00:00,67.2,6.0,10.3,2.575
1596,12,2025-03-02 15:00:00,83.6,2.5,22.68,5.67
1597,1,2025-03-02 15:15:00,48.2,5.74,7.9,1.975
1598,2,2025-03-02 15:15:00,74.0,5.64,4.44,1.11
1599,3,2025-03-02 15:15:00,45.8,0.57,7.0,1.75
1600,4,2025-03-02 15:15:00,65.0,3.41,8.97,2.243
1601,5,2025-03-02 15:15:00,90.9,1.6,8.94,2.235
1602,6,2025-03-02 15:15:00,74.2,5.29,10.36,2.59
1603,7,2025-03-02 15:15:00,65.3,0.44,16.81,4.202
1604,8,2025-03-02 15:15:00,59.3,5.83,14.92,3.73
1605,9,2025-03-02 15:15:00,47.9,3.7,16.41,4.103
1606,10,2025-03-02 15:15:00,63.1,0.69,15.91,3.978
1607,11,2025-03-02 15:15:00,83.0,2.38,12.54,3.135
1608,12,2025-03-02 15:15:00,55.3,5.82,18.98,4.745
1609,1,2025-03-02 15:30:00,80.0,2.01,4.09,1.022
1610,2,2025-03-02 15:30:00,52.4,4.59,6.61,1.653
1611,3,2025-03-02 15:30:00,42.1,1.82,9.39,2.348
1612,4,2025-03-02 15:30:00,73.6,2.94,5.65,1.413
1613,5,2025-03-02 15:30:00,78.7,4.62,11.77,2.942
1614,6,2025-03-02 15:30:00,39.7,6.34,9.43,2.357
1615,7,2025-03-02 15:30:00,67.4,2.58,7.68,1.92
1616,8,2025-03-02 15:30:00,89.8,0.74,18.61,4.652
1617,9,2025-03-02 15:30:00,71.8,5.6,8.23,2.058
1618,10,2025-03-02 15:30:00,91.6,5.57,21.75,5.438
1619,11,2025-03-02 15:30:00,90.1,0.8,16.33,4.082
1620,12,2025-03-02 15:30:00,61.3,2.82,22.57,5.643
1621,1,2025-03-02 15:45:00,84.3,5.88,7.7,1.925
1622,2,2025-03-02 15:45:00,87.3,2.64,10.76,2.69
1623,3,2025-03-02 15:45:00,56.3,1.48,7.88,1.97
1624,4,2025-03-02 15:45:00,82.8,5.97,12.89,3.223
1625,5,2025-03-02 15:45:00,91.0,2.35,7.47,1.867
1626,6,2025-03-02 15:45:00,79.0,4.03,7.41,1.853
1627,7,2025-03-02 15:45:00,72.0,5.92,13.31,3.328
1628,8,2025-03-02 15:45:00,83.6,1.05,19.75,4.938
1629,9,2025-03-02 15:45:00,77.6,2.72,19.52,4.88
1630,10,2025-03-02 15:45:00,89.5,0.88,15.76,3.94
1631,11,2025-03-02 15:45:00,42.7,5.12,16.04,4.01
1632,12,2025-03-02 15:45:00,39.1,1.71,19.88,4.97
1633,1,2025-03-02 16:00:00,81.9,1.72,5.52,1.38
1634,2,2025-03-02 16:00:00,70.2,4.5,4.46,1.115
1635,3,2025-03-02 16:00:00,62.9,1.49,8.97,2.243
1636,4,2025-03-02 16:00:00,89.7,2.64,13.8,3.45
1637,5,2025-03-02 16:00:00,38.7,4.25,10.84,2.71
1638,6,2025-03-02 16:00:00,75.9,4.25,13.91,3.478
1639,7,2025-03-02 16:00:00,69.8,5.44,14.5,3.625
1640,8,2025-03-02 16:00:00,41.9,5.47,9.62,2.405
1641,9,2025-03-02 16:00:00,70.8,5.54,13.02,3.255
1642,10,2025-03-02 16:00:00,91.5,0.66,17.18,4.295
1643,11,2025-03-02 16:00:00,60.4,4.1,19.92,4.98
1644,12,2025-03-02 16:00:00,51.2,0.59,25.41,6.353
1645,1,2025-03-02 16:15:00,57.8,3.8,7.4,1.85
1646,2,2025-03-02 16:15:00,84.2,3.08,4.89,1.222
1647,3,2025-03-02 16:15:00,74.2,4.52,4.69,1.173
1648,4,2025-03-02 16:15:00,91.6,5.79,11.56,2.89
1649,5,2025-03-02 16:15:00,42.0,6.26,7.98,1.995
1650,6,2025-03-02 16:15:00,41.0,0.75,12.17,3.042
1651,7,2025-03-02 16:15:00,57.4,1.6,16.73,4.183
1652,8,2025-03-02 16:15:00,88.8,1.0,18.56,4.64
1653,9,2025-03-02 16:15:00,42.9,3.03,8.23,2.058
1654,10,2025-03-02 16:15:00,83.9,4.26,20.66,5.165
1655,11,2025-03-02 16:15:00,62.4,4.08,23.89,5.973
1656,12,2025-03-02 16:15:00,62.4,5.11,19.57,4.893
1657,1,2025-03-02 16:30:00,69.2,5.97,4.03,1.008
1658,2,2025-03-02 16:30:00,89.2,1.45,7.35,1.837
1659,3,2025-03-02 16:30:00,56.6,2.0,8.83,2.208
1660,4,2025-03-02 16:30:00,92.0,1.35,11.93,2.982
1661,5,2025-03-02 16:30:00,68.3,5.58,12.53,3.132
1662,6,2025-03-02 16:30:00,38.8,1.47,11.04,2.76
1663,7,2025-03-02 16:30:00,44.5,4.35,11.09,2.772
1664,8,2025-03-02 16:30:00,40.4,6.12,14.52,3.63
1665,9,2025-03-02 16:30:00,76.3,6.08,12.26,3.065
1666,10,2025-03-02 16:30:00,87.1,3.7,14.5,3.625
1667,11,2025-03-02 16:30:00,51.1,5.15,22.46,5.615
1668,12,2025-03-02 16:30:00,81.8,4.87,15.36,3.84
1669,1,2025-03-02 16:45:00,81.0,1.77,6.24,1.56
1670,2,2025-03-02 16:45:00,87.5,4.37,6.22,1.555
1671,3,2025-03-02 16:45:00,54.7,2.97,12.17,3.042
1672,4,2025-03-02 16:45:00,41.9,5.01,13.15,3.288
1673,5,2025-03-02 16:45:00,77.2,0.68,7.89,1.972
1674,6,2025-03-02 16:45:00,45.1,3.05,12.82,3.205
1675,7,2025-03-02 16:45:00,55.9,2.33,8.84,2.21
1676,8,2025-03-02 16:45:00,60.4,3.37,11.09,2.772
1677,9,2025-03-02 16:45:00,48.0,2.12,20.16,5.04
1678,10,2025-03-02 16:45:00,53.6,5.65,20.48,5.12
1679,11,2025-03-02 16:45:00,50.9,2.31,10.1,2.525
1680,12,2025-03-02 16:45:00,78.3,0.52,15.4,3.85
1681,1,2025-03-02 17:00:00,56.7,5.29,8.57,2.143
1682,2,2025-03-02 17:00:00,39.1,1.92,8.96,2.24
1683,3,2025-03-02 17:00:00,88.8,0.54,11.73,2.933
1684,4,2025-03-02 17:00:00,79.3,6.08,5.92,1.48
1685,5,2025-03-02 17:00:00,64.3,5.19,8.45,2.112
1686,6,2025-03-02 17:00:00,69.6,1.23,16.24,4.06
1687,7,2025-03-02 17:00:00,85.8,3.1,8.18,2.045
1688,8,2025-03-02 17:00:00,66.7,0.73,9.56,2.39
1689,9,2025-03-02 17:00:00,79.2,2.21,14.83,3.708
1690,10,2025-03-02 17:00:00,74.1,4.28,13.4,3.35
1691,11,2025-03-02 17:00:00,73.5,5.01,23.67,5.918
1692,12,2025-03-02 17:00:00,54.7,2.46,21.19,5.298
1693,1,2025-03-02 17:15:00,62.5,1.17,5.01,1.252
1694,2,2025-03-02 17:15:00,75.5,1.73,5.33,1.333
1695,3,2025-03-02 17:15:00,69.0,4.12,6.93,1.732
1696,4,2025-03-02 17:15:00,67.9,5.63,6.77,1.692
1697,5,2025-03-02 17:15:00,46.5,2.85,11.69,2.922
1698,6,2025-03-02 17:15:00,52.6,2.3,13.83,3.458
1699,7,2025-03-02 17:15:00,81.4,3.15,16.53,4.133
1700,8,2025-03-02 17:15:00,84.1,4.5,8.74,2.185
1701,9,2025-03-02 17:15:00,45.7,2.18,19.68,4.92
1702,10,2025-03-02 17:15:00,59.2,3.47,16.89,4.223
1703,11,2025-03-02 17:15:00,91.5,3.32,22.33,5.582
1704,12,2025-03-02 17:15:00,42.4,4.84,21.93,5.482
1705,1,2025-03-02 17:30:00,46.9,6.03,6.84,1.71
1706,2,2025-03-02 17:30:00,79.5,2.51,5.45,1.363
1707,3,2025-03-02 17:30:00,47.6,3.28,10.83,2.708
1708,4,2025-03-02 17:30:00,41.8,5.49,7.86,1.965
1709,5,2025-03-02 17:30:00,43.2,4.66,9.6,2.4
1710,6,2025-03-02 17:30:00,54.7,2.2,13.54,3.385
1711,7,2025-03-02 17:30:00,60.0,0.84,14.94,3.735
1712,8,2025-03-02 17:30:00,62.4,1.6,19.02,4.755
1713,9,2025-03-02 17:30:00,51.1,1.96,11.98,2.995
1714,10,2025-03-02 17:30:00,49.5,3.49,21.34,5.335
1715,11,2025-03-02 17:30:00,90.0,6.13,24.63,6.157
1716,12,2025-03-02 17:30:00,40.5,2.54,18.06,4.515
1717,1,2025-03-02 17:45:00,74.9,5.35,8.79,2.197
1718,2,2025-03-02 17:45:00,86.2,4.2,8.82,2.205
1719,3,2025-03-02 17:45:00,65.1,5.39,8.65,2.163
1720,4,2025-03-02 17:45:00,42.2,1.53,7.03,1.758
1721,5,2025-03-02 17:45:00,64.6,3.47,13.87,3.467
1722,6,2025-03-02 17:45:00,42.8,5.75,9.22,2.305
1723,7,2025-03-02 17:45:00,81.9,0.4,12.98,3.245
1724,8,2025-03-02 17:45:00,38.0,3.75,18.96,4.74
1725,9,2025-03-02 17:45:00,91.2,0.95,15.59,3.897
1726,10,2025-03-02 17:45:00,70.2,6.3,16.24,4.06
1727,11,2025-03-02 17:45:00,47.1,4.62,11.49,2.873
1728,12,2025-03-02 17:45:00,57.7,3.36,25.69,6.423
1729,1,2025-03-02 18:00:00,80.2,0.71,5.13,1.282
1730,2,2025-03-02 18:00:00,71.4,2.81,7.6,1.9
1731,3,2025-03-02 18:00:00,74.2,3.01,9.61,2.402
1732,4,2025-03-02 18:00:00,57.7,6.06,12.67,3.167
1733,5,2025-03-02 18:00:00,68.5,5.96,12.2,3.05
1734,6,2025-03-02 18:00:00,70.7,3.11,10.53,2.632
1735,7,2025-03-02 18:00:00,54.2,3.45,7.78,1.945
1736,8,2025-03-02 18:00:00,82.8,5.61,17.33,4.332
1737,9,2025-03-02 18:00:00,43.5,5.39,11.98,2.995
1738,10,2025-03-02 18:00:00,59.8,3.93,23.34,5.835
1739,11,2025-03-02 18:00:00,86.2,2.69,24.24,6.06
1740,12,2025-03-02 18:00:00,52.0,6.32,16.28,4.07
1741,1,2025-03-02 18:15:00,78.5,1.45,6.67,1.667
1742,2,2025-03-02 18:15:00,71.7,4.99,9.17,2.292
1743,3,2025-03-02 18:15:00,48.8,4.11,10.43,2.607
1744,4,2025-03-02 18:15:00,81.5,1.88,12.09,3.022
1745,5,2025-03-02 18:15:00,65.8,3.67,8.02,2.005
1746,6,2025-03-02 18:15:00,50.0,6.36,10.04,2.51
1747,7,2025-03-02 18:15:00,78.9,4.29,10.07,2.518
1748,8,2025-03-02 18:15:00,49.0,2.28,12.12,3.03
1749,9,2025-03-02 18:15:00,90.6,1.08,21.19,5.298
1750,10,2025-03-02 18:15:00,73.0,3.38,20.75,5.188
1751,11,2025-03-02 18:15:00,91.7,6.47,24.4,6.1
1752,12,2025-03-02 18:15:00,85.4,1.1,14.52,3.63
1753,1,2025-03-02 18:30:00,79.9,1.41,4.52,1.13
1754,2,2025-03-02 18:30:00,90.8,0.79,8.35,2.087
1755,3,2025-03-02 18:30:00,67.8,2.59,10.17,2.542
1756,4,2025-03-02 18:30:00,42.2,1.25,13.42,3.355
1757,5,2025-03-02 18:30:00,47.9,1.34,7.53,1.883
1758,6,2025-03-02 18:30:00,79.1,4.41,15.98,3.995
1759,7,2025-03-02 18:30:00,42.1,3.12,10.18,2.545
1760,8,2025-03-02 18:30:00,50.0,4.33,19.1,4.775
1761,9,2025-03-02 18:30:00,89.4,5.32,18.15,4.537
1762,10,2025-03-02 18:30:00,42.2,0.65,20.45,5.112
1763,11,2025-03-02 18:30:00,89.2,4.23,21.42,5.355
1764,12,2025-03-02 18:30:00,59.3,3.86,25.74,6.435
1765,1,2025-03-02 18:45:00,80.4,4.85,8.94,2.235
1766,2,2025-03-02 18:45:00,80.6,2.08,10.4,2.6
1767,3,2025-03-02 18:45:00,88.8,2.56,5.09,1.272
1768,4,2025-03-02 18:45:00,83.8,2.2,12.96,3.24
1769,5,2025-03-02 18:45:00,71.7,2.27,13.14,3.285
1770,6,2025-03-02 18:45:00,50.7,1.08,13.35,3.337
1771,7,2025-03-02 18:45:00,90.0,0.81,11.28,2.82
1772,8,2025-03-02 18:45:00,85.5,4.19,17.36,4.34
1773,9,2025-03-02 18:45:00,55.2,4.98,18.12,4.53
1774,10,2025-03-02 18:45:00,73.3,1.06,14.02,3.505
1775,11,2025-03-02 18:45:00,91.2,3.54,20.38,5.095
1776,12,2025-03-02 18:45:00,50.6,2.1,18.41,4.603
1777,1,2025-03-02 19:00:00,84.5,3.05,4.98,1.245
1778,2,2025-03-02 19:00:00,81.7,5.81,10.35,2.587
1779,3,2025-03-02 19:00:00,85.1,2.66,12.13,3.033
1780,4,2025-03-02 19:00:00,43.7,2.47,10.44,2.61
1781,5,2025-03-02 19:00:00,83.9,4.08,8.98,2.245
1782,6,2025-03-02 19:00:00,49.2,0.9,8.4,2.1
1783,7,2025-03-02 19:00:00,90.5,5.35,12.25,3.062
1784,8,2025-03-02 19:00:00,80.2,1.13,20.02,5.005
1785,9,2025-03-02 19:00:00,50.9,4.4,15.29,3.822
1786,10,2025-03-02 19:00:00,74.1,4.92,10.23,2.558
1787,11,2025-03-02 19:00:00,38.4,5.31,22.84,5.71
1788,12,2025-03-02 19:00:00,84.7,1.5,25.15,6.287
1789,1,2025-03-02 19:15:00,74.2,0.66,7.75,1.938
1790,2,2025-03-02 19:15:00,80.0,4.76,8.54,2.135
1791,3,2025-03-02 19:15:00,77.7,6.47,10.29,2.572
1792,4,2025-03-02 19:15:00,90.1,4.4,5.54,1.385
1793,5,2025-03-02 19:15:00,48.8,2.69,12.11,3.027
1794,6,2025-03-02 19:15:00,88.6,4.5,10.53,2.632
1795,7,2025-03-02 19:15:00,65.6,0.91,17.44,4.36
1796,8,2025-03-02 19:15:00,52.6,0.61,11.36,2.84
1797,9,2025-03-02 19:15:00,39.1,2.56,21.88,5.47
1798,10,2025-03-02 19:15:00,42.3,4.89,21.7,5.425
1799,11,2025-03-02 19:15:00,52.8,0.68,18.4,4.6
1800,12,2025-03-02 19:15:00,70.5,6.21,10.23,2.558
1801,1,2025-03-02 19:30:00,84.1,4.54,6.03,1.508
1802,2,2025-03-02 19:30:00,66.6,1.0,10.81,2.703
1803,3,2025-03-02 19:30:00,66.3,5.92,6.54,1.635
1804,4,2025-03-02 19:30:00,69.3,5.66,9.61,2.402
1805,5,2025-03-02 19:30:00,79.2,6.39,11.03,2.757
1806,6,2025-03-02 19:30:00,61.2,3.63,10.76,2.69
1807,7,2025-03-02 19:30:00,52.9,1.65,18.39,4.598
1808,8,2025-03-02 19:30:00,79.9,2.39,18.18,4.545
1809,9,2025-03-02 19:30:00,77.6,3.25,15.0,3.75
1810,10,2025-03-02 19:30:00,76.5,1.0,12.46,3.115
1811,11,2025-03-02 19:30:00,62.5,6.3,23.49,5.872
1812,12,2025-03-02 19:30:00,43.0,2.79,23.89,5.973
1813,1,2025-03-02 19:45:00,50.8,5.44,4.25,1.062
1814,2,2025-03-02 19:45:00,85.5,2.47,9.65,2.413
1815,3,2025-03-02 19:45:00,73.5,1.29,10.21,2.553
1816,4,2025-03-02 19:45:00,44.3,1.07,8.6,2.15
1817,5,2025-03-02 19:45:00,80.1,2.76,12.35,3.087
1818,6,2025-03-02 19:45:00,74.9,1.55,13.18,3.295
1819,7,2025-03-02 19:45:00,44.1,0.6,11.37,2.842
1820,8,2025-03-02 19:45:00,62.2,1.53,18.4,4.6
1821,9,2025-03-02 19:45:00,53.2,2.08,19.71,4.928
1822,10,2025-03-02 19:45:00,40.4,6.36,19.09,4.772
1823,11,2025-03-02 19:45:00,77.0,5.3,18.24,4.56
1824,12,2025-03-02 19:45:00,43.3,5.15,20.79,5.197
1825,1,2025-03-02 20:00:00,41.3,0.88,8.52,2.13
1826,2,2025-03-02 20:00:00,69.6,4.63,8.6,2.15
1827,3,2025-03-02 20:00:00,79.9,4.75,10.0,2.5
1828,4,2025-03-02 20:00:00,38.2,2.81,8.5,2.125
1829,5,2025-03-02 20:00:00,91.5,2.12,9.21,2.303
1830,6,2025-03-02 20:00:00,51.7,4.27,14.7,3.675
1831,7,2025-03-02 20:00:00,71.0,1.81,18.4,4.6
1832,8,2025-03-02 20:00:00,80.0,0.56,8.33,2.083
1833,9,2025-03-02 20:00:00,72.9,4.71,18.55,4.638
1834,10,2025-03-02 20:00:00,87.4,1.41,21.07,5.268
1835,11,2025-03-02 20:00:00,69.5,4.94,10.85,2.712
1836,12,2025-03-02 20:00:00,88.8,1.24,23.82,5.955
1837,1,2025-03-02 20:15:00,90.5,0.43,9.05,2.263
1838,2,2025-03-02 20:15:00,86.4,2.42,9.52,2.38
1839,3,2025-03-02 20:15:00,80.7,5.22,12.34,3.085
1840,4,2025-03-02 20:15:00,74.3,0.84,11.63,2.908
1841,5,2025-03-02 20:15:00,41.9,2.36,15.03,3.757
1842,6,2025-03-02 20:15:00,86.8,0.71,17.11,4.277
1843,7,2025-03-02 20:15:00,58.3,6.36,10.18,2.545
1844,8,2025-03-02 20:15:00,88.0,6.48,13.06,3.265
1845,9,2025-03-02 20:15:00,70.5,4.31,21.54,5.385
1846,10,2025-03-02 20:15:00,54.4,1.92,13.22,3.305
1847,11,2025-03-02 20:15:00,84.0,5.58,17.2,4.3
1848,12,2025-03-02 20:15:00,82.1,6.36,16.35,4.088
1849,1,2025-03-02 20:30:00,65.5,2.07,6.77,1.692
1850,2,2025-03-02 20:30:00,41.4,2.01,6.79,1.698
1851,3,2025-03-02 20:30:00,60.9,6.25,7.84,1.96
1852,4,2025-03-02 20:30:00,92.0,5.72,9.78,2.445
1853,5,2025-03-02 20:30:00,39.1,1.03,7.5,1.875
1854,6,2025-03-02 20:30:00,57.3,0.64,16.66,4.165
1855,7,2025-03-02 20:30:00,90.9,5.32,14.73,3.683
1856,8,2025-03-02 20:30:00,79.8,6.31,18.55,4.638
1857,9,2025-03-02 20:30:00,50.8,4.76,10.95,2.737
1858,10,2025-03-02 20:30:00,79.6,6.01,14.95,3.737
1859,11,2025-03-02 20:30:00,61.8,1.29,19.58,4.895
1860,12,2025-03-02 20:30:00,72.0,2.8,16.72,4.18
1861,1,2025-03-02 20:45:00,65.9,4.24,7.01,1.752
1862,2,2025-03-02 20:45:00,78.9,4.12,8.73,2.183
1863,3,2025-03-02 20:45:00,56.2,4.49,6.86,1.715
1864,4,2025-03-02 20:45:00,69.4,5.36,8.49,2.123
1865,5,2025-03-02 20:45:00,72.3,3.75,8.27,2.067
1866,6,2025-03-02 20:45:00,47.7,4.45,13.12,3.28
1867,7,2025-03-02 20:45:00,63.5,0.47,8.28,2.07
1868,8,2025-03-02 20:45:00,71.4,3.64,18.52,4.63
1869,9,2025-03-02 20:45:00,62.9,0.58,21.91,5.478
1870,10,2025-03-02 20:45:00,61.1,2.62,13.35,3.337
1871,11,2025-03-02 20:45:00,50.6,1.85,18.04,4.51
1872,12,2025-03-02 20:45:00,78.2,5.91,21.77,5.442
1873,1,2025-03-02 21:00:00,61.7,5.84,8.5,2.125
1874,2,2025-03-02 21:00:00,91.7,4.28,10.16,2.54
1875,3,2025-03-02 21:00:00,47.9,3.58,12.11,3.027
1876,4,2025-03-02 21:00:00,76.4,3.24,5.75,1.438
1877,5,2025-03-02 21:00:00,47.3,0.91,9.24,2.31
1878,6,2025-03-02 21:00:00,75.4,2.7,12.48,3.12
1879,7,2025-03-02 21:00:00,49.9,6.45,10.05,2.513
1880,8,2025-03-02 21:00:00,47.8,0.84,11.98,2.995
1881,9,2025-03-02 21:00:00,64.3,2.65,8.55,2.138
1882,10,2025-03-02 21:00:00,58.0,5.08,22.75,5.688
1883,11,2025-03-02 21:00:00,91.0,4.69,9.35,2.337
1884,12,2025-03-02 21:00:00,43.2,4.41,21.1,5.275
1885,1,2025-03-02 21:15:00,89.7,4.98,3.68,0.92
1886,2,2025-03-02 21:15:00,85.6,6.08,4.45,1.113
1887,3,2025-03-02 21:15:00,61.1,4.76,9.89,2.473
1888,4,2025-03-02 21:15:00,47.0,1.21,13.71,3.428
1889,5,2025-03-02 21:15:00,70.1,2.56,9.71,2.428
1890,6,2025-03-02 21:15:00,90.1,5.4,14.21,3.553
1891,7,2025-03-02 21:15:00,81.8,5.56,12.81,3.203
1892,8,2025-03-02 21:15:00,83.4,3.96,20.07,5.018
1893,9,2025-03-02 21:15:00,85.6,6.48,10.25,2.562
1894,10,2025-03-02 21:15:00,44.9,4.91,23.12,5.78
1895,11,2025-03-02 21:15:00,39.3,6.12,16.26,4.065
1896,12,2025-03-02 21:15:00,50.4,1.58,21.12,5.28
1897,1,2025-03-02 21:30:00,57.9,4.7,8.04,2.01
1898,2,2025-03-02 21:30:00,55.6,2.4,10.39,2.598
1899,3,2025-03-02 21:30:00,58.6,1.05,6.97,1.742
1900,4,2025-03-02 21:30:00,88.6,0.47,7.74,1.935
1901,5,2025-03-02 21:30:00,67.4,3.18,11.36,2.84
1902,6,2025-03-02 21:30:00,88.4,1.49,7.18,1.795
1903,7,2025-03-02 21:30:00,75.9,6.28,17.98,4.495
1904,8,2025-03-02 21:30:00,75.3,1.31,9.86,2.465
1905,9,2025-03-02 21:30:00,69.8,3.92,10.77,2.692
1906,10,2025-03-02 21:30:00,68.8,2.4,16.31,4.077
1907,11,2025-03-02 21:30:00,83.3,5.77,23.22,5.805
1908,12,2025-03-02 21:30:00,53.9,4.74,17.56,4.39
1909,1,2025-03-02 21:45:00,74.9,3.1,7.2,1.8
1910,2,2025-03-02 21:45:00,76.9,4.04,6.41,1.603
1911,3,2025-03-02 21:45:00,90.4,0.81,10.49,2.623
1912,4,2025-03-02 21:45:00,59.0,6.44,9.3,2.325
1913,5,2025-03-02 21:45:00,91.9,5.6,7.11,1.778
1914,6,2025-03-02 21:45:00,63.2,0.97,13.48,3.37
1915,7,2025-03-02 21:45:00,74.6,4.5,10.35,2.587
1916,8,2025-03-02 21:45:00,49.2,5.52,19.39,4.848
1917,9,2025-03-02 21:45:00,88.2,4.6,11.83,2.958
1918,10,2025-03-02 21:45:00,85.4,5.2,11.53,2.882
1919,11,2025-03-02 21:45:00,87.1,0.75,20.94,5.235
1920,12,2025-03-02 21:45:00,47.3,4.02,20.21,5.053
1921,1,2025-03-02 22:00:00,81.3,0.54,4.65,1.163
1922,2,2025-03-02 22:00:00,43.2,2.79,4.39,1.097
1923,3,2025-03-02 22:00:00,75.8,3.0,9.05,2.263
1924,4,2025-03-02 22:00:00,44.6,6.48,13.5,3.375
1925,5,2025-03-02 22:00:00,90.8,6.08,6.45,1.613
1926,6,2025-03-02 22:00:00,43.5,4.52,15.87,3.967
1927,7,2025-03-02 22:00:00,76.1,4.87,9.33,2.333
1928,8,2025-03-02 22:00:00,54.6,6.07,19.79,4.947
1929,9,2025-03-02 22:00:00,66.7,5.58,18.56,4.64
1930,10,2025-03-02 22:00:00,48.8,1.66,14.27,3.567
1931,11,2025-03-02 22:00:00,64.8,1.88,18.66,4.665
1932,12,2025-03-02 22:00:00,57.4,2.69,26.21,6.553
1933,1,2025-03-02 22:15:00,86.3,3.05,5.15,1.288
1934,2,2025-03-02 22:15:00,83.1,6.38,10.54,2.635
1935,3,2025-03-02 22:15:00,54.0,3.74,5.3,1.325
1936,4,2025-03-02 22:15:00,90.6,3.1,5.93,1.482
1937,5,2025-03-02 22:15:00,84.0,3.74,13.58,3.395
1938,6,2025-03-02 22:15:00,54.7,6.13,14.53,3.632
1939,7,2025-03-02 22:15:00,45.6,5.49,13.54,3.385
1940,8,2025-03-02 22:15:00,44.2,3.91,13.5,3.375
1941,9,2025-03-02 22:15:00,47.3,3.99,17.7,4.425
1942,10,2025-03-02 22:15:00,43.7,1.85,17.72,4.43
1943,11,2025-03-02 22:15:00,51.1,2.35,19.88,4.97
1944,12,2025-03-02 22:15:00,76.2,6.41,17.14,4.285
1945,1,2025-03-02 22:30:00,90.6,3.23,6.22,1.555
1946,2,2025-03-02 22:30:00,56.6,0.68,7.39,1.847
1947,3,2025-03-02 22:30:00,47.6,3.54,10.59,2.647
1948,4,2025-03-02 22:30:00,57.3,4.57,6.24,1.56
1949,5,2025-03-02 22:30:00,55.1,6.31,15.0,3.75
1950,6,2025-03-02 22:30:00,41.2,1.48,8.44,2.11
1951,7,2025-03-02 22:30:00,57.8,6.35,9.65,2.413
1952,8,2025-03-02 22:30:00,46.5,3.72,18.59,4.647
1953,9,2025-03-02 22:30:00,67.7,2.34,19.1,4.775
1954,10,2025-03-02 22:30:00,41.9,2.28,15.32,3.83
1955,11,2025-03-02 22:30:00,78.3,5.79,21.01,5.253
1956,12,2025-03-02 22:30:00,82.7,1.3,16.94,4.235
1957,1,2025-03-02 22:45:00,66.2,0.51,5.74,1.435
1958,2,2025-03-02 22:45:00,87.5,2.49,8.71,2.178
1959,3,2025-03-02 22:45:00,69.3,2.94,7.42,1.855
1960,4,2025-03-02 22:45:00,89.1,3.14,13.17,3.292
1961,5,2025-03-02 22:45:00,53.8,2.86,5.83,1.458
1962,6,2025-03-02 22:45:00,51.9,3.77,14.41,3.603
1963,7,2025-03-02 22:45:00,75.7,3.57,13.07,3.268
1964,8,2025-03-02 22:45:00,74.6,4.06,14.51,3.627
1965,9,2025-03-02 22:45:00,65.2,4.8,21.48,5.37
1966,10,2025-03-02 22:45:00,58.8,6.23,18.35,4.588
1967,11,2025-03-02 22:45:00,54.5,0.65,18.75,4.688
1968,12,2025-03-02 22:45:00,42.4,5.51,17.58,4.395
1969,1,2025-03-02 23:00:00,66.0,4.21,4.35,1.087
1970,2,2025-03-02 23:00:00,62.7,4.01,8.69,2.172
1971,3,2025-03-02 23:00:00,77.8,0.76,11.06,2.765
1972,4,2025-03-02 23:00:00,38.7,5.81,13.74,3.435
1973,5,2025-03-02 23:00:00,75.0,0.62,9.78,2.445
1974,6,2025-03-02 23:00:00,64.0,2.71,10.9,2.725
1975,7,2025-03-02 23:00:00,63.4,2.78,15.05,3.763
1976,8,2025-03-02 23:00:00,40.2,2.84,20.5,5.125
1977,9,2025-03-02 23:00:00,51.1,3.81,17.94,4.485
1978,10,2025-03-02 23:00:00,70.9,0.88,21.31,5.327
1979,11,2025-03-02 23:00:00,50.7,6.38,13.65,3.413
1980,12,2025-03-02 23:00:00,89.7,4.51,12.16,3.04
1981,1,2025-03-02 23:15:00,41.1,4.29,3.61,0.902
1982,2,2025-03-02 23:15:00,58.0,0.54,10.31,2.578
1983,3,2025-03-02 23:15:00,39.6,1.97,10.96,2.74
1984,4,2025-03-02 23:15:00,71.0,1.19,6.72,1.68
1985,5,2025-03-02 23:15:00,41.6,1.39,12.83,3.208
1986,6,2025-03-02 23:15:00,41.1,5.45,13.85,3.462
1987,7,2025-03-02 23:15:00,61.3,4.97,10.37,2.592
1988,8,2025-03-02 23:15:00,67.8,2.6,19.36,4.84
1989,9,2025-03-02 23:15:00,67.4,0.63,17.83,4.457
1990,10,2025-03-02 23:15:00,79.3,0.87,22.14,5.535
1991,11,2025-03-02 23:15:00,75.4,5.58,12.71,3.178
1992,12,2025-03-02 23:15:00,79.6,5.6,15.67,3.917
1993,1,2025-03-02 23:30:00,81.8,2.2,7.98,1.995
1994,2,2025-03-02 23:30:00,54.1,4.67,10.32,2.58
1995,3,2025-03-02 23:30:00,48.9,4.07,6.94,1.735
1996,4,2025-03-02 23:30:00,91.5,3.34,11.02,2.755
1997,5,2025-03-02 23:30:00,84.8,5.32,9.42,2.355
1998,6,2025-03-02 23:30:00,55.0,1.18,17.04,4.26
1999,7,2025-03-02 23:30:00,56.5,4.2,8.96,2.24
2000,8,2025-03-02 23:30:00,89.9,0.51,8.12,2.03
2001,9,2025-03-02 23:30:00,71.9,2.85,17.09,4.272
2002,10,2025-03-02 23:30:00,45.0,3.68,15.08,3.77
2003,11,2025-03-02 23:30:00,74.1,6.12,11.54,2.885
2004,12,2025-03-02 23:30:00,54.0,0.57,12.2,3.05
2005,1,2025-03-02 23:45:00,38.3,0.82,3.75,0.938
2006,2,2025-03-02 23:45:00,55.6,4.08,5.17,1.292
2007,3,2025-03-02 23:45:00,71.9,0.54,9.28,2.32
2008,4,2025-03-02 23:45:00,82.1,3.9,11.96,2.99
2009,5,2025-03-02 23:45:00,81.4,1.76,13.35,3.337
2010,6,2025-03-02 23:45:00,38.5,2.1,8.45,2.112
2011,7,2025-03-02 23:45:00,53.7,5.88,15.89,3.973
2012,8,2025-03-02 23:45:00,59.2,0.76,17.36,4.34
2013,9,2025-03-02 23:45:00,47.9,5.73,9.72,2.43
2014,10,2025-03-02 23:45:00,63.8,0.4,19.1,4.775
2015,11,2025-03-02 23:45:00,64.6,1.2,19.48,4.87
2016,12,2025-03-02 23:45:00,45.0,1.01,20.51,5.128
2017,1,2025-03-03 00:00:00,49.2,2.57,3.86,0.965
2018,2,2025-03-03 00:00:00,85.4,0.49,10.83,2.708
2019,3,2025-03-03 00:00:00,42.8,2.06,9.06,2.265
2020,4,2025-03-03 00:00:00,74.4,6.06,13.64,3.41
2021,5,2025-03-03 00:00:00,65.8,3.31,12.51,3.127
2022,6,2025-03-03 00:00:00,83.0,1.02,8.47,2.118
2023,7,2025-03-03 00:00:00,39.0,2.84,10.93,2.732
2024,8,2025-03-03 00:00:00,56.9,3.34,12.27,3.067
2025,9,2025-03-03 00:00:00,58.3,4.17,9.19,2.297
2026,10,2025-03-03 00:00:00,73.4,1.86,12.72,3.18
2027,11,2025-03-03 00:00:00,74.3,2.19,21.06,5.265
2028,12,2025-03-03 00:00:00,60.1,1.07,19.24,4.81
2029,1,2025-03-03 00:15:00,57.6,4.75,4.67,1.167
2030,2,2025-03-03 00:15:00,64.7,4.1,4.55,1.137
2031,3,2025-03-03 00:15:00,81.8,1.21,9.47,2.368
2032,4,2025-03-03 00:15:00,43.1,1.37,7.13,1.782
2033,5,2025-03-03 00:15:00,40.5,2.23,13.13,3.283
2034,6,2025-03-03 00:15:00,43.3,4.83,12.26,3.065
2035,7,2025-03-03 00:15:00,82.3,1.21,16.04,4.01
2036,8,2025-03-03 00:15:00,53.0,5.17,18.9,4.725
2037,9,2025-03-03 00:15:00,68.5,4.28,15.66,3.915
2038,10,2025-03-03 00:15:00,46.9,3.59,14.2,3.55
2039,11,2025-03-03 00:15:00,79.1,1.72,19.83,4.957
2040,12,2025-03-03 00:15:00,49.9,4.31,13.46,3.365
2041,1,2025-03-03 00:30:00,44.6,3.22,9.04,2.26
2042,2,2025-03-03 00:30:00,57.6,6.33,8.47,2.118
2043,3,2025-03-03 00:30:00,85.8,2.22,9.13,2.283
2044,4,2025-03-03 00:30:00,47.3,3.9,12.08,3.02
2045,5,2025-03-03 00:30:00,89.0,4.53,7.57,1.893
2046,6,2025-03-03 00:30:00,51.2,5.08,12.74,3.185
2047,7,2025-03-03 00:30:00,49.4,6.08,9.54,2.385
2048,8,2025-03-03 00:30:00,77.0,5.39,12.1,3.025
2049,9,2025-03-03 00:30:00,85.0,3.97,15.39,3.848
2050,10,2025-03-03 00:30:00,44.4,2.76,12.25,3.062
2051,11,2025-03-03 00:30:00,73.4,0.8,23.73,5.933
2052,12,2025-03-03 00:30:00,83.2,2.86,21.3,5.325
2053,1,2025-03-03 00:45:00,59.5,2.57,8.57,2.143
2054,2,2025-03-03 00:45:00,70.7,2.74,6.65,1.663
2055,3,2025-03-03 00:45:00,66.0,3.7,9.72,2.43
2056,4,2025-03-03 00:45:00,50.4,4.31,8.63,2.158
2057,5,2025-03-03 00:45:00,59.9,6.05,11.23,2.808
2058,6,2025-03-03 00:45:00,59.1,6.03,14.57,3.643
2059,7,2025-03-03 00:45:00,80.6,5.74,13.91,3.478
2060,8,2025-03-03 00:45:00,62.6,3.34,13.16,3.29
2061,9,2025-03-03 00:45:00,75.7,6.04,16.54,4.135
2062,10,2025-03-03 00:45:00,61.8,5.46,14.24,3.56
2063,11,2025-03-03 00:45:00,73.7,4.63,11.98,2.995
2064,12,2025-03-03 00:45:00,46.2,4.65,24.09,6.022
2065,1,2025-03-03 01:00:00,61.3,2.53,7.79,1.948
2066,2,2025-03-03 01:00:00,56.3,6.23,4.53,1.133
2067,3,2025-03-03 01:00:00,53.7,4.25,9.79,2.447
2068,4,2025-03-03 01:00:00,61.1,4.63,10.23,2.558
2069,5,2025-03-03 01:00:00,45.8,2.6,6.32,1.58
2070,6,2025-03-03 01:00:00,91.6,6.02,9.72,2.43
2071,7,2025-03-03 01:00:00,43.3,6.11,16.79,4.197
2072,8,2025-03-03 01:00:00,48.0,5.06,14.82,3.705
2073,9,2025-03-03 01:00:00,65.6,3.79,15.9,3.975
2074,10,2025-03-03 01:00:00,54.2,3.05,14.76,3.69
2075,11,2025-03-03 01:00:00,86.2,3.34,11.66,2.915
2076,12,2025-03-03 01:00:00,39.5,5.47,22.45,5.612
2077,1,2025-03-03 01:15:00,40.8,0.81,4.44,1.11
2078,2,2025-03-03 01:15:00,53.3,0.75,8.24,2.06
2079,3,2025-03-03 01:15:00,59.5,0.56,9.35,2.337
2080,4,2025-03-03 01:15:00,45.0,5.71,10.09,2.522
2081,5,2025-03-03 01:15:00,40.7,2.66,12.12,3.03
2082,6,2025-03-03 01:15:00,52.9,0.62,7.96,1.99
2083,7,2025-03-03 01:15:00,78.4,3.61,9.79,2.447
2084,8,2025-03-03 01:15:00,64.0,6.4,14.91,3.728
2085,9,2025-03-03 01:15:00,41.6,1.24,16.11,4.027
2086,10,2025-03-03 01:15:00,41.4,5.31,12.88,3.22
2087,11,2025-03-03 01:15:00,72.0,0.51,23.67,5.918
2088,12,2025-03-03 01:15:00,46.7,1.12,14.88,3.72
2089,1,2025-03-03 01:30:00,42.3,6.05,8.25,2.062
2090,2,2025-03-03 01:30:00,78.7,2.4,9.62,2.405
2091,3,2025-03-03 01:30:00,67.4,4.32,10.16,2.54
2092,4,2025-03-03 01:30:00,61.7,4.7,7.14,1.785
2093,5,2025-03-03 01:30:00,78.9,0.96,10.63,2.658
2094,6,2025-03-03 01:30:00,46.4,1.17,16.3,4.075
2095,7,2025-03-03 01:30:00,54.5,4.55,7.67,1.917
2096,8,2025-03-03 01:30:00,81.7,3.76,14.21,3.553
2097,9,2025-03-03 01:30:00,51.7,4.11,15.01,3.752
2098,10,2025-03-03 01:30:00,87.5,1.26,8.77,2.192
2099,11,2025-03-03 01:30:00,75.7,5.74,9.88,2.47
2100,12,2025-03-03 01:30:00,74.6,5.29,15.76,3.94
2101,1,2025-03-03 01:45:00,53.6,5.36,6.73,1.683
2102,2,2025-03-03 01:45:00,70.9,4.28,5.1,1.275
2103,3,2025-03-03 01:45:00,87.1,1.08,9.47,2.368
2104,4,2025-03-03 01:45:00,81.5,4.24,5.66,1.415
2105,5,2025-03-03 01:45:00,88.5,6.17,10.59,2.647
2106,6,2025-03-03 01:45:00,83.5,2.73,9.22,2.305
2107,7,2025-03-03 01:45:00,61.6,2.93,7.28,1.82
2108,8,2025-03-03 01:45:00,47.6,4.14,13.12,3.28
2109,9,2025-03-03 01:45:00,56.3,3.87,22.12,5.53
2110,10,2025-03-03 01:45:00,80.1,5.44,18.99,4.747
2111,11,2025-03-03 01:45:00,89.3,6.22,17.93,4.482
2112,12,2025-03-03 01:45:00,65.1,1.15,22.3,5.575
2113,1,2025-03-03 02:00:00,40.8,1.14,8.13,2.033
2114,2,2025-03-03 02:00:00,38.8,2.94,8.93,2.232
2115,3,2025-03-03 02:00:00,62.5,2.22,5.8,1.45
2116,4,2025-03-03 02:00:00,61.9,3.31,7.66,1.915
2117,5,2025-03-03 02:00:00,79.1,3.17,15.45,3.862
2118,6,2025-03-03 02:00:00,88.5,5.4,13.39,3.348
2119,7,2025-03-03 02:00:00,74.5,3.71,18.59,4.647
2120,8,2025-03-03 02:00:00,59.9,2.32,15.27,3.817
2121,9,2025-03-03 02:00:00,41.3,0.93,18.38,4.595
2122,10,2025-03-03 02:00:00,58.3,3.98,12.6,3.15
2123,11,2025-03-03 02:00:00,70.7,1.73,11.79,2.947
2124,12,2025-03-03 02:00:00,67.4,1.0,15.37,3.842
2125,1,2025-03-03 02:15:00,91.9,5.66,8.4,2.1
2126,2,2025-03-03 02:15:00,82.9,4.94,6.2,1.55
2127,3,2025-03-03 02:15:00,77.2,6.22,5.7,1.425
2128,4,2025-03-03 02:15:00,56.5,4.36,8.67,2.167
2129,5,2025-03-03 02:15:00,82.9,1.05,7.57,1.893
2130,6,2025-03-03 02:15:00,45.8,5.95,15.74,3.935
2131,7,2025-03-03 02:15:00,60.4,5.88,12.28,3.07
2132,8,2025-03-03 02:15:00,47.9,1.32,9.71,2.428
2133,9,2025-03-03 02:15:00,49.3,0.53,19.94,4.985
2134,10,2025-03-03 02:15:00,61.1,3.62,16.98,4.245
2135,11,2025-03-03 02:15:00,81.2,6.3,24.17,6.043
2136,12,2025-03-03 02:15:00,53.3,5.39,21.5,5.375
2137,1,2025-03-03 02:30:00,40.3,3.34,7.74,1.935
2138,2,2025-03-03 02:30:00,66.9,5.57,5.67,1.417
2139,3,2025-03-03 02:30:00,82.4,1.41,5.07,1.268
2140,4,2025-03-03 02:30:00,89.0,4.57,8.7,2.175
2141,5,2025-03-03 02:30:00,83.2,3.17,11.34,2.835
2142,6,2025-03-03 02:30:00,57.8,3.46,9.25,2.312
2143,7,2025-03-03 02:30:00,50.1,4.6,7.28,1.82
2144,8,2025-03-03 02:30:00,47.2,3.76,15.12,3.78
2145,9,2025-03-03 02:30:00,65.5,2.53,13.39,3.348
2146,10,2025-03-03 02:30:00,39.4,3.36,21.75,5.438
2147,11,2025-03-03 02:30:00,76.4,2.25,9.65,2.413
2148,12,2025-03-03 02:30:00,60.1,5.89,15.42,3.855
2149,1,2025-03-03 02:45:00,78.9,3.17,8.04,2.01
2150,2,2025-03-03 02:45:00,65.9,5.62,9.13,2.283
2151,3,2025-03-03 02:45:00,46.5,1.98,5.11,1.278
2152,4,2025-03-03 02:45:00,83.1,5.83,11.88,2.97
2153,5,2025-03-03 02:45:00,81.5,3.94,7.1,1.775
2154,6,2025-03-03 02:45:00,75.8,3.13,8.45,2.112
2155,7,2025-03-03 02:45:00,75.2,5.22,9.18,2.295
2156,8,2025-03-03 02:45:00,60.3,6.35,7.6,1.9
2157,9,2025-03-03 02:45:00,91.6,2.57,16.4,4.1
2158,10,2025-03-03 02:45:00,88.9,2.62,14.82,3.705
2159,11,2025-03-03 02:45:00,90.0,2.45,14.62,3.655
2160,12,2025-03-03 02:45:00,70.2,1.49,16.4,4.1
2161,1,2025-03-03 03:00:00,52.7,5.34,5.23,1.308
2162,2,2025-03-03 03:00:00,82.6,0.41,6.24,1.56
2163,3,2025-03-03 03:00:00,70.5,2.49,9.81,2.453
2164,4,2025-03-03 03:00:00,42.1,4.86,11.37,2.842
2165,5,2025-03-03 03:00:00,65.3,5.78,6.27,1.567
2166,6,2025-03-03 03:00:00,46.1,4.46,8.51,2.127
2167,7,2025-03-03 03:00:00,47.0,1.09,14.58,3.645
2168,8,2025-03-03 03:00:00,40.0,4.96,18.37,4.593
2169,9,2025-03-03 03:00:00,89.7,5.67,10.27,2.567
2170,10,2025-03-03 03:00:00,91.7,2.9,18.6,4.65
2171,11,2025-03-03 03:00:00,60.8,2.11,21.88,5.47
2172,12,2025-03-03 03:00:00,73.3,4.19,14.56,3.64
2173,1,2025-03-03 03:15:00,65.5,3.94,3.95,0.988
2174,2,2025-03-03 03:15:00,61.5,0.97,5.44,1.36
2175,3,2025-03-03 03:15:00,54.8,2.39,9.16,2.29
2176,4,2025-03-03 03:15:00,71.1,2.2,12.45,3.112
2177,5,2025-03-03 03:15:00,79.2,1.81,11.76,2.94
2178,6,2025-03-03 03:15:00,85.4,4.51,9.52,2.38
2179,7,2025-03-03 03:15:00,82.6,5.91,15.46,3.865
2180,8,2025-03-03 03:15:00,82.8,2.54,9.5,2.375
2181,9,2025-03-03 03:15:00,72.6,1.72,11.29,2.822
2182,10,2025-03-03 03:15:00,52.8,3.04,13.86,3.465
2183,11,2025-03-03 03:15:00,51.6,2.52,13.64,3.41
2184,12,2025-03-03 03:15:00,68.4,6.35,13.51,3.377
2185,1,2025-03-03 03:30:00,77.5,2.87,4.15,1.038
2186,2,2025-03-03 03:30:00,56.3,6.03,4.52,1.13
2187,3,2025-03-03 03:30:00,70.5,3.01,6.24,1.56
2188,4,2025-03-03 03:30:00,61.4,0.41,7.19,1.798
2189,5,2025-03-03 03:30:00,41.7,1.03,6.53,1.633
2190,6,2025-03-03 03:30:00,61.0,1.08,14.78,3.695
2191,7,2025-03-03 03:30:00,91.7,1.36,10.42,2.605
2192,8,2025-03-03 03:30:00,69.7,4.86,8.09,2.022
2193,9,2025-03-03 03:30:00,57.9,3.55,20.44,5.11
2194,10,2025-03-03 03:30:00,63.4,4.73,22.18,5.545
2195,11,2025-03-03 03:30:00,42.5,0.87,24.23,6.058
2196,12,2025-03-03 03:30:00,42.5,3.14,11.94,2.985
2197,1,2025-03-03 03:45:00,65.1,5.96,6.72,1.68
2198,2,2025-03-03 03:45:00,77.3,4.73,4.03,1.008
2199,3,2025-03-03 03:45:00,69.6,6.03,10.63,2.658
2200,4,2025-03-03 03:45:00,90.4,4.89,12.57,3.143
2201,5,2025-03-03 03:45:00,62.4,6.24,8.48,2.12
2202,6,2025-03-03 03:45:00,76.4,4.49,15.31,3.828
2203,7,2025-03-03 03:45:00,57.9,3.96,9.91,2.478
2204,8,2025-03-03 03:45:00,74.5,4.97,19.45,4.862
2205,9,2025-03-03 03:45:00,71.6,4.83,18.55,4.638
2206,10,2025-03-03 03:45:00,84.2,5.25,17.8,4.45
2207,11,2025-03-03 03:45:00,65.0,4.88,11.95,2.987
2208,12,2025-03-03 03:45:00,50.0,2.25,22.89,5.723
2209,1,2025-03-03 04:00:00,62.9,2.45,6.61,1.653
2210,2,2025-03-03 04:00:00,80.3,6.01,6.47,1.617
2211,3,2025-03-03 04:00:00,49.2,3.45,5.5,1.375
2212,4,2025-03-03 04:00:00,59.5,5.6,6.18,1.545
2213,5,2025-03-03 04:00:00,91.9,6.39,6.51,1.627
2214,6,2025-03-03 04:00:00,38.9,3.32,10.84,2.71
2215,7,2025-03-03 04:00:00,45.3,5.39,17.69,4.423
2216,8,2025-03-03 04:00:00,89.1,6.3,10.3,2.575
2217,9,2025-03-03 04:00:00,67.7,4.2,13.99,3.498
2218,10,2025-03-03 04:00:00,71.4,2.49,19.74,4.935
2219,11,2025-03-03 04:00:00,80.9,4.39,21.35,5.338
2220,12,2025-03-03 04:00:00,49.1,2.01,11.77,2.942
2221,1,2025-03-03 04:15:00,69.2,6.05,4.26,1.065
2222,2,2025-03-03 04:15:00,83.7,3.31,9.67,2.417
2223,3,2025-03-03 04:15:00,72.4,3.22,8.99,2.248
2224,4,2025-03-03 04:15:00,41.5,4.98,10.88,2.72
2225,5,2025-03-03 04:15:00,67.5,5.22,6.31,1.577
2226,6,2025-03-03 04:15:00,73.7,3.54,8.92,2.23
2227,7,2025-03-03 04:15:00,61.3,3.14,7.09,1.772
2228,8,2025-03-03 04:15:00,54.9,3.73,8.96,2.24
2229,9,2025-03-03 04:15:00,44.0,2.22,8.42,2.105
2230,10,2025-03-03 04:15:00,70.8,3.73,14.53,3.632
2231,11,2025-03-03 04:15:00,45.1,1.17,20.76,5.19
2232,12,2025-03-03 04:15:00,45.4,0.68,21.47,5.367
2233,1,2025-03-03 04:30:00,88.0,4.42,5.9,1.475
2234,2,2025-03-03 04:30:00,52.8,5.94,6.53,1.633
2235,3,2025-03-03 04:30:00,49.0,6.33,12.13,3.033
2236,4,2025-03-03 04:30:00,42.7,6.5,12.7,3.175
2237,5,2025-03-03 04:30:00,54.8,1.16,13.63,3.408
2238,6,2025-03-03 04:30:00,55.0,2.81,14.34,3.585
2239,7,2025-03-03 04:30:00,59.4,5.21,12.41,3.103
2240,8,2025-03-03 04:30:00,55.1,4.82,13.0,3.25
2241,9,2025-03-03 04:30:00,61.2,4.62,15.47,3.868
2242,10,2025-03-03 04:30:00,67.6,5.66,18.79,4.697
2243,11,2025-03-03 04:30:00,76.2,4.93,22.58,5.645
2244,12,2025-03-03 04:30:00,74.9,3.09,20.96,5.24
2245,1,2025-03-03 04:45:00,38.9,5.14,4.44,1.11
2246,2,2025-03-03 04:45:00,53.1,1.42,8.29,2.072
2247,3,2025-03-03 04:45:00,52.9,5.15,11.11,2.777
2248,4,2025-03-03 04:45:00,72.2,3.73,12.69,3.172
2249,5,2025-03-03 04:45:00,59.2,0.6,10.17,2.542
2250,6,2025-03-03 04:45:00,81.2,1.41,11.21,2.803
2251,7,2025-03-03 04:45:00,89.8,2.6,7.9,1.975
2252,8,2025-03-03 04:45:00,38.8,2.61,13.33,3.333
2253,9,2025-03-03 04:45:00,57.7,4.34,20.23,5.058
2254,10,2025-03-03 04:45:00,69.2,1.15,20.32,5.08
2255,11,2025-03-03 04:45:00,71.9,1.0,19.17,4.793
2256,12,2025-03-03 04:45:00,64.3,3.48,16.36,4.09
2257,1,2025-03-03 05:00:00,85.2,5.11,3.53,0.882
2258,2,2025-03-03 05:00:00,75.7,3.32,6.5,1.625
2259,3,2025-03-03 05:00:00,74.6,3.73,12.29,3.072
2260,4,2025-03-03 05:00:00,75.2,5.62,10.48,2.62
2261,5,2025-03-03 05:00:00,57.2,2.95,10.12,2.53
2262,6,2025-03-03 05:00:00,81.8,3.96,16.23,4.058
2263,7,2025-03-03 05:00:00,57.1,0.75,15.72,3.93
2264,8,2025-03-03 05:00:00,81.9,3.58,13.12,3.28
2265,9,2025-03-03 05:00:00,45.3,6.06,14.57,3.643
2266,10,2025-03-03 05:00:00,50.7,2.34,18.68,4.67
2267,11,2025-03-03 05:00:00,40.7,5.7,18.57,4.643
2268,12,2025-03-03 05:00:00,70.6,3.7,25.04,6.26
2269,1,2025-03-03 05:15:00,64.1,3.66,3.65,0.912
2270,2,2025-03-03 05:15:00,84.2,2.1,7.67,1.917
2271,3,2025-03-03 05:15:00,70.0,3.54,9.89,2.473
2272,4,2025-03-03 05:15:00,70.2,6.05,5.83,1.458
2273,5,2025-03-03 05:15:00,75.6,1.14,8.62,2.155
2274,6,2025-03-03 05:15:00,67.1,2.68,15.29,3.822
2275,7,2025-03-03 05:15:00,57.6,2.82,17.46,4.365
2276,8,2025-03-03 05:15:00,53.9,6.43,17.35,4.338
2277,9,2025-03-03 05:15:00,81.5,1.84,21.04,5.26
2278,10,2025-03-03 05:15:00,38.9,3.99,10.27,2.567
2279,11,2025-03-03 05:15:00,64.1,3.14,20.53,5.133
2280,12,2025-03-03 05:15:00,60.7,6.07,17.79,4.447
2281,1,2025-03-03 05:30:00,42.2,0.75,7.51,1.877
2282,2,2025-03-03 05:30:00,51.2,4.71,9.78,2.445
2283,3,2025-03-03 05:30:00,79.7,5.37,7.19,1.798
2284,4,2025-03-03 05:30:00,87.2,4.21,13.95,3.487
2285,5,2025-03-03 05:30:00,41.4,5.89,11.18,2.795
2286,6,2025-03-03 05:30:00,85.7,1.82,16.28,4.07
2287,7,2025-03-03 05:30:00,67.1,6.04,15.8,3.95
2288,8,2025-03-03 05:30:00,83.6,3.75,11.44,2.86
2289,9,2025-03-03 05:30:00,56.1,1.05,8.56,2.14
2290,10,2025-03-03 05:30:00,52.5,4.19,12.5,3.125
2291,11,2025-03-03 05:30:00,56.5,5.8,10.13,2.533
2292,12,2025-03-03 05:30:00,82.1,4.4,18.48,4.62
2293,1,2025-03-03 05:45:00,42.3,5.23,6.93,1.732
2294,2,2025-03-03 05:45:00,55.6,1.4,10.15,2.538
2295,3,2025-03-03 05:45:00,74.6,5.42,11.09,2.772
2296,4,2025-03-03 05:45:00,49.2,3.59,12.54,3.135
2297,5,2025-03-03 05:45:00,45.8,0.65,6.63,1.657
2298,6,2025-03-03 05:45:00,53.0,2.3,9.33,2.333
2299,7,2025-03-03 05:45:00,44.9,2.05,9.77,2.442
2300,8,2025-03-03 05:45:00,85.8,3.47,9.84,2.46
2301,9,2025-03-03 05:45:00,46.7,4.45,15.29,3.822
2302,10,2025-03-03 05:45:00,54.7,1.0,15.4,3.85
2303,11,2025-03-03 05:45:00,49.9,2.24,16.81,4.202
2304,12,2025-03-03 05:45:00,46.1,4.94,17.17,4.293
2305,1,2025-03-03 06:00:00,62.1,6.27,8.81,2.203
2306,2,2025-03-03 06:00:00,57.3,1.82,7.52,1.88
2307,3,2025-03-03 06:00:00,38.8,5.67,10.87,2.717
2308,4,2025-03-03 06:00:00,76.9,0.67,10.64,2.66
2309,5,2025-03-03 06:00:00,87.6,0.46,14.16,3.54
2310,6,2025-03-03 06:00:00,87.3,4.1,8.83,2.208
2311,7,2025-03-03 06:00:00,65.2,5.38,14.22,3.555
2312,8,2025-03-03 06:00:00,45.8,4.36,18.07,4.518
2313,9,2025-03-03 06:00:00,90.2,1.76,14.87,3.717
2314,10,2025-03-03 06:00:00,49.0,4.38,20.32,5.08
2315,11,2025-03-03 06:00:00,77.0,6.34,21.43,5.357
2316,12,2025-03-03 06:00:00,87.0,3.02,12.3,3.075
2317,1,2025-03-03 06:15:00,38.4,0.84,5.16,1.29
2318,2,2025-03-03 06:15:00,78.5,5.74,8.49,2.123
2319,3,2025-03-03 06:15:00,43.6,4.9,8.5,2.125
2320,4,2025-03-03 06:15:00,44.1,4.16,9.09,2.272
2321,5,2025-03-03 06:15:00,83.8,2.14,15.62,3.905
2322,6,2025-03-03 06:15:00,57.4,3.95,6.96,1.74
2323,7,2025-03-03 06:15:00,83.7,2.61,10.08,2.52
2324,8,2025-03-03 06:15:00,66.5,5.56,15.42,3.855
2325,9,2025-03-03 06:15:00,83.7,0.57,13.52,3.38
2326,10,2025-03-03 06:15:00,56.0,3.83,18.18,4.545
2327,11,2025-03-03 06:15:00,67.3,2.16,10.54,2.635
2328,12,2025-03-03 06:15:00,91.7,5.72,11.43,2.857
2329,1,2025-03-03 06:30:00,77.0,0.75,6.14,1.535
2330,2,2025-03-03 06:30:00,46.0,1.23,10.48,2.62
2331,3,2025-03-03 06:30:00,62.3,5.78,7.59,1.897
2332,4,2025-03-03 06:30:00,61.5,5.21,12.73,3.183
2333,5,2025-03-03 06:30:00,59.9,3.09,10.35,2.587
2334,6,2025-03-03 06:30:00,70.5,6.36,11.59,2.897
2335,7,2025-03-03 06:30:00,44.2,0.71,12.55,3.138
2336,8,2025-03-03 06:30:00,57.7,2.21,13.84,3.46
2337,9,2025-03-03 06:30:00,49.2,1.19,18.89,4.723
2338,10,2025-03-03 06:30:00,67.0,5.82,15.85,3.962
2339,11,2025-03-03 06:30:00,89.3,1.3,19.74,4.935
2340,12,2025-03-03 06:30:00,81.4,4.2,14.22,3.555
2341,1,2025-03-03 06:45:00,80.4,1.16,6.53,1.633
2342,2,2025-03-03 06:45:00,51.2,2.88,5.14,1.285
2343,3,2025-03-03 06:45:00,47.9,2.33,6.12,1.53
2344,4,2025-03-03 06:45:00,40.6,6.42,5.93,1.482
2345,5,2025-03-03 06:45:00,63.6,0.92,15.56,3.89
2346,6,2025-03-03 06:45:00,87.5,2.51,8.99,2.248
2347,7,2025-03-03 06:45:00,76.8,1.4,10.8,2.7
2348,8,2025-03-03 06:45:00,63.6,5.9,10.33,2.583
2349,9,2025-03-03 06:45:00,87.4,2.58,17.09,4.272
2350,10,2025-03-03 06:45:00,82.1,3.82,20.42,5.105
2351,11,2025-03-03 06:45:00,69.1,6.06,16.54,4.135
2352,12,2025-03-03 06:45:00,61.5,5.42,10.17,2.542
2353,1,2025-03-03 07:00:00,40.7,0.64,7.99,1.998
2354,2,2025-03-03 07:00:00,85.1,2.23,7.33,1.833
2355,3,2025-03-03 07:00:00,91.6,3.12,9.75,2.438
2356,4,2025-03-03 07:00:00,88.0,3.91,10.29,2.572
2357,5,2025-03-03 07:00:00,66.7,5.63,12.54,3.135
2358,6,2025-03-03 07:00:00,76.5,1.37,7.27,1.817
2359,7,2025-03-03 07:00:00,90.2,5.63,14.91,3.728
2360,8,2025-03-03 07:00:00,63.1,1.73,8.28,2.07
2361,9,2025-03-03 07:00:00,47.0,1.08,14.43,3.607
2362,10,2025-03-03 07:00:00,43.1,3.91,21.87,5.468
2363,11,2025-03-03 07:00:00,47.5,2.45,14.09,3.522
2364,12,2025-03-03 07:00:00,71.1,5.91,13.68,3.42
2365,1,2025-03-03 07:15:00,80.3,0.88,7.74,1.935
2366,2,2025-03-03 07:15:00,58.7,3.47,10.71,2.678
2367,3,2025-03-03 07:15:00,63.5,4.29,6.49,1.623
2368,4,2025-03-03 07:15:00,57.7,1.72,6.57,1.643
2369,5,2025-03-03 07:15:00,51.0,6.11,13.73,3.433
2370,6,2025-03-03 07:15:00,49.7,2.91,13.09,3.272
2371,7,2025-03-03 07:15:00,38.8,1.28,17.68,4.42
2372,8,2025-03-03 07:15:00,72.7,5.15,18.82,4.705
2373,9,2025-03-03 07:15:00,82.9,2.24,14.4,3.6
2374,10,2025-03-03 07:15:00,61.7,3.1,16.15,4.037
2375,11,2025-03-03 07:15:00,77.1,4.58,18.88,4.72
2376,12,2025-03-03 07:15:00,81.3,0.7,20.82,5.205
2377,1,2025-03-03 07:30:00,72.7,3.45,8.26,2.065
2378,2,2025-03-03 07:30:00,50.8,0.95,5.55,1.387
2379,3,2025-03-03 07:30:00,40.5,3.23,11.28,2.82
2380,4,2025-03-03 07:30:00,75.1,2.91,5.52,1.38
2381,5,2025-03-03 07:30:00,82.9,3.94,6.63,1.657
2382,6,2025-03-03 07:30:00,44.8,4.15,14.11,3.527
2383,7,2025-03-03 07:30:00,80.1,0.7,16.46,4.115
2384,8,2025-03-03 07:30:00,56.5,4.9,12.01,3.002
2385,9,2025-03-03 07:30:00,55.3,3.95,17.05,4.263
2386,10,2025-03-03 07:30:00,57.7,0.55,15.06,3.765
2387,11,2025-03-03 07:30:00,83.8,3.42,13.95,3.487
2388,12,2025-03-03 07:30:00,78.4,0.81,12.75,3.188
2389,1,2025-03-03 07:45:00,53.7,4.91,5.59,1.397
2390,2,2025-03-03 07:45:00,85.9,0.8,5.21,1.302
2391,3,2025-03-03 07:45:00,73.6,3.75,10.14,2.535
2392,4,2025-03-03 07:45:00,69.9,0.79,10.42,2.605
2393,5,2025-03-03 07:45:00,52.8,6.46,10.44,2.61
2394,6,2025-03-03 07:45:00,80.7,2.83,7.13,1.782
2395,7,2025-03-03 07:45:00,78.5,5.56,11.56,2.89
2396,8,2025-03-03 07:45:00,63.3,3.24,14.85,3.712
2397,9,2025-03-03 07:45:00,74.6,4.69,13.7,3.425
2398,10,2025-03-03 07:45:00,72.3,6.48,11.01,2.752
2399,11,2025-03-03 07:45:00,47.3,0.71,18.09,4.522
2400,12,2025-03-03 07:45:00,79.7,4.5,26.63,6.657
2401,1,2025-03-03 08:00:00,64.3,6.37,5.55,1.387
2402,2,2025-03-03 08:00:00,60.5,5.7,5.82,1.455
2403,3,2025-03-03 08:00:00,50.8,1.75,9.85,2.462
2404,4,2025-03-03 08:00:00,40.3,4.86,8.42,2.105
2405,5,2025-03-03 08:00:00,55.9,3.04,6.46,1.615
2406,6,2025-03-03 08:00:00,47.2,2.1,14.42,3.605
2407,7,2025-03-03 08:00:00,74.6,3.56,8.16,2.04
2408,8,2025-03-03 08:00:00,42.8,4.96,20.44,5.11
2409,9,2025-03-03 08:00:00,59.1,0.92,14.89,3.723
2410,10,2025-03-03 08:00:00,83.6,1.3,21.04,5.26
2411,11,2025-03-03 08:00:00,78.0,5.83,18.04,4.51
2412,12,2025-03-03 08:00:00,70.0,5.31,23.78,5.945
2413,1,2025-03-03 08:15:00,74.0,5.42,8.83,2.208
2414,2,2025-03-03 08:15:00,62.4,6.19,8.21,2.053
2415,3,2025-03-03 08:15:00,80.7,4.06,5.94,1.485
2416,4,2025-03-03 08:15:00,88.4,1.9,12.55,3.138
2417,5,2025-03-03 08:15:00,71.1,2.21,12.12,3.03
2418,6,2025-03-03 08:15:00,55.3,3.99,17.28,4.32
2419,7,2025-03-03 08:15:00,83.2,1.88,13.56,3.39
2420,8,2025-03-03 08:15:00,47.8,1.09,9.07,2.268
2421,9,2025-03-03 08:15:00,79.3,5.65,21.26,5.315
2422,10,2025-03-03 08:15:00,66.9,3.56,16.69,4.173
2423,11,2025-03-03 08:15:00,70.8,3.63,14.42,3.605
2424,12,2025-03-03 08:15:00,92.0,3.5,14.22,3.555
2425,1,2025-03-03 08:30:00,57.1,3.75,5.0,1.25
2426,2,2025-03-03 08:30:00,53.8,5.36,8.8,2.2
2427,3,2025-03-03 08:30:00,62.2,2.99,8.69,2.172
2428,4,2025-03-03 08:30:00,50.3,3.35,7.11,1.778
2429,5,2025-03-03 08:30:00,66.1,5.52,10.0,2.5
2430,6,2025-03-03 08:30:00,39.0,1.04,13.57,3.393
2431,7,2025-03-03 08:30:00,57.3,1.64,16.82,4.205
2432,8,2025-03-03 08:30:00,59.7,2.59,18.21,4.553
2433,9,2025-03-03 08:30:00,84.7,3.16,10.18,2.545
2434,10,2025-03-03 08:30:00,90.7,1.34,19.75,4.938
2435,11,2025-03-03 08:30:00,56.8,6.14,15.83,3.958
2436,12,2025-03-03 08:30:00,52.0,6.45,14.39,3.598
2437,1,2025-03-03 08:45:00,54.7,3.09,4.43,1.107
2438,2,2025-03-03 08:45:00,65.2,1.93,8.24,2.06
2439,3,2025-03-03 08:45:00,83.9,5.15,8.76,2.19
2440,4,2025-03-03 08:45:00,51.5,2.04,8.64,2.16
2441,5,2025-03-03 08:45:00,58.9,4.63,8.58,2.145
2442,6,2025-03-03 08:45:00,86.4,2.86,8.77,2.192
2443,7,2025-03-03 08:45:00,60.9,5.64,11.52,2.88
2444,8,2025-03-03 08:45:00,73.3,1.84,11.81,2.953
2445,9,2025-03-03 08:45:00,85.0,1.85,19.16,4.79
2446,10,2025-03-03 08:45:00,78.5,5.11,15.4,3.85
2447,11,2025-03-03 08:45:00,88.6,2.81,15.09,3.772
2448,12,2025-03-03 08:45:00,60.1,2.69,26.95,6.737
2449,1,2025-03-03 09:00:00,42.3,5.37,4.44,1.11
2450,2,2025-03-03 09:00:00,79.2,1.15,6.82,1.705
2451,3,2025-03-03 09:00:00,46.6,4.03,8.71,2.178
2452,4,2025-03-03 09:00:00,44.2,1.21,11.39,2.848
2453,5,2025-03-03 09:00:00,77.4,6.26,8.03,2.007
2454,6,2025-03-03 09:00:00,45.2,1.15,14.61,3.652
2455,7,2025-03-03 09:00:00,76.0,1.32,8.16,2.04
2456,8,2025-03-03 09:00:00,80.3,2.7,10.63,2.658
2457,9,2025-03-03 09:00:00,89.4,6.08,9.0,2.25
2458,10,2025-03-03 09:00:00,85.9,5.53,12.03,3.007
2459,11,2025-03-03 09:00:00,73.4,0.8,24.48,6.12
2460,12,2025-03-03 09:00:00,68.6,0.78,17.61,4.402
2461,1,2025-03-03 09:15:00,54.6,2.21,4.92,1.23
2462,2,2025-03-03 09:15:00,84.8,1.4,10.37,2.592
2463,3,2025-03-03 09:15:00,40.0,5.26,10.1,2.525
2464,4,2025-03-03 09:15:00,58.5,4.71,5.2,1.3
2465,5,2025-03-03 09:15:00,53.0,5.75,14.29,3.572
2466,6,2025-03-03 09:15:00,56.6,5.19,7.52,1.88
2467,7,2025-03-03 09:15:00,41.5,2.76,12.51,3.127
2468,8,2025-03-03 09:15:00,46.1,5.49,8.28,2.07
2469,9,2025-03-03 09:15:00,85.3,1.94,21.71,5.428
2470,10,2025-03-03 09:15:00,65.8,6.41,21.23,5.308
2471,11,2025-03-03 09:15:00,87.9,3.87,14.05,3.513
2472,12,2025-03-03 09:15:00,89.0,4.63,26.15,6.537
2473,1,2025-03-03 09:30:00,48.2,5.57,6.76,1.69
2474,2,2025-03-03 09:30:00,46.7,5.93,8.77,2.192
2475,3,2025-03-03 09:30:00,40.4,3.0,4.66,1.165
2476,4,2025-03-03 09:30:00,87.1,5.19,5.56,1.39
2477,5,2025-03-03 09:30:00,78.3,1.22,9.88,2.47
2478,6,2025-03-03 09:30:00,74.9,6.1,11.58,2.895
2479,7,2025-03-03 09:30:00,63.4,6.31,8.47,2.118
2480,8,2025-03-03 09:30:00,82.5,3.32,19.77,4.942
2481,9,2025-03-03 09:30:00,86.6,4.5,20.4,5.1
2482,10,2025-03-03 09:30:00,77.8,1.21,17.71,4.428
2483,11,2025-03-03 09:30:00,65.3,0.96,18.35,4.588
2484,12,2025-03-03 09:30:00,74.0,2.65,13.03,3.257
2485,1,2025-03-03 09:45:00,89.9,6.21,6.56,1.64
2486,2,2025-03-03 09:45:00,39.8,4.93,7.41,1.853
2487,3,2025-03-03 09:45:00,42.9,2.29,11.78,2.945
2488,4,2025-03-03 09:45:00,77.6,2.47,7.49,1.873
2489,5,2025-03-03 09:45:00,85.0,0.46,6.74,1.685
2490,6,2025-03-03 09:45:00,51.3,4.43,15.63,3.908
2491,7,2025-03-03 09:45:00,57.4,6.49,12.9,3.225
2492,8,2025-03-03 09:45:00,80.1,5.16,19.21,4.803
2493,9,2025-03-03 09:45:00,63.7,4.02,8.2,2.05
2494,10,2025-03-03 09:45:00,80.7,4.79,22.77,5.692
2495,11,2025-03-03 09:45:00,78.5,5.16,24.75,6.188
2496,12,2025-03-03 09:45:00,48.1,3.75,11.67,2.917
2497,1,2025-03-03 10:00:00,69.3,4.65,8.06,2.015
2498,2,2025-03-03 10:00:00,63.0,1.15,6.56,1.64
2499,3,2025-03-03 10:00:00,47.4,0.78,9.46,2.365
2500,4,2025-03-03 10:00:00,84.8,4.73,5.18,1.295
2501,5,2025-03-03 10:00:00,85.8,5.57,8.54,2.135
2502,6,2025-03-03 10:00:00,78.8,0.83,16.53,4.133
2503,7,2025-03-03 10:00:00,51.8,6.3,12.98,3.245
2504,8,2025-03-03 10:00:00,55.2,4.33,13.65,3.413
2505,9,2025-03-03 10:00:00,62.5,5.99,15.41,3.853
2506,10,2025-03-03 10:00:00,55.5,4.11,12.26,3.065
2507,11,2025-03-03 10:00:00,47.4,0.61,12.11,3.027
2508,12,2025-03-03 10:00:00,62.4,2.41,17.35,4.338
2509,1,2025-03-03 10:15:00,61.4,5.81,7.52,1.88
2510,2,2025-03-03 10:15:00,80.0,5.13,10.73,2.683
2511,3,2025-03-03 10:15:00,51.9,4.42,9.33,2.333
2512,4,2025-03-03 10:15:00,54.3,0.59,7.8,1.95
2513,5,2025-03-03 10:15:00,90.1,4.51,10.24,2.56
2514,6,2025-03-03 10:15:00,40.9,1.03,12.98,3.245
2515,7,2025-03-03 10:15:00,88.5,5.42,18.17,4.543
2516,8,2025-03-03 10:15:00,58.6,2.25,14.74,3.685
2517,9,2025-03-03 10:15:00,73.1,2.14,15.64,3.91
2518,10,2025-03-03 10:15:00,42.7,5.31,16.68,4.17
2519,11,2025-03-03 10:15:00,79.1,4.09,16.41,4.103
2520,12,2025-03-03 10:15:00,59.5,4.93,22.71,5.678
2521,1,2025-03-03 10:30:00,66.2,1.9,6.48,1.62
2522,2,2025-03-03 10:30:00,46.9,3.98,7.84,1.96
2523,3,2025-03-03 10:30:00,75.9,2.04,6.92,1.73
2524,4,2025-03-03 10:30:00,66.3,2.43,5.92,1.48
2525,5,2025-03-03 10:30:00,80.9,0.83,13.07,3.268
2526,6,2025-03-03 10:30:00,58.2,4.28,9.13,2.283
2527,7,2025-03-03 10:30:00,68.5,6.18,10.44,2.61
2528,8,2025-03-03 10:30:00,54.5,2.67,11.13,2.783
2529,9,2025-03-03 10:30:00,65.2,1.26,21.36,5.34
2530,10,2025-03-03 10:30:00,82.4,3.77,20.68,5.17
2531,11,2025-03-03 10:30:00,49.1,3.54,15.31,3.828
2532,12,2025-03-03 10:30:00,52.2,3.22,14.3,3.575
2533,1,2025-03-03 10:45:00,38.3,2.49,4.26,1.065
2534,2,2025-03-03 10:45:00,87.1,2.21,7.14,1.785
2535,3,2025-03-03 10:45:00,55.9,6.11,8.88,2.22
2536,4,2025-03-03 10:45:00,45.5,3.93,9.46,2.365
2537,5,2025-03-03 10:45:00,79.8,4.27,11.64,2.91
2538,6,2025-03-03 10:45:00,53.7,1.27,8.81,2.203
2539,7,2025-03-03 10:45:00,54.1,2.51,16.41,4.103
2540,8,2025-03-03 10:45:00,72.9,2.62,18.16,4.54
2541,9,2025-03-03 10:45:00,90.8,6.1,10.25,2.562
2542,10,2025-03-03 10:45:00,66.6,1.24,22.15,5.537
2543,11,2025-03-03 10:45:00,83.0,4.65,22.07,5.518
2544,12,2025-03-03 10:45:00,62.4,4.15,25.59,6.397
2545,1,2025-03-03 11:00:00,53.8,5.5,8.21,2.053
2546,2,2025-03-03 11:00:00,82.0,6.31,8.22,2.055
2547,3,2025-03-03 11:00:00,52.7,0.59,8.29,2.072
2548,4,2025-03-03 11:00:00,52.2,2.07,12.6,3.15
2549,5,2025-03-03 11:00:00,57.6,1.82,14.24,3.56
2550,6,2025-03-03 11:00:00,68.3,0.65,7.79,1.948
2551,7,2025-03-03 11:00:00,81.3,4.19,12.49,3.123
2552,8,2025-03-03 11:00:00,81.1,5.61,8.82,2.205
2553,9,2025-03-03 11:00:00,60.0,1.32,14.82,3.705
2554,10,2025-03-03 11:00:00,69.0,3.22,12.79,3.197
2555,11,2025-03-03 11:00:00,48.7,6.24,24.28,6.07
2556,12,2025-03-03 11:00:00,84.0,3.52,19.17,4.793
2557,1,2025-03-03 11:15:00,68.1,5.8,8.69,2.172
2558,2,2025-03-03 11:15:00,51.9,2.84,7.95,1.988
2559,3,2025-03-03 11:15:00,81.3,3.55,10.89,2.723
2560,4,2025-03-03 11:15:00,40.0,5.4,13.53,3.382
2561,5,2025-03-03 11:15:00,41.6,1.97,8.56,2.14
2562,6,2025-03-03 11:15:00,75.6,4.51,15.59,3.897
2563,7,2025-03-03 11:15:00,78.8,3.49,7.43,1.857
2564,8,2025-03-03 11:15:00,48.1,1.84,17.63,4.407
2565,9,2025-03-03 11:15:00,88.1,0.54,14.29,3.572
2566,10,2025-03-03 11:15:00,67.4,2.22,9.25,2.312
2567,11,2025-03-03 11:15:00,78.0,3.78,19.06,4.765
2568,12,2025-03-03 11:15:00,63.6,4.88,18.58,4.645
2569,1,2025-03-03 11:30:00,71.6,0.87,6.29,1.573
2570,2,2025-03-03 11:30:00,52.4,4.35,4.98,1.245
2571,3,2025-03-03 11:30:00,54.3,1.73,8.61,2.152
2572,4,2025-03-03 11:30:00,79.9,4.89,10.59,2.647
2573,5,2025-03-03 11:30:00,78.3,4.89,9.36,2.34
2574,6,2025-03-03 11:30:00,43.8,1.24,9.47,2.368
2575,7,2025-03-03 11:30:00,39.1,6.46,8.54,2.135
2576,8,2025-03-03 11:30:00,52.1,3.83,8.87,2.217
2577,9,2025-03-03 11:30:00,70.6,1.87,10.03,2.507
2578,10,2025-03-03 11:30:00,45.0,5.61,13.66,3.415
2579,11,2025-03-03 11:30:00,60.9,1.37,13.47,3.368
2580,12,2025-03-03 11:30:00,72.6,5.81,13.07,3.268
2581,1,2025-03-03 11:45:00,39.2,2.81,3.75,0.938
2582,2,2025-03-03 11:45:00,39.4,1.32,7.17,1.792
2583,3,2025-03-03 11:45:00,70.9,0.51,10.33,2.583
2584,4,2025-03-03 11:45:00,70.4,6.25,14.02,3.505
2585,5,2025-03-03 11:45:00,81.9,0.45,13.46,3.365
2586,6,2025-03-03 11:45:00,81.5,4.03,12.06,3.015
2587,7,2025-03-03 11:45:00,52.0,3.11,18.31,4.577
2588,8,2025-03-03 11:45:00,73.9,2.11,19.22,4.805
2589,9,2025-03-03 11:45:00,64.5,1.66,12.15,3.038
2590,10,2025-03-03 11:45:00,61.2,6.36,8.91,2.228
2591,11,2025-03-03 11:45:00,51.0,4.6,12.56,3.14
2592,12,2025-03-03 11:45:00,40.6,4.95,24.66,6.165
2593,1,2025-03-03 12:00:00,39.3,6.17,5.76,1.44
2594,2,2025-03-03 12:00:00,41.5,4.22,4.15,1.038
2595,3,2025-03-03 12:00:00,42.3,1.9,11.75,2.938
2596,4,2025-03-03 12:00:00,55.2,5.06,7.01,1.752
2597,5,2025-03-03 12:00:00,46.8,3.91,11.18,2.795
2598,6,2025-03-03 12:00:00,54.4,0.74,7.14,1.785
2599,7,2025-03-03 12:00:00,89.6,3.66,14.11,3.527
2600,8,2025-03-03 12:00:00,52.8,3.43,10.48,2.62
2601,9,2025-03-03 12:00:00,76.7,3.38,14.38,3.595
2602,10,2025-03-03 12:00:00,86.0,3.94,16.94,4.235
2603,11,2025-03-03 12:00:00,83.8,6.14,18.05,4.513
2604,12,2025-03-03 12:00:00,73.2,5.13,21.11,5.277
2605,1,2025-03-03 12:15:00,91.8,6.21,5.85,1.462
2606,2,2025-03-03 12:15:00,83.9,2.02,7.53,1.883
2607,3,2025-03-03 12:15:00,40.9,3.65,7.56,1.89
2608,4,2025-03-03 12:15:00,67.3,2.16,9.78,2.445
2609,5,2025-03-03 12:15:00,42.2,5.88,12.69,3.172
2610,6,2025-03-03 12:15:00,80.1,2.75,8.02,2.005
2611,7,2025-03-03 12:15:00,80.7,5.42,8.42,2.105
2612,8,2025-03-03 12:15:00,77.7,5.77,13.08,3.27
2613,9,2025-03-03 12:15:00,87.9,3.76,18.1,4.525
2614,10,2025-03-03 12:15:00,90.0,2.4,22.82,5.705
2615,11,2025-03-03 12:15:00,46.4,2.02,18.67,4.668
2616,12,2025-03-03 12:15:00,67.9,5.1,25.5,6.375
2617,1,2025-03-03 12:30:00,89.5,5.27,4.09,1.022
2618,2,2025-03-03 12:30:00,57.4,4.09,5.83,1.458
2619,3,2025-03-03 12:30:00,39.5,4.97,8.08,2.02
2620,4,2025-03-03 12:30:00,44.0,1.84,7.54,1.885
2621,5,2025-03-03 12:30:00,55.2,5.94,6.51,1.627
2622,6,2025-03-03 12:30:00,75.2,1.72,14.28,3.57
2623,7,2025-03-03 12:30:00,63.2,5.83,10.76,2.69
2624,8,2025-03-03 12:30:00,45.8,5.2,9.29,2.322
2625,9,2025-03-03 12:30:00,81.0,4.5,13.54,3.385
2626,10,2025-03-03 12:30:00,87.8,5.01,19.9,4.975
2627,11,2025-03-03 12:30:00,83.6,2.56,13.04,3.26
2628,12,2025-03-03 12:30:00,51.7,4.11,16.46,4.115
2629,1,2025-03-03 12:45:00,87.7,0.93,9.08,2.27
2630,2,2025-03-03 12:45:00,83.8,4.23,7.94,1.985
2631,3,2025-03-03 12:45:00,50.8,6.29,12.14,3.035
2632,4,2025-03-03 12:45:00,55.0,5.58,7.55,1.887
2633,5,2025-03-03 12:45:00,49.3,3.3,13.06,3.265
2634,6,2025-03-03 12:45:00,38.0,2.78,14.98,3.745
2635,7,2025-03-03 12:45:00,62.0,5.53,11.48,2.87
2636,8,2025-03-03 12:45:00,72.7,1.81,10.13,2.533
2637,9,2025-03-03 12:45:00,86.0,2.45,9.29,2.322
2638,10,2025-03-03 12:45:00,52.9,3.9,19.32,4.83
2639,11,2025-03-03 12:45:00,71.8,2.95,13.76,3.44
2640,12,2025-03-03 12:45:00,90.5,4.46,17.68,4.42
2641,1,2025-03-03 13:00:00,67.1,2.06,5.22,1.305
2642,2,2025-03-03 13:00:00,92.0,3.9,4.31,1.077
2643,3,2025-03-03 13:00:00,52.0,2.31,4.62,1.155
2644,4,2025-03-03 13:00:00,91.3,4.97,10.58,2.645
2645,5,2025-03-03 13:00:00,91.2,5.01,7.87,1.968
2646,6,2025-03-03 13:00:00,77.6,6.05,12.71,3.178
2647,7,2025-03-03 13:00:00,75.9,5.19,15.8,3.95
2648,8,2025-03-03 13:00:00,89.8,1.66,19.24,4.81
2649,9,2025-03-03 13:00:00,88.7,4.88,21.34,5.335
2650,10,2025-03-03 13:00:00,53.8,5.86,21.53,5.383
2651,11,2025-03-03 13:00:00,84.2,5.45,21.77,5.442
2652,12,2025-03-03 13:00:00,66.2,2.16,15.46,3.865
2653,1,2025-03-03 13:15:00,67.6,1.71,7.94,1.985
2654,2,2025-03-03 13:15:00,58.8,2.77,6.52,1.63
2655,3,2025-03-03 13:15:00,81.9,6.5,5.06,1.265
2656,4,2025-03-03 13:15:00,72.6,5.72,12.5,3.125
2657,5,2025-03-03 13:15:00,86.1,0.74,8.71,2.178
2658,6,2025-03-03 13:15:00,50.6,1.13,13.54,3.385
2659,7,2025-03-03 13:15:00,79.6,3.52,18.9,4.725
2660,8,2025-03-03 13:15:00,69.7,4.51,17.59,4.397
2661,9,2025-03-03 13:15:00,40.6,5.01,21.76,5.44
2662,10,2025-03-03 13:15:00,83.2,1.1,20.12,5.03
2663,11,2025-03-03 13:15:00,38.5,6.44,14.17,3.542
2664,12,2025-03-03 13:15:00,71.2,2.29,26.94,6.735
2665,1,2025-03-03 13:30:00,66.8,3.61,7.16,1.79
2666,2,2025-03-03 13:30:00,86.6,2.01,6.36,1.59
2667,3,2025-03-03 13:30:00,66.7,1.77,6.9,1.725
2668,4,2025-03-03 13:30:00,82.2,3.15,6.47,1.617
2669,5,2025-03-03 13:30:00,48.9,3.4,11.81,2.953
2670,6,2025-03-03 13:30:00,60.8,1.19,9.65,2.413
2671,7,2025-03-03 13:30:00,89.6,0.69,17.33,4.332
2672,8,2025-03-03 13:30:00,59.2,3.25,13.37,3.342
2673,9,2025-03-03 13:30:00,62.2,1.11,20.86,5.215
2674,10,2025-03-03 13:30:00,75.4,3.55,22.29,5.572
2675,11,2025-03-03 13:30:00,46.3,0.64,23.69,5.923
2676,12,2025-03-03 13:30:00,71.4,5.61,15.36,3.84
2677,1,2025-03-03 13:45:00,44.0,5.35,6.97,1.742
2678,2,2025-03-03 13:45:00,70.9,5.91,8.66,2.165
2679,3,2025-03-03 13:45:00,55.4,2.27,4.79,1.198
2680,4,2025-03-03 13:45:00,80.7,3.51,5.57,1.393
2681,5,2025-03-03 13:45:00,66.3,2.25,14.67,3.667
2682,6,2025-03-03 13:45:00,84.3,5.14,6.62,1.655
2683,7,2025-03-03 13:45:00,89.7,0.83,12.41,3.103
2684,8,2025-03-03 13:45:00,43.4,3.93,11.29,2.822
2685,9,2025-03-03 13:45:00,40.3,0.57,11.22,2.805
2686,10,2025-03-03 13:45:00,70.2,1.27,11.39,2.848
2687,11,2025-03-03 13:45:00,53.6,2.26,9.65,2.413
2688,12,2025-03-03 13:45:00,74.6,5.49,25.42,6.355
2689,1,2025-03-03 14:00:00,74.7,0.82,3.8,0.95
2690,2,2025-03-03 14:00:00,57.2,4.84,8.79,2.197
2691,3,2025-03-03 14:00:00,41.7,5.08,7.47,1.867
2692,4,2025-03-03 14:00:00,60.9,4.21,8.76,2.19
2693,5,2025-03-03 14:00:00,89.2,6.49,12.48,3.12
2694,6,2025-03-03 14:00:00,57.1,5.88,14.68,3.67
2695,7,2025-03-03 14:00:00,87.2,3.77,17.22,4.305
2696,8,2025-03-03 14:00:00,50.7,0.42,7.65,1.913
2697,9,2025-03-03 14:00:00,48.2,2.65,12.59,3.147
2698,10,2025-03-03 14:00:00,47.6,3.17,14.52,3.63
2699,11,2025-03-03 14:00:00,78.3,2.55,17.53,4.383
2700,12,2025-03-03 14:00:00,83.2,3.66,25.8,6.45
2701,1,2025-03-03 14:15:00,48.0,2.11,6.58,1.645
2702,2,2025-03-03 14:15:00,42.1,1.23,5.16,1.29
2703,3,2025-03-03 14:15:00,71.4,5.09,12.28,3.07
2704,4,2025-03-03 14:15:00,77.7,3.98,6.87,1.718
2705,5,2025-03-03 14:15:00,58.7,5.03,9.72,2.43
2706,6,2025-03-03 14:15:00,40.5,3.31,9.06,2.265
2707,7,2025-03-03 14:15:00,66.2,3.05,18.86,4.715
2708,8,2025-03-03 14:15:00,76.9,3.84,12.12,3.03
2709,9,2025-03-03 14:15:00,74.7,4.5,17.42,4.355
2710,10,2025-03-03 14:15:00,48.6,0.73,12.86,3.215
2711,11,2025-03-03 14:15:00,70.9,4.2,17.16,4.29
2712,12,2025-03-03 14:15:00,75.3,2.88,17.21,4.303
2713,1,2025-03-03 14:30:00,50.1,1.54,4.82,1.205
2714,2,2025-03-03 14:30:00,63.7,2.12,9.46,2.365
2715,3,2025-03-03 14:30:00,60.9,4.87,9.11,2.277
2716,4,2025-03-03 14:30:00,54.4,0.6,12.84,3.21
2717,5,2025-03-03 14:30:00,60.9,4.95,8.33,2.083
2718,6,2025-03-03 14:30:00,69.5,1.11,17.26,4.315
2719,7,2025-03-03 14:30:00,45.6,4.6,10.08,2.52
2720,8,2025-03-03 14:30:00,84.3,5.66,8.83,2.208
2721,9,2025-03-03 14:30:00,62.1,3.54,19.34,4.835
2722,10,2025-03-03 14:30:00,78.3,1.78,14.0,3.5
2723,11,2025-03-03 14:30:00,65.5,2.58,20.53,5.133
2724,12,2025-03-03 14:30:00,50.4,1.75,13.33,3.333
2725,1,2025-03-03 14:45:00,77.9,2.47,8.21,2.053
2726,2,2025-03-03 14:45:00,75.4,1.17,10.75,2.688
2727,3,2025-03-03 14:45:00,81.6,4.93,5.31,1.327
2728,4,2025-03-03 14:45:00,73.0,6.28,8.82,2.205
2729,5,2025-03-03 14:45:00,67.5,0.95,13.98,3.495
2730,6,2025-03-03 14:45:00,76.5,5.59,10.36,2.59
2731,7,2025-03-03 14:45:00,65.6,5.95,18.88,4.72
2732,8,2025-03-03 14:45:00,48.5,6.23,14.87,3.717
2733,9,2025-03-03 14:45:00,65.5,2.39,13.32,3.33
2734,10,2025-03-03 14:45:00,58.7,5.46,10.18,2.545
2735,11,2025-03-03 14:45:00,56.8,0.45,22.35,5.588
2736,12,2025-03-03 14:45:00,64.8,4.01,11.08,2.77
2737,1,2025-03-03 15:00:00,40.7,4.2,5.28,1.32
2738,2,2025-03-03 15:00:00,43.0,2.26,5.15,1.288
2739,3,2025-03-03 15:00:00,81.7,2.44,9.1,2.275
2740,4,2025-03-03 15:00:00,48.5,4.68,5.22,1.305
2741,5,2025-03-03 15:00:00,66.8,5.07,12.39,3.098
2742,6,2025-03-03 15:00:00,86.5,5.29,16.21,4.053
2743,7,2025-03-03 15:00:00,40.7,0.48,18.9,4.725
2744,8,2025-03-03 15:00:00,43.4,1.93,19.68,4.92
2745,9,2025-03-03 15:00:00,80.5,1.5,14.74,3.685
2746,10,2025-03-03 15:00:00,47.5,5.18,11.57,2.893
2747,11,2025-03-03 15:00:00,43.9,4.59,24.03,6.008
2748,12,2025-03-03 15:00:00,91.5,4.19,16.92,4.23
2749,1,2025-03-03 15:15:00,44.6,2.72,4.65,1.163
2750,2,2025-03-03 15:15:00,72.8,3.38,7.65,1.913
2751,3,2025-03-03 15:15:00,84.8,1.05,7.12,1.78
2752,4,2025-03-03 15:15:00,66.4,5.76,5.95,1.488
2753,5,2025-03-03 15:15:00,58.9,4.55,15.44,3.86
2754,6,2025-03-03 15:15:00,62.0,3.32,14.09,3.522
2755,7,2025-03-03 15:15:00,46.6,1.72,13.11,3.277
2756,8,2025-03-03 15:15:00,61.4,4.81,8.16,2.04
2757,9,2025-03-03 15:15:00,87.8,6.39,17.18,4.295
2758,10,2025-03-03 15:15:00,52.1,0.87,12.75,3.188
2759,11,2025-03-03 15:15:00,66.6,3.68,14.72,3.68
2760,12,2025-03-03 15:15:00,39.5,1.26,26.49,6.622
2761,1,2025-03-03 15:30:00,66.1,2.99,3.97,0.993
2762,2,2025-03-03 15:30:00,83.6,3.09,8.88,2.22
2763,3,2025-03-03 15:30:00,46.6,1.59,6.46,1.615
2764,4,2025-03-03 15:30:00,46.3,1.58,11.17,2.792
2765,5,2025-03-03 15:30:00,41.4,2.01,11.73,2.933
2766,6,2025-03-03 15:30:00,77.1,2.6,12.62,3.155
2767,7,2025-03-03 15:30:00,89.1,2.95,13.06,3.265
2768,8,2025-03-03 15:30:00,39.7,0.47,10.59,2.647
2769,9,2025-03-03 15:30:00,57.7,4.7,12.0,3.0
2770,10,2025-03-03 15:30:00,59.4,6.16,19.5,4.875
2771,11,2025-03-03 15:30:00,70.6,3.32,10.93,2.732
2772,12,2025-03-03 15:30:00,56.6,1.55,26.19,6.548
2773,1,2025-03-03 15:45:00,57.0,4.78,3.57,0.892
2774,2,2025-03-03 15:45:00,50.0,5.61,9.31,2.328
2775,3,2025-03-03 15:45:00,63.4,1.88,6.48,1.62
2776,4,2025-03-03 15:45:00,40.2,1.62,9.89,2.473
2777,5,2025-03-03 15:45:00,47.1,5.0,13.71,3.428
2778,6,2025-03-03 15:45:00,65.2,1.45,12.81,3.203
2779,7,2025-03-03 15:45:00,87.9,2.37,8.45,2.112
2780,8,2025-03-03 15:45:00,63.6,0.68,10.18,2.545
2781,9,2025-03-03 15:45:00,68.1,0.56,9.12,2.28
2782,10,2025-03-03 15:45:00,89.0,3.42,10.62,2.655
2783,11,2025-03-03 15:45:00,81.1,1.31,24.43,6.107
2784,12,2025-03-03 15:45:00,55.1,4.89,18.23,4.558
2785,1,2025-03-03 16:00:00,56.8,2.83,5.05,1.262
2786,2,2025-03-03 16:00:00,91.9,2.21,7.5,1.875
2787,3,2025-03-03 16:00:00,87.8,6.36,9.24,2.31
2788,4,2025-03-03 16:00:00,38.8,1.23,10.86,2.715
2789,5,2025-03-03 16:00:00,47.3,3.95,10.27,2.567
2790,6,2025-03-03 16:00:00,67.0,0.51,15.0,3.75
2791,7,2025-03-03 16:00:00,51.4,6.06,7.03,1.758
2792,8,2025-03-03 16:00:00,85.2,1.98,9.86,2.465
2793,9,2025-03-03 16:00:00,68.7,3.96,12.57,3.143
2794,10,2025-03-03 16:00:00,82.2,2.6,14.47,3.618
2795,11,2025-03-03 16:00:00,85.9,3.14,13.64,3.41
2796,12,2025-03-03 16:00:00,75.5,5.86,26.53,6.633
2797,1,2025-03-03 16:15:00,45.6,6.48,8.78,2.195
2798,2,2025-03-03 16:15:00,63.2,5.46,10.78,2.695
2799,3,2025-03-03 16:15:00,81.3,2.93,9.0,2.25
2800,4,2025-03-03 16:15:00,85.2,0.77,11.43,2.857
2801,5,2025-03-03 16:15:00,60.9,2.5,10.7,2.675
2802,6,2025-03-03 16:15:00,51.8,0.45,14.24,3.56
2803,7,2025-03-03 16:15:00,53.1,1.69,8.78,2.195
2804,8,2025-03-03 16:15:00,91.2,0.95,16.89,4.223
2805,9,2025-03-03 16:15:00,65.6,5.3,9.12,2.28
2806,10,2025-03-03 16:15:00,63.9,1.81,12.25,3.062
2807,11,2025-03-03 16:15:00,69.6,3.61,10.58,2.645
2808,12,2025-03-03 16:15:00,85.0,4.0,13.12,3.28
2809,1,2025-03-03 16:30:00,65.2,6.43,8.58,2.145
2810,2,2025-03-03 16:30:00,69.4,3.01,7.65,1.913
2811,3,2025-03-03 16:30:00,44.2,2.98,8.32,2.08
2812,4,2025-03-03 16:30:00,39.4,3.98,6.19,1.548
2813,5,2025-03-03 16:30:00,91.5,5.18,5.96,1.49
2814,6,2025-03-03 16:30:00,51.8,1.21,15.85,3.962
2815,7,2025-03-03 16:30:00,42.8,2.55,10.17,2.542
2816,8,2025-03-03 16:30:00,77.9,1.73,17.97,4.492
2817,9,2025-03-03 16:30:00,42.8,6.09,17.67,4.418
2818,10,2025-03-03 16:30:00,52.9,3.47,23.51,5.878
2819,11,2025-03-03 16:30:00,65.5,2.29,23.43,5.857
2820,12,2025-03-03 16:30:00,88.9,6.12,18.53,4.633
2821,1,2025-03-03 16:45:00,50.4,0.94,8.17,2.042
2822,2,2025-03-03 16:45:00,56.8,3.68,8.94,2.235
2823,3,2025-03-03 16:45:00,84.8,1.91,7.23,1.808
2824,4,2025-03-03 16:45:00,81.7,2.54,10.1,2.525
2825,5,2025-03-03 16:45:00,81.3,6.36,14.1,3.525
2826,6,2025-03-03 16:45:00,86.0,0.93,9.18,2.295
2827,7,2025-03-03 16:45:00,85.7,6.39,15.66,3.915
2828,8,2025-03-03 16:45:00,49.5,3.75,20.2,5.05
2829,9,2025-03-03 16:45:00,75.8,3.4,10.55,2.638
2830,10,2025-03-03 16:45:00,62.9,3.62,15.53,3.882
2831,11,2025-03-03 16:45:00,91.6,2.85,23.93,5.982
2832,12,2025-03-03 16:45:00,54.6,6.0,25.79,6.447
2833,1,2025-03-03 17:00:00,54.0,3.74,4.4,1.1
2834,2,2025-03-03 17:00:00,66.4,1.39,5.37,1.343
2835,3,2025-03-03 17:00:00,60.4,5.08,10.62,2.655
2836,4,2025-03-03 17:00:00,88.7,4.3,8.99,2.248
2837,5,2025-03-03 17:00:00,75.9,4.41,13.3,3.325
2838,6,2025-03-03 17:00:00,70.5,2.99,8.84,2.21
2839,7,2025-03-03 17:00:00,42.9,2.76,11.32,2.83
2840,8,2025-03-03 17:00:00,77.4,0.9,14.26,3.565
2841,9,2025-03-03 17:00:00,47.1,3.46,9.12,2.28
2842,10,2025-03-03 17:00:00,73.6,6.35,22.41,5.603
2843,11,2025-03-03 17:00:00,46.5,4.34,18.99,4.747
2844,12,2025-03-03 17:00:00,70.2,5.99,19.1,4.775
2845,1,2025-03-03 17:15:00,61.0,5.59,7.9,1.975
2846,2,2025-03-03 17:15:00,82.2,6.3,5.27,1.317
2847,3,2025-03-03 17:15:00,52.8,1.66,4.97,1.242
2848,4,2025-03-03 17:15:00,40.6,5.14,9.79,2.447
2849,5,2025-03-03 17:15:00,68.2,3.95,10.82,2.705
2850,6,2025-03-03 17:15:00,67.3,1.59,6.86,1.715
2851,7,2025-03-03 17:15:00,47.4,6.27,11.37,2.842
2852,8,2025-03-03 17:15:00,63.8,1.89,19.36,4.84
2853,9,2025-03-03 17:15:00,76.0,3.99,10.8,2.7
2854,10,2025-03-03 17:15:00,41.0,4.15,19.38,4.845
2855,11,2025-03-03 17:15:00,69.5,3.38,13.69,3.422
2856,12,2025-03-03 17:15:00,38.9,1.34,26.38,6.595
2857,1,2025-03-03 17:30:00,86.1,6.39,7.4,1.85
2858,2,2025-03-03 17:30:00,76.7,3.31,6.2,1.55
2859,3,2025-03-03 17:30:00,78.3,2.44,9.3,2.325
2860,4,2025-03-03 17:30:00,46.5,4.77,13.89,3.473
2861,5,2025-03-03 17:30:00,60.7,0.53,6.09,1.522
2862,6,2025-03-03 17:30:00,90.6,5.78,7.84,1.96
2863,7,2025-03-03 17:30:00,54.3,5.98,12.41,3.103
2864,8,2025-03-03 17:30:00,81.5,1.31,8.42,2.105
2865,9,2025-03-03 17:30:00,42.6,3.92,18.02,4.505
2866,10,2025-03-03 17:30:00,44.1,1.79,15.22,3.805
2867,11,2025-03-03 17:30:00,61.9,5.17,21.4,5.35
2868,12,2025-03-03 17:30:00,40.5,3.85,13.1,3.275
2869,1,2025-03-03 17:45:00,70.4,2.75,6.66,1.665
2870,2,2025-03-03 17:45:00,77.0,1.46,4.76,1.19
2871,3,2025-03-03 17:45:00,89.1,0.75,10.68,2.67
2872,4,2025-03-03 17:45:00,88.9,2.63,6.19,1.548
2873,5,2025-03-03 17:45:00,45.7,5.38,13.63,3.408
2874,6,2025-03-03 17:45:00,68.9,3.04,11.0,2.75
2875,7,2025-03-03 17:45:00,66.5,5.02,14.64,3.66
2876,8,2025-03-03 17:45:00,72.1,4.76,15.45,3.862
2877,9,2025-03-03 17:45:00,79.4,3.39,18.42,4.605
2878,10,2025-03-03 17:45:00,84.0,5.08,17.48,4.37
2879,11,2025-03-03 17:45:00,43.7,2.49,14.37,3.592
2880,12,2025-03-03 17:45:00,77.0,4.83,21.99,5.497
2881,1,2025-03-03 18:00:00,59.5,5.62,4.12,1.03
2882,2,2025-03-03 18:00:00,84.9,1.27,9.03,2.257
2883,3,2025-03-03 18:00:00,84.5,2.08,6.47,1.617
2884,4,2025-03-03 18:00:00,73.1,6.16,7.62,1.905
2885,5,2025-03-03 18:00:00,69.4,2.36,8.08,2.02
2886,6,2025-03-03 18:00:00,39.5,5.39,6.44,1.61
2887,7,2025-03-03 18:00:00,64.2,2.09,16.32,4.08
2888,8,2025-03-03 18:00:00,72.6,2.47,9.14,2.285
2889,9,2025-03-03 18:00:00,58.0,1.37,14.81,3.703
2890,10,2025-03-03 18:00:00,45.1,3.52,18.45,4.612
2891,11,2025-03-03 18:00:00,42.3,5.54,23.62,5.905
2892,12,2025-03-03 18:00:00,58.3,1.08,25.47,6.367
2893,1,2025-03-03 18:15:00,74.3,0.46,8.18,2.045
2894,2,2025-03-03 18:15:00,85.5,6.05,9.52,2.38
2895,3,2025-03-03 18:15:00,65.4,3.04,5.34,1.335
2896,4,2025-03-03 18:15:00,54.9,1.06,5.51,1.377
2897,5,2025-03-03 18:15:00,40.8,2.89,15.43,3.857
2898,6,2025-03-03 18:15:00,59.2,1.16,14.34,3.585
2899,7,2025-03-03 18:15:00,91.6,4.57,10.41,2.603
2900,8,2025-03-03 18:15:00,80.9,3.77,7.89,1.972
2901,9,2025-03-03 18:15:00,72.1,2.13,17.3,4.325
2902,10,2025-03-03 18:15:00,58.0,2.34,13.58,3.395
2903,11,2025-03-03 18:15:00,66.3,3.52,24.26,6.065
2904,12,2025-03-03 18:15:00,68.7,6.08,22.9,5.725
2905,1,2025-03-03 18:30:00,78.9,4.16,5.94,1.485
2906,2,2025-03-03 18:30:00,55.6,3.71,9.0,2.25
2907,3,2025-03-03 18:30:00,49.8,2.16,11.67,2.917
2908,4,2025-03-03 18:30:00,77.1,4.27,12.16,3.04
2909,5,2025-03-03 18:30:00,45.7,4.92,13.36,3.34
2910,6,2025-03-03 18:30:00,66.1,2.69,13.65,3.413
2911,7,2025-03-03 18:30:00,61.0,5.06,17.91,4.478
2912,8,2025-03-03 18:30:00,40.5,4.86,7.61,1.903
2913,9,2025-03-03 18:30:00,91.6,4.65,20.64,5.16
2914,10,2025-03-03 18:30:00,39.3,3.78,19.01,4.753
2915,11,2025-03-03 18:30:00,51.3,3.38,19.15,4.787
2916,12,2025-03-03 18:30:00,49.3,3.42,14.93,3.732
2917,1,2025-03-03 18:45:00,79.5,2.74,4.88,1.22
2918,2,2025-03-03 18:45:00,87.9,5.31,4.4,1.1
2919,3,2025-03-03 18:45:00,82.7,4.22,5.12,1.28
2920,4,2025-03-03 18:45:00,91.1,5.68,6.89,1.722
2921,5,2025-03-03 18:45:00,56.2,6.24,10.23,2.558
2922,6,2025-03-03 18:45:00,64.8,1.47,13.27,3.317
2923,7,2025-03-03 18:45:00,42.2,5.29,12.15,3.038
2924,8,2025-03-03 18:45:00,83.3,1.56,11.53,2.882
2925,9,2025-03-03 18:45:00,67.2,6.14,14.43,3.607
2926,10,2025-03-03 18:45:00,73.3,3.68,13.73,3.433
2927,11,2025-03-03 18:45:00,61.0,0.46,20.0,5.0
2928,12,2025-03-03 18:45:00,63.7,4.17,24.68,6.17
2929,1,2025-03-03 19:00:00,84.3,5.2,5.67,1.417
2930,2,2025-03-03 19:00:00,90.9,1.19,6.78,1.695
2931,3,2025-03-03 19:00:00,54.1,5.2,11.56,2.89
2932,4,2025-03-03 19:00:00,79.0,2.15,5.79,1.448
2933,5,2025-03-03 19:00:00,91.3,4.84,11.16,2.79
2934,6,2025-03-03 19:00:00,64.9,6.39,16.18,4.045
2935,7,2025-03-03 19:00:00,45.9,2.34,15.27,3.817
2936,8,2025-03-03 19:00:00,63.0,6.37,11.51,2.877
2937,9,2025-03-03 19:00:00,63.1,3.51,10.0,2.5
2938,10,2025-03-03 19:00:00,91.8,5.01,9.79,2.447
2939,11,2025-03-03 19:00:00,73.0,2.62,23.87,5.968
2940,12,2025-03-03 19:00:00,66.8,5.0,14.89,3.723
2941,1,2025-03-03 19:15:00,79.1,3.41,7.74,1.935
2942,2,2025-03-03 19:15:00,68.5,0.83,8.89,2.223
2943,3,2025-03-03 19:15:00,80.0,5.5,6.22,1.555
2944,4,2025-03-03 19:15:00,45.0,3.13,11.23,2.808
2945,5,2025-03-03 19:15:00,67.6,4.03,7.38,1.845
2946,6,2025-03-03 19:15:00,68.7,2.48,16.53,4.133
2947,7,2025-03-03 19:15:00,70.7,4.5,15.42,3.855
2948,8,2025-03-03 19:15:00,63.9,3.38,19.11,4.777
2949,9,2025-03-03 19:15:00,54.7,0.76,11.39,2.848
2950,10,2025-03-03 19:15:00,61.7,3.0,11.17,2.792
2951,11,2025-03-03 19:15:00,68.6,4.06,10.39,2.598
2952,12,2025-03-03 19:15:00,69.9,0.97,14.86,3.715
2953,1,2025-03-03 19:30:00,51.4,6.32,4.84,1.21
2954,2,2025-03-03 19:30:00,57.0,4.97,8.2,2.05
2955,3,2025-03-03 19:30:00,60.5,4.74,8.55,2.138
2956,4,2025-03-03 19:30:00,70.2,2.75,6.57,1.643
2957,5,2025-03-03 19:30:00,63.0,2.95,10.53,2.632
2958,6,2025-03-03 19:30:00,56.5,2.18,7.15,1.788
2959,7,2025-03-03 19:30:00,83.0,1.08,13.96,3.49
2960,8,2025-03-03 19:30:00,64.5,0.53,16.95,4.237
2961,9,2025-03-03 19:30:00,91.6,6.36,8.82,2.205
2962,10,2025-03-03 19:30:00,89.4,3.98,9.33,2.333
2963,11,2025-03-03 19:30:00,79.4,6.44,21.95,5.487
2964,12,2025-03-03 19:30:00,58.4,5.51,18.4,4.6
2965,1,2025-03-03 19:45:00,52.9,5.54,4.86,1.215
2966,2,2025-03-03 19:45:00,49.1,2.78,10.31,2.578
2967,3,2025-03-03 19:45:00,72.6,3.44,5.73,1.433
2968,4,2025-03-03 19:45:00,55.2,5.74,12.13,3.033
2969,5,2025-03-03 19:45:00,81.0,0.85,15.61,3.902
2970,6,2025-03-03 19:45:00,48.5,4.53,12.77,3.192
2971,7,2025-03-03 19:45:00,45.8,3.11,13.32,3.33
2972,8,2025-03-03 19:45:00,41.0,2.62,8.44,2.11
2973,9,2025-03-03 19:45:00,58.2,2.67,15.91,3.978
2974,10,2025-03-03 19:45:00,56.8,0.79,10.96,2.74
2975,11,2025-03-03 19:45:00,60.6,4.13,22.82,5.705
2976,12,2025-03-03 19:45:00,55.4,1.16,26.45,6.612
2977,1,2025-03-03 20:00:00,79.3,3.8,7.24,1.81
2978,2,2025-03-03 20:00:00,49.3,1.41,10.12,2.53
2979,3,2025-03-03 20:00:00,81.7,0.47,5.68,1.42
2980,4,2025-03-03 20:00:00,67.0,1.97,6.09,1.522
2981,5,2025-03-03 20:00:00,59.9,2.13,9.4,2.35
2982,6,2025-03-03 20:00:00,73.3,3.31,12.05,3.013
2983,7,2025-03-03 20:00:00,56.1,6.23,14.25,3.562
2984,8,2025-03-03 20:00:00,84.2,6.22,10.84,2.71
2985,9,2025-03-03 20:00:00,84.0,4.74,12.36,3.09
2986,10,2025-03-03 20:00:00,45.5,5.94,8.77,2.192
2987,11,2025-03-03 20:00:00,57.1,4.29,19.56,4.89
2988,12,2025-03-03 20:00:00,61.1,5.51,15.51,3.877
2989,1,2025-03-03 20:15:00,66.8,4.31,4.17,1.042
2990,2,2025-03-03 20:15:00,79.0,1.14,5.01,1.252
2991,3,2025-03-03 20:15:00,48.0,5.43,11.93,2.982
2992,4,2025-03-03 20:15:00,64.1,4.27,12.42,3.105
2993,5,2025-03-03 20:15:00,74.8,2.14,10.52,2.63
2994,6,2025-03-03 20:15:00,38.3,1.97,12.96,3.24
2995,7,2025-03-03 20:15:00,50.6,1.82,11.72,2.93
2996,8,2025-03-03 20:15:00,38.4,4.56,19.36,4.84
2997,9,2025-03-03 20:15:00,50.2,5.81,12.28,3.07
2998,10,2025-03-03 20:15:00,40.1,1.87,14.71,3.678
2999,11,2025-03-03 20:15:00,85.9,2.24,19.22,4.805
3000,12,2025-03-03 20:15:00,57.4,1.91,11.52,2.88
3001,1,2025-03-03 20:30:00,44.2,2.98,7.12,1.78
3002,2,2025-03-03 20:30:00,71.3,6.09,10.16,2.54
3003,3,2025-03-03 20:30:00,51.8,2.0,6.83,1.708
3004,4,2025-03-03 20:30:00,55.8,2.0,12.37,3.092
3005,5,2025-03-03 20:30:00,43.3,2.53,6.7,1.675
3006,6,2025-03-03 20:30:00,69.1,3.35,13.99,3.498
3007,7,2025-03-03 20:30:00,62.2,2.77,8.91,2.228
3008,8,2025-03-03 20:30:00,52.5,4.12,9.61,2.402
3009,9,2025-03-03 20:30:00,44.8,1.04,17.03,4.258
3010,10,2025-03-03 20:30:00,73.9,5.56,17.4,4.35
3011,11,2025-03-03 20:30:00,80.3,2.75,11.15,2.788
3012,12,2025-03-03 20:30:00,50.2,4.57,12.91,3.228
3013,1,2025-03-03 20:45:00,46.8,2.26,5.78,1.445
3014,2,2025-03-03 20:45:00,69.9,0.45,7.48,1.87
3015,3,2025-03-03 20:45:00,80.9,2.28,6.13,1.532
3016,4,2025-03-03 20:45:00,91.2,5.11,6.01,1.502
3017,5,2025-03-03 20:45:00,58.6,1.56,7.08,1.77
3018,6,2025-03-03 20:45:00,57.1,1.66,17.26,4.315
3019,7,2025-03-03 20:45:00,91.9,4.01,10.17,2.542
3020,8,2025-03-03 20:45:00,71.0,3.89,19.34,4.835
3021,9,2025-03-03 20:45:00,83.9,2.57,14.1,3.525
3022,10,2025-03-03 20:45:00,39.0,1.78,19.11,4.777
3023,11,2025-03-03 20:45:00,63.0,5.56,18.33,4.582
3024,12,2025-03-03 20:45:00,65.4,1.39,20.48,5.12
3025,1,2025-03-03 21:00:00,80.3,6.49,6.35,1.587
3026,2,2025-03-03 21:00:00,90.0,4.02,9.52,2.38
3027,3,2025-03-03 21:00:00,65.1,5.11,5.8,1.45
3028,4,2025-03-03 21:00:00,45.2,0.43,9.78,2.445
3029,5,2025-03-03 21:00:00,41.0,4.2,5.92,1.48
3030,6,2025-03-03 21:00:00,62.6,6.0,9.13,2.283
3031,7,2025-03-03 21:00:00,88.0,5.33,17.46,4.365
3032,8,2025-03-03 21:00:00,85.7,1.79,19.43,4.857
3033,9,2025-03-03 21:00:00,55.5,4.1,16.91,4.228
3034,10,2025-03-03 21:00:00,64.9,5.2,20.21,5.053
3035,11,2025-03-03 21:00:00,50.1,0.7,13.24,3.31
3036,12,2025-03-03 21:00:00,61.3,4.22,10.98,2.745
3037,1,2025-03-03 21:15:00,90.8,1.66,5.96,1.49
3038,2,2025-03-03 21:15:00,85.6,4.68,7.46,1.865
3039,3,2025-03-03 21:15:00,45.0,0.63,9.7,2.425
3040,4,2025-03-03 21:15:00,39.2,0.98,10.93,2.732
3041,5,2025-03-03 21:15:00,46.4,1.61,8.22,2.055
3042,6,2025-03-03 21:15:00,58.0,3.94,8.78,2.195
3043,7,2025-03-03 21:15:00,55.5,2.49,7.98,1.995
3044,8,2025-03-03 21:15:00,71.0,5.33,15.09,3.772
3045,9,2025-03-03 21:15:00,65.8,5.22,17.35,4.338
3046,10,2025-03-03 21:15:00,49.6,4.97,21.26,5.315
3047,11,2025-03-03 21:15:00,40.9,1.18,20.69,5.173
3048,12,2025-03-03 21:15:00,43.8,2.33,12.73,3.183
3049,1,2025-03-03 21:30:00,68.9,1.44,3.92,0.98
3050,2,2025-03-03 21:30:00,64.1,3.15,5.17,1.292
3051,3,2025-03-03 21:30:00,80.2,6.45,7.62,1.905
3052,4,2025-03-03 21:30:00,41.4,3.79,8.88,2.22
3053,5,2025-03-03 21:30:00,74.7,1.84,14.74,3.685
3054,6,2025-03-03 21:30:00,90.3,2.54,7.78,1.945
3055,7,2025-03-03 21:30:00,54.4,3.86,15.45,3.862
3056,8,2025-03-03 21:30:00,79.4,1.33,9.2,2.3
3057,9,2025-03-03 21:30:00,48.1,5.93,8.28,2.07
3058,10,2025-03-03 21:30:00,58.3,3.37,23.25,5.812
3059,11,2025-03-03 21:30:00,69.5,3.87,10.43,2.607
3060,12,2025-03-03 21:30:00,83.3,3.54,10.29,2.572
3061,1,2025-03-03 21:45:00,67.7,1.44,8.71,2.178
3062,2,2025-03-03 21:45:00,76.4,2.98,5.41,1.353
3063,3,2025-03-03 21:45:00,91.3,5.37,5.25,1.312
3064,4,2025-03-03 21:45:00,57.0,2.88,13.49,3.373
3065,5,2025-03-03 21:45:00,83.4,6.19,15.13,3.783
3066,6,2025-03-03 21:45:00,72.2,5.87,8.74,2.185
3067,7,2025-03-03 21:45:00,56.0,1.99,13.58,3.395
3068,8,2025-03-03 21:45:00,46.2,1.81,7.97,1.992
3069,9,2025-03-03 21:45:00,75.3,3.9,18.29,4.572
3070,10,2025-03-03 21:45:00,57.0,5.09,9.2,2.3
3071,11,2025-03-03 21:45:00,45.8,4.17,18.37,4.593
3072,12,2025-03-03 21:45:00,46.9,4.72,21.61,5.402
3073,1,2025-03-03 22:00:00,59.0,1.78,8.99,2.248
3074,2,2025-03-03 22:00:00,41.9,1.05,4.8,1.2
3075,3,2025-03-03 22:00:00,62.4,4.57,9.27,2.317
3076,4,2025-03-03 22:00:00,48.7,2.6,7.77,1.942
3077,5,2025-03-03 22:00:00,48.4,3.75,10.18,2.545
3078,6,2025-03-03 22:00:00,74.8,5.13,16.4,4.1
3079,7,2025-03-03 22:00:00,42.9,5.13,13.1,3.275
3080,8,2025-03-03 22:00:00,87.7,2.11,13.07,3.268
3081,9,2025-03-03 22:00:00,64.1,2.6,17.07,4.268
3082,10,2025-03-03 22:00:00,53.0,5.18,14.02,3.505
3083,11,2025-03-03 22:00:00,40.0,5.5,22.7,5.675
3084,12,2025-03-03 22:00:00,80.3,0.65,17.82,4.455
3085,1,2025-03-03 22:15:00,57.9,1.32,5.16,1.29
3086,2,2025-03-03 22:15:00,88.6,2.54,4.89,1.222
3087,3,2025-03-03 22:15:00,67.6,0.87,9.52,2.38
3088,4,2025-03-03 22:15:00,47.9,1.39,12.51,3.127
3089,5,2025-03-03 22:15:00,52.3,0.88,10.29,2.572
3090,6,2025-03-03 22:15:00,74.1,5.71,6.46,1.615
3091,7,2025-03-03 22:15:00,55.6,2.08,13.43,3.357
3092,8,2025-03-03 22:15:00,60.2,4.66,14.07,3.518
3093,9,2025-03-03 22:15:00,89.0,1.39,16.7,4.175
3094,10,2025-03-03 22:15:00,72.0,0.88,19.76,4.94
3095,11,2025-03-03 22:15:00,40.7,5.01,9.83,2.458
3096,12,2025-03-03 22:15:00,44.1,5.89,15.88,3.97
3097,1,2025-03-03 22:30:00,90.0,4.32,4.88,1.22
3098,2,2025-03-03 22:30:00,81.1,3.9,6.99,1.748
3099,3,2025-03-03 22:30:00,47.9,4.1,5.78,1.445
3100,4,2025-03-03 22:30:00,59.2,2.25,8.78,2.195
3101,5,2025-03-03 22:30:00,65.1,3.76,13.3,3.325
3102,6,2025-03-03 22:30:00,39.8,6.1,13.63,3.408
3103,7,2025-03-03 22:30:00,40.4,0.9,14.07,3.518
3104,8,2025-03-03 22:30:00,72.2,2.58,14.63,3.658
3105,9,2025-03-03 22:30:00,78.9,6.19,17.82,4.455
3106,10,2025-03-03 22:30:00,74.6,1.87,15.99,3.998
3107,11,2025-03-03 22:30:00,45.6,3.71,25.25,6.312
3108,12,2025-03-03 22:30:00,41.0,0.75,24.52,6.13
3109,1,2025-03-03 22:45:00,74.4,5.04,6.02,1.505
3110,2,2025-03-03 22:45:00,60.1,2.75,9.61,2.402
3111,3,2025-03-03 22:45:00,51.2,1.78,5.47,1.367
3112,4,2025-03-03 22:45:00,64.2,3.87,6.23,1.558
3113,5,2025-03-03 22:45:00,54.8,2.93,11.1,2.775
3114,6,2025-03-03 22:45:00,81.2,5.54,6.86,1.715
3115,7,2025-03-03 22:45:00,82.3,1.98,18.67,4.668
3116,8,2025-03-03 22:45:00,71.3,0.5,15.81,3.953
3117,9,2025-03-03 22:45:00,71.5,6.47,15.7,3.925
3118,10,2025-03-03 22:45:00,64.8,0.77,9.87,2.467
3119,11,2025-03-03 22:45:00,71.9,2.89,22.95,5.737
3120,12,2025-03-03 22:45:00,46.8,5.86,23.18,5.795
3121,1,2025-03-03 23:00:00,78.8,3.89,6.77,1.692
3122,2,2025-03-03 23:00:00,84.1,2.94,7.43,1.857
3123,3,2025-03-03 23:00:00,73.4,3.12,6.66,1.665
3124,4,2025-03-03 23:00:00,91.1,6.48,12.44,3.11
3125,5,2025-03-03 23:00:00,57.3,6.2,13.8,3.45
3126,6,2025-03-03 23:00:00,42.8,1.87,15.6,3.9
3127,7,2025-03-03 23:00:00,55.3,4.17,13.96,3.49
3128,8,2025-03-03 23:00:00,55.8,3.67,16.9,4.225
3129,9,2025-03-03 23:00:00,56.3,1.84,12.69,3.172
3130,10,2025-03-03 23:00:00,44.4,1.22,21.83,5.457
3131,11,2025-03-03 23:00:00,53.5,6.25,12.18,3.045
3132,12,2025-03-03 23:00:00,50.0,0.68,20.84,5.21
3133,1,2025-03-03 23:15:00,87.2,5.82,8.28,2.07
3134,2,2025-03-03 23:15:00,59.7,5.11,9.58,2.395
3135,3,2025-03-03 23:15:00,46.9,1.75,8.95,2.237
3136,4,2025-03-03 23:15:00,82.4,4.1,11.61,2.902
3137,5,2025-03-03 23:15:00,52.4,2.96,13.64,3.41
3138,6,2025-03-03 23:15:00,62.1,4.26,6.99,1.748
3139,7,2025-03-03 23:15:00,52.7,6.28,18.64,4.66
3140,8,2025-03-03 23:15:00,49.1,1.92,7.9,1.975
3141,9,2025-03-03 23:15:00,55.2,3.78,21.73,5.433
3142,10,2025-03-03 23:15:00,54.8,2.34,12.25,3.062
3143,11,2025-03-03 23:15:00,43.4,1.58,10.92,2.73
3144,12,2025-03-03 23:15:00,68.9,2.27,23.59,5.897
3145,1,2025-03-03 23:30:00,62.0,1.51,6.93,1.732
3146,2,2025-03-03 23:30:00,47.5,2.62,6.12,1.53
3147,3,2025-03-03 23:30:00,60.6,3.44,8.87,2.217
3148,4,2025-03-03 23:30:00,63.4,6.09,9.88,2.47
3149,5,2025-03-03 23:30:00,89.3,3.68,7.41,1.853
3150,6,2025-03-03 23:30:00,62.6,0.59,12.97,3.243
3151,7,2025-03-03 23:30:00,55.5,2.8,12.0,3.0
3152,8,2025-03-03 23:30:00,52.5,4.51,14.68,3.67
3153,9,2025-03-03 23:30:00,85.1,3.63,11.56,2.89
3154,10,2025-03-03 23:30:00,66.6,3.68,17.18,4.295
3155,11,2025-03-03 23:30:00,44.5,2.41,14.47,3.618
3156,12,2025-03-03 23:30:00,43.7,1.22,21.24,5.31
3157,1,2025-03-03 23:45:00,43.1,4.36,4.7,1.175
3158,2,2025-03-03 23:45:00,85.8,5.89,4.83,1.208
3159,3,2025-03-03 23:45:00,71.4,3.26,11.95,2.987
3160,4,2025-03-03 23:45:00,59.0,3.57,13.42,3.355
3161,5,2025-03-03 23:45:00,83.8,6.43,13.12,3.28
3162,6,2025-03-03 23:45:00,48.7,5.78,12.52,3.13
3163,7,2025-03-03 23:45:00,60.2,1.39,15.37,3.842
3164,8,2025-03-03 23:45:00,48.6,6.1,12.47,3.118
3165,9,2025-03-03 23:45:00,88.6,4.88,20.33,5.082
3166,10,2025-03-03 23:45:00,52.7,1.48,16.76,4.19
3167,11,2025-03-03 23:45:00,83.3,1.17,22.58,5.645
3168,12,2025-03-03 23:45:00,77.8,1.6,26.45,6.612
3169,1,2025-03-04 00:00:00,72.5,1.19,7.23,1.808
3170,2,2025-03-04 00:00:00,68.8,4.79,9.55,2.388
3171,3,2025-03-04 00:00:00,82.4,1.98,11.87,2.967
3172,4,2025-03-04 00:00:00,48.6,3.09,12.49,3.123
3173,5,2025-03-04 00:00:00,52.0,6.22,11.39,2.848
3174,6,2025-03-04 00:00:00,66.7,5.86,12.82,3.205
3175,7,2025-03-04 00:00:00,60.2,1.35,8.93,2.232
3176,8,2025-03-04 00:00:00,88.7,5.35,16.59,4.147
3177,9,2025-03-04 00:00:00,48.6,5.64,16.06,4.015
3178,10,2025-03-04 00:00:00,65.7,5.3,11.86,2.965
3179,11,2025-03-04 00:00:00,81.1,2.13,19.52,4.88
3180,12,2025-03-04 00:00:00,41.4,3.8,22.65,5.662
3181,1,2025-03-04 00:15:00,48.2,1.16,8.29,2.072
3182,2,2025-03-04 00:15:00,74.1,2.52,9.0,2.25
3183,3,2025-03-04 00:15:00,46.1,5.84,10.42,2.605
3184,4,2025-03-04 00:15:00,84.0,6.2,13.53,3.382
3185,5,2025-03-04 00:15:00,91.2,6.11,7.93,1.982
3186,6,2025-03-04 00:15:00,91.6,3.38,13.11,3.277
3187,7,2025-03-04 00:15:00,54.9,5.49,16.9,4.225
3188,8,2025-03-04 00:15:00,74.0,3.15,16.07,4.018
3189,9,2025-03-04 00:15:00,56.4,0.54,21.32,5.33
3190,10,2025-03-04 00:15:00,86.5,2.15,20.63,5.157
3191,11,2025-03-04 00:15:00,85.0,6.27,16.76,4.19
3192,12,2025-03-04 00:15:00,83.4,2.4,20.84,5.21
3193,1,2025-03-04 00:30:00,85.4,1.21,6.79,1.698
3194,2,2025-03-04 00:30:00,65.2,2.99,9.11,2.277
3195,3,2025-03-04 00:30:00,54.6,6.15,7.6,1.9
3196,4,2025-03-04 00:30:00,78.6,2.99,14.04,3.51
3197,5,2025-03-04 00:30:00,87.7,0.58,14.5,3.625
3198,6,2025-03-04 00:30:00,86.5,3.59,16.45,4.112
3199,7,2025-03-04 00:30:00,52.3,5.27,14.14,3.535
3200,8,2025-03-04 00:30:00,42.1,4.71,14.4,3.6
3201,9,2025-03-04 00:30:00,86.0,4.76,18.38,4.595
3202,10,2025-03-04 00:30:00,59.4,1.27,10.64,2.66
3203,11,2025-03-04 00:30:00,82.0,2.69,20.4,5.1
3204,12,2025-03-04 00:30:00,80.8,3.42,26.09,6.522
3205,1,2025-03-04 00:45:00,64.5,0.45,6.6,1.65
3206,2,2025-03-04 00:45:00,83.5,3.73,8.55,2.138
3207,3,2025-03-04 00:45:00,74.5,4.2,11.12,2.78
3208,4,2025-03-04 00:45:00,49.4,2.19,13.42,3.355
3209,5,2025-03-04 00:45:00,56.9,1.94,10.46,2.615
3210,6,2025-03-04 00:45:00,44.9,5.88,6.96,1.74
3211,7,2025-03-04 00:45:00,88.9,4.11,7.15,1.788
3212,8,2025-03-04 00:45:00,65.0,5.28,18.82,4.705
3213,9,2025-03-04 00:45:00,85.7,1.41,16.75,4.188
3214,10,2025-03-04 00:45:00,62.1,3.96,17.99,4.497
3215,11,2025-03-04 00:45:00,42.3,6.31,24.17,6.043
3216,12,2025-03-04 00:45:00,72.3,4.07,14.59,3.647
3217,1,2025-03-04 01:00:00,65.3,3.05,5.27,1.317
3218,2,2025-03-04 01:00:00,84.5,2.0,7.5,1.875
3219,3,2025-03-04 01:00:00,76.9,5.35,10.4,2.6
3220,4,2025-03-04 01:00:00,83.9,4.67,11.25,2.812
3221,5,2025-03-04 01:00:00,46.4,1.27,10.19,2.547
3222,6,2025-03-04 01:00:00,86.7,3.32,7.34,1.835
3223,7,2025-03-04 01:00:00,62.9,2.75,16.03,4.008
3224,8,2025-03-04 01:00:00,38.3,0.56,15.27,3.817
3225,9,2025-03-04 01:00:00,57.0,2.63,14.27,3.567
3226,10,2025-03-04 01:00:00,54.0,4.63,11.32,2.83
3227,11,2025-03-04 01:00:00,79.4,5.72,24.63,6.157
3228,12,2025-03-04 01:00:00,71.4,0.84,24.64,6.16
3229,1,2025-03-04 01:15:00,65.2,2.82,6.0,1.5
3230,2,2025-03-04 01:15:00,86.6,1.92,7.13,1.782
3231,3,2025-03-04 01:15:00,60.7,6.37,6.75,1.688
3232,4,2025-03-04 01:15:00,52.6,5.33,10.03,2.507
3233,5,2025-03-04 01:15:00,51.1,3.56,12.24,3.06
3234,6,2025-03-04 01:15:00,78.2,3.21,11.25,2.812
3235,7,2025-03-04 01:15:00,81.7,3.87,15.92,3.98
3236,8,2025-03-04 01:15:00,40.6,1.24,15.16,3.79
3237,9,2025-03-04 01:15:00,38.1,5.62,15.46,3.865
3238,10,2025-03-04 01:15:00,62.2,6.32,20.35,5.088
3239,11,2025-03-04 01:15:00,71.4,0.7,18.96,4.74
3240,12,2025-03-04 01:15:00,44.7,4.86,19.73,4.933
3241,1,2025-03-04 01:30:00,84.8,3.14,7.03,1.758
3242,2,2025-03-04 01:30:00,43.9,5.81,10.21,2.553
3243,3,2025-03-04 01:30:00,63.1,3.44,4.78,1.195
3244,4,2025-03-04 01:30:00,62.4,2.47,11.14,2.785
3245,5,2025-03-04 01:30:00,66.4,6.37,13.3,3.325
3246,6,2025-03-04 01:30:00,69.7,4.13,9.37,2.342
3247,7,2025-03-04 01:30:00,46.8,2.47,8.04,2.01
3248,8,2025-03-04 01:30:00,74.2,5.52,11.51,2.877
3249,9,2025-03-04 01:30:00,48.8,4.95,17.86,4.465
3250,10,2025-03-04 01:30:00,83.3,3.57,19.72,4.93
3251,11,2025-03-04 01:30:00,45.1,0.82,24.64,6.16
3252,12,2025-03-04 01:30:00,79.7,6.02,21.71,5.428
3253,1,2025-03-04 01:45:00,69.3,0.9,4.97,1.242
3254,2,2025-03-04 01:45:00,45.6,2.64,7.07,1.768
3255,3,2025-03-04 01:45:00,57.2,5.5,8.45,2.112
3256,4,2025-03-04 01:45:00,38.6,1.88,8.6,2.15
3257,5,2025-03-04 01:45:00,85.4,3.48,7.35,1.837
3258,6,2025-03-04 01:45:00,69.9,4.14,7.93,1.982
3259,7,2025-03-04 01:45:00,39.6,1.24,12.56,3.14
3260,8,2025-03-04 01:45:00,83.5,2.35,15.17,3.792
3261,9,2025-03-04 01:45:00,68.0,0.54,10.49,2.623
3262,10,2025-03-04 01:45:00,49.9,6.02,15.57,3.893
3263,11,2025-03-04 01:45:00,81.1,3.97,22.28,5.57
3264,12,2025-03-04 01:45:00,88.2,2.03,26.03,6.508
3265,1,2025-03-04 02:00:00,73.2,0.81,8.09,2.022
3266,2,2025-03-04 02:00:00,74.3,0.73,5.68,1.42
3267,3,2025-03-04 02:00:00,40.6,0.85,10.1,2.525
3268,4,2025-03-04 02:00:00,59.5,1.46,5.79,1.448
3269,5,2025-03-04 02:00:00,73.4,0.47,9.88,2.47
3270,6,2025-03-04 02:00:00,89.5,6.43,13.78,3.445
3271,7,2025-03-04 02:00:00,46.7,1.91,10.24,2.56
3272,8,2025-03-04 02:00:00,84.6,3.62,7.66,1.915
3273,9,2025-03-04 02:00:00,63.2,2.8,14.96,3.74
3274,10,2025-03-04 02:00:00,53.4,2.48,10.39,2.598
3275,11,2025-03-04 02:00:00,70.5,6.17,19.5,4.875
3276,12,2025-03-04 02:00:00,72.1,4.69,12.38,3.095
3277,1,2025-03-04 02:15:00,64.6,4.34,4.33,1.083
3278,2,2025-03-04 02:15:00,69.4,4.64,10.62,2.655
3279,3,2025-03-04 02:15:00,83.0,6.29,10.6,2.65
3280,4,2025-03-04 02:15:00,80.3,2.18,11.81,2.953
3281,5,2025-03-04 02:15:00,46.5,1.67,7.94,1.985
3282,6,2025-03-04 02:15:00,85.6,4.56,10.06,2.515
3283,7,2025-03-04 02:15:00,64.8,0.55,16.53,4.133
3284,8,2025-03-04 02:15:00,88.7,3.89,17.97,4.492
3285,9,2025-03-04 02:15:00,89.2,1.69,15.47,3.868
3286,10,2025-03-04 02:15:00,59.7,4.24,20.16,5.04
3287,11,2025-03-04 02:15:00,69.5,5.1,10.04,2.51
3288,12,2025-03-04 02:15:00,82.1,6.19,14.83,3.708
3289,1,2025-03-04 02:30:00,66.0,2.19,8.09,2.022
3290,2,2025-03-04 02:30:00,48.8,2.88,5.79,1.448
3291,3,2025-03-04 02:30:00,47.7,3.02,8.22,2.055
3292,4,2025-03-04 02:30:00,39.1,0.65,12.6,3.15
3293,5,2025-03-04 02:30:00,75.8,3.29,11.31,2.828
3294,6,2025-03-04 02:30:00,49.8,1.08,9.29,2.322
3295,7,2025-03-04 02:30:00,67.4,6.29,12.91,3.228
3296,8,2025-03-04 02:30:00,50.3,4.38,12.77,3.192
3297,9,2025-03-04 02:30:00,48.7,0.53,18.79,4.697
3298,10,2025-03-04 02:30:00,48.6,3.55,16.56,4.14
3299,11,2025-03-04 02:30:00,86.4,5.28,22.41,5.603
3300,12,2025-03-04 02:30:00,43.3,4.56,25.27,6.317
3301,1,2025-03-04 02:45:00,55.7,3.21,6.75,1.688
3302,2,2025-03-04 02:45:00,59.3,1.21,8.54,2.135
3303,3,2025-03-04 02:45:00,78.0,2.44,5.09,1.272
3304,4,2025-03-04 02:45:00,46.8,4.03,7.74,1.935
3305,5,2025-03-04 02:45:00,84.6,0.59,14.19,3.547
3306,6,2025-03-04 02:45:00,50.9,1.99,14.55,3.638
3307,7,2025-03-04 02:45:00,78.0,3.8,12.55,3.138
3308,8,2025-03-04 02:45:00,77.5,2.61,8.35,2.087
3309,9,2025-03-04 02:45:00,49.2,3.02,11.22,2.805
3310,10,2025-03-04 02:45:00,38.3,5.63,11.87,2.967
3311,11,2025-03-04 02:45:00,62.8,2.81,11.82,2.955
3312,12,2025-03-04 02:45:00,45.9,1.56,18.89,4.723
3313,1,2025-03-04 03:00:00,86.0,2.62,7.23,1.808
3314,2,2025-03-04 03:00:00,41.0,4.06,5.5,1.375
3315,3,2025-03-04 03:00:00,69.6,3.04,7.79,1.948
3316,4,2025-03-04 03:00:00,69.8,6.5,12.68,3.17
3317,5,2025-03-04 03:00:00,67.1,4.49,13.99,3.498
3318,6,2025-03-04 03:00:00,44.0,3.83,15.72,3.93
3319,7,2025-03-04 03:00:00,71.8,4.21,14.38,3.595
3320,8,2025-03-04 03:00:00,78.8,6.3,9.93,2.482
3321,9,2025-03-04 03:00:00,75.1,5.07,11.41,2.853
3322,10,2025-03-04 03:00:00,89.6,0.69,15.39,3.848
3323,11,2025-03-04 03:00:00,88.2,1.86,21.69,5.423
3324,12,2025-03-04 03:00:00,52.8,5.18,15.03,3.757
3325,1,2025-03-04 03:15:00,90.7,3.36,8.36,2.09
3326,2,2025-03-04 03:15:00,77.5,4.62,4.99,1.248
3327,3,2025-03-04 03:15:00,52.2,2.63,4.67,1.167
3328,4,2025-03-04 03:15:00,69.0,2.36,10.09,2.522
3329,5,2025-03-04 03:15:00,54.5,4.88,12.18,3.045
3330,6,2025-03-04 03:15:00,84.9,6.19,10.2,2.55
3331,7,2025-03-04 03:15:00,77.3,3.32,18.84,4.71
3332,8,2025-03-04 03:15:00,89.8,2.39,14.62,3.655
3333,9,2025-03-04 03:15:00,67.4,4.89,11.09,2.772
3334,10,2025-03-04 03:15:00,70.1,5.13,14.84,3.71
3335,11,2025-03-04 03:15:00,82.1,4.8,10.88,2.72
3336,12,2025-03-04 03:15:00,87.9,4.1,24.18,6.045
3337,1,2025-03-04 03:30:00,41.3,3.68,6.78,1.695
3338,2,2025-03-04 03:30:00,87.7,1.0,4.74,1.185
3339,3,2025-03-04 03:30:00,46.0,1.91,12.2,3.05
3340,4,2025-03-04 03:30:00,45.0,0.45,11.41,2.853
3341,5,2025-03-04 03:30:00,82.9,5.6,10.16,2.54
3342,6,2025-03-04 03:30:00,68.7,2.11,9.57,2.393
3343,7,2025-03-04 03:30:00,43.0,0.77,15.18,3.795
3344,8,2025-03-04 03:30:00,39.7,5.49,18.41,4.603
3345,9,2025-03-04 03:30:00,77.5,0.64,14.56,3.64
3346,10,2025-03-04 03:30:00,79.5,2.17,10.38,2.595
3347,11,2025-03-04 03:30:00,78.4,3.75,19.12,4.78
3348,12,2025-03-04 03:30:00,72.7,0.76,21.63,5.407
3349,1,2025-03-04 03:45:00,79.4,5.39,8.46,2.115
3350,2,2025-03-04 03:45:00,45.6,2.88,10.63,2.658
3351,3,2025-03-04 03:45:00,75.7,4.12,8.47,2.118
3352,4,2025-03-04 03:45:00,77.0,5.44,5.65,1.413
3353,5,2025-03-04 03:45:00,44.0,3.62,8.83,2.208
3354,6,2025-03-04 03:45:00,70.9,2.64,11.11,2.777
3355,7,2025-03-04 03:45:00,71.6,5.41,8.24,2.06
3356,8,2025-03-04 03:45:00,53.1,5.05,10.97,2.743
3357,9,2025-03-04 03:45:00,80.2,5.93,14.13,3.533
3358,10,2025-03-04 03:45:00,78.3,4.14,9.18,2.295
3359,11,2025-03-04 03:45:00,45.0,6.05,23.58,5.895
3360,12,2025-03-04 03:45:00,62.6,5.77,24.11,6.027
3361,1,2025-03-04 04:00:00,71.0,0.75,5.17,1.292
3362,2,2025-03-04 04:00:00,61.0,1.82,4.28,1.07
3363,3,2025-03-04 04:00:00,70.1,3.1,8.65,2.163
3364,4,2025-03-04 04:00:00,77.4,2.97,12.68,3.17
3365,5,2025-03-04 04:00:00,75.0,0.96,8.87,2.217
3366,6,2025-03-04 04:00:00,84.2,1.7,12.44,3.11
3367,7,2025-03-04 04:00:00,74.1,4.46,14.04,3.51
3368,8,2025-03-04 04:00:00,85.6,2.61,19.49,4.872
3369,9,2025-03-04 04:00:00,40.5,2.81,15.46,3.865
3370,10,2025-03-04 04:00:00,84.5,1.56,16.8,4.2
3371,11,2025-03-04 04:00:00,44.6,0.87,20.83,5.207
3372,12,2025-03-04 04:00:00,48.9,3.03,20.25,5.062
3373,1,2025-03-04 04:15:00,87.7,4.56,8.16,2.04
3374,2,2025-03-04 04:15:00,51.0,0.81,4.1,1.025
3375,3,2025-03-04 04:15:00,75.2,3.91,6.87,1.718
3376,4,2025-03-04 04:15:00,42.0,4.35,11.2,2.8
3377,5,2025-03-04 04:15:00,78.2,3.94,13.17,3.292
3378,6,2025-03-04 04:15:00,71.5,1.68,6.52,1.63
3379,7,2025-03-04 04:15:00,43.5,2.92,11.94,2.985
3380,8,2025-03-04 04:15:00,58.4,4.44,10.09,2.522
3381,9,2025-03-04 04:15:00,42.9,2.69,16.94,4.235
3382,10,2025-03-04 04:15:00,57.6,0.72,20.54,5.135
3383,11,2025-03-04 04:15:00,47.7,2.59,24.61,6.152
3384,12,2025-03-04 04:15:00,44.7,1.87,23.42,5.855
3385,1,2025-03-04 04:30:00,39.2,3.25,8.6,2.15
3386,2,2025-03-04 04:30:00,60.8,3.17,7.45,1.863
3387,3,2025-03-04 04:30:00,80.2,4.95,8.52,2.13
3388,4,2025-03-04 04:30:00,52.5,2.19,7.61,1.903
3389,5,2025-03-04 04:30:00,74.4,4.32,15.07,3.768
3390,6,2025-03-04 04:30:00,73.8,2.35,6.96,1.74
3391,7,2025-03-04 04:30:00,76.2,4.43,9.81,2.453
3392,8,2025-03-04 04:30:00,65.8,3.78,8.64,2.16
3393,9,2025-03-04 04:30:00,72.6,4.76,16.56,4.14
3394,10,2025-03-04 04:30:00,66.6,3.72,22.48,5.62
3395,11,2025-03-04 04:30:00,80.5,4.65,18.66,4.665
3396,12,2025-03-04 04:30:00,48.1,2.93,10.61,2.652
3397,1,2025-03-04 04:45:00,61.7,1.4,3.75,0.938
3398,2,2025-03-04 04:45:00,63.4,0.66,6.74,1.685
3399,3,2025-03-04 04:45:00,46.6,5.97,10.25,2.562
3400,4,2025-03-04 04:45:00,56.9,4.56,11.53,2.882
3401,5,2025-03-04 04:45:00,61.7,1.55,15.1,3.775
3402,6,2025-03-04 04:45:00,82.7,0.81,12.73,3.183
3403,7,2025-03-04 04:45:00,84.7,5.03,7.75,1.938
3404,8,2025-03-04 04:45:00,81.2,2.29,11.35,2.837
3405,9,2025-03-04 04:45:00,42.9,5.49,8.93,2.232
3406,10,2025-03-04 04:45:00,69.4,1.15,18.74,4.685
3407,11,2025-03-04 04:45:00,47.1,3.35,15.69,3.922
3408,12,2025-03-04 04:45:00,88.9,4.44,14.96,3.74
3409,1,2025-03-04 05:00:00,66.8,1.6,6.76,1.69
3410,2,2025-03-04 05:00:00,49.8,6.13,8.61,2.152
3411,3,2025-03-04 05:00:00,50.3,2.51,11.16,2.79
3412,4,2025-03-04 05:00:00,84.0,3.21,8.04,2.01
3413,5,2025-03-04 05:00:00,88.6,5.91,9.39,2.348
3414,6,2025-03-04 05:00:00,64.8,4.9,13.78,3.445
3415,7,2025-03-04 05:00:00,69.8,2.1,11.65,2.913
3416,8,2025-03-04 05:00:00,59.4,5.83,19.85,4.963
3417,9,2025-03-04 05:00:00,84.3,1.0,20.75,5.188
3418,10,2025-03-04 05:00:00,46.5,1.94,12.39,3.098
3419,11,2025-03-04 05:00:00,76.5,0.42,22.26,5.565
3420,12,2025-03-04 05:00:00,71.5,1.45,22.88,5.72
3421,1,2025-03-04 05:15:00,89.5,2.88,9.03,2.257
3422,2,2025-03-04 05:15:00,79.0,5.72,9.7,2.425
3423,3,2025-03-04 05:15:00,43.3,4.57,12.17,3.042
3424,4,2025-03-04 05:15:00,43.9,5.83,9.53,2.382
3425,5,2025-03-04 05:15:00,65.9,1.65,10.16,2.54
3426,6,2025-03-04 05:15:00,38.6,5.06,13.06,3.265
3427,7,2025-03-04 05:15:00,85.2,1.58,8.24,2.06
3428,8,2025-03-04 05:15:00,53.2,1.94,10.55,2.638
3429,9,2025-03-04 05:15:00,38.3,6.5,8.24,2.06
3430,10,2025-03-04 05:15:00,58.8,6.13,19.76,4.94
3431,11,2025-03-04 05:15:00,46.4,6.15,15.48,3.87
3432,12,2025-03-04 05:15:00,66.3,5.14,22.22,5.555
3433,1,2025-03-04 05:30:00,66.4,3.66,7.1,1.775
3434,2,2025-03-04 05:30:00,71.0,4.49,6.15,1.538
3435,3,2025-03-04 05:30:00,54.9,4.86,9.35,2.337
3436,4,2025-03-04 05:30:00,81.9,5.58,7.63,1.907
3437,5,2025-03-04 05:30:00,76.3,0.82,7.7,1.925
3438,6,2025-03-04 05:30:00,77.3,2.14,9.77,2.442
3439,7,2025-03-04 05:30:00,64.6,6.0,15.44,3.86
3440,8,2025-03-04 05:30:00,47.3,6.09,9.34,2.335
3441,9,2025-03-04 05:30:00,56.0,4.03,20.56,5.14
3442,10,2025-03-04 05:30:00,40.5,5.33,11.73,2.933
3443,11,2025-03-04 05:30:00,87.5,4.95,12.77,3.192
3444,12,2025-03-04 05:30:00,91.8,2.06,11.68,2.92
3445,1,2025-03-04 05:45:00,65.3,4.02,6.48,1.62
3446,2,2025-03-04 05:45:00,77.8,0.54,8.05,2.013
3447,3,2025-03-04 05:45:00,67.6,1.38,6.9,1.725
3448,4,2025-03-04 05:45:00,76.4,2.71,13.28,3.32
3449,5,2025-03-04 05:45:00,91.4,5.68,15.19,3.797
3450,6,2025-03-04 05:45:00,55.4,0.77,6.71,1.677
3451,7,2025-03-04 05:45:00,46.1,5.4,11.89,2.973
3452,8,2025-03-04 05:45:00,82.0,2.74,9.26,2.315
3453,9,2025-03-04 05:45:00,38.2,3.22,11.57,2.893
3454,10,2025-03-04 05:45:00,55.5,3.5,11.95,2.987
3455,11,2025-03-04 05:45:00,74.9,2.0,15.08,3.77
3456,12,2025-03-04 05:45:00,41.1,5.98,14.26,3.565
3457,1,2025-03-04 06:00:00,75.9,2.37,3.43,0.858
3458,2,2025-03-04 06:00:00,79.2,4.6,4.0,1.0
3459,3,2025-03-04 06:00:00,45.9,1.15,7.46,1.865
3460,4,2025-03-04 06:00:00,85.1,1.68,10.88,2.72
3461,5,2025-03-04 06:00:00,51.0,2.45,12.33,3.083
3462,6,2025-03-04 06:00:00,72.8,2.81,14.66,3.665
3463,7,2025-03-04 06:00:00,68.7,3.17,15.24,3.81
3464,8,2025-03-04 06:00:00,62.1,6.03,7.72,1.93
3465,9,2025-03-04 06:00:00,52.0,4.3,9.66,2.415
3466,10,2025-03-04 06:00:00,70.7,5.29,9.74,2.435
3467,11,2025-03-04 06:00:00,78.1,3.9,19.43,4.857
3468,12,2025-03-04 06:00:00,88.0,0.43,15.88,3.97
3469,1,2025-03-04 06:15:00,76.6,5.39,6.67,1.667
3470,2,2025-03-04 06:15:00,91.1,3.15,8.16,2.04
3471,3,2025-03-04 06:15:00,63.1,2.19,11.02,2.755
3472,4,2025-03-04 06:15:00,91.6,1.7,6.56,1.64
3473,5,2025-03-04 06:15:00,74.5,0.41,5.91,1.478
3474,6,2025-03-04 06:15:00,42.3,2.37,14.24,3.56
3475,7,2025-03-04 06:15:00,55.9,6.24,15.9,3.975
3476,8,2025-03-04 06:15:00,55.8,2.71,9.17,2.292
3477,9,2025-03-04 06:15:00,85.9,5.47,18.97,4.742
3478,10,2025-03-04 06:15:00,53.5,3.09,17.95,4.487
3479,11,2025-03-04 06:15:00,39.2,5.63,19.58,4.895
3480,12,2025-03-04 06:15:00,77.1,6.26,18.52,4.63
3481,1,2025-03-04 06:30:00,47.3,1.77,4.35,1.087
3482,2,2025-03-04 06:30:00,89.2,1.69,4.75,1.188
3483,3,2025-03-04 06:30:00,52.3,4.89,9.32,2.33
3484,4,2025-03-04 06:30:00,62.5,1.65,5.49,1.373
3485,5,2025-03-04 06:30:00,72.0,3.32,12.81,3.203
3486,6,2025-03-04 06:30:00,39.5,0.8,8.13,2.033
3487,7,2025-03-04 06:30:00,44.6,1.07,16.38,4.095
3488,8,2025-03-04 06:30:00,72.8,2.28,13.4,3.35
3489,9,2025-03-04 06:30:00,45.1,0.85,8.91,2.228
3490,10,2025-03-04 06:30:00,81.1,5.27,16.95,4.237
3491,11,2025-03-04 06:30:00,57.1,2.0,24.47,6.117
3492,12,2025-03-04 06:30:00,85.3,1.58,23.68,5.92
3493,1,2025-03-04 06:45:00,63.9,1.08,5.64,1.41
3494,2,2025-03-04 06:45:00,62.3,1.73,8.65,2.163
3495,3,2025-03-04 06:45:00,72.0,3.65,10.76,2.69
3496,4,2025-03-04 06:45:00,54.1,0.92,12.55,3.138
3497,5,2025-03-04 06:45:00,39.5,4.45,10.76,2.69
3498,6,2025-03-04 06:45:00,78.1,6.25,12.63,3.158
3499,7,2025-03-04 06:45:00,69.4,4.6,18.39,4.598
3500,8,2025-03-04 06:45:00,91.6,0.85,16.73,4.183
