zeit_id,prj_nr,ma_nr,tag,std,stdsatz,betrag,fakt_kz
1,1,56,2025-06-15,8.0,77.0,616.0,true
2,1,56,2025-05-17,4.0,77.0,308.0,true
3,1,56,2025-06-19,1.0,77.0,77.0,true
4,1,68,2025-07-13,2.5,89.0,222.5,true
5,1,68,2025-01-20,2.5,89.0,222.5,true
6,1,68,2025-05-29,1.0,89.0,89.0,true
7,1,56,2025-07-10,2.5,77.0,192.5,false
8,1,68,2025-06-05,2.5,89.0,222.5,true
9,1,68,2025-06-14,8.0,89.0,712.0,false
10,1,56,2025-06-07,4.0,77.0,308.0,false
11,1,68,2025-06-03,1.0,89.0,89.0,true
12,1,56,2025-02-19,1.0,77.0,77.0,true
13,1,68,2025-02-09,8.0,89.0,712.0,true
14,1,56,2025-01-19,2.5,77.0,192.5,true
15,1,68,2025-02-27,1.0,89.0,89.0,true
16,1,68,2025-05-08,8.0,89.0,712.0,false
17,1,56,2025-04-27,4.0,77.0,308.0,true
18,1,68,2025-03-20,4.0,89.0,356.0,true
19,1,56,2025-06-04,1.0,77.0,77.0,false
20,1,56,2025-04-07,1.0,77.0,77.0,false
21,1,68,2025-06-16,1.0,89.0,89.0,true
22,1,68,2025-03-31,4.0,89.0,356.0,true
23,2,64,2025-06-24,4.0,173.0,692.0,true
24,2,54,2025-06-22,2.5,185.0,462.5,true
25,2,64,2025-02-26,4.0,173.0,692.0,true
26,2,64,2025-02-27,4.0,173.0,692.0,true
27,2,54,2025-02-28,4.0,185.0,740.0,true
28,2,55,2025-06-14,1.0,65.0,65.0,true
29,2,54,2025-05-08,2.5,185.0,462.5,true
30,2,74,2025-07-04,4.0,161.0,644.0,true
31,2,64,2025-05-24,4.0,173.0,692.0,true
32,2,54,2025-06-04,2.5,185.0,462.5,false
33,2,64,2025-02-11,4.0,173.0,692.0,true
34,2,54,2025-01-30,1.0,185.0,185.0,false
35,3,4,2025-07-05,8.0,113.0,904.0,false
36,3,4,2025-06-18,4.0,113.0,452.0,true
37,3,65,2025-07-04,4.0,185.0,740.0,true
38,3,65,2025-02-06,1.0,185.0,185.0,false
39,3,4,2025-04-09,8.0,113.0,904.0,true
40,3,4,2025-06-17,4.0,113.0,452.0,true
41,3,55,2025-02-23,2.5,65.0,162.5,true
42,3,72,2025-03-23,8.0,137.0,1096.0,true
43,3,65,2025-07-04,8.0,185.0,1480.0,true
44,3,4,2025-02-09,2.5,113.0,282.5,true
45,3,72,2025-06-27,2.5,137.0,342.5,true
46,3,72,2025-01-30,2.5,137.0,342.5,true
47,3,72,2025-06-21,8.0,137.0,1096.0,true
48,3,72,2025-07-21,1.0,137.0,137.0,true
49,3,72,2025-07-16,4.0,137.0,548.0,false
50,3,4,2025-01-21,8.0,113.0,904.0,true
51,3,4,2025-02-21,2.5,113.0,282.5,true
52,3,4,2025-04-25,8.0,113.0,904.0,true
53,3,72,2025-05-21,4.0,137.0,548.0,true
54,3,55,2025-02-25,4.0,65.0,260.0,true
55,3,4,2025-04-25,8.0,113.0,904.0,false
56,3,65,2025-01-29,2.5,185.0,462.5,true
57,3,72,2025-06-04,2.5,137.0,342.5,true
58,3,4,2025-02-10,8.0,113.0,904.0,true
59,4,70,2025-05-28,4.0,113.0,452.0,true
60,4,62,2025-03-02,8.0,149.0,1192.0,true
61,4,70,2025-06-06,2.5,113.0,282.5,true
62,4,62,2025-05-24,4.0,149.0,596.0,true
63,4,70,2025-04-02,8.0,113.0,904.0,false
64,4,69,2025-07-07,2.5,101.0,252.5,false
65,4,69,2025-03-28,1.0,101.0,101.0,true
66,4,70,2025-02-09,2.5,113.0,282.5,false
67,4,70,2025-02-05,4.0,113.0,452.0,true
68,4,67,2025-06-21,8.0,77.0,616.0,false
69,4,70,2025-02-04,2.5,113.0,282.5,true
70,4,67,2025-05-04,8.0,77.0,616.0,true
71,4,62,2025-02-04,8.0,149.0,1192.0,true
72,4,62,2025-06-29,1.0,149.0,149.0,true
73,4,67,2025-02-12,1.0,77.0,77.0,true
74,4,67,2025-01-21,1.0,77.0,77.0,true
75,4,62,2025-03-05,8.0,149.0,1192.0,true
76,4,62,2025-03-02,2.5,149.0,372.5,true
77,4,67,2025-04-10,1.0,77.0,77.0,true
78,4,69,2025-05-12,8.0,101.0,808.0,true
79,4,69,2025-03-20,1.0,101.0,101.0,true
80,5,65,2025-06-23,1.0,185.0,185.0,true
81,5,65,2025-07-13,4.0,185.0,740.0,true
82,5,65,2025-04-02,4.0,185.0,740.0,true
83,5,65,2025-07-12,8.0,185.0,1480.0,false
84,5,65,2025-01-20,8.0,185.0,1480.0,true
85,5,9,2025-07-07,4.0,173.0,692.0,true
86,5,9,2025-01-12,8.0,173.0,1384.0,false
87,5,65,2025-04-28,4.0,185.0,740.0,false
88,5,9,2025-06-18,1.0,173.0,173.0,true
89,5,65,2025-07-17,4.0,185.0,740.0,true
90,5,9,2025-02-02,1.0,173.0,173.0,true
91,5,9,2025-06-14,4.0,173.0,692.0,true
92,5,65,2025-03-03,1.0,185.0,185.0,false
93,5,9,2025-01-26,2.5,173.0,432.5,true
94,6,49,2025-04-18,1.0,125.0,125.0,true
95,6,49,2025-07-13,4.0,125.0,500.0,true
96,6,24,2025-05-16,8.0,89.0,712.0,true
97,6,24,2025-02-08,4.0,89.0,356.0,true
98,6,24,2025-04-16,4.0,89.0,356.0,true
99,6,66,2025-06-03,8.0,65.0,520.0,false
100,6,24,2025-07-15,8.0,89.0,712.0,false
101,6,22,2025-06-07,4.0,65.0,260.0,false
102,6,22,2025-05-22,8.0,65.0,520.0,true
103,6,66,2025-02-02,2.5,65.0,162.5,false
104,6,24,2025-03-11,4.0,89.0,356.0,true
105,6,66,2025-01-09,4.0,65.0,260.0,true
106,6,24,2025-06-15,8.0,89.0,712.0,true
107,6,66,2025-03-20,8.0,65.0,520.0,false
108,6,24,2025-02-26,8.0,89.0,712.0,false
109,6,22,2025-04-15,1.0,65.0,65.0,true
110,6,49,2025-02-20,8.0,125.0,1000.0,true
111,6,22,2025-05-28,2.5,65.0,162.5,true
112,6,22,2025-07-07,1.0,65.0,65.0,true
113,6,22,2025-04-27,8.0,65.0,520.0,true
114,6,49,2025-05-20,2.5,125.0,312.5,true
115,6,22,2025-02-13,8.0,65.0,520.0,true
116,6,49,2025-06-12,2.5,125.0,312.5,true
117,6,49,2025-07-01,4.0,125.0,500.0,true
118,6,24,2025-07-06,2.5,89.0,222.5,false
119,6,66,2025-06-01,4.0,65.0,260.0,true
120,7,50,2025-04-12,8.0,137.0,1096.0,false
121,7,50,2025-02-18,4.0,137.0,548.0,true
122,7,50,2025-03-27,4.0,137.0,548.0,true
123,7,8,2025-01-27,1.0,161.0,161.0,true
124,7,69,2025-04-16,8.0,101.0,808.0,true
125,7,8,2025-02-06,8.0,161.0,1288.0,true
126,7,69,2025-02-22,2.5,101.0,252.5,false
127,7,7,2025-03-24,1.0,149.0,149.0,true
128,7,50,2025-07-10,1.0,137.0,137.0,true
129,7,8,2025-07-10,8.0,161.0,1288.0,true
130,7,8,2025-05-26,2.5,161.0,402.5,true
131,7,7,2025-02-10,1.0,149.0,149.0,false
132,7,7,2025-06-22,1.0,149.0,149.0,true
133,7,50,2025-06-29,4.0,137.0,548.0,true
134,7,8,2025-05-12,1.0,161.0,161.0,false
135,7,7,2025-03-05,4.0,149.0,596.0,false
136,7,69,2025-06-24,4.0,101.0,404.0,true
137,7,7,2025-05-12,2.5,149.0,372.5,true
138,7,69,2025-01-21,2.5,101.0,252.5,false
139,7,69,2025-05-18,8.0,101.0,808.0,true
140,7,7,2025-03-06,4.0,149.0,596.0,true
141,7,50,2025-07-15,1.0,137.0,137.0,true
142,7,7,2025-03-03,8.0,149.0,1192.0,false
143,7,69,2025-07-22,2.5,101.0,252.5,true
144,7,69,2025-05-20,2.5,101.0,252.5,true
145,7,8,2025-03-26,8.0,161.0,1288.0,true
146,8,23,2025-04-01,4.0,77.0,308.0,true
147,8,23,2025-06-23,1.0,77.0,77.0,true
148,8,23,2025-05-03,8.0,77.0,616.0,false
149,8,37,2025-06-17,1.0,113.0,113.0,false
150,8,23,2025-04-10,4.0,77.0,308.0,true
151,8,23,2025-04-07,1.0,77.0,77.0,true
152,8,23,2025-02-17,4.0,77.0,308.0,true
153,8,23,2025-01-17,1.0,77.0,77.0,false
154,8,37,2025-04-29,8.0,113.0,904.0,true
155,8,37,2025-04-13,8.0,113.0,904.0,true
156,8,23,2025-04-22,2.5,77.0,192.5,true
157,8,23,2025-03-17,2.5,77.0,192.5,true
158,9,17,2025-05-08,8.0,137.0,1096.0,true
159,9,17,2025-02-07,1.0,137.0,137.0,true
160,9,17,2025-04-06,2.5,137.0,342.5,false
161,9,59,2025-06-27,2.5,113.0,282.5,false
162,9,59,2025-05-09,1.0,113.0,113.0,true
163,9,59,2025-03-08,2.5,113.0,282.5,true
164,9,17,2025-03-13,4.0,137.0,548.0,true
165,9,59,2025-03-24,4.0,113.0,452.0,true
166,9,59,2025-06-22,8.0,113.0,904.0,false
167,9,59,2025-04-08,8.0,113.0,904.0,false
168,9,59,2025-05-16,1.0,113.0,113.0,true
169,9,17,2025-02-06,4.0,137.0,548.0,true
170,9,59,2025-01-04,8.0,113.0,904.0,false
171,9,17,2025-04-16,4.0,137.0,548.0,true
172,9,17,2025-07-22,4.0,137.0,548.0,false
173,10,69,2025-02-07,1.0,101.0,101.0,false
174,10,52,2025-05-20,8.0,161.0,1288.0,true
175,10,12,2025-01-15,2.5,77.0,192.5,false
176,10,25,2025-04-10,1.0,101.0,101.0,true
177,10,25,2025-04-09,2.5,101.0,252.5,true
178,10,25,2025-07-08,2.5,101.0,252.5,true
179,10,69,2025-03-29,2.5,101.0,252.5,true
180,10,52,2025-03-14,2.5,161.0,402.5,true
181,10,12,2025-04-20,8.0,77.0,616.0,true
182,10,52,2025-06-20,8.0,161.0,1288.0,true
183,10,25,2025-06-18,1.0,101.0,101.0,true
184,10,52,2025-04-07,1.0,161.0,161.0,true
185,10,25,2025-05-15,4.0,101.0,404.0,false
186,10,52,2025-03-15,8.0,161.0,1288.0,true
187,10,25,2025-04-23,4.0,101.0,404.0,false
188,10,12,2025-06-11,4.0,77.0,308.0,true
189,10,69,2025-02-09,8.0,101.0,808.0,true
190,10,69,2025-01-20,4.0,101.0,404.0,true
191,10,12,2025-03-09,4.0,77.0,308.0,true
192,10,69,2025-05-13,1.0,101.0,101.0,true
193,10,25,2025-02-23,1.0,101.0,101.0,true
194,10,12,2025-02-04,2.5,77.0,192.5,true
195,11,40,2025-03-22,8.0,149.0,1192.0,true
196,11,25,2025-06-08,4.0,101.0,404.0,true
197,11,26,2025-02-11,4.0,113.0,452.0,true
198,11,40,2025-06-10,2.5,149.0,372.5,true
199,11,40,2025-06-03,8.0,149.0,1192.0,true
200,11,25,2025-06-20,1.0,101.0,101.0,true
201,11,26,2025-04-20,1.0,113.0,113.0,true
202,11,26,2025-03-01,1.0,113.0,113.0,true
203,11,60,2025-02-11,8.0,125.0,1000.0,false
204,11,60,2025-02-12,2.5,125.0,312.5,true
205,11,40,2025-02-14,8.0,149.0,1192.0,false
206,11,60,2025-04-03,1.0,125.0,125.0,true
207,11,25,2025-07-05,2.5,101.0,252.5,true
208,11,26,2025-01-03,2.5,113.0,282.5,true
209,12,27,2025-07-04,4.0,125.0,500.0,true
210,12,31,2025-04-21,2.5,173.0,432.5,false
211,12,31,2025-01-14,8.0,173.0,1384.0,true
212,12,59,2025-02-21,1.0,113.0,113.0,false
213,12,27,2025-01-15,8.0,125.0,1000.0,false
214,12,27,2025-04-25,2.5,125.0,312.5,false
215,12,27,2025-05-06,8.0,125.0,1000.0,true
216,12,27,2025-06-17,1.0,125.0,125.0,true
217,12,59,2025-07-13,8.0,113.0,904.0,true
218,12,27,2025-01-05,8.0,125.0,1000.0,true
219,12,31,2025-04-02,1.0,173.0,173.0,true
220,12,27,2025-03-09,4.0,125.0,500.0,false
221,12,52,2025-02-14,8.0,161.0,1288.0,false
222,12,27,2025-06-27,2.5,125.0,312.5,true
223,12,27,2025-04-17,2.5,125.0,312.5,true
224,12,27,2025-04-29,4.0,125.0,500.0,true
225,12,52,2025-04-23,8.0,161.0,1288.0,true
226,12,27,2025-06-19,4.0,125.0,500.0,true
227,12,52,2025-04-05,4.0,161.0,644.0,true
228,12,59,2025-06-09,1.0,113.0,113.0,false
229,12,27,2025-06-11,8.0,125.0,1000.0,true
230,12,31,2025-07-08,1.0,173.0,173.0,true
231,12,59,2025-02-06,4.0,113.0,452.0,false
232,12,59,2025-03-24,1.0,113.0,113.0,true
233,12,59,2025-02-14,2.5,113.0,282.5,true
234,12,27,2025-04-02,8.0,125.0,1000.0,true
235,12,31,2025-01-12,2.5,173.0,432.5,true
236,12,31,2025-02-14,2.5,173.0,432.5,true
237,13,68,2025-05-03,8.0,89.0,712.0,true
238,13,37,2025-02-11,2.5,113.0,282.5,true
239,13,68,2025-01-23,4.0,89.0,356.0,true
240,13,37,2025-04-27,2.5,113.0,282.5,true
241,13,68,2025-04-27,1.0,89.0,89.0,true
242,13,37,2025-06-01,1.0,113.0,113.0,true
243,13,68,2025-04-29,1.0,89.0,89.0,false
244,13,68,2025-05-22,4.0,89.0,356.0,true
245,13,68,2025-03-20,1.0,89.0,89.0,true
246,13,37,2025-03-13,8.0,113.0,904.0,true
247,13,68,2025-01-24,8.0,89.0,712.0,false
248,13,68,2025-04-07,1.0,89.0,89.0,true
249,13,68,2025-06-23,1.0,89.0,89.0,false
250,13,68,2025-05-02,1.0,89.0,89.0,false
251,13,37,2025-06-04,2.5,113.0,282.5,true
252,13,37,2025-03-20,4.0,113.0,452.0,true
253,13,37,2025-03-17,2.5,113.0,282.5,false
254,13,37,2025-01-18,4.0,113.0,452.0,true
255,13,37,2025-07-19,8.0,113.0,904.0,true
256,13,68,2025-04-08,1.0,89.0,89.0,true
257,13,68,2025-05-17,8.0,89.0,712.0,false
258,14,7,2025-07-10,2.5,149.0,372.5,false
259,14,69,2025-02-07,8.0,101.0,808.0,true
260,14,69,2025-02-12,4.0,101.0,404.0,true
261,14,69,2025-03-18,4.0,101.0,404.0,true
262,14,7,2025-06-25,1.0,149.0,149.0,true
263,14,52,2025-06-30,4.0,161.0,644.0,true
264,14,52,2025-04-22,8.0,161.0,1288.0,true
265,14,52,2025-06-06,2.5,161.0,402.5,true
266,14,7,2025-05-10,8.0,149.0,1192.0,true
267,14,7,2025-05-22,8.0,149.0,1192.0,true
268,14,52,2025-03-15,2.5,161.0,402.5,true
269,14,7,2025-03-11,4.0,149.0,596.0,true
270,14,69,2025-04-18,8.0,101.0,808.0,true
271,14,52,2025-02-16,2.5,161.0,402.5,true
272,14,52,2025-04-23,1.0,161.0,161.0,true
273,14,7,2025-03-06,1.0,149.0,149.0,false
274,14,7,2025-03-13,4.0,149.0,596.0,false
275,14,7,2025-01-30,4.0,149.0,596.0,true
276,14,7,2025-04-23,2.5,149.0,372.5,true
277,14,52,2025-02-16,4.0,161.0,644.0,false
278,14,52,2025-01-11,1.0,161.0,161.0,true
279,14,7,2025-04-23,8.0,149.0,1192.0,true
280,14,52,2025-02-28,8.0,161.0,1288.0,true
281,14,69,2025-02-19,8.0,101.0,808.0,false
282,14,69,2025-05-14,8.0,101.0,808.0,true
283,14,69,2025-03-23,4.0,101.0,404.0,true
284,14,69,2025-01-28,1.0,101.0,101.0,false
285,15,8,2025-06-05,2.5,161.0,402.5,true
286,15,73,2025-01-23,8.0,149.0,1192.0,false
287,15,80,2025-06-02,1.0,101.0,101.0,true
288,15,21,2025-04-01,2.5,185.0,462.5,false
289,15,73,2025-05-25,1.0,149.0,149.0,true
290,15,21,2025-03-10,1.0,185.0,185.0,true
291,15,21,2025-04-14,2.5,185.0,462.5,true
292,15,8,2025-01-24,4.0,161.0,644.0,true
293,15,8,2025-05-07,1.0,161.0,161.0,true
294,15,8,2025-02-03,8.0,161.0,1288.0,false
295,15,21,2025-07-19,2.5,185.0,462.5,true
296,15,21,2025-07-05,4.0,185.0,740.0,true
297,15,73,2025-01-27,1.0,149.0,149.0,true
298,15,80,2025-03-14,2.5,101.0,252.5,true
299,15,8,2025-07-01,8.0,161.0,1288.0,true
300,15,80,2025-04-06,8.0,101.0,808.0,true
301,15,80,2025-02-22,4.0,101.0,404.0,true
302,15,80,2025-06-16,4.0,101.0,404.0,true
303,15,80,2025-02-20,8.0,101.0,808.0,true
304,15,8,2025-06-20,1.0,161.0,161.0,true
305,16,7,2025-01-07,8.0,149.0,1192.0,true
306,16,7,2025-05-26,1.0,149.0,149.0,true
307,16,24,2025-05-05,8.0,89.0,712.0,true
308,16,24,2025-04-06,4.0,89.0,356.0,true
309,16,7,2025-04-26,8.0,149.0,1192.0,true
310,16,7,2025-03-05,2.5,149.0,372.5,false
311,16,7,2025-04-19,1.0,149.0,149.0,true
312,16,52,2025-05-22,1.0,161.0,161.0,true
313,16,24,2025-07-20,4.0,89.0,356.0,true
314,16,24,2025-03-12,1.0,89.0,89.0,true
315,16,52,2025-02-14,4.0,161.0,644.0,true
316,16,7,2025-05-19,1.0,149.0,149.0,true
317,16,52,2025-07-18,1.0,161.0,161.0,true
318,16,7,2025-01-11,1.0,149.0,149.0,true
319,16,52,2025-04-07,1.0,161.0,161.0,true
320,16,52,2025-05-19,4.0,161.0,644.0,true
321,16,7,2025-04-05,8.0,149.0,1192.0,false
322,16,52,2025-01-26,4.0,161.0,644.0,false
323,16,52,2025-03-05,1.0,161.0,161.0,true
324,16,7,2025-03-08,4.0,149.0,596.0,true
325,16,24,2025-03-30,2.5,89.0,222.5,false
326,16,24,2025-06-20,8.0,89.0,712.0,true
327,16,24,2025-01-23,8.0,89.0,712.0,true
328,16,7,2025-01-27,8.0,149.0,1192.0,true
329,16,24,2025-04-15,8.0,89.0,712.0,true
330,16,24,2025-04-10,8.0,89.0,712.0,true
331,16,24,2025-07-19,2.5,89.0,222.5,true
332,17,21,2025-03-26,4.0,185.0,740.0,true
333,17,12,2025-04-07,8.0,77.0,616.0,true
334,17,12,2025-06-20,8.0,77.0,616.0,false
335,17,21,2025-05-13,8.0,185.0,1480.0,true
336,17,12,2025-06-12,1.0,77.0,77.0,true
337,17,21,2025-02-08,2.5,185.0,462.5,true
338,17,12,2025-05-17,1.0,77.0,77.0,true
339,17,28,2025-03-27,2.5,137.0,342.5,true
340,17,21,2025-06-04,1.0,185.0,185.0,true
341,17,12,2025-03-24,8.0,77.0,616.0,false
342,17,28,2025-03-12,8.0,137.0,1096.0,true
343,17,28,2025-06-30,2.5,137.0,342.5,true
344,17,21,2025-01-18,4.0,185.0,740.0,true
345,17,12,2025-02-19,2.5,77.0,192.5,true
346,17,28,2025-05-14,4.0,137.0,548.0,true
347,17,12,2025-04-12,8.0,77.0,616.0,true
348,17,12,2025-06-09,1.0,77.0,77.0,true
349,17,12,2025-03-22,4.0,77.0,308.0,true
350,17,12,2025-02-18,8.0,77.0,616.0,true
351,17,21,2025-03-28,2.5,185.0,462.5,false
352,17,28,2025-06-19,4.0,137.0,548.0,true
353,17,12,2025-06-08,8.0,77.0,616.0,true
354,17,28,2025-01-26,1.0,137.0,137.0,true
355,17,21,2025-07-03,2.5,185.0,462.5,true
356,17,21,2025-03-20,2.5,185.0,462.5,true
357,17,28,2025-04-11,2.5,137.0,342.5,true
358,17,12,2025-04-01,4.0,77.0,308.0,false
359,17,28,2025-01-13,2.5,137.0,342.5,true
360,18,43,2025-06-21,2.5,185.0,462.5,true
361,18,55,2025-03-03,2.5,65.0,162.5,true
362,18,55,2025-04-06,4.0,65.0,260.0,true
363,18,55,2025-06-27,8.0,65.0,520.0,true
364,18,55,2025-02-24,1.0,65.0,65.0,false
365,18,55,2025-02-17,4.0,65.0,260.0,true
366,18,43,2025-01-16,8.0,185.0,1480.0,true
367,18,43,2025-03-31,1.0,185.0,185.0,true
368,18,55,2025-03-16,1.0,65.0,65.0,true
369,18,55,2025-02-28,4.0,65.0,260.0,false
370,18,55,2025-01-30,8.0,65.0,520.0,true
371,18,43,2025-06-22,1.0,185.0,185.0,true
372,18,55,2025-06-17,2.5,65.0,162.5,true
373,18,55,2025-02-24,4.0,65.0,260.0,true
374,18,43,2025-03-07,8.0,185.0,1480.0,true
375,18,55,2025-05-10,8.0,65.0,520.0,true
376,18,43,2025-01-04,4.0,185.0,740.0,true
377,18,55,2025-03-23,2.5,65.0,162.5,true
378,18,55,2025-03-19,8.0,65.0,520.0,true
379,18,55,2025-07-02,8.0,65.0,520.0,true
380,19,60,2025-02-22,1.0,125.0,125.0,false
381,19,60,2025-05-09,8.0,125.0,1000.0,true
382,19,60,2025-04-05,8.0,125.0,1000.0,true
383,19,23,2025-06-02,4.0,77.0,308.0,true
384,19,13,2025-01-29,4.0,89.0,356.0,true
385,19,23,2025-04-04,1.0,77.0,77.0,true
386,19,17,2025-02-20,4.0,137.0,548.0,false
387,19,60,2025-04-29,8.0,125.0,1000.0,true
388,19,60,2025-05-30,2.5,125.0,312.5,true
389,19,23,2025-02-21,4.0,77.0,308.0,true
390,19,60,2025-04-18,8.0,125.0,1000.0,true
391,19,13,2025-02-10,4.0,89.0,356.0,true
392,19,13,2025-05-25,2.5,89.0,222.5,true
393,19,23,2025-03-14,1.0,77.0,77.0,true
394,19,17,2025-04-23,8.0,137.0,1096.0,true
395,19,17,2025-04-12,4.0,137.0,548.0,true
396,20,19,2025-01-07,2.5,161.0,402.5,true
397,20,47,2025-07-17,2.5,101.0,252.5,true
398,20,47,2025-07-07,1.0,101.0,101.0,true
399,20,19,2025-05-04,8.0,161.0,1288.0,true
400,20,14,2025-03-15,4.0,101.0,404.0,true
401,20,47,2025-04-05,1.0,101.0,101.0,false
402,20,47,2025-04-15,2.5,101.0,252.5,true
403,20,47,2025-01-27,2.5,101.0,252.5,true
404,20,14,2025-02-17,4.0,101.0,404.0,true
405,20,19,2025-03-04,2.5,161.0,402.5,true
406,20,19,2025-03-28,2.5,161.0,402.5,true
407,20,47,2025-01-23,2.5,101.0,252.5,true
408,20,47,2025-06-13,4.0,101.0,404.0,false
409,21,71,2025-05-29,4.0,125.0,500.0,false
410,21,13,2025-05-20,8.0,89.0,712.0,false
411,21,32,2025-07-01,8.0,185.0,1480.0,true
412,21,13,2025-04-05,1.0,89.0,89.0,true
413,21,32,2025-06-08,4.0,185.0,740.0,false
414,21,8,2025-06-26,2.5,161.0,402.5,true
415,21,32,2025-05-08,1.0,185.0,185.0,false
416,21,13,2025-07-18,4.0,89.0,356.0,false
417,21,13,2025-06-28,2.5,89.0,222.5,false
418,21,8,2025-02-14,1.0,161.0,161.0,false
419,21,13,2025-04-10,1.0,89.0,89.0,false
420,21,13,2025-04-19,2.5,89.0,222.5,true
421,21,71,2025-06-24,1.0,125.0,125.0,false
422,21,71,2025-05-07,4.0,125.0,500.0,true
423,21,32,2025-06-27,2.5,185.0,462.5,true
424,21,13,2025-07-22,1.0,89.0,89.0,true
425,21,32,2025-04-23,2.5,185.0,462.5,true
426,21,8,2025-03-17,8.0,161.0,1288.0,false
427,22,74,2025-01-12,4.0,161.0,644.0,true
428,22,74,2025-04-16,8.0,161.0,1288.0,true
429,22,74,2025-02-07,8.0,161.0,1288.0,true
430,22,50,2025-01-06,4.0,137.0,548.0,true
431,22,50,2025-01-26,4.0,137.0,548.0,false
432,22,74,2025-05-06,1.0,161.0,161.0,true
433,22,53,2025-01-08,2.5,173.0,432.5,true
434,22,50,2025-06-24,1.0,137.0,137.0,true
435,22,53,2025-07-11,8.0,173.0,1384.0,true
436,22,53,2025-04-13,2.5,173.0,432.5,true
437,22,74,2025-06-09,1.0,161.0,161.0,false
438,22,50,2025-03-23,4.0,137.0,548.0,false
439,22,74,2025-06-29,1.0,161.0,161.0,true
440,22,53,2025-01-19,1.0,173.0,173.0,true
441,22,50,2025-06-09,1.0,137.0,137.0,true
442,22,53,2025-02-15,2.5,173.0,432.5,true
443,22,53,2025-02-10,2.5,173.0,432.5,true
444,22,74,2025-01-23,2.5,161.0,402.5,false
445,22,53,2025-05-07,4.0,173.0,692.0,true
446,22,50,2025-01-07,1.0,137.0,137.0,true
447,22,50,2025-05-12,4.0,137.0,548.0,true
448,22,74,2025-07-06,1.0,161.0,161.0,true
449,22,74,2025-02-22,1.0,161.0,161.0,true
450,22,53,2025-03-18,1.0,173.0,173.0,true
451,22,53,2025-06-08,1.0,173.0,173.0,true
452,22,74,2025-03-03,4.0,161.0,644.0,true
453,22,74,2025-07-16,2.5,161.0,402.5,true
454,23,17,2025-05-16,2.5,137.0,342.5,false
455,23,31,2025-04-27,4.0,173.0,692.0,false
456,23,17,2025-03-02,2.5,137.0,342.5,true
457,23,31,2025-02-21,1.0,173.0,173.0,true
458,23,17,2025-07-12,1.0,137.0,137.0,true
459,23,29,2025-05-05,2.5,149.0,372.5,true
460,23,29,2025-01-10,1.0,149.0,149.0,true
461,23,8,2025-01-31,4.0,161.0,644.0,false
462,23,8,2025-05-11,1.0,161.0,161.0,true
463,23,31,2025-06-10,1.0,173.0,173.0,true
464,23,31,2025-07-08,8.0,173.0,1384.0,false
465,23,17,2025-03-25,8.0,137.0,1096.0,false
466,23,8,2025-05-19,4.0,161.0,644.0,true
467,23,29,2025-02-02,1.0,149.0,149.0,true
468,23,17,2025-02-13,4.0,137.0,548.0,true
469,23,8,2025-04-30,4.0,161.0,644.0,true
470,23,17,2025-05-06,4.0,137.0,548.0,true
471,23,17,2025-02-01,4.0,137.0,548.0,true
472,23,29,2025-06-13,2.5,149.0,372.5,true
473,23,8,2025-04-28,4.0,161.0,644.0,true
474,23,17,2025-01-12,1.0,137.0,137.0,true
475,23,31,2025-03-03,1.0,173.0,173.0,true
476,23,29,2025-03-07,8.0,149.0,1192.0,true
477,24,54,2025-07-18,2.5,185.0,462.5,true
478,24,54,2025-04-13,8.0,185.0,1480.0,true
479,24,54,2025-02-14,4.0,185.0,740.0,true
480,24,54,2025-05-28,4.0,185.0,740.0,true
481,24,48,2025-05-19,8.0,113.0,904.0,true
482,24,40,2025-04-16,1.0,149.0,149.0,true
483,24,54,2025-07-15,2.5,185.0,462.5,true
484,24,6,2025-01-10,4.0,137.0,548.0,true
485,24,40,2025-03-29,1.0,149.0,149.0,true
486,24,40,2025-05-16,1.0,149.0,149.0,true
487,24,48,2025-02-20,4.0,113.0,452.0,true
488,24,40,2025-05-18,1.0,149.0,149.0,true
489,24,54,2025-06-08,2.5,185.0,462.5,false
490,24,6,2025-02-15,4.0,137.0,548.0,true
491,24,48,2025-04-29,8.0,113.0,904.0,true
492,24,6,2025-05-26,1.0,137.0,137.0,true
493,24,54,2025-05-12,8.0,185.0,1480.0,true
494,24,6,2025-05-14,1.0,137.0,137.0,true
495,24,6,2025-03-29,4.0,137.0,548.0,true
496,24,40,2025-01-23,1.0,149.0,149.0,true
497,24,48,2025-02-07,8.0,113.0,904.0,true
498,24,40,2025-06-10,2.5,149.0,372.5,false
499,24,48,2025-05-09,1.0,113.0,113.0,true
500,24,54,2025-02-22,2.5,185.0,462.5,true
501,24,54,2025-05-18,2.5,185.0,462.5,true
502,24,40,2025-05-07,8.0,149.0,1192.0,true
503,24,6,2025-05-10,4.0,137.0,548.0,false
504,24,48,2025-05-08,8.0,113.0,904.0,true
505,25,55,2025-02-06,1.0,65.0,65.0,true
506,25,70,2025-02-02,2.5,113.0,282.5,true
507,25,70,2025-03-08,8.0,113.0,904.0,true
508,25,55,2025-05-04,8.0,65.0,520.0,false
509,25,70,2025-06-15,2.5,113.0,282.5,false
510,25,70,2025-04-18,1.0,113.0,113.0,true
511,25,55,2025-07-07,4.0,65.0,260.0,true
512,25,70,2025-01-08,1.0,113.0,113.0,true
513,25,55,2025-07-17,2.5,65.0,162.5,false
514,25,55,2025-04-14,8.0,65.0,520.0,true
515,25,70,2025-05-10,8.0,113.0,904.0,true
516,25,66,2025-01-25,1.0,65.0,65.0,true
517,25,66,2025-05-21,1.0,65.0,65.0,true
518,25,70,2025-04-07,8.0,113.0,904.0,true
519,25,70,2025-01-05,4.0,113.0,452.0,true
520,25,70,2025-01-06,8.0,113.0,904.0,true
521,25,66,2025-03-29,4.0,65.0,260.0,true
522,25,55,2025-06-23,8.0,65.0,520.0,false
523,25,55,2025-04-29,4.0,65.0,260.0,true
524,25,66,2025-06-13,2.5,65.0,162.5,true
525,25,70,2025-04-16,1.0,113.0,113.0,true
526,25,55,2025-01-18,2.5,65.0,162.5,true
527,25,55,2025-02-09,4.0,65.0,260.0,true
528,25,70,2025-01-24,1.0,113.0,113.0,true
529,25,55,2025-01-22,2.5,65.0,162.5,true
530,26,16,2025-04-07,4.0,125.0,500.0,true
531,26,16,2025-03-15,8.0,125.0,1000.0,true
532,26,56,2025-03-14,2.5,77.0,192.5,true
533,26,19,2025-02-04,4.0,161.0,644.0,true
534,26,56,2025-05-15,2.5,77.0,192.5,true
535,26,28,2025-05-03,8.0,137.0,1096.0,true
536,26,16,2025-02-23,2.5,125.0,312.5,true
537,26,16,2025-05-18,1.0,125.0,125.0,true
538,26,28,2025-03-18,8.0,137.0,1096.0,false
539,26,16,2025-01-12,8.0,125.0,1000.0,true
540,26,19,2025-03-23,8.0,161.0,1288.0,true
541,26,16,2025-05-25,1.0,125.0,125.0,true
542,26,28,2025-07-01,2.5,137.0,342.5,false
543,26,56,2025-03-04,4.0,77.0,308.0,true
544,26,19,2025-06-30,4.0,161.0,644.0,true
545,26,28,2025-01-25,1.0,137.0,137.0,false
546,26,28,2025-06-24,2.5,137.0,342.5,false
547,26,16,2025-02-22,1.0,125.0,125.0,true
548,27,60,2025-06-03,8.0,125.0,1000.0,true
549,27,46,2025-03-02,1.0,89.0,89.0,true
550,27,46,2025-05-30,4.0,89.0,356.0,true
551,27,46,2025-06-25,4.0,89.0,356.0,true
552,27,60,2025-06-12,4.0,125.0,500.0,true
553,27,4,2025-06-29,1.0,113.0,113.0,true
554,27,4,2025-06-08,8.0,113.0,904.0,true
555,27,60,2025-01-30,4.0,125.0,500.0,true
556,27,60,2025-05-03,1.0,125.0,125.0,true
557,27,60,2025-04-23,1.0,125.0,125.0,false
558,27,60,2025-07-08,1.0,125.0,125.0,false
559,27,4,2025-03-04,1.0,113.0,113.0,false
560,27,4,2025-07-01,2.5,113.0,282.5,false
561,27,60,2025-03-06,2.5,125.0,312.5,true
562,28,15,2025-06-26,1.0,113.0,113.0,true
563,28,15,2025-02-17,1.0,113.0,113.0,true
564,28,59,2025-01-09,2.5,113.0,282.5,true
565,28,30,2025-01-09,1.0,161.0,161.0,true
566,28,51,2025-05-22,8.0,149.0,1192.0,true
567,28,59,2025-05-17,4.0,113.0,452.0,true
568,28,51,2025-01-06,4.0,149.0,596.0,true
569,28,59,2025-06-23,8.0,113.0,904.0,false
570,28,30,2025-01-21,8.0,161.0,1288.0,true
571,28,59,2025-01-25,4.0,113.0,452.0,true
572,28,59,2025-05-17,4.0,113.0,452.0,true
573,28,30,2025-04-06,8.0,161.0,1288.0,true
574,28,15,2025-03-03,8.0,113.0,904.0,true
575,28,59,2025-02-04,8.0,113.0,904.0,true
576,28,30,2025-06-09,1.0,161.0,161.0,true
577,28,59,2025-01-10,1.0,113.0,113.0,false
578,28,30,2025-04-13,2.5,161.0,402.5,true
579,28,15,2025-03-24,2.5,113.0,282.5,false
580,28,51,2025-03-26,4.0,149.0,596.0,true
581,28,51,2025-05-04,1.0,149.0,149.0,true
582,28,15,2025-04-12,4.0,113.0,452.0,true
583,28,59,2025-05-17,4.0,113.0,452.0,true
584,28,51,2025-02-11,2.5,149.0,372.5,true
585,28,59,2025-01-09,4.0,113.0,452.0,true
586,28,30,2025-02-10,8.0,161.0,1288.0,true
587,28,59,2025-05-13,8.0,113.0,904.0,false
588,28,59,2025-06-30,2.5,113.0,282.5,false
589,29,67,2025-04-14,4.0,77.0,308.0,true
590,29,67,2025-07-07,2.5,77.0,192.5,true
591,29,67,2025-03-24,1.0,77.0,77.0,true
592,29,6,2025-01-13,1.0,137.0,137.0,true
593,29,6,2025-05-28,2.5,137.0,342.5,true
594,29,6,2025-05-30,8.0,137.0,1096.0,true
595,29,6,2025-01-31,2.5,137.0,342.5,false
596,29,67,2025-02-11,2.5,77.0,192.5,true
597,29,6,2025-03-24,4.0,137.0,548.0,true
598,29,67,2025-07-07,1.0,77.0,77.0,true
599,29,67,2025-01-18,4.0,77.0,308.0,true
600,29,6,2025-01-31,4.0,137.0,548.0,true
601,29,6,2025-04-08,1.0,137.0,137.0,true
602,29,6,2025-02-02,8.0,137.0,1096.0,false
603,29,67,2025-01-24,1.0,77.0,77.0,true
604,29,6,2025-01-31,4.0,137.0,548.0,true
605,29,67,2025-06-08,4.0,77.0,308.0,false
606,30,42,2025-06-26,8.0,173.0,1384.0,true
607,30,15,2025-01-23,1.0,113.0,113.0,false
608,30,42,2025-01-25,1.0,173.0,173.0,false
609,30,15,2025-06-29,8.0,113.0,904.0,false
610,30,15,2025-01-08,2.5,113.0,282.5,true
611,30,15,2025-07-04,4.0,113.0,452.0,true
612,30,42,2025-02-18,2.5,173.0,432.5,false
613,30,15,2025-05-01,1.0,113.0,113.0,true
614,30,42,2025-02-04,8.0,173.0,1384.0,true
615,30,42,2025-03-13,8.0,173.0,1384.0,true
616,30,42,2025-07-01,2.5,173.0,432.5,true
617,30,15,2025-06-15,8.0,113.0,904.0,true
618,30,15,2025-01-20,8.0,113.0,904.0,true
619,30,15,2025-06-06,2.5,113.0,282.5,true
620,30,15,2025-05-30,2.5,113.0,282.5,true
621,30,42,2025-05-22,2.5,173.0,432.5,true
622,31,31,2025-01-05,8.0,173.0,1384.0,true
623,31,31,2025-07-22,8.0,173.0,1384.0,true
624,31,31,2025-02-16,8.0,173.0,1384.0,true
625,31,31,2025-03-10,4.0,173.0,692.0,true
626,31,68,2025-03-15,4.0,89.0,356.0,true
627,31,78,2025-05-22,1.0,77.0,77.0,false
628,31,31,2025-04-09,8.0,173.0,1384.0,false
629,31,68,2025-07-03,1.0,89.0,89.0,true
630,31,31,2025-02-01,4.0,173.0,692.0,true
631,31,31,2025-06-09,1.0,173.0,173.0,true
632,31,68,2025-03-25,1.0,89.0,89.0,true
633,31,68,2025-05-17,8.0,89.0,712.0,true
634,31,68,2025-01-29,2.5,89.0,222.5,true
635,31,78,2025-06-19,1.0,77.0,77.0,true
636,31,68,2025-05-01,8.0,89.0,712.0,true
637,31,31,2025-05-11,1.0,173.0,173.0,true
638,31,78,2025-03-23,4.0,77.0,308.0,true
639,31,78,2025-01-20,2.5,77.0,192.5,true
640,31,68,2025-02-26,4.0,89.0,356.0,true
641,31,78,2025-02-05,8.0,77.0,616.0,true
642,31,31,2025-05-06,8.0,173.0,1384.0,true
643,31,78,2025-06-30,8.0,77.0,616.0,true
644,31,78,2025-01-03,8.0,77.0,616.0,true
645,31,68,2025-03-21,8.0,89.0,712.0,true
646,31,68,2025-06-12,2.5,89.0,222.5,true
647,31,31,2025-05-11,4.0,173.0,692.0,true
648,31,31,2025-06-09,1.0,173.0,173.0,false
649,32,1,2025-03-21,4.0,77.0,308.0,true
650,32,1,2025-07-03,2.5,77.0,192.5,true
651,32,68,2025-06-27,2.5,89.0,222.5,false
652,32,1,2025-06-21,1.0,77.0,77.0,false
653,32,2,2025-04-23,2.5,89.0,222.5,true
654,32,1,2025-06-20,1.0,77.0,77.0,true
655,32,68,2025-01-08,8.0,89.0,712.0,true
656,32,1,2025-07-01,4.0,77.0,308.0,true
657,32,1,2025-06-12,1.0,77.0,77.0,true
658,32,2,2025-07-07,4.0,89.0,356.0,true
659,32,68,2025-01-23,1.0,89.0,89.0,true
660,32,1,2025-06-28,2.5,77.0,192.5,true
661,32,68,2025-05-10,4.0,89.0,356.0,true
662,32,1,2025-02-13,2.5,77.0,192.5,false
663,32,1,2025-04-10,8.0,77.0,616.0,true
664,32,1,2025-06-25,8.0,77.0,616.0,true
665,32,1,2025-01-21,2.5,77.0,192.5,true
666,32,1,2025-04-27,4.0,77.0,308.0,true
667,32,1,2025-02-17,4.0,77.0,308.0,true
668,32,2,2025-03-19,4.0,89.0,356.0,true
669,32,68,2025-01-16,8.0,89.0,712.0,true
670,32,2,2025-05-05,2.5,89.0,222.5,true
671,32,1,2025-01-08,4.0,77.0,308.0,true
672,32,2,2025-05-17,1.0,89.0,89.0,true
673,32,68,2025-07-16,8.0,89.0,712.0,true
674,33,18,2025-07-19,2.5,149.0,372.5,true
675,33,78,2025-01-12,2.5,77.0,192.5,true
676,33,78,2025-04-26,4.0,77.0,308.0,true
677,33,18,2025-06-16,1.0,149.0,149.0,true
678,33,18,2025-06-08,4.0,149.0,596.0,false
679,33,78,2025-03-23,4.0,77.0,308.0,true
680,33,78,2025-03-07,1.0,77.0,77.0,true
681,33,41,2025-04-20,1.0,161.0,161.0,true
682,33,41,2025-04-05,1.0,161.0,161.0,true
683,33,41,2025-03-02,8.0,161.0,1288.0,true
684,33,78,2025-06-21,4.0,77.0,308.0,true
685,33,18,2025-01-27,8.0,149.0,1192.0,true
686,33,41,2025-05-21,2.5,161.0,402.5,true
687,34,17,2025-05-27,4.0,137.0,548.0,false
688,34,76,2025-07-05,8.0,185.0,1480.0,true
689,34,76,2025-02-02,1.0,185.0,185.0,true
690,34,29,2025-05-31,4.0,149.0,596.0,true
691,34,29,2025-06-13,1.0,149.0,149.0,false
692,34,80,2025-03-19,2.5,101.0,252.5,false
693,34,80,2025-02-19,1.0,101.0,101.0,true
694,34,17,2025-02-17,2.5,137.0,342.5,true
695,34,80,2025-01-07,8.0,101.0,808.0,true
696,34,17,2025-07-18,8.0,137.0,1096.0,true
697,34,17,2025-02-20,8.0,137.0,1096.0,true
698,34,80,2025-04-07,8.0,101.0,808.0,true
699,34,29,2025-01-19,8.0,149.0,1192.0,true
700,34,76,2025-04-06,2.5,185.0,462.5,true
701,34,29,2025-02-26,4.0,149.0,596.0,true
702,35,14,2025-06-15,4.0,101.0,404.0,true
703,35,14,2025-04-09,1.0,101.0,101.0,true
704,35,73,2025-04-25,1.0,149.0,149.0,true
705,35,50,2025-02-20,8.0,137.0,1096.0,true
706,35,4,2025-04-07,2.5,113.0,282.5,false
707,35,73,2025-06-12,2.5,149.0,372.5,true
708,35,4,2025-03-01,1.0,113.0,113.0,false
709,35,73,2025-04-18,8.0,149.0,1192.0,true
710,35,4,2025-07-21,8.0,113.0,904.0,true
711,35,50,2025-05-22,8.0,137.0,1096.0,true
712,35,50,2025-06-30,4.0,137.0,548.0,true
713,35,73,2025-01-29,8.0,149.0,1192.0,true
714,35,14,2025-04-18,8.0,101.0,808.0,false
715,35,73,2025-01-03,8.0,149.0,1192.0,true
716,35,14,2025-06-04,2.5,101.0,252.5,true
717,35,50,2025-07-09,8.0,137.0,1096.0,true
718,35,14,2025-04-07,1.0,101.0,101.0,true
719,35,73,2025-04-07,2.5,149.0,372.5,false
720,35,73,2025-05-26,4.0,149.0,596.0,true
721,35,50,2025-01-05,2.5,137.0,342.5,true
722,35,50,2025-06-25,4.0,137.0,548.0,false
723,35,14,2025-06-13,1.0,101.0,101.0,true
724,35,4,2025-03-29,2.5,113.0,282.5,true
725,35,73,2025-04-14,1.0,149.0,149.0,false
726,35,50,2025-02-02,1.0,137.0,137.0,true
727,35,14,2025-01-23,1.0,101.0,101.0,true
728,35,50,2025-02-16,8.0,137.0,1096.0,false
729,35,14,2025-07-22,4.0,101.0,404.0,true
730,36,45,2025-03-26,8.0,77.0,616.0,true
731,36,65,2025-03-18,2.5,185.0,462.5,true
732,36,65,2025-05-20,2.5,185.0,462.5,false
733,36,50,2025-01-30,2.5,137.0,342.5,true
734,36,45,2025-02-27,1.0,77.0,77.0,true
735,36,25,2025-05-21,4.0,101.0,404.0,true
736,36,65,2025-06-04,8.0,185.0,1480.0,true
737,36,45,2025-06-06,1.0,77.0,77.0,true
738,36,65,2025-01-16,2.5,185.0,462.5,false
739,36,50,2025-06-19,2.5,137.0,342.5,true
740,36,65,2025-01-20,1.0,185.0,185.0,true
741,36,25,2025-01-30,4.0,101.0,404.0,true
742,36,25,2025-01-13,2.5,101.0,252.5,true
743,37,35,2025-03-04,2.5,89.0,222.5,true
744,37,64,2025-01-25,8.0,173.0,1384.0,true
745,37,73,2025-03-18,8.0,149.0,1192.0,true
746,37,64,2025-06-30,8.0,173.0,1384.0,true
747,37,64,2025-02-17,8.0,173.0,1384.0,true
748,37,64,2025-04-16,2.5,173.0,432.5,true
749,37,73,2025-05-22,2.5,149.0,372.5,true
750,37,73,2025-03-18,1.0,149.0,149.0,true
751,37,35,2025-05-18,2.5,89.0,222.5,true
752,37,64,2025-05-02,8.0,173.0,1384.0,false
753,37,35,2025-02-07,8.0,89.0,712.0,true
754,37,35,2025-07-01,4.0,89.0,356.0,true
755,37,35,2025-03-01,8.0,89.0,712.0,true
756,37,73,2025-07-12,4.0,149.0,596.0,true
757,37,35,2025-01-06,2.5,89.0,222.5,true
758,37,35,2025-01-13,4.0,89.0,356.0,true
759,37,35,2025-01-23,8.0,89.0,712.0,true
760,37,73,2025-06-08,4.0,149.0,596.0,true
761,37,35,2025-05-15,2.5,89.0,222.5,true
762,37,64,2025-06-15,1.0,173.0,173.0,false
763,37,35,2025-02-14,1.0,89.0,89.0,true
764,37,35,2025-01-27,2.5,89.0,222.5,true
765,37,73,2025-06-03,1.0,149.0,149.0,true
766,37,73,2025-03-19,1.0,149.0,149.0,true
767,38,67,2025-02-24,4.0,77.0,308.0,true
768,38,15,2025-03-20,1.0,113.0,113.0,true
769,38,62,2025-01-29,4.0,149.0,596.0,true
770,38,15,2025-02-07,1.0,113.0,113.0,true
771,38,67,2025-01-24,1.0,77.0,77.0,false
772,38,62,2025-02-11,4.0,149.0,596.0,true
773,38,15,2025-07-09,4.0,113.0,452.0,true
774,38,15,2025-04-19,8.0,113.0,904.0,true
775,38,15,2025-01-03,1.0,113.0,113.0,true
776,38,62,2025-05-16,4.0,149.0,596.0,true
777,38,67,2025-01-14,4.0,77.0,308.0,true
778,38,15,2025-06-09,1.0,113.0,113.0,true
779,38,62,2025-07-14,8.0,149.0,1192.0,true
780,38,67,2025-02-04,1.0,77.0,77.0,true
781,38,62,2025-03-13,2.5,149.0,372.5,true
782,38,67,2025-05-17,4.0,77.0,308.0,true
783,38,15,2025-06-07,2.5,113.0,282.5,false
784,38,67,2025-01-26,2.5,77.0,192.5,true
785,38,67,2025-06-20,2.5,77.0,192.5,true
786,38,15,2025-03-26,4.0,113.0,452.0,true
787,38,62,2025-02-19,4.0,149.0,596.0,true
788,38,15,2025-01-20,2.5,113.0,282.5,true
789,38,62,2025-03-06,2.5,149.0,372.5,true
790,39,47,2025-03-12,4.0,101.0,404.0,false
791,39,28,2025-07-04,4.0,137.0,548.0,true
792,39,38,2025-01-28,1.0,125.0,125.0,true
793,39,12,2025-04-29,2.5,77.0,192.5,true
794,39,28,2025-04-08,8.0,137.0,1096.0,true
795,39,12,2025-03-23,1.0,77.0,77.0,true
796,39,47,2025-04-24,2.5,101.0,252.5,false
797,39,38,2025-07-19,1.0,125.0,125.0,false
798,39,47,2025-04-02,8.0,101.0,808.0,true
799,39,12,2025-02-16,2.5,77.0,192.5,true
800,39,47,2025-06-24,1.0,101.0,101.0,false
801,39,38,2025-04-22,4.0,125.0,500.0,true
802,39,12,2025-03-30,4.0,77.0,308.0,true
803,39,47,2025-03-21,4.0,101.0,404.0,true
804,39,12,2025-02-27,4.0,77.0,308.0,false
805,39,28,2025-04-03,8.0,137.0,1096.0,true
806,39,47,2025-03-04,8.0,101.0,808.0,true
807,39,38,2025-04-26,1.0,125.0,125.0,true
808,40,1,2025-01-20,1.0,77.0,77.0,true
809,40,72,2025-05-08,8.0,137.0,1096.0,true
810,40,72,2025-01-30,1.0,137.0,137.0,true
811,40,1,2025-01-04,2.5,77.0,192.5,true
812,40,13,2025-02-04,1.0,89.0,89.0,true
813,40,51,2025-06-23,2.5,149.0,372.5,true
814,40,13,2025-05-20,1.0,89.0,89.0,true
815,40,13,2025-02-19,1.0,89.0,89.0,true
816,40,72,2025-03-09,4.0,137.0,548.0,true
817,40,13,2025-06-07,4.0,89.0,356.0,true
818,40,72,2025-05-13,2.5,137.0,342.5,true
819,40,51,2025-03-02,2.5,149.0,372.5,true
820,40,13,2025-02-27,1.0,89.0,89.0,true
821,40,51,2025-05-30,2.5,149.0,372.5,true
822,40,51,2025-01-17,2.5,149.0,372.5,true
823,40,51,2025-07-02,4.0,149.0,596.0,true
824,40,1,2025-01-27,4.0,77.0,308.0,true
825,40,72,2025-02-23,2.5,137.0,342.5,true
826,40,51,2025-07-12,2.5,149.0,372.5,false
827,40,72,2025-06-22,1.0,137.0,137.0,true
828,41,73,2025-05-05,2.5,149.0,372.5,true
829,41,17,2025-01-08,4.0,137.0,548.0,true
830,41,17,2025-02-11,2.5,137.0,342.5,true
831,41,64,2025-04-01,1.0,173.0,173.0,true
832,41,17,2025-01-17,1.0,137.0,137.0,true
833,41,17,2025-01-30,2.5,137.0,342.5,true
834,41,17,2025-02-08,2.5,137.0,342.5,true
835,41,17,2025-02-13,1.0,137.0,137.0,false
836,41,64,2025-06-30,8.0,173.0,1384.0,true
837,41,17,2025-03-09,2.5,137.0,342.5,true
838,41,73,2025-02-10,8.0,149.0,1192.0,true
839,41,73,2025-01-26,8.0,149.0,1192.0,true
840,42,44,2025-01-13,8.0,65.0,520.0,false
841,42,44,2025-02-20,1.0,65.0,65.0,true
842,42,54,2025-07-04,8.0,185.0,1480.0,true
843,42,54,2025-03-13,1.0,185.0,185.0,true
844,42,54,2025-01-12,2.5,185.0,462.5,false
845,42,54,2025-04-20,2.5,185.0,462.5,true
846,42,76,2025-03-05,1.0,185.0,185.0,true
847,42,54,2025-02-22,1.0,185.0,185.0,false
848,42,76,2025-01-21,1.0,185.0,185.0,true
849,42,76,2025-03-10,8.0,185.0,1480.0,false
850,42,54,2025-07-12,1.0,185.0,185.0,true
851,42,76,2025-01-03,2.5,185.0,462.5,true
852,42,44,2025-05-04,1.0,65.0,65.0,false
853,42,76,2025-05-20,1.0,185.0,185.0,true
854,42,54,2025-03-05,1.0,185.0,185.0,false
855,42,54,2025-02-11,4.0,185.0,740.0,true
856,42,54,2025-05-14,8.0,185.0,1480.0,true
857,42,54,2025-05-30,2.5,185.0,462.5,true
858,42,54,2025-05-27,8.0,185.0,1480.0,true
859,42,76,2025-03-05,8.0,185.0,1480.0,true
860,42,54,2025-03-18,2.5,185.0,462.5,true
861,42,76,2025-05-02,4.0,185.0,740.0,true
862,42,54,2025-06-09,1.0,185.0,185.0,true
863,42,44,2025-01-22,2.5,65.0,162.5,true
864,42,54,2025-02-09,1.0,185.0,185.0,true
865,43,12,2025-04-26,8.0,77.0,616.0,true
866,43,12,2025-04-04,4.0,77.0,308.0,false
867,43,54,2025-01-21,8.0,185.0,1480.0,true
868,43,12,2025-06-08,1.0,77.0,77.0,true
869,43,12,2025-07-20,1.0,77.0,77.0,true
870,43,12,2025-04-03,8.0,77.0,616.0,true
871,43,12,2025-04-02,8.0,77.0,616.0,true
872,43,54,2025-03-31,8.0,185.0,1480.0,true
873,43,54,2025-07-05,8.0,185.0,1480.0,true
874,43,12,2025-02-18,1.0,77.0,77.0,true
875,43,12,2025-02-15,4.0,77.0,308.0,true
876,43,12,2025-04-21,2.5,77.0,192.5,false
877,44,6,2025-04-06,1.0,137.0,137.0,true
878,44,13,2025-07-06,1.0,89.0,89.0,false
879,44,6,2025-03-01,8.0,137.0,1096.0,true
880,44,41,2025-01-22,4.0,161.0,644.0,true
881,44,13,2025-06-04,4.0,89.0,356.0,true
882,44,13,2025-04-21,4.0,89.0,356.0,true
883,44,6,2025-02-28,4.0,137.0,548.0,true
884,44,6,2025-02-09,2.5,137.0,342.5,true
885,44,13,2025-01-25,1.0,89.0,89.0,true
886,44,41,2025-03-17,4.0,161.0,644.0,false
887,44,13,2025-03-04,2.5,89.0,222.5,true
888,44,56,2025-07-14,1.0,77.0,77.0,true
889,44,6,2025-03-03,8.0,137.0,1096.0,true
890,44,56,2025-02-11,8.0,77.0,616.0,true
891,44,41,2025-03-14,8.0,161.0,1288.0,true
892,44,41,2025-01-29,8.0,161.0,1288.0,true
893,44,6,2025-06-16,4.0,137.0,548.0,true
894,44,13,2025-03-29,4.0,89.0,356.0,true
895,44,41,2025-04-08,2.5,161.0,402.5,true
896,44,6,2025-01-24,8.0,137.0,1096.0,true
897,44,56,2025-04-28,2.5,77.0,192.5,false
898,44,13,2025-05-24,1.0,89.0,89.0,false
899,44,13,2025-01-27,2.5,89.0,222.5,false
900,44,56,2025-05-07,2.5,77.0,192.5,false
901,44,6,2025-07-07,4.0,137.0,548.0,true
902,45,17,2025-05-04,2.5,137.0,342.5,true
903,45,17,2025-02-13,4.0,137.0,548.0,true
904,45,78,2025-01-29,2.5,77.0,192.5,true
905,45,78,2025-02-17,2.5,77.0,192.5,true
906,45,78,2025-04-12,2.5,77.0,192.5,true
907,45,78,2025-03-29,8.0,77.0,616.0,true
908,45,17,2025-05-06,2.5,137.0,342.5,false
909,45,78,2025-03-13,1.0,77.0,77.0,true
910,45,78,2025-01-08,2.5,77.0,192.5,true
911,45,78,2025-07-17,1.0,77.0,77.0,true
912,45,17,2025-06-20,1.0,137.0,137.0,true
913,45,17,2025-02-04,4.0,137.0,548.0,false
914,45,17,2025-06-02,8.0,137.0,1096.0,true
915,45,17,2025-02-22,4.0,137.0,548.0,true
916,45,17,2025-01-28,8.0,137.0,1096.0,true
917,45,78,2025-04-17,4.0,77.0,308.0,true
918,45,17,2025-02-09,1.0,137.0,137.0,false
919,45,17,2025-07-15,1.0,137.0,137.0,false
920,45,17,2025-02-23,1.0,137.0,137.0,true
921,45,17,2025-02-20,4.0,137.0,548.0,true
922,45,78,2025-05-18,2.5,77.0,192.5,true
923,45,78,2025-01-07,2.5,77.0,192.5,true
924,45,78,2025-07-13,4.0,77.0,308.0,true
925,45,17,2025-01-11,8.0,137.0,1096.0,false
926,45,17,2025-05-17,8.0,137.0,1096.0,true
927,45,17,2025-04-12,2.5,137.0,342.5,true
928,46,68,2025-01-26,4.0,89.0,356.0,true
929,46,68,2025-07-22,8.0,89.0,712.0,true
930,46,68,2025-06-02,1.0,89.0,89.0,true
931,46,68,2025-01-04,1.0,89.0,89.0,true
932,46,68,2025-02-03,8.0,89.0,712.0,true
933,46,68,2025-04-25,1.0,89.0,89.0,true
934,46,68,2025-06-29,2.5,89.0,222.5,true
935,46,68,2025-03-02,8.0,89.0,712.0,true
936,46,68,2025-05-06,8.0,89.0,712.0,true
937,46,68,2025-02-23,8.0,89.0,712.0,true
938,46,68,2025-01-28,8.0,89.0,712.0,true
939,46,22,2025-02-27,1.0,65.0,65.0,true
940,47,20,2025-01-24,4.0,173.0,692.0,true
941,47,20,2025-07-18,1.0,173.0,173.0,true
942,47,20,2025-05-12,2.5,173.0,432.5,false
943,47,66,2025-07-10,4.0,65.0,260.0,true
944,47,20,2025-06-08,2.5,173.0,432.5,true
945,47,76,2025-05-12,1.0,185.0,185.0,true
946,47,20,2025-05-04,8.0,173.0,1384.0,true
947,47,20,2025-06-16,2.5,173.0,432.5,true
948,47,66,2025-04-09,8.0,65.0,520.0,true
949,47,20,2025-02-18,1.0,173.0,173.0,true
950,47,20,2025-03-25,4.0,173.0,692.0,true
951,47,66,2025-03-31,2.5,65.0,162.5,true
952,47,76,2025-03-08,2.5,185.0,462.5,true
953,47,20,2025-02-10,2.5,173.0,432.5,true
954,47,20,2025-02-03,1.0,173.0,173.0,true
955,47,66,2025-04-01,2.5,65.0,162.5,false
956,47,76,2025-05-23,2.5,185.0,462.5,true
957,47,20,2025-05-22,8.0,173.0,1384.0,true
958,47,66,2025-01-30,2.5,65.0,162.5,false
959,47,66,2025-03-31,8.0,65.0,520.0,false
960,47,66,2025-02-04,2.5,65.0,162.5,true
961,47,66,2025-06-03,1.0,65.0,65.0,false
962,47,76,2025-01-18,8.0,185.0,1480.0,true
963,47,20,2025-03-21,8.0,173.0,1384.0,true
964,47,20,2025-07-21,4.0,173.0,692.0,true
965,47,66,2025-07-18,1.0,65.0,65.0,true
966,47,66,2025-01-24,2.5,65.0,162.5,true
967,47,76,2025-05-09,2.5,185.0,462.5,true
968,48,73,2025-04-30,1.0,149.0,149.0,false
969,48,77,2025-05-01,8.0,65.0,520.0,true
970,48,8,2025-02-16,4.0,161.0,644.0,false
971,48,76,2025-02-28,2.5,185.0,462.5,true
972,48,76,2025-06-12,1.0,185.0,185.0,true
973,48,73,2025-04-26,4.0,149.0,596.0,true
974,48,73,2025-02-16,2.5,149.0,372.5,true
975,48,73,2025-05-30,2.5,149.0,372.5,false
976,48,77,2025-04-10,2.5,65.0,162.5,false
977,48,8,2025-01-28,8.0,161.0,1288.0,true
978,48,73,2025-03-05,4.0,149.0,596.0,true
979,48,76,2025-03-17,4.0,185.0,740.0,true
980,48,76,2025-04-19,4.0,185.0,740.0,false
981,48,76,2025-03-15,1.0,185.0,185.0,false
982,48,73,2025-07-22,4.0,149.0,596.0,true
983,48,77,2025-01-31,2.5,65.0,162.5,true
984,48,77,2025-04-13,8.0,65.0,520.0,true
985,48,73,2025-05-22,2.5,149.0,372.5,true
986,48,73,2025-01-11,8.0,149.0,1192.0,true
987,48,77,2025-02-02,4.0,65.0,260.0,true
988,48,8,2025-06-10,2.5,161.0,402.5,false
989,48,77,2025-05-27,2.5,65.0,162.5,true
990,48,76,2025-02-01,8.0,185.0,1480.0,false
991,48,77,2025-02-03,4.0,65.0,260.0,true
992,48,73,2025-01-09,1.0,149.0,149.0,true
993,48,77,2025-02-07,8.0,65.0,520.0,true
994,49,53,2025-01-28,8.0,173.0,1384.0,false
995,49,53,2025-04-13,4.0,173.0,692.0,true
996,49,35,2025-04-10,8.0,89.0,712.0,true
997,49,53,2025-04-03,2.5,173.0,432.5,false
998,49,35,2025-02-09,4.0,89.0,356.0,false
999,49,35,2025-04-15,4.0,89.0,356.0,true
1000,49,53,2025-04-05,2.5,173.0,432.5,true
1001,49,35,2025-05-12,4.0,89.0,356.0,true
1002,49,53,2025-06-11,8.0,173.0,1384.0,true
1003,49,35,2025-05-11,8.0,89.0,712.0,true
1004,49,53,2025-06-07,1.0,173.0,173.0,true
1005,49,53,2025-05-03,4.0,173.0,692.0,true
1006,49,77,2025-03-20,4.0,65.0,260.0,true
1007,49,35,2025-01-26,8.0,89.0,712.0,true
1008,49,35,2025-05-26,2.5,89.0,222.5,true
1009,49,53,2025-02-18,8.0,173.0,1384.0,true
1010,49,53,2025-06-26,1.0,173.0,173.0,true
1011,49,53,2025-01-11,2.5,173.0,432.5,true
1012,49,53,2025-06-09,8.0,173.0,1384.0,true
1013,49,77,2025-04-05,1.0,65.0,65.0,true
1014,49,77,2025-03-14,8.0,65.0,520.0,true
1015,49,53,2025-05-19,8.0,173.0,1384.0,true
1016,49,35,2025-01-11,2.5,89.0,222.5,false
1017,49,53,2025-03-02,8.0,173.0,1384.0,true
1018,49,35,2025-05-18,2.5,89.0,222.5,false
1019,49,35,2025-07-04,1.0,89.0,89.0,true
1020,49,77,2025-02-12,8.0,65.0,520.0,false
1021,50,50,2025-03-18,8.0,137.0,1096.0,true
1022,50,13,2025-05-22,8.0,89.0,712.0,true
1023,50,13,2025-07-02,8.0,89.0,712.0,true
1024,50,13,2025-05-16,4.0,89.0,356.0,true
1025,50,50,2025-06-22,2.5,137.0,342.5,false
1026,50,13,2025-06-16,2.5,89.0,222.5,true
1027,50,50,2025-06-06,8.0,137.0,1096.0,true
1028,50,13,2025-03-02,8.0,89.0,712.0,true
1029,50,13,2025-01-05,4.0,89.0,356.0,true
1030,50,13,2025-03-16,4.0,89.0,356.0,true
1031,50,50,2025-07-03,8.0,137.0,1096.0,true
1032,50,50,2025-02-17,4.0,137.0,548.0,true
1033,50,50,2025-03-04,2.5,137.0,342.5,true
1034,50,50,2025-05-22,2.5,137.0,342.5,true
1035,50,50,2025-01-09,4.0,137.0,548.0,true
1036,50,50,2025-02-07,2.5,137.0,342.5,true
1037,50,50,2025-03-08,1.0,137.0,137.0,true
1038,50,13,2025-01-26,8.0,89.0,712.0,false
1039,50,50,2025-01-12,8.0,137.0,1096.0,true
1040,51,75,2025-06-30,1.0,173.0,173.0,true
1041,51,61,2025-05-22,1.0,137.0,137.0,true
1042,51,75,2025-01-19,2.5,173.0,432.5,true
1043,51,38,2025-05-06,8.0,125.0,1000.0,true
1044,51,38,2025-02-06,2.5,125.0,312.5,true
1045,51,61,2025-02-22,8.0,137.0,1096.0,false
1046,51,44,2025-03-02,2.5,65.0,162.5,true
1047,51,44,2025-01-07,4.0,65.0,260.0,true
1048,51,75,2025-03-26,4.0,173.0,692.0,true
1049,51,75,2025-05-14,4.0,173.0,692.0,false
1050,51,44,2025-05-31,2.5,65.0,162.5,true
1051,51,75,2025-01-23,8.0,173.0,1384.0,true
1052,51,61,2025-05-13,1.0,137.0,137.0,true
1053,51,38,2025-05-17,2.5,125.0,312.5,true
1054,51,61,2025-01-18,4.0,137.0,548.0,true
1055,51,38,2025-05-16,2.5,125.0,312.5,true
1056,51,75,2025-06-12,4.0,173.0,692.0,true
1057,51,44,2025-06-29,1.0,65.0,65.0,true
1058,52,26,2025-06-24,1.0,113.0,113.0,true
1059,52,26,2025-04-24,2.5,113.0,282.5,true
1060,52,4,2025-03-12,2.5,113.0,282.5,true
1061,52,4,2025-03-23,2.5,113.0,282.5,true
1062,52,26,2025-01-27,8.0,113.0,904.0,true
1063,52,26,2025-06-24,4.0,113.0,452.0,true
1064,52,4,2025-06-25,8.0,113.0,904.0,true
1065,52,26,2025-06-07,8.0,113.0,904.0,true
1066,52,4,2025-03-07,1.0,113.0,113.0,false
1067,52,26,2025-04-12,8.0,113.0,904.0,true
1068,52,4,2025-03-17,8.0,113.0,904.0,true
1069,52,4,2025-03-19,8.0,113.0,904.0,true
1070,52,4,2025-02-25,1.0,113.0,113.0,true
1071,52,4,2025-07-11,8.0,113.0,904.0,true
1072,52,26,2025-03-19,4.0,113.0,452.0,true
1073,52,4,2025-07-11,1.0,113.0,113.0,false
1074,52,4,2025-01-19,8.0,113.0,904.0,true
1075,52,4,2025-03-11,4.0,113.0,452.0,true
1076,52,26,2025-07-11,8.0,113.0,904.0,true
1077,52,26,2025-07-18,8.0,113.0,904.0,false
1078,52,26,2025-06-30,8.0,113.0,904.0,true
1079,52,4,2025-02-09,4.0,113.0,452.0,false
1080,53,4,2025-06-18,4.0,113.0,452.0,true
1081,53,4,2025-03-07,1.0,113.0,113.0,true
1082,53,4,2025-02-17,4.0,113.0,452.0,true
1083,53,70,2025-02-08,4.0,113.0,452.0,true
1084,53,70,2025-02-14,8.0,113.0,904.0,true
1085,53,68,2025-05-24,8.0,89.0,712.0,true
1086,53,70,2025-04-24,1.0,113.0,113.0,false
1087,53,68,2025-04-21,1.0,89.0,89.0,true
1088,53,4,2025-03-05,1.0,113.0,113.0,true
1089,53,21,2025-04-05,4.0,185.0,740.0,false
1090,53,70,2025-04-06,2.5,113.0,282.5,false
1091,53,70,2025-01-20,1.0,113.0,113.0,true
1092,53,4,2025-04-05,2.5,113.0,282.5,false
1093,53,4,2025-02-14,8.0,113.0,904.0,true
1094,53,68,2025-05-14,8.0,89.0,712.0,false
1095,53,4,2025-02-25,8.0,113.0,904.0,true
1096,53,70,2025-04-13,4.0,113.0,452.0,true
1097,53,70,2025-07-16,8.0,113.0,904.0,true
1098,53,21,2025-03-28,8.0,185.0,1480.0,true
1099,53,70,2025-01-11,8.0,113.0,904.0,true
1100,53,68,2025-07-16,1.0,89.0,89.0,true
1101,53,4,2025-01-25,8.0,113.0,904.0,true
1102,54,58,2025-07-15,1.0,101.0,101.0,false
1103,54,58,2025-04-08,4.0,101.0,404.0,true
1104,54,15,2025-04-22,2.5,113.0,282.5,true
1105,54,58,2025-03-17,4.0,101.0,404.0,true
1106,54,15,2025-06-03,4.0,113.0,452.0,true
1107,54,15,2025-06-28,1.0,113.0,113.0,true
1108,54,15,2025-07-18,2.5,113.0,282.5,false
1109,54,58,2025-02-19,4.0,101.0,404.0,true
1110,54,58,2025-02-08,8.0,101.0,808.0,true
1111,54,15,2025-05-17,8.0,113.0,904.0,true
1112,54,58,2025-01-03,4.0,101.0,404.0,false
1113,54,15,2025-07-20,4.0,113.0,452.0,true
1114,54,58,2025-01-18,8.0,101.0,808.0,true
1115,54,58,2025-01-06,2.5,101.0,252.5,true
1116,54,58,2025-02-10,1.0,101.0,101.0,false
1117,54,15,2025-01-30,4.0,113.0,452.0,false
1118,54,58,2025-05-10,2.5,101.0,252.5,true
1119,54,15,2025-05-24,4.0,113.0,452.0,true
1120,54,15,2025-03-03,2.5,113.0,282.5,true
1121,54,15,2025-03-30,4.0,113.0,452.0,true
1122,54,15,2025-07-12,8.0,113.0,904.0,true
1123,54,15,2025-02-01,4.0,113.0,452.0,true
1124,54,15,2025-03-24,4.0,113.0,452.0,true
1125,54,15,2025-03-24,2.5,113.0,282.5,true
1126,54,58,2025-04-22,2.5,101.0,252.5,true
1127,54,15,2025-01-29,4.0,113.0,452.0,true
1128,54,58,2025-04-29,4.0,101.0,404.0,true
1129,55,6,2025-01-03,2.5,137.0,342.5,false
1130,55,63,2025-07-11,8.0,161.0,1288.0,true
1131,55,63,2025-07-03,1.0,161.0,161.0,true
1132,55,63,2025-05-23,8.0,161.0,1288.0,true
1133,55,6,2025-06-26,1.0,137.0,137.0,true
1134,55,6,2025-01-28,1.0,137.0,137.0,false
1135,55,6,2025-01-26,2.5,137.0,342.5,true
1136,55,63,2025-06-27,1.0,161.0,161.0,false
1137,55,6,2025-03-03,8.0,137.0,1096.0,true
1138,55,6,2025-07-02,2.5,137.0,342.5,true
1139,55,6,2025-03-29,2.5,137.0,342.5,true
1140,55,63,2025-01-04,2.5,161.0,402.5,true
1141,55,6,2025-04-15,8.0,137.0,1096.0,true
1142,55,6,2025-01-10,8.0,137.0,1096.0,true
1143,55,6,2025-02-12,8.0,137.0,1096.0,true
1144,55,63,2025-02-01,8.0,161.0,1288.0,false
1145,55,63,2025-02-14,4.0,161.0,644.0,true
1146,55,6,2025-04-15,8.0,137.0,1096.0,true
1147,55,6,2025-06-15,1.0,137.0,137.0,true
1148,55,63,2025-04-08,1.0,161.0,161.0,true
1149,55,6,2025-05-18,2.5,137.0,342.5,false
1150,55,6,2025-06-28,2.5,137.0,342.5,true
1151,56,11,2025-06-19,8.0,65.0,520.0,false
1152,56,30,2025-01-08,8.0,161.0,1288.0,true
1153,56,44,2025-01-31,8.0,65.0,520.0,true
1154,56,11,2025-06-11,1.0,65.0,65.0,true
1155,56,11,2025-02-03,1.0,65.0,65.0,true
1156,56,79,2025-06-08,4.0,89.0,356.0,true
1157,56,11,2025-02-26,1.0,65.0,65.0,true
1158,56,79,2025-05-06,1.0,89.0,89.0,true
1159,56,11,2025-02-08,8.0,65.0,520.0,true
1160,56,79,2025-01-08,2.5,89.0,222.5,true
1161,56,44,2025-04-05,1.0,65.0,65.0,true
1162,56,44,2025-05-14,4.0,65.0,260.0,true
1163,56,11,2025-02-18,8.0,65.0,520.0,false
1164,56,79,2025-07-16,8.0,89.0,712.0,true
1165,56,11,2025-06-16,1.0,65.0,65.0,true
1166,56,11,2025-03-26,4.0,65.0,260.0,true
1167,56,11,2025-05-31,8.0,65.0,520.0,true
1168,56,11,2025-04-30,2.5,65.0,162.5,true
1169,56,30,2025-01-03,2.5,161.0,402.5,true
1170,56,30,2025-06-20,2.5,161.0,402.5,true
1171,56,79,2025-07-21,8.0,89.0,712.0,true
1172,56,11,2025-01-11,4.0,65.0,260.0,true
1173,56,30,2025-05-29,8.0,161.0,1288.0,true
1174,56,11,2025-01-17,8.0,65.0,520.0,true
1175,56,79,2025-04-27,4.0,89.0,356.0,false
1176,56,79,2025-05-01,4.0,89.0,356.0,true
1177,56,44,2025-05-30,8.0,65.0,520.0,true
1178,57,59,2025-03-01,1.0,113.0,113.0,false
1179,57,59,2025-01-20,4.0,113.0,452.0,false
1180,57,59,2025-06-23,4.0,113.0,452.0,true
1181,57,59,2025-07-16,8.0,113.0,904.0,true
1182,57,59,2025-07-06,2.5,113.0,282.5,true
1183,57,59,2025-06-10,1.0,113.0,113.0,false
1184,57,59,2025-02-20,1.0,113.0,113.0,true
1185,57,59,2025-01-18,8.0,113.0,904.0,false
1186,57,25,2025-06-04,8.0,101.0,808.0,true
1187,57,59,2025-05-13,2.5,113.0,282.5,false
1188,57,25,2025-01-13,4.0,101.0,404.0,true
1189,57,59,2025-03-31,2.5,113.0,282.5,true
1190,57,59,2025-01-29,4.0,113.0,452.0,true
1191,57,59,2025-05-24,4.0,113.0,452.0,true
1192,57,59,2025-01-17,4.0,113.0,452.0,false
1193,57,59,2025-07-13,4.0,113.0,452.0,true
1194,57,25,2025-01-24,8.0,101.0,808.0,true
1195,57,59,2025-02-02,4.0,113.0,452.0,true
1196,57,25,2025-03-01,2.5,101.0,252.5,false
1197,57,25,2025-01-06,4.0,101.0,404.0,true
1198,57,25,2025-02-28,2.5,101.0,252.5,false
1199,57,59,2025-02-02,2.5,113.0,282.5,true
1200,57,59,2025-03-02,2.5,113.0,282.5,true
1201,57,25,2025-03-11,8.0,101.0,808.0,true
1202,57,25,2025-01-15,4.0,101.0,404.0,false
1203,58,71,2025-04-20,8.0,125.0,1000.0,true
1204,58,34,2025-05-18,1.0,77.0,77.0,true
1205,58,34,2025-03-25,1.0,77.0,77.0,true
1206,58,34,2025-06-05,1.0,77.0,77.0,false
1207,58,34,2025-02-24,8.0,77.0,616.0,true
1208,58,71,2025-03-01,1.0,125.0,125.0,true
1209,58,34,2025-02-20,8.0,77.0,616.0,false
1210,58,34,2025-04-26,1.0,77.0,77.0,true
1211,58,34,2025-01-04,8.0,77.0,616.0,true
1212,58,34,2025-02-20,2.5,77.0,192.5,false
1213,58,71,2025-05-09,2.5,125.0,312.5,true
1214,58,34,2025-02-23,8.0,77.0,616.0,true
1215,58,71,2025-01-17,2.5,125.0,312.5,true
1216,58,71,2025-05-22,1.0,125.0,125.0,true
1217,58,34,2025-02-27,1.0,77.0,77.0,false
1218,58,71,2025-06-29,8.0,125.0,1000.0,true
1219,58,34,2025-06-08,8.0,77.0,616.0,true
1220,58,71,2025-01-16,1.0,125.0,125.0,true
1221,58,71,2025-04-10,4.0,125.0,500.0,true
1222,58,71,2025-05-08,8.0,125.0,1000.0,true
1223,58,34,2025-04-11,2.5,77.0,192.5,false
1224,58,34,2025-05-04,8.0,77.0,616.0,true
1225,58,71,2025-05-22,8.0,125.0,1000.0,true
1226,58,34,2025-03-23,2.5,77.0,192.5,true
1227,58,71,2025-04-25,8.0,125.0,1000.0,true
1228,58,71,2025-04-19,1.0,125.0,125.0,true
1229,59,67,2025-01-26,8.0,77.0,616.0,true
1230,59,67,2025-05-26,4.0,77.0,308.0,false
1231,59,50,2025-03-07,8.0,137.0,1096.0,true
1232,59,10,2025-02-20,2.5,185.0,462.5,true
1233,59,50,2025-06-09,8.0,137.0,1096.0,true
1234,59,10,2025-03-06,2.5,185.0,462.5,true
1235,59,67,2025-05-09,8.0,77.0,616.0,true
1236,59,10,2025-03-26,2.5,185.0,462.5,true
1237,59,50,2025-02-18,2.5,137.0,342.5,true
1238,59,50,2025-07-19,8.0,137.0,1096.0,true
1239,59,50,2025-04-07,8.0,137.0,1096.0,false
1240,59,50,2025-05-06,2.5,137.0,342.5,false
1241,59,50,2025-01-08,4.0,137.0,548.0,true
1242,59,67,2025-04-12,2.5,77.0,192.5,false
1243,59,67,2025-03-04,2.5,77.0,192.5,true
1244,59,50,2025-03-28,8.0,137.0,1096.0,false
1245,59,67,2025-02-11,1.0,77.0,77.0,true
1246,59,50,2025-04-12,4.0,137.0,548.0,false
1247,59,50,2025-02-05,2.5,137.0,342.5,true
1248,60,24,2025-05-06,1.0,89.0,89.0,true
1249,60,23,2025-03-26,2.5,77.0,192.5,true
1250,60,23,2025-06-08,2.5,77.0,192.5,true
1251,60,60,2025-03-24,8.0,125.0,1000.0,true
1252,60,4,2025-01-20,2.5,113.0,282.5,true
1253,60,4,2025-02-01,4.0,113.0,452.0,true
1254,60,24,2025-06-08,8.0,89.0,712.0,false
1255,60,4,2025-04-24,1.0,113.0,113.0,false
1256,60,24,2025-02-15,1.0,89.0,89.0,true
1257,60,24,2025-01-08,1.0,89.0,89.0,true
1258,60,24,2025-02-07,2.5,89.0,222.5,true
1259,60,23,2025-05-07,8.0,77.0,616.0,true
1260,60,24,2025-02-23,8.0,89.0,712.0,true
1261,60,60,2025-06-09,8.0,125.0,1000.0,true
1262,60,23,2025-02-04,2.5,77.0,192.5,true
1263,60,60,2025-04-22,8.0,125.0,1000.0,true
1264,60,4,2025-02-12,2.5,113.0,282.5,true
1265,60,4,2025-02-13,8.0,113.0,904.0,false
1266,61,46,2025-05-29,2.5,89.0,222.5,true
1267,61,44,2025-02-10,4.0,65.0,260.0,true
1268,61,17,2025-05-24,8.0,137.0,1096.0,true
1269,61,46,2025-03-04,8.0,89.0,712.0,true
1270,61,17,2025-01-12,8.0,137.0,1096.0,true
1271,61,44,2025-06-02,2.5,65.0,162.5,true
1272,61,17,2025-03-13,8.0,137.0,1096.0,true
1273,61,46,2025-05-18,2.5,89.0,222.5,false
1274,61,44,2025-02-12,4.0,65.0,260.0,true
1275,61,46,2025-02-02,4.0,89.0,356.0,true
1276,61,44,2025-02-11,1.0,65.0,65.0,true
1277,61,65,2025-07-05,4.0,185.0,740.0,true
1278,61,46,2025-03-14,4.0,89.0,356.0,true
1279,61,17,2025-06-27,8.0,137.0,1096.0,true
1280,61,44,2025-07-08,4.0,65.0,260.0,false
1281,61,65,2025-05-12,1.0,185.0,185.0,true
1282,61,46,2025-01-08,1.0,89.0,89.0,true
1283,61,44,2025-06-26,8.0,65.0,520.0,false
1284,61,17,2025-06-20,4.0,137.0,548.0,true
1285,61,17,2025-06-16,1.0,137.0,137.0,true
1286,61,65,2025-02-09,2.5,185.0,462.5,true
1287,61,17,2025-04-17,1.0,137.0,137.0,false
1288,61,46,2025-01-11,8.0,89.0,712.0,true
1289,61,46,2025-02-07,4.0,89.0,356.0,true
1290,61,44,2025-06-04,8.0,65.0,520.0,true
1291,61,46,2025-04-03,8.0,89.0,712.0,true
1292,61,17,2025-04-22,1.0,137.0,137.0,false
1293,62,18,2025-02-15,4.0,149.0,596.0,false
1294,62,75,2025-04-27,2.5,173.0,432.5,true
1295,62,38,2025-06-26,8.0,125.0,1000.0,false
1296,62,38,2025-07-16,2.5,125.0,312.5,true
1297,62,19,2025-06-13,1.0,161.0,161.0,false
1298,62,38,2025-03-08,8.0,125.0,1000.0,true
1299,62,75,2025-02-01,8.0,173.0,1384.0,true
1300,62,38,2025-01-24,8.0,125.0,1000.0,false
1301,62,75,2025-02-22,8.0,173.0,1384.0,true
1302,62,19,2025-06-25,2.5,161.0,402.5,true
1303,62,19,2025-02-13,1.0,161.0,161.0,true
1304,62,18,2025-02-06,4.0,149.0,596.0,true
1305,62,18,2025-02-06,4.0,149.0,596.0,true
1306,62,75,2025-04-08,4.0,173.0,692.0,true
1307,62,75,2025-04-17,2.5,173.0,432.5,true
1308,62,75,2025-01-31,4.0,173.0,692.0,true
1309,63,58,2025-04-18,8.0,101.0,808.0,true
1310,63,55,2025-07-07,1.0,65.0,65.0,false
1311,63,55,2025-06-08,4.0,65.0,260.0,false
1312,63,55,2025-03-03,8.0,65.0,520.0,true
1313,63,58,2025-05-15,4.0,101.0,404.0,true
1314,63,58,2025-04-27,2.5,101.0,252.5,false
1315,63,58,2025-02-24,8.0,101.0,808.0,true
1316,63,55,2025-03-18,4.0,65.0,260.0,true
1317,63,58,2025-04-06,8.0,101.0,808.0,true
1318,63,58,2025-01-03,8.0,101.0,808.0,true
1319,63,55,2025-06-08,2.5,65.0,162.5,true
1320,63,55,2025-04-28,1.0,65.0,65.0,true
1321,63,55,2025-07-21,1.0,65.0,65.0,false
1322,63,55,2025-01-30,8.0,65.0,520.0,true
1323,63,58,2025-04-05,2.5,101.0,252.5,false
1324,63,58,2025-02-03,1.0,101.0,101.0,true
1325,64,59,2025-01-17,1.0,113.0,113.0,true
1326,64,59,2025-03-21,8.0,113.0,904.0,true
1327,64,25,2025-06-12,1.0,101.0,101.0,true
1328,64,25,2025-02-08,8.0,101.0,808.0,true
1329,64,59,2025-07-12,2.5,113.0,282.5,true
1330,64,59,2025-06-29,8.0,113.0,904.0,true
1331,64,25,2025-06-14,1.0,101.0,101.0,true
1332,64,25,2025-07-19,2.5,101.0,252.5,true
1333,64,25,2025-01-22,8.0,101.0,808.0,true
1334,64,5,2025-06-15,2.5,125.0,312.5,true
1335,64,42,2025-01-15,4.0,173.0,692.0,true
1336,64,5,2025-02-06,1.0,125.0,125.0,true
1337,64,5,2025-04-10,4.0,125.0,500.0,true
1338,64,5,2025-03-31,1.0,125.0,125.0,false
1339,64,5,2025-05-29,8.0,125.0,1000.0,true
1340,64,5,2025-02-10,2.5,125.0,312.5,true
1341,64,42,2025-07-17,4.0,173.0,692.0,false
1342,64,5,2025-04-20,4.0,125.0,500.0,true
1343,64,25,2025-05-22,2.5,101.0,252.5,true
1344,64,59,2025-05-11,1.0,113.0,113.0,true
1345,64,5,2025-01-24,2.5,125.0,312.5,true
1346,64,5,2025-05-11,4.0,125.0,500.0,true
1347,64,25,2025-06-28,4.0,101.0,404.0,true
1348,64,59,2025-03-14,2.5,113.0,282.5,true
1349,64,59,2025-06-22,8.0,113.0,904.0,true
1350,64,25,2025-06-28,1.0,101.0,101.0,true
1351,64,25,2025-06-08,8.0,101.0,808.0,false
1352,64,5,2025-05-21,1.0,125.0,125.0,true
1353,65,4,2025-06-27,2.5,113.0,282.5,false
1354,65,4,2025-06-16,4.0,113.0,452.0,true
1355,65,22,2025-05-10,2.5,65.0,162.5,true
1356,65,4,2025-02-26,2.5,113.0,282.5,true
1357,65,4,2025-03-04,8.0,113.0,904.0,true
1358,65,4,2025-06-21,4.0,113.0,452.0,true
1359,65,22,2025-06-13,2.5,65.0,162.5,true
1360,65,24,2025-04-16,4.0,89.0,356.0,true
1361,65,22,2025-04-25,4.0,65.0,260.0,true
1362,65,22,2025-05-31,8.0,65.0,520.0,false
1363,65,4,2025-04-30,2.5,113.0,282.5,true
1364,65,22,2025-03-17,8.0,65.0,520.0,true
1365,65,22,2025-02-28,2.5,65.0,162.5,false
1366,65,22,2025-01-11,8.0,65.0,520.0,true
1367,65,34,2025-03-18,2.5,77.0,192.5,false
1368,65,4,2025-06-22,4.0,113.0,452.0,true
1369,65,34,2025-02-24,2.5,77.0,192.5,true
1370,65,34,2025-03-25,1.0,77.0,77.0,true
1371,65,22,2025-06-07,4.0,65.0,260.0,true
1372,65,24,2025-01-04,4.0,89.0,356.0,true
1373,66,12,2025-03-27,4.0,77.0,308.0,true
1374,66,24,2025-03-18,4.0,89.0,356.0,true
1375,66,12,2025-02-14,2.5,77.0,192.5,true
1376,66,70,2025-02-07,4.0,113.0,452.0,true
1377,66,57,2025-06-28,4.0,89.0,356.0,false
1378,66,24,2025-03-09,1.0,89.0,89.0,true
1379,66,57,2025-04-25,2.5,89.0,222.5,true
1380,66,57,2025-07-13,4.0,89.0,356.0,true
1381,66,24,2025-03-07,2.5,89.0,222.5,true
1382,66,70,2025-04-29,4.0,113.0,452.0,true
1383,66,70,2025-02-13,1.0,113.0,113.0,true
1384,66,70,2025-06-22,2.5,113.0,282.5,true
1385,66,12,2025-02-12,1.0,77.0,77.0,true
1386,66,12,2025-05-09,4.0,77.0,308.0,true
1387,66,57,2025-01-08,1.0,89.0,89.0,true
1388,66,57,2025-03-22,8.0,89.0,712.0,true
1389,66,57,2025-02-25,4.0,89.0,356.0,true
1390,66,57,2025-06-24,8.0,89.0,712.0,true
1391,66,12,2025-02-28,4.0,77.0,308.0,true
1392,66,57,2025-03-18,1.0,89.0,89.0,true
1393,66,12,2025-06-05,4.0,77.0,308.0,true
1394,66,24,2025-03-16,4.0,89.0,356.0,true
1395,66,12,2025-03-02,4.0,77.0,308.0,false
1396,66,12,2025-05-24,2.5,77.0,192.5,true
1397,66,57,2025-04-05,2.5,89.0,222.5,true
1398,66,57,2025-01-20,4.0,89.0,356.0,true
1399,66,70,2025-05-16,1.0,113.0,113.0,true
1400,66,70,2025-07-19,8.0,113.0,904.0,true
1401,67,13,2025-04-17,1.0,89.0,89.0,false
1402,67,15,2025-02-27,2.5,113.0,282.5,true
1403,67,50,2025-05-21,1.0,137.0,137.0,false
1404,67,15,2025-03-02,1.0,113.0,113.0,true
1405,67,15,2025-06-20,1.0,113.0,113.0,true
1406,67,58,2025-02-13,2.5,101.0,252.5,true
1407,67,13,2025-02-07,4.0,89.0,356.0,true
1408,67,15,2025-07-14,8.0,113.0,904.0,false
1409,67,15,2025-02-28,8.0,113.0,904.0,true
1410,67,15,2025-05-02,4.0,113.0,452.0,true
1411,67,58,2025-01-10,8.0,101.0,808.0,false
1412,67,50,2025-04-26,4.0,137.0,548.0,true
1413,67,58,2025-06-07,8.0,101.0,808.0,true
1414,67,13,2025-04-19,8.0,89.0,712.0,true
1415,67,50,2025-05-21,8.0,137.0,1096.0,true
1416,67,15,2025-03-31,1.0,113.0,113.0,true
1417,67,50,2025-02-25,8.0,137.0,1096.0,true
1418,67,58,2025-03-05,4.0,101.0,404.0,true
1419,67,58,2025-01-21,8.0,101.0,808.0,true
1420,67,50,2025-04-03,2.5,137.0,342.5,true
1421,67,50,2025-02-06,1.0,137.0,137.0,true
1422,67,50,2025-07-07,1.0,137.0,137.0,true
1423,67,13,2025-03-27,2.5,89.0,222.5,true
1424,68,35,2025-02-24,8.0,89.0,712.0,true
1425,68,35,2025-03-10,4.0,89.0,356.0,true
1426,68,39,2025-07-05,8.0,137.0,1096.0,false
1427,68,39,2025-03-16,8.0,137.0,1096.0,true
1428,68,39,2025-03-17,8.0,137.0,1096.0,true
1429,68,35,2025-05-18,8.0,89.0,712.0,true
1430,68,68,2025-02-20,2.5,89.0,222.5,true
1431,68,39,2025-03-03,8.0,137.0,1096.0,true
1432,68,68,2025-01-28,1.0,89.0,89.0,true
1433,68,35,2025-06-07,2.5,89.0,222.5,false
1434,68,39,2025-02-03,2.5,137.0,342.5,true
1435,68,35,2025-05-23,1.0,89.0,89.0,true
1436,68,68,2025-03-01,4.0,89.0,356.0,true
1437,68,39,2025-01-29,2.5,137.0,342.5,false
1438,68,39,2025-02-15,8.0,137.0,1096.0,false
1439,68,35,2025-03-03,1.0,89.0,89.0,true
1440,68,39,2025-06-06,1.0,137.0,137.0,true
1441,68,35,2025-04-20,2.5,89.0,222.5,true
1442,68,39,2025-05-30,4.0,137.0,548.0,false
1443,68,39,2025-02-20,1.0,137.0,137.0,true
1444,68,39,2025-03-03,8.0,137.0,1096.0,true
1445,68,39,2025-03-02,2.5,137.0,342.5,true
1446,69,77,2025-05-21,8.0,65.0,520.0,false
1447,69,47,2025-06-30,4.0,101.0,404.0,true
1448,69,47,2025-02-06,8.0,101.0,808.0,true
1449,69,47,2025-05-19,4.0,101.0,404.0,true
1450,69,77,2025-04-26,2.5,65.0,162.5,true
1451,69,77,2025-05-27,1.0,65.0,65.0,false
1452,69,47,2025-03-22,4.0,101.0,404.0,true
1453,69,77,2025-01-28,4.0,65.0,260.0,true
1454,69,49,2025-04-14,1.0,125.0,125.0,true
1455,69,77,2025-04-06,1.0,65.0,65.0,true
1456,69,77,2025-01-20,1.0,65.0,65.0,true
1457,69,77,2025-02-16,4.0,65.0,260.0,true
1458,69,47,2025-05-19,4.0,101.0,404.0,false
1459,69,49,2025-03-07,8.0,125.0,1000.0,false
1460,69,47,2025-03-21,2.5,101.0,252.5,true
1461,69,47,2025-01-23,2.5,101.0,252.5,true
1462,69,77,2025-06-03,4.0,65.0,260.0,true
1463,70,25,2025-06-18,8.0,101.0,808.0,false
1464,70,21,2025-01-19,2.5,185.0,462.5,true
1465,70,51,2025-06-09,1.0,149.0,149.0,true
1466,70,15,2025-02-16,1.0,113.0,113.0,true
1467,70,15,2025-06-16,8.0,113.0,904.0,true
1468,70,25,2025-02-07,4.0,101.0,404.0,true
1469,70,21,2025-03-29,4.0,185.0,740.0,true
1470,70,21,2025-01-15,8.0,185.0,1480.0,false
1471,70,15,2025-02-27,8.0,113.0,904.0,true
1472,70,21,2025-03-17,8.0,185.0,1480.0,true
1473,70,51,2025-07-03,4.0,149.0,596.0,false
1474,70,15,2025-03-21,8.0,113.0,904.0,false
1475,70,15,2025-05-01,8.0,113.0,904.0,true
1476,70,51,2025-03-07,1.0,149.0,149.0,true
1477,70,21,2025-01-19,4.0,185.0,740.0,false
1478,70,15,2025-01-17,4.0,113.0,452.0,false
1479,70,21,2025-03-28,2.5,185.0,462.5,false
1480,70,51,2025-02-08,2.5,149.0,372.5,true
1481,70,25,2025-05-19,1.0,101.0,101.0,false
1482,70,15,2025-07-22,4.0,113.0,452.0,true
1483,70,15,2025-02-10,8.0,113.0,904.0,true
1484,70,51,2025-06-27,2.5,149.0,372.5,false
1485,70,21,2025-03-24,4.0,185.0,740.0,true
1486,70,21,2025-03-16,2.5,185.0,462.5,true
1487,71,41,2025-03-29,2.5,161.0,402.5,true
1488,71,41,2025-02-25,1.0,161.0,161.0,true
1489,71,41,2025-07-16,4.0,161.0,644.0,true
1490,71,41,2025-07-12,2.5,161.0,402.5,false
1491,71,65,2025-06-28,8.0,185.0,1480.0,false
1492,71,65,2025-02-20,4.0,185.0,740.0,true
1493,71,41,2025-06-04,8.0,161.0,1288.0,false
1494,71,65,2025-06-14,4.0,185.0,740.0,true
1495,71,65,2025-05-22,8.0,185.0,1480.0,true
1496,71,41,2025-05-01,2.5,161.0,402.5,true
1497,71,65,2025-07-13,4.0,185.0,740.0,true
1498,71,41,2025-06-30,8.0,161.0,1288.0,false
1499,71,65,2025-04-04,4.0,185.0,740.0,true
1500,71,65,2025-01-21,4.0,185.0,740.0,true
1501,72,26,2025-03-21,4.0,113.0,452.0,true
1502,72,26,2025-05-18,4.0,113.0,452.0,true
1503,72,17,2025-01-05,8.0,137.0,1096.0,true
1504,72,26,2025-03-07,8.0,113.0,904.0,false
1505,72,26,2025-03-05,1.0,113.0,113.0,false
1506,72,17,2025-06-10,1.0,137.0,137.0,false
1507,72,26,2025-01-09,4.0,113.0,452.0,true
1508,72,17,2025-03-17,1.0,137.0,137.0,false
1509,72,26,2025-01-26,2.5,113.0,282.5,true
1510,72,17,2025-02-27,8.0,137.0,1096.0,true
1511,72,17,2025-06-04,4.0,137.0,548.0,true
1512,72,26,2025-05-25,4.0,113.0,452.0,true
1513,72,17,2025-03-22,2.5,137.0,342.5,true
1514,72,17,2025-05-04,4.0,137.0,548.0,true
1515,72,17,2025-07-02,4.0,137.0,548.0,true
1516,72,26,2025-05-26,4.0,113.0,452.0,true
1517,72,26,2025-03-17,8.0,113.0,904.0,true
1518,72,17,2025-03-07,8.0,137.0,1096.0,true
1519,72,17,2025-06-21,2.5,137.0,342.5,true
1520,72,17,2025-05-13,4.0,137.0,548.0,true
1521,72,26,2025-05-30,8.0,113.0,904.0,false
1522,72,26,2025-07-20,2.5,113.0,282.5,false
1523,73,72,2025-06-07,8.0,137.0,1096.0,false
1524,73,25,2025-07-21,2.5,101.0,252.5,false
1525,73,72,2025-02-07,1.0,137.0,137.0,false
1526,73,25,2025-04-09,2.5,101.0,252.5,true
1527,73,47,2025-05-05,1.0,101.0,101.0,false
1528,73,25,2025-05-10,2.5,101.0,252.5,true
1529,73,25,2025-03-07,1.0,101.0,101.0,true
1530,73,72,2025-06-03,1.0,137.0,137.0,true
1531,73,72,2025-02-09,8.0,137.0,1096.0,true
1532,73,72,2025-05-11,4.0,137.0,548.0,true
1533,73,72,2025-02-02,1.0,137.0,137.0,true
1534,73,72,2025-06-06,8.0,137.0,1096.0,false
1535,73,47,2025-05-28,1.0,101.0,101.0,true
1536,73,47,2025-03-28,2.5,101.0,252.5,false
1537,73,47,2025-02-01,1.0,101.0,101.0,true
1538,73,72,2025-01-18,1.0,137.0,137.0,true
1539,74,64,2025-05-31,2.5,173.0,432.5,true
1540,74,64,2025-06-27,8.0,173.0,1384.0,false
1541,74,64,2025-05-28,1.0,173.0,173.0,true
1542,74,64,2025-02-21,4.0,173.0,692.0,false
1543,74,3,2025-03-28,4.0,101.0,404.0,true
1544,74,64,2025-01-30,2.5,173.0,432.5,true
1545,74,3,2025-07-11,1.0,101.0,101.0,true
1546,74,3,2025-01-24,4.0,101.0,404.0,true
1547,74,3,2025-07-07,8.0,101.0,808.0,true
1548,74,3,2025-06-23,1.0,101.0,101.0,false
1549,74,64,2025-04-15,4.0,173.0,692.0,true
1550,74,3,2025-03-19,4.0,101.0,404.0,true
1551,74,64,2025-03-25,8.0,173.0,1384.0,true
1552,74,3,2025-07-01,2.5,101.0,252.5,false
1553,74,3,2025-07-11,1.0,101.0,101.0,true
1554,74,3,2025-05-19,4.0,101.0,404.0,true
1555,74,64,2025-01-05,4.0,173.0,692.0,false
1556,74,64,2025-03-21,1.0,173.0,173.0,true
1557,74,3,2025-06-12,8.0,101.0,808.0,true
1558,74,3,2025-06-25,1.0,101.0,101.0,true
1559,74,3,2025-01-22,1.0,101.0,101.0,true
1560,74,64,2025-07-10,1.0,173.0,173.0,true
1561,74,3,2025-03-31,8.0,101.0,808.0,true
1562,74,3,2025-05-28,8.0,101.0,808.0,true
1563,74,3,2025-03-24,4.0,101.0,404.0,true
1564,74,64,2025-03-02,4.0,173.0,692.0,true
1565,75,17,2025-07-19,8.0,137.0,1096.0,true
1566,75,19,2025-06-09,2.5,161.0,402.5,true
1567,75,17,2025-07-01,2.5,137.0,342.5,true
1568,75,17,2025-06-07,2.5,137.0,342.5,false
1569,75,17,2025-04-29,2.5,137.0,342.5,true
1570,75,19,2025-05-08,8.0,161.0,1288.0,true
1571,75,19,2025-05-29,2.5,161.0,402.5,true
1572,75,70,2025-02-20,2.5,113.0,282.5,true
1573,75,17,2025-07-08,4.0,137.0,548.0,true
1574,75,17,2025-02-16,2.5,137.0,342.5,false
1575,75,72,2025-06-19,2.5,137.0,342.5,true
1576,75,72,2025-01-08,4.0,137.0,548.0,false
1577,75,17,2025-01-13,1.0,137.0,137.0,false
1578,75,17,2025-04-08,2.5,137.0,342.5,true
1579,75,72,2025-05-13,1.0,137.0,137.0,true
1580,75,17,2025-01-22,2.5,137.0,342.5,true
1581,75,19,2025-07-15,4.0,161.0,644.0,true
1582,75,72,2025-02-06,1.0,137.0,137.0,true
1583,75,17,2025-05-10,2.5,137.0,342.5,true
1584,75,19,2025-01-11,8.0,161.0,1288.0,true
1585,76,21,2025-05-10,8.0,185.0,1480.0,true
1586,76,62,2025-03-22,8.0,149.0,1192.0,true
1587,76,62,2025-06-30,2.5,149.0,372.5,true
1588,76,62,2025-05-13,4.0,149.0,596.0,true
1589,76,44,2025-02-26,8.0,65.0,520.0,true
1590,76,62,2025-06-19,1.0,149.0,149.0,true
1591,76,44,2025-04-11,8.0,65.0,520.0,true
1592,76,5,2025-02-20,8.0,125.0,1000.0,true
1593,76,62,2025-05-05,1.0,149.0,149.0,true
1594,76,5,2025-04-18,8.0,125.0,1000.0,true
1595,76,44,2025-04-07,1.0,65.0,65.0,true
1596,76,44,2025-03-20,8.0,65.0,520.0,false
1597,76,21,2025-06-12,8.0,185.0,1480.0,true
1598,77,10,2025-04-01,4.0,185.0,740.0,false
1599,77,3,2025-01-17,2.5,101.0,252.5,false
1600,77,33,2025-05-31,8.0,65.0,520.0,false
1601,77,3,2025-05-20,2.5,101.0,252.5,false
1602,77,10,2025-06-25,2.5,185.0,462.5,true
1603,77,33,2025-01-14,2.5,65.0,162.5,true
1604,77,10,2025-04-11,4.0,185.0,740.0,true
1605,77,33,2025-01-14,1.0,65.0,65.0,true
1606,77,3,2025-02-17,1.0,101.0,101.0,true
1607,77,33,2025-06-09,4.0,65.0,260.0,true
1608,77,3,2025-01-15,8.0,101.0,808.0,true
1609,77,3,2025-07-05,2.5,101.0,252.5,true
1610,77,10,2025-01-23,4.0,185.0,740.0,true
1611,77,3,2025-07-06,1.0,101.0,101.0,true
1612,78,71,2025-04-29,2.5,125.0,312.5,true
1613,78,71,2025-05-27,8.0,125.0,1000.0,true
1614,78,28,2025-05-05,4.0,137.0,548.0,false
1615,78,71,2025-03-19,8.0,125.0,1000.0,true
1616,78,28,2025-07-02,1.0,137.0,137.0,true
1617,78,71,2025-01-24,1.0,125.0,125.0,true
1618,78,71,2025-04-25,2.5,125.0,312.5,true
1619,78,71,2025-06-30,8.0,125.0,1000.0,false
1620,78,43,2025-01-30,1.0,185.0,185.0,true
1621,78,43,2025-06-19,1.0,185.0,185.0,true
1622,78,43,2025-03-31,4.0,185.0,740.0,true
1623,78,30,2025-02-17,4.0,161.0,644.0,true
1624,78,30,2025-01-20,1.0,161.0,161.0,true
1625,78,43,2025-04-30,8.0,185.0,1480.0,true
1626,78,71,2025-07-09,2.5,125.0,312.5,false
1627,78,28,2025-06-07,4.0,137.0,548.0,true
1628,78,30,2025-04-11,1.0,161.0,161.0,true
1629,78,71,2025-06-08,2.5,125.0,312.5,true
1630,78,43,2025-01-13,2.5,185.0,462.5,true
1631,78,71,2025-05-20,4.0,125.0,500.0,true
1632,78,43,2025-02-08,8.0,185.0,1480.0,true
1633,78,28,2025-01-16,1.0,137.0,137.0,true
1634,78,30,2025-01-10,1.0,161.0,161.0,true
1635,79,17,2025-02-01,4.0,137.0,548.0,true
1636,79,17,2025-05-24,8.0,137.0,1096.0,false
1637,79,2,2025-02-03,1.0,89.0,89.0,false
1638,79,2,2025-03-17,1.0,89.0,89.0,true
1639,79,2,2025-01-26,1.0,89.0,89.0,true
1640,79,2,2025-03-19,8.0,89.0,712.0,true
1641,79,2,2025-05-04,1.0,89.0,89.0,true
1642,79,2,2025-04-13,4.0,89.0,356.0,false
1643,79,17,2025-02-05,4.0,137.0,548.0,false
1644,79,17,2025-04-24,4.0,137.0,548.0,true
1645,79,17,2025-06-13,8.0,137.0,1096.0,false
1646,79,2,2025-03-25,1.0,89.0,89.0,false
1647,79,17,2025-03-02,1.0,137.0,137.0,true
1648,79,2,2025-01-20,4.0,89.0,356.0,true
1649,79,2,2025-05-18,4.0,89.0,356.0,false
1650,79,17,2025-05-26,1.0,137.0,137.0,true
1651,79,17,2025-03-04,1.0,137.0,137.0,true
1652,79,2,2025-03-19,1.0,89.0,89.0,true
1653,79,2,2025-01-28,1.0,89.0,89.0,true
1654,79,17,2025-06-18,8.0,137.0,1096.0,true
1655,79,17,2025-02-20,4.0,137.0,548.0,true
1656,79,17,2025-04-27,2.5,137.0,342.5,true
1657,79,2,2025-05-13,2.5,89.0,222.5,true
1658,79,2,2025-05-26,4.0,89.0,356.0,false
1659,79,2,2025-01-20,4.0,89.0,356.0,true
1660,79,2,2025-03-28,1.0,89.0,89.0,true
1661,79,17,2025-05-29,8.0,137.0,1096.0,false
1662,80,28,2025-03-08,1.0,137.0,137.0,true
1663,80,48,2025-07-20,1.0,113.0,113.0,true
1664,80,61,2025-01-28,8.0,137.0,1096.0,false
1665,80,48,2025-06-02,1.0,113.0,113.0,true
1666,80,61,2025-02-23,4.0,137.0,548.0,false
1667,80,48,2025-01-24,4.0,113.0,452.0,true
1668,80,38,2025-07-13,2.5,125.0,312.5,true
1669,80,38,2025-05-13,1.0,125.0,125.0,true
1670,80,61,2025-05-05,1.0,137.0,137.0,false
1671,80,61,2025-04-02,4.0,137.0,548.0,false
1672,80,28,2025-03-02,8.0,137.0,1096.0,true
1673,80,28,2025-02-10,1.0,137.0,137.0,true
1674,80,48,2025-05-06,4.0,113.0,452.0,false
1675,80,48,2025-02-02,1.0,113.0,113.0,true
1676,80,48,2025-07-13,4.0,113.0,452.0,false
1677,80,48,2025-03-30,2.5,113.0,282.5,true
1678,80,38,2025-01-08,8.0,125.0,1000.0,true
1679,80,28,2025-04-24,1.0,137.0,137.0,true
1680,80,28,2025-06-24,8.0,137.0,1096.0,true
1681,80,28,2025-03-12,4.0,137.0,548.0,true
1682,80,28,2025-02-19,1.0,137.0,137.0,true
1683,80,38,2025-06-14,2.5,125.0,312.5,true
1684,80,48,2025-02-18,8.0,113.0,904.0,true
1685,80,48,2025-02-08,4.0,113.0,452.0,false
1686,80,61,2025-01-06,2.5,137.0,342.5,true
1687,80,28,2025-02-23,4.0,137.0,548.0,true
1688,80,61,2025-03-26,1.0,137.0,137.0,true
1689,80,38,2025-02-04,2.5,125.0,312.5,false
1690,81,11,2025-04-29,8.0,65.0,520.0,false
1691,81,71,2025-01-13,4.0,125.0,500.0,true
1692,81,2,2025-02-17,8.0,89.0,712.0,true
1693,81,60,2025-03-21,4.0,125.0,500.0,true
1694,81,2,2025-05-17,4.0,89.0,356.0,true
1695,81,71,2025-06-22,1.0,125.0,125.0,true
1696,81,71,2025-03-08,2.5,125.0,312.5,false
1697,81,71,2025-04-28,1.0,125.0,125.0,true
1698,81,60,2025-05-11,4.0,125.0,500.0,false
1699,81,60,2025-02-09,4.0,125.0,500.0,false
1700,81,2,2025-03-04,4.0,89.0,356.0,false
1701,81,2,2025-01-10,4.0,89.0,356.0,true
1702,81,60,2025-06-12,8.0,125.0,1000.0,true
1703,81,71,2025-03-02,2.5,125.0,312.5,true
1704,81,2,2025-02-11,4.0,89.0,356.0,false
1705,81,11,2025-06-22,1.0,65.0,65.0,true
1706,81,60,2025-03-23,8.0,125.0,1000.0,true
1707,81,2,2025-06-13,2.5,89.0,222.5,true
1708,81,2,2025-05-19,4.0,89.0,356.0,true
1709,81,11,2025-02-27,8.0,65.0,520.0,false
1710,81,60,2025-01-21,1.0,125.0,125.0,false
1711,81,2,2025-04-08,2.5,89.0,222.5,false
1712,81,11,2025-05-07,1.0,65.0,65.0,true
1713,81,60,2025-06-29,4.0,125.0,500.0,true
1714,81,2,2025-02-13,4.0,89.0,356.0,true
1715,81,71,2025-03-02,2.5,125.0,312.5,false
1716,81,60,2025-05-04,4.0,125.0,500.0,true
1717,81,60,2025-03-22,4.0,125.0,500.0,true
1718,82,41,2025-02-14,8.0,161.0,1288.0,true
1719,82,73,2025-07-04,2.5,149.0,372.5,true
1720,82,73,2025-07-11,4.0,149.0,596.0,true
1721,82,41,2025-07-14,2.5,161.0,402.5,false
1722,82,41,2025-05-20,8.0,161.0,1288.0,false
1723,82,72,2025-03-24,8.0,137.0,1096.0,true
1724,82,72,2025-03-08,1.0,137.0,137.0,false
1725,82,73,2025-05-16,1.0,149.0,149.0,false
1726,82,41,2025-04-17,2.5,161.0,402.5,true
1727,82,72,2025-04-28,1.0,137.0,137.0,true
1728,82,67,2025-02-16,4.0,77.0,308.0,true
1729,82,41,2025-07-09,1.0,161.0,161.0,false
1730,82,72,2025-03-04,1.0,137.0,137.0,true
1731,82,73,2025-07-09,1.0,149.0,149.0,true
1732,82,72,2025-04-23,2.5,137.0,342.5,true
1733,82,73,2025-02-12,4.0,149.0,596.0,true
1734,82,67,2025-04-21,1.0,77.0,77.0,false
1735,82,67,2025-02-04,1.0,77.0,77.0,false
1736,82,73,2025-07-12,1.0,149.0,149.0,true
1737,82,72,2025-05-31,8.0,137.0,1096.0,true
1738,82,67,2025-06-22,4.0,77.0,308.0,true
1739,82,67,2025-03-03,8.0,77.0,616.0,false
1740,82,73,2025-06-07,2.5,149.0,372.5,true
1741,83,3,2025-06-14,8.0,101.0,808.0,true
1742,83,32,2025-06-15,1.0,185.0,185.0,true
1743,83,68,2025-01-09,1.0,89.0,89.0,true
1744,83,16,2025-07-20,4.0,125.0,500.0,false
1745,83,32,2025-06-30,4.0,185.0,740.0,false
1746,83,68,2025-01-07,2.5,89.0,222.5,true
1747,83,68,2025-06-10,4.0,89.0,356.0,true
1748,83,3,2025-06-02,1.0,101.0,101.0,true
1749,83,3,2025-05-30,2.5,101.0,252.5,true
1750,83,32,2025-05-12,4.0,185.0,740.0,true
1751,83,3,2025-07-12,2.5,101.0,252.5,false
1752,83,3,2025-05-30,8.0,101.0,808.0,true
1753,83,16,2025-07-12,8.0,125.0,1000.0,true
1754,83,68,2025-03-28,1.0,89.0,89.0,false
1755,84,13,2025-02-09,8.0,89.0,712.0,true
1756,84,65,2025-05-25,2.5,185.0,462.5,false
1757,84,13,2025-06-26,8.0,89.0,712.0,true
1758,84,50,2025-05-19,4.0,137.0,548.0,true
1759,84,50,2025-06-09,4.0,137.0,548.0,true
1760,84,50,2025-04-08,1.0,137.0,137.0,true
1761,84,50,2025-05-30,8.0,137.0,1096.0,false
1762,84,50,2025-04-16,1.0,137.0,137.0,true
1763,84,50,2025-07-17,2.5,137.0,342.5,true
1764,84,13,2025-03-11,2.5,89.0,222.5,true
1765,84,50,2025-03-30,4.0,137.0,548.0,true
1766,84,65,2025-04-18,4.0,185.0,740.0,true
1767,84,65,2025-04-22,8.0,185.0,1480.0,true
1768,84,13,2025-05-04,8.0,89.0,712.0,true
1769,84,65,2025-03-14,8.0,185.0,1480.0,true
1770,84,13,2025-04-02,8.0,89.0,712.0,false
1771,84,65,2025-02-03,1.0,185.0,185.0,true
1772,84,13,2025-06-03,2.5,89.0,222.5,false
1773,84,65,2025-01-19,8.0,185.0,1480.0,true
1774,84,50,2025-06-02,1.0,137.0,137.0,true
1775,84,50,2025-04-24,8.0,137.0,1096.0,true
1776,84,50,2025-03-29,2.5,137.0,342.5,true
1777,84,65,2025-01-21,2.5,185.0,462.5,true
1778,85,1,2025-04-12,8.0,77.0,616.0,true
1779,85,23,2025-01-12,2.5,77.0,192.5,true
1780,85,1,2025-06-09,8.0,77.0,616.0,true
1781,85,1,2025-07-18,4.0,77.0,308.0,true
1782,85,43,2025-07-22,8.0,185.0,1480.0,true
1783,85,23,2025-01-09,8.0,77.0,616.0,true
1784,85,1,2025-05-13,2.5,77.0,192.5,true
1785,85,23,2025-05-08,2.5,77.0,192.5,true
1786,85,1,2025-03-24,2.5,77.0,192.5,true
1787,85,23,2025-01-14,1.0,77.0,77.0,true
1788,85,43,2025-05-31,8.0,185.0,1480.0,true
1789,85,23,2025-03-01,1.0,77.0,77.0,true
1790,85,23,2025-06-23,4.0,77.0,308.0,false
1791,85,23,2025-02-25,4.0,77.0,308.0,true
1792,85,43,2025-06-28,8.0,185.0,1480.0,false
1793,85,43,2025-04-09,1.0,185.0,185.0,true
1794,85,43,2025-05-13,4.0,185.0,740.0,true
1795,85,1,2025-05-29,4.0,77.0,308.0,true
1796,86,19,2025-03-02,4.0,161.0,644.0,true
1797,86,32,2025-01-17,2.5,185.0,462.5,true
1798,86,32,2025-04-18,4.0,185.0,740.0,true
1799,86,19,2025-06-24,1.0,161.0,161.0,true
1800,86,53,2025-06-06,8.0,173.0,1384.0,true
1801,86,53,2025-05-26,8.0,173.0,1384.0,true
1802,86,53,2025-05-17,4.0,173.0,692.0,true
1803,86,19,2025-01-25,1.0,161.0,161.0,true
1804,86,32,2025-05-05,1.0,185.0,185.0,false
1805,86,19,2025-05-27,2.5,161.0,402.5,true
1806,86,32,2025-01-13,4.0,185.0,740.0,true
1807,86,53,2025-03-08,8.0,173.0,1384.0,false
1808,86,53,2025-03-20,8.0,173.0,1384.0,true
1809,86,32,2025-07-12,1.0,185.0,185.0,true
1810,87,74,2025-03-26,8.0,161.0,1288.0,true
1811,87,74,2025-01-04,2.5,161.0,402.5,true
1812,87,66,2025-03-21,4.0,65.0,260.0,true
1813,87,74,2025-05-05,8.0,161.0,1288.0,false
1814,87,74,2025-03-31,2.5,161.0,402.5,true
1815,87,66,2025-03-30,2.5,65.0,162.5,false
1816,87,74,2025-04-14,4.0,161.0,644.0,true
1817,87,66,2025-02-07,4.0,65.0,260.0,true
1818,87,74,2025-02-12,2.5,161.0,402.5,false
1819,87,66,2025-04-10,1.0,65.0,65.0,true
1820,87,66,2025-02-13,4.0,65.0,260.0,true
1821,87,66,2025-03-27,2.5,65.0,162.5,false
1822,88,28,2025-06-12,8.0,137.0,1096.0,true
1823,88,33,2025-05-24,1.0,65.0,65.0,true
1824,88,6,2025-06-22,1.0,137.0,137.0,true
1825,88,73,2025-03-13,2.5,149.0,372.5,true
1826,88,28,2025-01-18,1.0,137.0,137.0,true
1827,88,28,2025-01-06,8.0,137.0,1096.0,true
1828,88,6,2025-01-04,4.0,137.0,548.0,true
1829,88,6,2025-06-22,2.5,137.0,342.5,true
1830,88,28,2025-03-02,2.5,137.0,342.5,false
1831,88,28,2025-05-21,4.0,137.0,548.0,false
1832,88,33,2025-03-07,8.0,65.0,520.0,true
1833,88,28,2025-06-01,8.0,137.0,1096.0,true
1834,88,28,2025-01-20,2.5,137.0,342.5,true
1835,88,33,2025-04-08,2.5,65.0,162.5,true
1836,88,73,2025-01-15,1.0,149.0,149.0,true
1837,88,73,2025-03-17,1.0,149.0,149.0,false
1838,88,33,2025-01-16,8.0,65.0,520.0,true
1839,88,73,2025-06-04,8.0,149.0,1192.0,false
1840,88,73,2025-06-06,1.0,149.0,149.0,true
1841,88,73,2025-01-30,4.0,149.0,596.0,false
1842,88,6,2025-02-03,8.0,137.0,1096.0,true
1843,88,28,2025-03-18,2.5,137.0,342.5,true
1844,88,33,2025-03-24,2.5,65.0,162.5,true
1845,88,73,2025-01-23,2.5,149.0,372.5,true
1846,88,28,2025-04-12,1.0,137.0,137.0,true
1847,88,28,2025-01-18,4.0,137.0,548.0,true
1848,89,8,2025-01-05,2.5,161.0,402.5,true
1849,89,8,2025-04-19,2.5,161.0,402.5,true
1850,89,76,2025-04-03,4.0,185.0,740.0,true
1851,89,8,2025-02-23,4.0,161.0,644.0,true
1852,89,76,2025-01-08,1.0,185.0,185.0,true
1853,89,8,2025-05-18,4.0,161.0,644.0,true
1854,89,76,2025-01-06,4.0,185.0,740.0,true
1855,89,76,2025-06-15,2.5,185.0,462.5,true
1856,89,8,2025-05-08,4.0,161.0,644.0,true
1857,89,8,2025-06-17,2.5,161.0,402.5,true
1858,89,76,2025-06-26,1.0,185.0,185.0,false
1859,89,8,2025-04-10,2.5,161.0,402.5,false
1860,89,76,2025-03-15,8.0,185.0,1480.0,true
1861,89,8,2025-07-20,2.5,161.0,402.5,true
1862,89,76,2025-06-18,4.0,185.0,740.0,true
1863,89,8,2025-06-05,1.0,161.0,161.0,true
1864,89,76,2025-04-09,2.5,185.0,462.5,true
1865,89,8,2025-05-21,1.0,161.0,161.0,true
1866,89,76,2025-07-15,8.0,185.0,1480.0,false
1867,89,76,2025-03-08,4.0,185.0,740.0,true
1868,89,8,2025-07-21,1.0,161.0,161.0,false
1869,89,8,2025-01-29,8.0,161.0,1288.0,true
1870,89,8,2025-05-18,4.0,161.0,644.0,true
1871,89,76,2025-05-02,8.0,185.0,1480.0,true
1872,89,76,2025-03-31,1.0,185.0,185.0,true
1873,89,8,2025-06-08,2.5,161.0,402.5,true
1874,89,8,2025-02-27,1.0,161.0,161.0,true
1875,89,76,2025-01-13,1.0,185.0,185.0,true
1876,90,72,2025-05-12,8.0,137.0,1096.0,false
1877,90,22,2025-04-11,8.0,65.0,520.0,true
1878,90,72,2025-06-13,1.0,137.0,137.0,false
1879,90,22,2025-04-19,4.0,65.0,260.0,true
1880,90,72,2025-07-08,4.0,137.0,548.0,true
1881,90,22,2025-07-04,1.0,65.0,65.0,false
1882,90,22,2025-01-07,1.0,65.0,65.0,true
1883,90,22,2025-05-18,2.5,65.0,162.5,true
1884,90,72,2025-07-19,2.5,137.0,342.5,true
1885,90,72,2025-06-15,8.0,137.0,1096.0,true
1886,90,72,2025-02-25,2.5,137.0,342.5,true
1887,90,72,2025-02-18,1.0,137.0,137.0,true
1888,90,72,2025-03-02,8.0,137.0,1096.0,true
1889,90,22,2025-03-30,4.0,65.0,260.0,false
1890,90,22,2025-02-12,4.0,65.0,260.0,true
1891,90,72,2025-02-08,4.0,137.0,548.0,true
1892,90,72,2025-06-25,1.0,137.0,137.0,true
1893,90,22,2025-05-05,4.0,65.0,260.0,true
1894,90,22,2025-01-20,8.0,65.0,520.0,true
1895,90,22,2025-02-05,8.0,65.0,520.0,true
1896,90,72,2025-03-31,2.5,137.0,342.5,false
1897,90,72,2025-04-14,2.5,137.0,342.5,true
1898,90,22,2025-05-02,2.5,65.0,162.5,false
1899,90,22,2025-07-20,2.5,65.0,162.5,true
1900,90,22,2025-07-06,8.0,65.0,520.0,true
1901,91,37,2025-07-10,4.0,113.0,452.0,true
1902,91,80,2025-03-21,4.0,101.0,404.0,false
1903,91,37,2025-04-16,2.5,113.0,282.5,true
1904,91,80,2025-03-06,2.5,101.0,252.5,true
1905,91,37,2025-01-29,2.5,113.0,282.5,true
1906,91,37,2025-03-03,2.5,113.0,282.5,true
1907,91,80,2025-04-13,2.5,101.0,252.5,false
1908,91,37,2025-05-31,2.5,113.0,282.5,false
1909,91,37,2025-01-19,1.0,113.0,113.0,true
1910,91,80,2025-04-14,1.0,101.0,101.0,true
1911,91,80,2025-02-08,2.5,101.0,252.5,false
1912,91,37,2025-07-18,2.5,113.0,282.5,true
1913,91,80,2025-05-01,2.5,101.0,252.5,true
1914,91,80,2025-01-18,1.0,101.0,101.0,true
1915,91,80,2025-02-05,4.0,101.0,404.0,false
1916,91,80,2025-03-15,4.0,101.0,404.0,true
1917,91,37,2025-03-28,2.5,113.0,282.5,true
1918,91,80,2025-05-01,1.0,101.0,101.0,true
1919,91,37,2025-02-25,2.5,113.0,282.5,true
1920,91,80,2025-04-02,2.5,101.0,252.5,false
1921,92,11,2025-03-31,8.0,65.0,520.0,true
1922,92,44,2025-06-14,8.0,65.0,520.0,true
1923,92,11,2025-07-16,4.0,65.0,260.0,false
1924,92,44,2025-06-19,1.0,65.0,65.0,true
1925,92,11,2025-04-27,8.0,65.0,520.0,true
1926,92,11,2025-07-19,8.0,65.0,520.0,true
1927,92,44,2025-07-18,4.0,65.0,260.0,true
1928,92,11,2025-01-24,8.0,65.0,520.0,true
1929,92,11,2025-03-03,4.0,65.0,260.0,false
1930,92,11,2025-02-20,1.0,65.0,65.0,true
1931,92,11,2025-06-02,2.5,65.0,162.5,true
1932,92,44,2025-01-04,4.0,65.0,260.0,true
1933,92,11,2025-06-30,4.0,65.0,260.0,true
1934,92,11,2025-05-28,4.0,65.0,260.0,true
1935,92,11,2025-04-02,1.0,65.0,65.0,true
1936,92,11,2025-05-16,2.5,65.0,162.5,true
1937,92,44,2025-07-19,2.5,65.0,162.5,true
1938,92,44,2025-01-03,8.0,65.0,520.0,true
1939,92,44,2025-06-15,4.0,65.0,260.0,false
1940,92,11,2025-04-21,8.0,65.0,520.0,true
1941,92,44,2025-02-21,4.0,65.0,260.0,true
1942,93,6,2025-05-26,4.0,137.0,548.0,true
1943,93,6,2025-05-07,2.5,137.0,342.5,false
1944,93,19,2025-05-22,4.0,161.0,644.0,true
1945,93,6,2025-02-21,2.5,137.0,342.5,true
1946,93,6,2025-04-25,1.0,137.0,137.0,true
1947,93,19,2025-03-05,8.0,161.0,1288.0,true
1948,93,6,2025-05-25,2.5,137.0,342.5,false
1949,93,19,2025-01-23,8.0,161.0,1288.0,true
1950,93,6,2025-07-21,8.0,137.0,1096.0,true
1951,93,6,2025-04-24,2.5,137.0,342.5,true
1952,93,6,2025-01-14,1.0,137.0,137.0,true
1953,93,6,2025-03-27,2.5,137.0,342.5,true
1954,93,6,2025-02-10,1.0,137.0,137.0,false
1955,93,19,2025-03-28,2.5,161.0,402.5,false
1956,93,19,2025-06-07,2.5,161.0,402.5,false
1957,93,6,2025-05-29,1.0,137.0,137.0,true
1958,93,19,2025-03-20,8.0,161.0,1288.0,true
1959,93,19,2025-02-01,4.0,161.0,644.0,true
1960,93,19,2025-03-20,1.0,161.0,161.0,false
1961,93,19,2025-01-31,1.0,161.0,161.0,false
1962,94,53,2025-05-28,8.0,173.0,1384.0,true
1963,94,54,2025-04-25,4.0,185.0,740.0,true
1964,94,54,2025-03-02,8.0,185.0,1480.0,true
1965,94,53,2025-03-30,4.0,173.0,692.0,false
1966,94,54,2025-05-30,8.0,185.0,1480.0,false
1967,94,53,2025-05-14,1.0,173.0,173.0,false
1968,94,53,2025-02-08,8.0,173.0,1384.0,true
1969,94,53,2025-06-23,8.0,173.0,1384.0,true
1970,94,54,2025-01-17,8.0,185.0,1480.0,false
1971,94,53,2025-05-13,2.5,173.0,432.5,true
1972,94,53,2025-06-03,2.5,173.0,432.5,true
1973,94,53,2025-02-27,2.5,173.0,432.5,true
1974,94,54,2025-05-14,8.0,185.0,1480.0,false
1975,94,54,2025-04-02,8.0,185.0,1480.0,true
1976,94,53,2025-02-20,4.0,173.0,692.0,true
1977,94,54,2025-07-08,2.5,185.0,462.5,false
1978,95,71,2025-02-12,4.0,125.0,500.0,true
1979,95,75,2025-01-18,1.0,173.0,173.0,false
1980,95,21,2025-02-28,1.0,185.0,185.0,true
1981,95,75,2025-06-30,2.5,173.0,432.5,true
1982,95,71,2025-07-16,8.0,125.0,1000.0,true
1983,95,71,2025-01-26,8.0,125.0,1000.0,true
1984,95,75,2025-05-05,2.5,173.0,432.5,true
1985,95,21,2025-03-17,8.0,185.0,1480.0,false
1986,95,21,2025-03-15,1.0,185.0,185.0,true
1987,95,5,2025-03-14,1.0,125.0,125.0,true
1988,95,71,2025-01-23,1.0,125.0,125.0,true
1989,95,75,2025-02-12,8.0,173.0,1384.0,true
1990,95,5,2025-07-09,4.0,125.0,500.0,true
1991,95,21,2025-06-27,8.0,185.0,1480.0,true
1992,95,5,2025-04-27,1.0,125.0,125.0,true
1993,95,21,2025-03-01,4.0,185.0,740.0,true
1994,95,75,2025-02-18,1.0,173.0,173.0,true
1995,95,75,2025-06-06,2.5,173.0,432.5,false
1996,96,55,2025-04-08,2.5,65.0,162.5,true
1997,96,55,2025-06-19,1.0,65.0,65.0,true
1998,96,2,2025-02-11,1.0,89.0,89.0,true
1999,96,2,2025-06-18,8.0,89.0,712.0,true
2000,96,34,2025-06-18,1.0,77.0,77.0,true
2001,96,34,2025-04-13,4.0,77.0,308.0,true
2002,96,34,2025-03-03,2.5,77.0,192.5,true
2003,96,34,2025-07-01,8.0,77.0,616.0,false
2004,96,2,2025-01-15,8.0,89.0,712.0,false
2005,96,2,2025-06-23,4.0,89.0,356.0,false
2006,96,55,2025-04-08,8.0,65.0,520.0,true
2007,96,68,2025-01-14,2.5,89.0,222.5,false
2008,97,56,2025-04-18,8.0,77.0,616.0,true
2009,97,35,2025-04-09,4.0,89.0,356.0,true
2010,97,35,2025-07-09,2.5,89.0,222.5,true
2011,97,8,2025-05-22,1.0,161.0,161.0,true
2012,97,56,2025-07-16,4.0,77.0,308.0,true
2013,97,35,2025-04-23,4.0,89.0,356.0,true
2014,97,35,2025-04-07,1.0,89.0,89.0,true
2015,97,35,2025-04-13,1.0,89.0,89.0,true
2016,97,56,2025-07-15,4.0,77.0,308.0,false
2017,97,35,2025-05-03,8.0,89.0,712.0,true
2018,97,35,2025-06-12,8.0,89.0,712.0,true
2019,97,8,2025-05-16,1.0,161.0,161.0,false
2020,97,35,2025-05-26,1.0,89.0,89.0,true
2021,97,8,2025-03-22,4.0,161.0,644.0,true
2022,97,8,2025-03-22,1.0,161.0,161.0,true
2023,97,35,2025-05-25,2.5,89.0,222.5,true
2024,97,35,2025-05-21,8.0,89.0,712.0,true
2025,98,27,2025-01-22,1.0,125.0,125.0,true
2026,98,72,2025-05-21,1.0,137.0,137.0,true
2027,98,29,2025-05-04,8.0,149.0,1192.0,false
2028,98,72,2025-06-06,8.0,137.0,1096.0,true
2029,98,72,2025-05-14,2.5,137.0,342.5,true
2030,98,72,2025-05-12,8.0,137.0,1096.0,false
2031,98,72,2025-06-20,2.5,137.0,342.5,true
2032,98,27,2025-01-25,8.0,125.0,1000.0,false
2033,98,72,2025-01-23,2.5,137.0,342.5,true
2034,98,27,2025-07-18,8.0,125.0,1000.0,false
2035,98,72,2025-06-13,8.0,137.0,1096.0,true
2036,98,29,2025-04-19,1.0,149.0,149.0,false
2037,98,27,2025-05-25,4.0,125.0,500.0,true
2038,98,27,2025-01-16,1.0,125.0,125.0,true
2039,98,29,2025-06-15,8.0,149.0,1192.0,true
2040,98,29,2025-07-12,2.5,149.0,372.5,true
2041,98,29,2025-01-12,8.0,149.0,1192.0,true
2042,98,29,2025-06-11,4.0,149.0,596.0,true
2043,98,29,2025-06-03,8.0,149.0,1192.0,false
2044,98,72,2025-01-21,8.0,137.0,1096.0,false
2045,98,27,2025-01-18,4.0,125.0,500.0,true
2046,98,72,2025-04-29,4.0,137.0,548.0,true
2047,98,72,2025-07-14,4.0,137.0,548.0,true
2048,98,27,2025-07-01,1.0,125.0,125.0,false
2049,98,72,2025-04-11,1.0,137.0,137.0,true
2050,98,72,2025-06-01,2.5,137.0,342.5,true
2051,98,27,2025-03-21,4.0,125.0,500.0,false
2052,99,74,2025-02-18,4.0,161.0,644.0,true
2053,99,74,2025-03-23,8.0,161.0,1288.0,false
2054,99,7,2025-03-17,1.0,149.0,149.0,true
2055,99,7,2025-02-20,2.5,149.0,372.5,true
2056,99,74,2025-06-21,8.0,161.0,1288.0,true
2057,99,46,2025-02-14,1.0,89.0,89.0,true
2058,99,74,2025-05-26,4.0,161.0,644.0,true
2059,99,74,2025-03-27,4.0,161.0,644.0,true
2060,99,7,2025-06-18,4.0,149.0,596.0,true
2061,99,74,2025-01-06,8.0,161.0,1288.0,true
2062,99,46,2025-07-06,8.0,89.0,712.0,true
2063,99,46,2025-05-07,2.5,89.0,222.5,true
2064,99,7,2025-01-27,8.0,149.0,1192.0,true
2065,99,46,2025-04-09,4.0,89.0,356.0,true
2066,99,46,2025-05-23,4.0,89.0,356.0,true
2067,99,7,2025-04-11,1.0,149.0,149.0,false
2068,99,7,2025-04-28,1.0,149.0,149.0,true
2069,99,46,2025-02-14,2.5,89.0,222.5,true
2070,99,7,2025-04-12,8.0,149.0,1192.0,true
2071,99,46,2025-04-17,2.5,89.0,222.5,true
2072,99,74,2025-06-08,1.0,161.0,161.0,true
2073,100,22,2025-03-09,1.0,65.0,65.0,true
2074,100,22,2025-04-13,1.0,65.0,65.0,true
2075,100,22,2025-02-14,2.5,65.0,162.5,true
2076,100,30,2025-01-08,2.5,161.0,402.5,true
2077,100,30,2025-03-31,8.0,161.0,1288.0,false
2078,100,66,2025-04-13,1.0,65.0,65.0,true
2079,100,22,2025-05-03,1.0,65.0,65.0,true
2080,100,30,2025-05-07,8.0,161.0,1288.0,true
2081,100,22,2025-07-14,4.0,65.0,260.0,true
2082,100,66,2025-05-17,1.0,65.0,65.0,true
2083,100,66,2025-03-16,8.0,65.0,520.0,true
2084,100,22,2025-01-10,1.0,65.0,65.0,true
2085,100,30,2025-05-01,1.0,161.0,161.0,true
2086,100,22,2025-01-03,8.0,65.0,520.0,false
2087,100,30,2025-07-20,2.5,161.0,402.5,true
2088,100,66,2025-03-04,2.5,65.0,162.5,true
2089,100,30,2025-05-27,2.5,161.0,402.5,true
2090,100,22,2025-06-01,4.0,65.0,260.0,true
2091,101,36,2025-03-06,1.0,101.0,101.0,true
2092,101,36,2025-05-25,2.5,101.0,252.5,true
2093,101,36,2025-02-02,2.5,101.0,252.5,true
2094,101,58,2025-01-26,2.5,101.0,252.5,true
2095,101,58,2025-03-19,8.0,101.0,808.0,false
2096,101,36,2025-07-11,1.0,101.0,101.0,true
2097,101,58,2025-05-15,2.5,101.0,252.5,true
2098,101,36,2025-06-11,1.0,101.0,101.0,true
2099,101,36,2025-04-24,4.0,101.0,404.0,true
2100,101,36,2025-02-28,2.5,101.0,252.5,true
2101,101,36,2025-05-31,4.0,101.0,404.0,true
2102,101,36,2025-06-12,4.0,101.0,404.0,false
2103,101,58,2025-06-09,1.0,101.0,101.0,true
2104,101,78,2025-04-15,4.0,77.0,308.0,true
2105,101,36,2025-06-23,4.0,101.0,404.0,true
2106,101,58,2025-02-22,1.0,101.0,101.0,false
2107,101,36,2025-05-26,1.0,101.0,101.0,true
2108,101,78,2025-06-11,1.0,77.0,77.0,true
2109,101,58,2025-04-13,1.0,101.0,101.0,true
2110,101,36,2025-05-21,4.0,101.0,404.0,true
2111,101,58,2025-04-11,8.0,101.0,808.0,true
2112,102,40,2025-07-03,4.0,149.0,596.0,true
2113,102,47,2025-03-03,8.0,101.0,808.0,true
2114,102,10,2025-06-21,1.0,185.0,185.0,true
2115,102,10,2025-05-06,1.0,185.0,185.0,false
2116,102,40,2025-02-28,4.0,149.0,596.0,true
2117,102,10,2025-04-10,1.0,185.0,185.0,true
2118,102,36,2025-02-27,2.5,101.0,252.5,true
2119,102,40,2025-01-27,8.0,149.0,1192.0,true
2120,102,40,2025-01-20,2.5,149.0,372.5,true
2121,102,47,2025-05-23,1.0,101.0,101.0,true
2122,102,36,2025-01-09,8.0,101.0,808.0,true
2123,102,40,2025-03-13,8.0,149.0,1192.0,true
2124,102,36,2025-06-08,4.0,101.0,404.0,true
2125,102,47,2025-02-09,2.5,101.0,252.5,true
2126,102,47,2025-02-27,1.0,101.0,101.0,true
2127,102,40,2025-02-27,2.5,149.0,372.5,true
2128,102,36,2025-03-24,4.0,101.0,404.0,true
2129,102,47,2025-06-20,8.0,101.0,808.0,true
2130,102,40,2025-01-06,1.0,149.0,149.0,true
2131,102,47,2025-04-19,1.0,101.0,101.0,true
2132,102,47,2025-04-15,1.0,101.0,101.0,true
2133,102,47,2025-01-03,2.5,101.0,252.5,true
2134,102,40,2025-01-28,2.5,149.0,372.5,true
2135,103,55,2025-01-04,4.0,65.0,260.0,false
2136,103,1,2025-07-20,8.0,77.0,616.0,true
2137,103,1,2025-05-02,1.0,77.0,77.0,false
2138,103,71,2025-01-20,2.5,125.0,312.5,true
2139,103,5,2025-03-16,2.5,125.0,312.5,false
2140,103,71,2025-04-22,2.5,125.0,312.5,true
2141,103,1,2025-03-12,8.0,77.0,616.0,true
2142,103,5,2025-02-13,8.0,125.0,1000.0,false
2143,103,5,2025-04-19,2.5,125.0,312.5,true
2144,103,5,2025-02-28,2.5,125.0,312.5,true
2145,103,5,2025-04-21,2.5,125.0,312.5,true
2146,103,55,2025-06-18,4.0,65.0,260.0,true
2147,103,55,2025-07-11,8.0,65.0,520.0,true
2148,103,5,2025-06-02,8.0,125.0,1000.0,true
2149,103,1,2025-02-15,4.0,77.0,308.0,true
2150,103,1,2025-03-12,2.5,77.0,192.5,true
2151,103,71,2025-02-16,1.0,125.0,125.0,false
2152,103,1,2025-06-30,8.0,77.0,616.0,true
2153,103,71,2025-01-18,2.5,125.0,312.5,true
2154,103,71,2025-01-17,1.0,125.0,125.0,true
2155,104,65,2025-03-27,1.0,185.0,185.0,true
2156,104,14,2025-05-11,8.0,101.0,808.0,true
2157,104,65,2025-03-27,2.5,185.0,462.5,false
2158,104,65,2025-03-27,4.0,185.0,740.0,true
2159,104,14,2025-01-24,8.0,101.0,808.0,true
2160,104,65,2025-03-03,4.0,185.0,740.0,true
2161,104,80,2025-05-05,2.5,101.0,252.5,true
2162,104,80,2025-06-22,4.0,101.0,404.0,true
2163,104,80,2025-02-25,1.0,101.0,101.0,true
2164,104,65,2025-01-07,8.0,185.0,1480.0,false
2165,104,65,2025-06-03,2.5,185.0,462.5,true
2166,104,65,2025-02-25,4.0,185.0,740.0,false
2167,104,80,2025-02-24,4.0,101.0,404.0,false
2168,104,14,2025-04-27,4.0,101.0,404.0,true
2169,104,14,2025-04-21,2.5,101.0,252.5,true
2170,104,65,2025-07-06,2.5,185.0,462.5,true
2171,104,80,2025-02-11,2.5,101.0,252.5,false
2172,104,65,2025-07-17,2.5,185.0,462.5,true
2173,105,75,2025-04-16,8.0,173.0,1384.0,false
2174,105,75,2025-06-28,8.0,173.0,1384.0,true
2175,105,75,2025-05-01,2.5,173.0,432.5,true
2176,105,76,2025-01-30,4.0,185.0,740.0,true
2177,105,75,2025-05-04,8.0,173.0,1384.0,true
2178,105,76,2025-02-03,4.0,185.0,740.0,true
2179,105,61,2025-02-16,4.0,137.0,548.0,true
2180,105,61,2025-06-02,2.5,137.0,342.5,true
2181,105,75,2025-02-05,2.5,173.0,432.5,true
2182,105,75,2025-02-28,4.0,173.0,692.0,false
2183,105,61,2025-07-05,4.0,137.0,548.0,true
2184,105,75,2025-01-16,1.0,173.0,173.0,false
2185,105,76,2025-05-24,1.0,185.0,185.0,true
2186,105,76,2025-05-26,1.0,185.0,185.0,true
2187,105,76,2025-01-25,2.5,185.0,462.5,true
2188,105,76,2025-02-17,4.0,185.0,740.0,true
2189,105,61,2025-04-30,2.5,137.0,342.5,false
2190,106,46,2025-01-19,2.5,89.0,222.5,true
2191,106,26,2025-01-27,2.5,113.0,282.5,true
2192,106,2,2025-05-26,4.0,89.0,356.0,true
2193,106,46,2025-07-22,2.5,89.0,222.5,true
2194,106,26,2025-04-26,2.5,113.0,282.5,false
2195,106,46,2025-01-07,4.0,89.0,356.0,true
2196,106,2,2025-05-27,1.0,89.0,89.0,true
2197,106,46,2025-01-28,1.0,89.0,89.0,true
2198,106,26,2025-03-22,1.0,113.0,113.0,true
2199,106,26,2025-04-13,8.0,113.0,904.0,true
2200,106,46,2025-01-09,8.0,89.0,712.0,true
2201,106,26,2025-01-07,4.0,113.0,452.0,true
2202,106,2,2025-04-30,4.0,89.0,356.0,false
2203,106,26,2025-01-20,2.5,113.0,282.5,true
2204,106,2,2025-01-09,8.0,89.0,712.0,true
2205,106,26,2025-01-16,8.0,113.0,904.0,true
2206,106,46,2025-04-24,2.5,89.0,222.5,false
2207,106,46,2025-04-30,4.0,89.0,356.0,true
2208,106,46,2025-02-14,1.0,89.0,89.0,true
2209,106,46,2025-05-09,8.0,89.0,712.0,true
2210,106,26,2025-05-23,8.0,113.0,904.0,true
2211,106,2,2025-01-13,4.0,89.0,356.0,false
2212,106,2,2025-06-07,1.0,89.0,89.0,true
2213,106,2,2025-02-03,8.0,89.0,712.0,true
2214,106,46,2025-07-07,4.0,89.0,356.0,true
2215,107,54,2025-04-01,8.0,185.0,1480.0,true
2216,107,54,2025-03-15,4.0,185.0,740.0,true
2217,107,54,2025-05-12,2.5,185.0,462.5,true
2218,107,54,2025-05-02,1.0,185.0,185.0,false
2219,107,35,2025-02-26,1.0,89.0,89.0,true
2220,107,54,2025-07-18,2.5,185.0,462.5,true
2221,107,54,2025-03-18,4.0,185.0,740.0,false
2222,107,54,2025-02-18,4.0,185.0,740.0,false
2223,107,54,2025-07-03,2.5,185.0,462.5,true
2224,107,54,2025-05-15,1.0,185.0,185.0,false
2225,107,35,2025-03-24,4.0,89.0,356.0,true
2226,107,35,2025-01-12,8.0,89.0,712.0,true
2227,107,54,2025-06-04,1.0,185.0,185.0,true
2228,107,35,2025-07-15,1.0,89.0,89.0,false
2229,108,58,2025-02-18,2.5,101.0,252.5,true
2230,108,34,2025-04-24,8.0,77.0,616.0,true
2231,108,58,2025-05-15,2.5,101.0,252.5,false
2232,108,58,2025-01-18,4.0,101.0,404.0,true
2233,108,58,2025-04-17,2.5,101.0,252.5,true
2234,108,58,2025-04-01,4.0,101.0,404.0,true
2235,108,34,2025-04-24,4.0,77.0,308.0,false
2236,108,58,2025-05-27,4.0,101.0,404.0,true
2237,108,34,2025-02-17,1.0,77.0,77.0,true
2238,108,58,2025-04-17,8.0,101.0,808.0,true
2239,108,58,2025-03-20,2.5,101.0,252.5,false
2240,108,34,2025-05-16,4.0,77.0,308.0,true
2241,108,34,2025-04-24,2.5,77.0,192.5,true
2242,108,58,2025-06-14,2.5,101.0,252.5,true
2243,108,58,2025-04-19,2.5,101.0,252.5,false
2244,108,34,2025-07-14,8.0,77.0,616.0,false
2245,108,34,2025-02-09,1.0,77.0,77.0,true
2246,109,73,2025-04-03,4.0,149.0,596.0,true
2247,109,4,2025-06-23,2.5,113.0,282.5,false
2248,109,73,2025-03-03,2.5,149.0,372.5,true
2249,109,73,2025-02-08,2.5,149.0,372.5,true
2250,109,72,2025-07-13,8.0,137.0,1096.0,true
2251,109,22,2025-06-05,2.5,65.0,162.5,true
2252,109,73,2025-04-06,8.0,149.0,1192.0,true
2253,109,22,2025-06-11,4.0,65.0,260.0,true
2254,109,22,2025-01-18,4.0,65.0,260.0,true
2255,109,72,2025-01-06,1.0,137.0,137.0,true
2256,109,73,2025-07-11,4.0,149.0,596.0,true
2257,109,73,2025-05-18,2.5,149.0,372.5,true
2258,109,73,2025-07-11,1.0,149.0,149.0,true
2259,109,4,2025-05-03,8.0,113.0,904.0,true
2260,109,4,2025-05-10,2.5,113.0,282.5,true
2261,109,73,2025-07-22,4.0,149.0,596.0,false
2262,109,72,2025-02-08,8.0,137.0,1096.0,true
2263,109,72,2025-06-30,4.0,137.0,548.0,true
2264,109,22,2025-05-04,1.0,65.0,65.0,false
2265,109,73,2025-02-04,1.0,149.0,149.0,true
2266,109,4,2025-01-30,2.5,113.0,282.5,true
2267,109,4,2025-03-16,2.5,113.0,282.5,true
2268,109,73,2025-05-13,1.0,149.0,149.0,true
2269,109,72,2025-04-14,1.0,137.0,137.0,true
2270,110,20,2025-03-29,4.0,173.0,692.0,true
2271,110,25,2025-06-03,2.5,101.0,252.5,true
2272,110,25,2025-06-09,2.5,101.0,252.5,true
2273,110,65,2025-05-23,4.0,185.0,740.0,true
2274,110,20,2025-01-22,2.5,173.0,432.5,true
2275,110,65,2025-05-16,1.0,185.0,185.0,true
2276,110,65,2025-05-20,1.0,185.0,185.0,true
2277,110,25,2025-03-21,4.0,101.0,404.0,false
2278,110,65,2025-02-27,4.0,185.0,740.0,true
2279,110,25,2025-05-30,1.0,101.0,101.0,true
2280,110,2,2025-05-15,8.0,89.0,712.0,true
2281,110,65,2025-04-11,2.5,185.0,462.5,true
2282,110,25,2025-05-12,1.0,101.0,101.0,true
2283,110,2,2025-02-08,2.5,89.0,222.5,true
2284,110,20,2025-05-01,2.5,173.0,432.5,true
2285,110,65,2025-07-15,4.0,185.0,740.0,true
2286,111,30,2025-04-30,1.0,161.0,161.0,true
2287,111,26,2025-04-22,1.0,113.0,113.0,true
2288,111,26,2025-06-14,4.0,113.0,452.0,true
2289,111,26,2025-06-26,8.0,113.0,904.0,true
2290,111,26,2025-02-14,2.5,113.0,282.5,true
2291,111,30,2025-01-13,4.0,161.0,644.0,true
2292,111,30,2025-04-07,8.0,161.0,1288.0,true
2293,111,30,2025-02-10,1.0,161.0,161.0,true
2294,111,30,2025-07-03,2.5,161.0,402.5,true
2295,111,30,2025-05-30,4.0,161.0,644.0,true
2296,111,26,2025-05-23,4.0,113.0,452.0,true
2297,111,26,2025-06-03,1.0,113.0,113.0,true
2298,111,26,2025-07-06,2.5,113.0,282.5,true
2299,112,53,2025-02-16,1.0,173.0,173.0,true
2300,112,77,2025-03-26,4.0,65.0,260.0,false
2301,112,77,2025-03-08,8.0,65.0,520.0,true
2302,112,77,2025-03-20,1.0,65.0,65.0,true
2303,112,16,2025-03-28,2.5,125.0,312.5,true
2304,112,77,2025-05-25,8.0,65.0,520.0,true
2305,112,53,2025-01-06,2.5,173.0,432.5,false
2306,112,53,2025-01-15,2.5,173.0,432.5,true
2307,112,16,2025-05-09,1.0,125.0,125.0,true
2308,112,77,2025-06-22,2.5,65.0,162.5,true
2309,112,77,2025-04-19,4.0,65.0,260.0,true
2310,112,53,2025-04-27,4.0,173.0,692.0,true
2311,112,77,2025-03-27,4.0,65.0,260.0,true
2312,112,77,2025-07-13,4.0,65.0,260.0,true
2313,112,53,2025-02-04,8.0,173.0,1384.0,true
2314,112,53,2025-04-21,1.0,173.0,173.0,true
2315,112,77,2025-03-17,2.5,65.0,162.5,true
2316,112,16,2025-05-22,4.0,125.0,500.0,false
2317,112,77,2025-02-24,8.0,65.0,520.0,true
2318,113,16,2025-03-18,1.0,125.0,125.0,false
2319,113,16,2025-01-23,8.0,125.0,1000.0,true
2320,113,24,2025-05-04,2.5,89.0,222.5,true
2321,113,16,2025-06-19,8.0,125.0,1000.0,true
2322,113,16,2025-05-20,4.0,125.0,500.0,true
2323,113,16,2025-01-21,8.0,125.0,1000.0,true
2324,113,44,2025-05-19,1.0,65.0,65.0,true
2325,113,24,2025-07-18,1.0,89.0,89.0,true
2326,113,44,2025-07-10,2.5,65.0,162.5,true
2327,113,16,2025-05-28,8.0,125.0,1000.0,true
2328,113,44,2025-05-21,2.5,65.0,162.5,true
2329,113,24,2025-03-05,1.0,89.0,89.0,true
2330,113,24,2025-05-18,2.5,89.0,222.5,true
2331,113,16,2025-04-27,4.0,125.0,500.0,true
2332,113,24,2025-01-22,2.5,89.0,222.5,true
2333,113,44,2025-04-08,4.0,65.0,260.0,true
2334,113,16,2025-03-13,2.5,125.0,312.5,true
2335,113,44,2025-06-01,2.5,65.0,162.5,true
2336,113,44,2025-03-17,1.0,65.0,65.0,true
2337,113,24,2025-04-04,8.0,89.0,712.0,false
2338,114,11,2025-01-12,2.5,65.0,162.5,true
2339,114,11,2025-01-08,8.0,65.0,520.0,true
2340,114,79,2025-02-09,4.0,89.0,356.0,true
2341,114,11,2025-05-01,2.5,65.0,162.5,true
2342,114,79,2025-06-18,1.0,89.0,89.0,true
2343,114,58,2025-04-14,4.0,101.0,404.0,true
2344,114,79,2025-06-01,1.0,89.0,89.0,false
2345,114,79,2025-02-13,2.5,89.0,222.5,true
2346,114,11,2025-01-05,2.5,65.0,162.5,true
2347,114,58,2025-03-05,1.0,101.0,101.0,true
2348,114,58,2025-02-25,8.0,101.0,808.0,false
2349,114,58,2025-05-23,2.5,101.0,252.5,true
2350,114,58,2025-01-09,8.0,101.0,808.0,true
2351,114,11,2025-04-07,2.5,65.0,162.5,true
2352,114,58,2025-01-12,4.0,101.0,404.0,true
2353,114,58,2025-03-29,4.0,101.0,404.0,true
2354,114,79,2025-06-08,1.0,89.0,89.0,true
2355,114,79,2025-02-15,4.0,89.0,356.0,true
2356,114,11,2025-07-01,2.5,65.0,162.5,false
2357,114,79,2025-04-01,2.5,89.0,222.5,true
2358,114,11,2025-03-04,1.0,65.0,65.0,true
2359,114,11,2025-04-15,2.5,65.0,162.5,true
2360,115,56,2025-02-23,2.5,77.0,192.5,true
2361,115,56,2025-06-02,2.5,77.0,192.5,true
2362,115,33,2025-06-16,1.0,65.0,65.0,false
2363,115,19,2025-06-07,1.0,161.0,161.0,true
2364,115,33,2025-03-19,1.0,65.0,65.0,true
2365,115,48,2025-06-06,2.5,113.0,282.5,true
2366,115,56,2025-06-27,8.0,77.0,616.0,true
2367,115,33,2025-07-03,2.5,65.0,162.5,true
2368,115,56,2025-06-13,8.0,77.0,616.0,true
2369,115,33,2025-03-24,1.0,65.0,65.0,true
2370,115,33,2025-06-18,2.5,65.0,162.5,true
2371,115,48,2025-02-14,8.0,113.0,904.0,true
2372,115,19,2025-01-26,2.5,161.0,402.5,true
2373,115,48,2025-07-05,8.0,113.0,904.0,false
2374,115,56,2025-04-13,8.0,77.0,616.0,true
2375,115,56,2025-07-13,1.0,77.0,77.0,true
2376,115,33,2025-04-06,1.0,65.0,65.0,true
2377,115,48,2025-06-04,2.5,113.0,282.5,false
2378,115,19,2025-04-25,8.0,161.0,1288.0,true
2379,115,19,2025-02-15,4.0,161.0,644.0,true
2380,115,48,2025-05-01,8.0,113.0,904.0,false
2381,115,48,2025-06-14,4.0,113.0,452.0,true
2382,115,56,2025-02-14,8.0,77.0,616.0,true
2383,115,56,2025-02-19,1.0,77.0,77.0,false
2384,115,19,2025-02-13,4.0,161.0,644.0,true
2385,115,19,2025-05-26,4.0,161.0,644.0,true
2386,115,48,2025-01-05,8.0,113.0,904.0,true
2387,115,56,2025-04-02,8.0,77.0,616.0,true
2388,116,7,2025-04-13,2.5,149.0,372.5,true
2389,116,7,2025-06-22,2.5,149.0,372.5,true
2390,116,7,2025-03-13,8.0,149.0,1192.0,true
2391,116,7,2025-01-12,4.0,149.0,596.0,false
2392,116,71,2025-05-18,2.5,125.0,312.5,true
2393,116,71,2025-06-23,8.0,125.0,1000.0,true
2394,116,7,2025-05-28,2.5,149.0,372.5,true
2395,116,7,2025-04-25,8.0,149.0,1192.0,true
2396,116,71,2025-05-02,1.0,125.0,125.0,false
2397,116,7,2025-04-22,1.0,149.0,149.0,true
2398,116,71,2025-03-05,4.0,125.0,500.0,true
2399,116,7,2025-04-18,4.0,149.0,596.0,false
2400,116,7,2025-07-22,8.0,149.0,1192.0,false
2401,116,71,2025-03-30,1.0,125.0,125.0,false
2402,116,7,2025-07-07,8.0,149.0,1192.0,true
2403,116,71,2025-05-27,8.0,125.0,1000.0,true
2404,116,7,2025-06-02,4.0,149.0,596.0,true
2405,116,71,2025-04-22,2.5,125.0,312.5,true
2406,116,71,2025-02-24,4.0,125.0,500.0,true
2407,116,7,2025-06-01,4.0,149.0,596.0,false
2408,117,11,2025-04-30,1.0,65.0,65.0,true
2409,117,11,2025-06-20,4.0,65.0,260.0,false
2410,117,11,2025-05-29,1.0,65.0,65.0,false
2411,117,36,2025-01-27,1.0,101.0,101.0,true
2412,117,67,2025-05-26,8.0,77.0,616.0,true
2413,117,36,2025-04-16,4.0,101.0,404.0,true
2414,117,36,2025-07-22,4.0,101.0,404.0,true
2415,117,36,2025-02-03,1.0,101.0,101.0,true
2416,117,36,2025-02-25,4.0,101.0,404.0,true
2417,117,11,2025-06-01,2.5,65.0,162.5,true
2418,117,36,2025-04-13,2.5,101.0,252.5,true
2419,117,67,2025-01-31,1.0,77.0,77.0,false
2420,117,67,2025-01-20,4.0,77.0,308.0,false
2421,117,67,2025-07-01,4.0,77.0,308.0,true
2422,118,34,2025-06-15,4.0,77.0,308.0,true
2423,118,30,2025-06-23,2.5,161.0,402.5,true
2424,118,30,2025-03-10,2.5,161.0,402.5,true
2425,118,60,2025-06-09,8.0,125.0,1000.0,false
2426,118,30,2025-01-08,1.0,161.0,161.0,true
2427,118,34,2025-01-13,2.5,77.0,192.5,true
2428,118,60,2025-01-17,2.5,125.0,312.5,false
2429,118,30,2025-02-08,8.0,161.0,1288.0,true
2430,118,34,2025-04-20,1.0,77.0,77.0,true
2431,118,34,2025-02-04,4.0,77.0,308.0,true
2432,118,60,2025-07-01,8.0,125.0,1000.0,false
2433,118,34,2025-06-23,4.0,77.0,308.0,true
2434,118,62,2025-02-14,1.0,149.0,149.0,false
2435,118,34,2025-02-03,2.5,77.0,192.5,true
2436,118,34,2025-05-28,1.0,77.0,77.0,true
2437,118,34,2025-03-25,2.5,77.0,192.5,true
2438,118,30,2025-02-07,4.0,161.0,644.0,true
2439,118,62,2025-06-20,8.0,149.0,1192.0,false
2440,118,34,2025-06-16,8.0,77.0,616.0,false
2441,118,34,2025-06-14,1.0,77.0,77.0,false
2442,119,23,2025-01-16,8.0,77.0,616.0,true
2443,119,23,2025-06-13,2.5,77.0,192.5,true
2444,119,33,2025-01-18,4.0,65.0,260.0,true
2445,119,79,2025-02-09,1.0,89.0,89.0,true
2446,119,67,2025-05-08,4.0,77.0,308.0,true
2447,119,79,2025-01-22,4.0,89.0,356.0,true
2448,119,79,2025-01-05,1.0,89.0,89.0,true
2449,119,23,2025-01-11,8.0,77.0,616.0,true
2450,119,23,2025-03-01,8.0,77.0,616.0,false
2451,119,23,2025-01-10,8.0,77.0,616.0,true
2452,119,67,2025-04-11,4.0,77.0,308.0,true
2453,119,79,2025-04-12,2.5,89.0,222.5,true
2454,119,67,2025-03-21,8.0,77.0,616.0,false
2455,119,79,2025-02-12,4.0,89.0,356.0,true
2456,119,67,2025-03-06,8.0,77.0,616.0,true
2457,119,79,2025-05-27,1.0,89.0,89.0,false
2458,119,67,2025-01-18,2.5,77.0,192.5,true
2459,119,67,2025-04-19,1.0,77.0,77.0,true
2460,119,23,2025-02-17,8.0,77.0,616.0,true
2461,119,79,2025-01-24,1.0,89.0,89.0,true
2462,119,79,2025-01-07,8.0,89.0,712.0,true
2463,119,23,2025-02-03,1.0,77.0,77.0,true
2464,119,33,2025-06-19,4.0,65.0,260.0,true
2465,119,23,2025-05-24,8.0,77.0,616.0,true
2466,120,14,2025-04-15,1.0,101.0,101.0,true
2467,120,14,2025-05-31,8.0,101.0,808.0,true
2468,120,14,2025-07-21,1.0,101.0,101.0,false
2469,120,47,2025-07-16,4.0,101.0,404.0,true
2470,120,47,2025-02-09,8.0,101.0,808.0,true
2471,120,14,2025-02-20,2.5,101.0,252.5,true
2472,120,47,2025-04-11,2.5,101.0,252.5,false
2473,120,47,2025-03-25,2.5,101.0,252.5,true
2474,120,47,2025-03-07,4.0,101.0,404.0,true
2475,120,14,2025-02-11,4.0,101.0,404.0,true
2476,120,47,2025-03-15,1.0,101.0,101.0,true
2477,120,14,2025-01-15,8.0,101.0,808.0,true
2478,120,47,2025-07-19,4.0,101.0,404.0,true
