scan_id,send_nr,stop_nr,scan_ts,evt,ort_txt
1,1,1,2025-04-25 08:19:00,uebernahme,Berlin
2,1,1,2025-04-25 08:21:00,scan_hub,München
3,2,2,2025-04-25 09:20:00,uebernahme,Stuttgart
4,2,2,2025-04-25 08:53:00,scan_hub,Berlin
5,2,2,2025-04-25 08:51:00,zustellung,Frankfurt
6,3,3,2025-03-31 08:51:00,uebernahme,Hamburg
7,3,3,2025-03-31 08:35:00,scan_hub,München
8,3,3,2025-03-31 08:41:00,zustellung,Berlin
9,4,4,2025-03-31 09:05:00,uebernahme,Köln
10,4,4,2025-03-31 08:32:00,scan_hub,Leipzig
11,5,5,2025-03-31 11:20:00,uebernahme,Frankfurt
12,5,5,2025-03-31 10:57:00,scan_hub,Stuttgart
13,6,6,2025-03-31 11:09:00,uebernahme,Frankfurt
14,6,6,2025-03-31 11:27:00,scan_hub,Frankfurt
15,7,7,2025-03-26 08:13:00,uebernahme,Köln
16,7,7,2025-03-26 08:28:00,scan_hub,Leipzig
17,8,8,2025-03-26 08:41:00,uebernahme,Köln
18,8,8,2025-03-26 08:18:00,scan_hub,Frankfurt
19,8,8,2025-03-26 08:35:00,zustellung,München
20,9,9,2025-03-26 09:18:00,uebernahme,München
21,9,9,2025-03-26 09:50:00,scan_hub,Köln
22,10,10,2025-03-26 11:21:00,uebernahme,Stuttgart
23,10,10,2025-03-26 11:14:00,scan_hub,Stuttgart
24,11,11,2025-02-21 08:18:00,uebernahme,Köln
25,11,11,2025-02-21 08:22:00,scan_hub,Köln
26,12,12,2025-02-21 09:29:00,uebernahme,Berlin
27,12,12,2025-02-21 09:14:00,scan_hub,Hamburg
28,12,12,2025-02-21 09:01:00,zustellung,Stuttgart
29,13,13,2025-02-21 11:27:00,uebernahme,München
30,13,13,2025-02-21 11:09:00,scan_hub,Berlin
31,13,13,2025-02-21 11:24:00,zustellung,Frankfurt
32,14,14,2025-02-20 08:21:00,uebernahme,München
33,14,14,2025-02-20 08:19:00,scan_hub,Berlin
34,15,15,2025-02-20 10:02:00,uebernahme,Leipzig
35,15,15,2025-02-20 10:23:00,scan_hub,München
36,15,15,2025-02-20 10:06:00,zustellung,Leipzig
37,16,16,2025-02-20 09:57:00,uebernahme,Berlin
38,16,16,2025-02-20 09:32:00,scan_hub,Leipzig
39,16,16,2025-02-20 09:45:00,zustellung,Berlin
40,17,17,2025-02-20 10:52:00,uebernahme,Leipzig
41,17,17,2025-02-20 10:20:00,scan_hub,Berlin
42,18,18,2025-02-20 07:42:00,uebernahme,Berlin
43,18,18,2025-02-20 07:53:00,scan_hub,Stuttgart
44,18,18,2025-02-20 07:51:00,zustellung,Hamburg
45,19,19,2025-02-20 08:57:00,uebernahme,Hamburg
46,19,19,2025-02-20 09:00:00,scan_hub,Stuttgart
47,19,19,2025-02-20 08:40:00,zustellung,Köln
48,20,20,2025-02-20 10:10:00,uebernahme,Köln
49,20,20,2025-02-20 10:15:00,scan_hub,Köln
50,20,20,2025-02-20 10:22:00,zustellung,Hamburg
51,21,21,2025-02-20 10:44:00,uebernahme,Leipzig
52,21,21,2025-02-20 10:32:00,scan_hub,Frankfurt
53,21,21,2025-02-20 10:31:00,zustellung,München
54,22,22,2025-02-20 12:00:00,uebernahme,Leipzig
55,22,22,2025-02-20 11:32:00,scan_hub,Stuttgart
56,22,22,2025-02-20 11:53:00,zustellung,Leipzig
57,23,23,2025-02-05 07:22:00,uebernahme,Leipzig
58,23,23,2025-02-05 07:30:00,scan_hub,Stuttgart
59,23,23,2025-02-05 07:22:00,zustellung,München
60,24,24,2025-02-05 09:58:00,uebernahme,Köln
61,24,24,2025-02-05 10:09:00,scan_hub,Berlin
62,24,24,2025-02-05 10:21:00,zustellung,Berlin
63,25,25,2025-02-05 11:06:00,uebernahme,Hamburg
64,25,25,2025-02-05 11:12:00,scan_hub,Hamburg
65,25,25,2025-02-05 10:59:00,zustellung,Frankfurt
66,26,26,2025-02-05 12:14:00,uebernahme,Köln
67,26,26,2025-02-05 11:45:00,scan_hub,Hamburg
68,26,26,2025-02-05 12:10:00,zustellung,Hamburg
69,27,27,2025-02-05 12:43:00,uebernahme,Hamburg
70,27,27,2025-02-05 12:08:00,scan_hub,Frankfurt
71,27,27,2025-02-05 12:52:00,zustellung,Frankfurt
72,28,28,2025-05-05 07:45:00,uebernahme,Leipzig
73,28,28,2025-05-05 07:21:00,scan_hub,Hamburg
74,28,28,2025-05-05 07:56:00,zustellung,Frankfurt
75,29,29,2025-05-05 08:18:00,uebernahme,Berlin
76,29,29,2025-05-05 08:25:00,scan_hub,Frankfurt
77,30,30,2025-05-05 09:42:00,uebernahme,Hamburg
78,30,30,2025-05-05 09:58:00,scan_hub,Leipzig
79,30,30,2025-05-05 10:10:00,zustellung,München
80,31,31,2025-05-05 11:42:00,uebernahme,Stuttgart
81,31,31,2025-05-05 11:29:00,scan_hub,Leipzig
82,32,32,2025-05-05 13:36:00,uebernahme,Hamburg
83,32,32,2025-05-05 13:26:00,scan_hub,Frankfurt
84,32,32,2025-05-05 13:23:00,zustellung,Hamburg
85,33,33,2025-02-15 09:03:00,uebernahme,Hamburg
86,33,33,2025-02-15 09:50:00,scan_hub,Frankfurt
87,33,33,2025-02-15 09:29:00,zustellung,Köln
88,34,34,2025-02-15 08:32:00,uebernahme,Leipzig
89,34,34,2025-02-15 09:01:00,scan_hub,Hamburg
90,34,34,2025-02-15 08:56:00,zustellung,Frankfurt
91,35,35,2025-02-15 11:29:00,uebernahme,Stuttgart
92,35,35,2025-02-15 10:46:00,scan_hub,Köln
93,35,35,2025-02-15 10:56:00,zustellung,Hamburg
94,36,36,2025-02-15 10:23:00,uebernahme,Leipzig
95,36,36,2025-02-15 11:01:00,scan_hub,München
96,37,37,2025-03-07 08:21:00,uebernahme,Hamburg
97,37,37,2025-03-07 08:35:00,scan_hub,Stuttgart
98,38,38,2025-03-07 09:19:00,uebernahme,Stuttgart
99,38,38,2025-03-07 08:48:00,scan_hub,Berlin
100,38,38,2025-03-07 09:03:00,zustellung,Berlin
101,39,39,2025-03-07 10:33:00,uebernahme,Hamburg
102,39,39,2025-03-07 11:05:00,scan_hub,Stuttgart
103,40,40,2025-03-07 11:29:00,uebernahme,Berlin
104,40,40,2025-03-07 11:20:00,scan_hub,Berlin
105,40,40,2025-03-07 11:04:00,zustellung,Frankfurt
106,41,41,2025-03-07 12:56:00,uebernahme,Leipzig
107,41,41,2025-03-07 12:31:00,scan_hub,Leipzig
108,42,42,2025-02-22 08:02:00,uebernahme,Hamburg
109,42,42,2025-02-22 07:18:00,scan_hub,Frankfurt
110,42,42,2025-02-22 07:51:00,zustellung,München
111,43,43,2025-02-22 08:29:00,uebernahme,Hamburg
112,43,43,2025-02-22 09:05:00,scan_hub,Berlin
113,44,44,2025-02-22 09:47:00,uebernahme,Köln
114,44,44,2025-02-22 09:52:00,scan_hub,Berlin
115,45,45,2025-02-22 11:04:00,uebernahme,Frankfurt
116,45,45,2025-02-22 10:49:00,scan_hub,Leipzig
117,46,46,2025-02-22 13:14:00,uebernahme,Köln
118,46,46,2025-02-22 13:18:00,scan_hub,Berlin
119,46,46,2025-02-22 13:40:00,zustellung,Leipzig
120,47,47,2025-04-12 08:09:00,uebernahme,Köln
121,47,47,2025-04-12 07:42:00,scan_hub,Stuttgart
122,47,47,2025-04-12 07:50:00,zustellung,Berlin
123,48,48,2025-04-12 08:33:00,uebernahme,München
124,48,48,2025-04-12 08:54:00,scan_hub,Stuttgart
125,49,49,2025-04-12 10:38:00,uebernahme,Köln
126,49,49,2025-04-12 09:55:00,scan_hub,Köln
127,50,50,2025-04-12 11:00:00,uebernahme,Leipzig
128,50,50,2025-04-12 11:06:00,scan_hub,Berlin
129,50,50,2025-04-12 10:52:00,zustellung,Köln
130,51,51,2025-01-19 08:03:00,uebernahme,Stuttgart
131,51,51,2025-01-19 07:46:00,scan_hub,Köln
132,51,51,2025-01-19 08:01:00,zustellung,Hamburg
133,52,52,2025-01-19 10:29:00,uebernahme,Leipzig
134,52,52,2025-01-19 10:07:00,scan_hub,Köln
135,52,52,2025-01-19 09:50:00,zustellung,Berlin
136,53,53,2025-01-19 10:36:00,uebernahme,Köln
137,53,53,2025-01-19 10:06:00,scan_hub,Leipzig
138,53,53,2025-01-19 10:04:00,zustellung,München
139,54,54,2025-01-19 10:25:00,uebernahme,Hamburg
140,54,54,2025-01-19 10:05:00,scan_hub,Leipzig
141,55,55,2025-01-19 13:56:00,uebernahme,Leipzig
142,55,55,2025-01-19 13:35:00,scan_hub,Berlin
143,56,56,2025-03-18 08:40:00,uebernahme,München
144,56,56,2025-03-18 08:44:00,scan_hub,Hamburg
145,57,57,2025-03-18 08:44:00,uebernahme,Frankfurt
146,57,57,2025-03-18 09:23:00,scan_hub,Frankfurt
147,58,58,2025-03-18 09:50:00,uebernahme,München
148,58,58,2025-03-18 10:15:00,scan_hub,Stuttgart
149,58,58,2025-03-18 09:35:00,zustellung,Berlin
150,59,59,2025-03-18 12:22:00,uebernahme,Berlin
151,59,59,2025-03-18 12:27:00,scan_hub,Frankfurt
152,59,59,2025-03-18 12:25:00,zustellung,Köln
153,60,60,2025-01-27 07:59:00,uebernahme,Berlin
154,60,60,2025-01-27 07:21:00,scan_hub,München
155,61,61,2025-01-27 09:45:00,uebernahme,Leipzig
156,61,61,2025-01-27 09:00:00,scan_hub,Stuttgart
157,61,61,2025-01-27 09:08:00,zustellung,Stuttgart
158,62,62,2025-03-30 08:39:00,uebernahme,Frankfurt
159,62,62,2025-03-30 08:45:00,scan_hub,Stuttgart
160,63,63,2025-03-30 08:55:00,uebernahme,München
161,63,63,2025-03-30 08:21:00,scan_hub,Stuttgart
162,63,63,2025-03-30 08:43:00,zustellung,München
163,64,64,2025-01-31 07:17:00,uebernahme,Leipzig
164,64,64,2025-01-31 07:11:00,scan_hub,Frankfurt
165,65,65,2025-01-31 08:05:00,uebernahme,Frankfurt
166,65,65,2025-01-31 08:39:00,scan_hub,Frankfurt
167,65,65,2025-01-31 08:21:00,zustellung,München
168,66,66,2025-01-31 09:10:00,uebernahme,Leipzig
169,66,66,2025-01-31 09:49:00,scan_hub,Berlin
170,66,66,2025-01-31 09:37:00,zustellung,München
171,67,67,2025-03-25 08:29:00,uebernahme,Stuttgart
172,67,67,2025-03-25 08:58:00,scan_hub,Stuttgart
173,68,68,2025-03-25 08:53:00,uebernahme,Leipzig
174,68,68,2025-03-25 09:24:00,scan_hub,Hamburg
175,69,69,2025-03-25 11:38:00,uebernahme,Hamburg
176,69,69,2025-03-25 11:23:00,scan_hub,Frankfurt
177,69,69,2025-03-25 11:55:00,zustellung,Stuttgart
178,70,70,2025-03-25 11:07:00,uebernahme,Stuttgart
179,70,70,2025-03-25 10:34:00,scan_hub,Hamburg
180,70,70,2025-03-25 10:25:00,zustellung,Frankfurt
181,71,71,2025-04-22 09:24:00,uebernahme,Frankfurt
182,71,71,2025-04-22 09:38:00,scan_hub,Stuttgart
183,71,71,2025-04-22 09:54:00,zustellung,Köln
184,72,72,2025-04-22 09:31:00,uebernahme,München
185,72,72,2025-04-22 10:17:00,scan_hub,Stuttgart
186,72,72,2025-04-22 10:11:00,zustellung,Hamburg
187,73,73,2025-04-22 10:40:00,uebernahme,Köln
188,73,73,2025-04-22 10:27:00,scan_hub,Stuttgart
189,73,73,2025-04-22 10:21:00,zustellung,Frankfurt
190,74,74,2025-04-22 10:43:00,uebernahme,Hamburg
191,74,74,2025-04-22 11:25:00,scan_hub,Berlin
192,74,74,2025-04-22 11:11:00,zustellung,Stuttgart
193,75,75,2025-04-22 12:04:00,uebernahme,Frankfurt
194,75,75,2025-04-22 12:37:00,scan_hub,Stuttgart
195,75,75,2025-04-22 12:14:00,zustellung,Frankfurt
196,76,76,2025-04-22 12:53:00,uebernahme,Stuttgart
197,76,76,2025-04-22 13:27:00,scan_hub,Leipzig
198,76,76,2025-04-22 13:21:00,zustellung,Stuttgart
199,77,77,2025-03-21 08:15:00,uebernahme,Leipzig
200,77,77,2025-03-21 08:45:00,scan_hub,Leipzig
201,77,77,2025-03-21 08:19:00,zustellung,Leipzig
202,78,78,2025-03-21 08:31:00,uebernahme,Berlin
203,78,78,2025-03-21 08:35:00,scan_hub,Hamburg
204,78,78,2025-03-21 08:57:00,zustellung,Stuttgart
205,79,79,2025-03-21 10:05:00,uebernahme,Leipzig
206,79,79,2025-03-21 09:52:00,scan_hub,Frankfurt
207,79,79,2025-03-21 09:59:00,zustellung,Hamburg
208,80,80,2025-03-21 13:00:00,uebernahme,München
209,80,80,2025-03-21 12:47:00,scan_hub,Berlin
210,80,80,2025-03-21 12:55:00,zustellung,Berlin
211,81,81,2025-03-21 10:56:00,uebernahme,Leipzig
212,81,81,2025-03-21 11:06:00,scan_hub,Leipzig
213,81,81,2025-03-21 11:39:00,zustellung,Berlin
214,82,82,2025-03-21 12:27:00,uebernahme,Hamburg
215,82,82,2025-03-21 12:29:00,scan_hub,Frankfurt
216,82,82,2025-03-21 12:22:00,zustellung,Frankfurt
217,83,83,2025-03-09 07:47:00,uebernahme,Stuttgart
218,83,83,2025-03-09 07:33:00,scan_hub,Leipzig
219,83,83,2025-03-09 07:53:00,zustellung,Frankfurt
220,84,84,2025-03-09 08:18:00,uebernahme,Berlin
221,84,84,2025-03-09 08:48:00,scan_hub,Köln
222,85,85,2025-03-25 08:13:00,uebernahme,Leipzig
223,85,85,2025-03-25 07:57:00,scan_hub,Hamburg
224,85,85,2025-03-25 08:14:00,zustellung,Hamburg
225,86,86,2025-03-25 08:48:00,uebernahme,Stuttgart
226,86,86,2025-03-25 09:25:00,scan_hub,Berlin
227,86,86,2025-03-25 08:57:00,zustellung,Leipzig
228,87,87,2025-03-25 10:57:00,uebernahme,Köln
229,87,87,2025-03-25 10:55:00,scan_hub,Hamburg
230,88,88,2025-03-25 12:40:00,uebernahme,Stuttgart
231,88,88,2025-03-25 12:31:00,scan_hub,München
232,88,88,2025-03-25 12:17:00,zustellung,Leipzig
233,89,89,2025-03-15 09:56:00,uebernahme,Köln
234,89,89,2025-03-15 09:35:00,scan_hub,Leipzig
235,90,90,2025-03-15 10:40:00,uebernahme,München
236,90,90,2025-03-15 09:59:00,scan_hub,Frankfurt
237,91,91,2025-03-15 09:20:00,uebernahme,Stuttgart
238,91,91,2025-03-15 10:10:00,scan_hub,Berlin
239,91,91,2025-03-15 09:58:00,zustellung,Stuttgart
240,92,92,2025-03-15 10:15:00,uebernahme,Hamburg
241,92,92,2025-03-15 10:28:00,scan_hub,München
242,92,92,2025-03-15 10:27:00,zustellung,Frankfurt
243,93,93,2025-03-15 11:49:00,uebernahme,Hamburg
244,93,93,2025-03-15 12:00:00,scan_hub,Köln
245,94,94,2025-03-18 08:21:00,uebernahme,Frankfurt
246,94,94,2025-03-18 07:46:00,scan_hub,München
247,94,94,2025-03-18 08:01:00,zustellung,Berlin
248,95,95,2025-03-18 09:52:00,uebernahme,Stuttgart
249,95,95,2025-03-18 09:57:00,scan_hub,Leipzig
250,95,95,2025-03-18 09:37:00,zustellung,Hamburg
251,96,96,2025-01-16 08:08:00,uebernahme,Leipzig
252,96,96,2025-01-16 08:27:00,scan_hub,Leipzig
253,97,97,2025-01-16 08:59:00,uebernahme,Stuttgart
254,97,97,2025-01-16 09:38:00,scan_hub,Stuttgart
255,97,97,2025-01-16 09:28:00,zustellung,Frankfurt
256,98,98,2025-01-16 09:32:00,uebernahme,Leipzig
257,98,98,2025-01-16 09:24:00,scan_hub,Frankfurt
258,99,99,2025-01-16 10:37:00,uebernahme,Stuttgart
259,99,99,2025-01-16 10:15:00,scan_hub,Köln
260,100,100,2025-01-16 12:36:00,uebernahme,Hamburg
261,100,100,2025-01-16 12:05:00,scan_hub,Hamburg
262,100,100,2025-01-16 12:34:00,zustellung,Frankfurt
263,101,101,2025-01-23 08:22:00,uebernahme,Berlin
264,101,101,2025-01-23 08:22:00,scan_hub,Frankfurt
265,101,101,2025-01-23 08:14:00,zustellung,Stuttgart
266,102,102,2025-01-23 10:35:00,uebernahme,Köln
267,102,102,2025-01-23 10:40:00,scan_hub,Hamburg
268,102,102,2025-01-23 10:10:00,zustellung,Köln
269,103,103,2025-01-23 09:11:00,uebernahme,Berlin
270,103,103,2025-01-23 09:54:00,scan_hub,Frankfurt
271,104,104,2025-03-12 08:48:00,uebernahme,Stuttgart
272,104,104,2025-03-12 08:46:00,scan_hub,Leipzig
273,104,104,2025-03-12 08:46:00,zustellung,Frankfurt
274,105,105,2025-03-12 09:26:00,uebernahme,Leipzig
275,105,105,2025-03-12 09:29:00,scan_hub,Stuttgart
276,105,105,2025-03-12 09:39:00,zustellung,Berlin
277,106,106,2025-03-12 10:16:00,uebernahme,Stuttgart
278,106,106,2025-03-12 10:42:00,scan_hub,Frankfurt
279,107,107,2025-02-02 08:30:00,uebernahme,Frankfurt
280,107,107,2025-02-02 08:39:00,scan_hub,München
281,107,107,2025-02-02 07:59:00,zustellung,Frankfurt
282,108,108,2025-02-02 08:25:00,uebernahme,München
283,108,108,2025-02-02 08:42:00,scan_hub,Frankfurt
284,109,109,2025-02-02 09:52:00,uebernahme,Leipzig
285,109,109,2025-02-02 10:07:00,scan_hub,Stuttgart
286,109,109,2025-02-02 09:21:00,zustellung,Leipzig
287,110,110,2025-02-02 11:36:00,uebernahme,Stuttgart
288,110,110,2025-02-02 11:03:00,scan_hub,Berlin
289,110,110,2025-02-02 11:15:00,zustellung,Köln
290,111,111,2025-02-02 12:45:00,uebernahme,Leipzig
291,111,111,2025-02-02 12:42:00,scan_hub,München
292,111,111,2025-02-02 13:15:00,zustellung,Frankfurt
293,112,112,2025-03-19 08:38:00,uebernahme,Leipzig
294,112,112,2025-03-19 08:58:00,scan_hub,Frankfurt
295,112,112,2025-03-19 08:23:00,zustellung,Frankfurt
296,113,113,2025-03-19 09:47:00,uebernahme,Köln
297,113,113,2025-03-19 10:28:00,scan_hub,Stuttgart
298,113,113,2025-03-19 09:51:00,zustellung,München
299,114,114,2025-03-19 09:56:00,uebernahme,Leipzig
300,114,114,2025-03-19 10:06:00,scan_hub,Frankfurt
301,114,114,2025-03-19 10:04:00,zustellung,Stuttgart
302,115,115,2025-01-18 07:27:00,uebernahme,München
303,115,115,2025-01-18 07:55:00,scan_hub,Köln
304,116,116,2025-01-18 09:30:00,uebernahme,Frankfurt
305,116,116,2025-01-18 09:48:00,scan_hub,Leipzig
306,116,116,2025-01-18 09:14:00,zustellung,Hamburg
307,117,117,2025-03-29 07:51:00,uebernahme,Köln
308,117,117,2025-03-29 07:35:00,scan_hub,Leipzig
309,118,118,2025-03-29 09:11:00,uebernahme,München
310,118,118,2025-03-29 09:04:00,scan_hub,München
311,118,118,2025-03-29 08:45:00,zustellung,Frankfurt
312,119,119,2025-03-29 11:09:00,uebernahme,Frankfurt
313,119,119,2025-03-29 11:05:00,scan_hub,Hamburg
314,120,120,2025-03-29 11:38:00,uebernahme,Köln
315,120,120,2025-03-29 11:09:00,scan_hub,Frankfurt
316,120,120,2025-03-29 11:29:00,zustellung,Leipzig
317,121,121,2025-03-29 11:15:00,uebernahme,Berlin
318,121,121,2025-03-29 12:03:00,scan_hub,Stuttgart
319,122,122,2025-03-29 12:40:00,uebernahme,Stuttgart
320,122,122,2025-03-29 12:34:00,scan_hub,Berlin
321,123,123,2025-04-05 06:59:00,uebernahme,Leipzig
322,123,123,2025-04-05 07:45:00,scan_hub,Köln
323,123,123,2025-04-05 07:23:00,zustellung,Frankfurt
324,124,124,2025-04-05 09:15:00,uebernahme,Frankfurt
325,124,124,2025-04-05 09:38:00,scan_hub,München
326,125,125,2025-04-05 09:59:00,uebernahme,Leipzig
327,125,125,2025-04-05 10:02:00,scan_hub,Stuttgart
328,126,126,2025-04-05 10:45:00,uebernahme,Leipzig
329,126,126,2025-04-05 10:35:00,scan_hub,Hamburg
330,126,126,2025-04-05 10:45:00,zustellung,Leipzig
331,127,127,2025-03-19 09:34:00,uebernahme,Hamburg
332,127,127,2025-03-19 09:42:00,scan_hub,Stuttgart
333,128,128,2025-03-19 09:37:00,uebernahme,Berlin
334,128,128,2025-03-19 09:34:00,scan_hub,Berlin
335,128,128,2025-03-19 09:59:00,zustellung,Stuttgart
336,129,129,2025-03-19 10:00:00,uebernahme,Berlin
337,129,129,2025-03-19 09:44:00,scan_hub,Frankfurt
338,130,130,2025-03-19 10:38:00,uebernahme,München
339,130,130,2025-03-19 10:16:00,scan_hub,Hamburg
340,131,131,2025-02-24 08:14:00,uebernahme,Leipzig
341,131,131,2025-02-24 08:16:00,scan_hub,Frankfurt
342,131,131,2025-02-24 08:15:00,zustellung,Berlin
343,132,132,2025-02-24 09:59:00,uebernahme,Frankfurt
344,132,132,2025-02-24 09:50:00,scan_hub,Köln
345,132,132,2025-02-24 10:13:00,zustellung,Leipzig
346,133,133,2025-02-24 10:40:00,uebernahme,Stuttgart
347,133,133,2025-02-24 11:18:00,scan_hub,Leipzig
348,134,134,2025-02-24 11:03:00,uebernahme,Stuttgart
349,134,134,2025-02-24 11:14:00,scan_hub,Berlin
350,135,135,2025-02-24 11:43:00,uebernahme,Köln
351,135,135,2025-02-24 11:52:00,scan_hub,Frankfurt
352,135,135,2025-02-24 12:04:00,zustellung,Köln
353,136,136,2025-02-24 12:43:00,uebernahme,Frankfurt
354,136,136,2025-02-24 12:56:00,scan_hub,Berlin
355,137,137,2025-02-12 08:03:00,uebernahme,Frankfurt
356,137,137,2025-02-12 08:29:00,scan_hub,Köln
357,138,138,2025-02-12 09:02:00,uebernahme,Stuttgart
358,138,138,2025-02-12 08:47:00,scan_hub,Köln
359,138,138,2025-02-12 08:37:00,zustellung,Stuttgart
360,139,139,2025-02-12 09:51:00,uebernahme,Leipzig
361,139,139,2025-02-12 09:34:00,scan_hub,München
362,140,140,2025-02-12 11:38:00,uebernahme,Frankfurt
363,140,140,2025-02-12 11:40:00,scan_hub,Leipzig
364,141,141,2025-02-12 12:22:00,uebernahme,Köln
365,141,141,2025-02-12 12:10:00,scan_hub,Stuttgart
366,142,142,2025-02-12 12:32:00,uebernahme,Berlin
367,142,142,2025-02-12 12:39:00,scan_hub,Berlin
368,142,142,2025-02-12 13:00:00,zustellung,Stuttgart
369,143,143,2025-03-02 07:37:00,uebernahme,Stuttgart
370,143,143,2025-03-02 08:02:00,scan_hub,München
371,144,144,2025-03-02 09:05:00,uebernahme,Berlin
372,144,144,2025-03-02 09:02:00,scan_hub,Frankfurt
373,144,144,2025-03-02 08:51:00,zustellung,Stuttgart
374,145,145,2025-03-02 10:14:00,uebernahme,Berlin
375,145,145,2025-03-02 10:49:00,scan_hub,München
376,146,146,2025-03-02 12:48:00,uebernahme,Stuttgart
377,146,146,2025-03-02 12:45:00,scan_hub,Stuttgart
378,147,147,2025-03-02 13:05:00,uebernahme,Berlin
379,147,147,2025-03-02 13:28:00,scan_hub,Berlin
380,148,148,2025-04-13 08:16:00,uebernahme,Hamburg
381,148,148,2025-04-13 08:03:00,scan_hub,München
382,149,149,2025-04-13 08:35:00,uebernahme,München
383,149,149,2025-04-13 08:38:00,scan_hub,Frankfurt
384,149,149,2025-04-13 08:17:00,zustellung,Stuttgart
385,150,150,2025-01-17 08:03:00,uebernahme,Stuttgart
386,150,150,2025-01-17 08:09:00,scan_hub,Berlin
387,150,150,2025-01-17 07:58:00,zustellung,Hamburg
388,151,151,2025-01-17 09:59:00,uebernahme,München
389,151,151,2025-01-17 10:12:00,scan_hub,Stuttgart
390,152,152,2025-01-17 11:13:00,uebernahme,Stuttgart
391,152,152,2025-01-17 10:43:00,scan_hub,Frankfurt
392,153,153,2025-01-17 12:32:00,uebernahme,Leipzig
393,153,153,2025-01-17 12:26:00,scan_hub,Berlin
394,153,153,2025-01-17 12:44:00,zustellung,Stuttgart
395,154,154,2025-04-22 08:19:00,uebernahme,Berlin
396,154,154,2025-04-22 08:12:00,scan_hub,Leipzig
397,154,154,2025-04-22 07:52:00,zustellung,Hamburg
398,155,155,2025-04-22 09:17:00,uebernahme,Frankfurt
399,155,155,2025-04-22 08:52:00,scan_hub,Berlin
400,155,155,2025-04-22 09:09:00,zustellung,Stuttgart
401,156,156,2025-04-22 09:46:00,uebernahme,Leipzig
402,156,156,2025-04-22 09:19:00,scan_hub,Stuttgart
403,157,157,2025-03-21 08:26:00,uebernahme,Stuttgart
404,157,157,2025-03-21 08:44:00,scan_hub,München
405,157,157,2025-03-21 08:41:00,zustellung,Stuttgart
406,158,158,2025-03-21 09:00:00,uebernahme,Leipzig
407,158,158,2025-03-21 08:42:00,scan_hub,Hamburg
408,159,159,2025-03-21 10:11:00,uebernahme,Frankfurt
409,159,159,2025-03-21 09:42:00,scan_hub,Berlin
410,159,159,2025-03-21 09:49:00,zustellung,Frankfurt
411,160,160,2025-03-21 10:24:00,uebernahme,Leipzig
412,160,160,2025-03-21 10:38:00,scan_hub,München
413,160,160,2025-03-21 10:57:00,zustellung,Stuttgart
414,161,161,2025-03-21 12:05:00,uebernahme,Hamburg
415,161,161,2025-03-21 11:30:00,scan_hub,Leipzig
416,161,161,2025-03-21 12:04:00,zustellung,Frankfurt
417,162,162,2025-02-01 08:42:00,uebernahme,Leipzig
418,162,162,2025-02-01 08:51:00,scan_hub,München
419,162,162,2025-02-01 08:09:00,zustellung,Berlin
420,163,163,2025-02-01 09:24:00,uebernahme,Frankfurt
421,163,163,2025-02-01 09:43:00,scan_hub,Leipzig
422,163,163,2025-02-01 09:26:00,zustellung,Stuttgart
423,164,164,2025-02-01 09:50:00,uebernahme,Köln
424,164,164,2025-02-01 09:58:00,scan_hub,München
425,164,164,2025-02-01 10:19:00,zustellung,Köln
426,165,165,2025-02-01 10:30:00,uebernahme,Stuttgart
427,165,165,2025-02-01 10:31:00,scan_hub,München
428,166,166,2025-02-01 12:19:00,uebernahme,Köln
429,166,166,2025-02-01 11:54:00,scan_hub,Frankfurt
430,166,166,2025-02-01 12:04:00,zustellung,München
431,167,167,2025-02-01 14:23:00,uebernahme,Frankfurt
432,167,167,2025-02-01 14:18:00,scan_hub,Frankfurt
433,168,168,2025-04-05 07:45:00,uebernahme,Frankfurt
434,168,168,2025-04-05 07:52:00,scan_hub,Leipzig
435,169,169,2025-04-05 10:02:00,uebernahme,Stuttgart
436,169,169,2025-04-05 10:30:00,scan_hub,Leipzig
437,169,169,2025-04-05 10:16:00,zustellung,München
438,170,170,2025-04-05 10:29:00,uebernahme,München
439,170,170,2025-04-05 10:05:00,scan_hub,Köln
440,170,170,2025-04-05 10:01:00,zustellung,Berlin
441,171,171,2025-04-05 11:26:00,uebernahme,Stuttgart
442,171,171,2025-04-05 11:06:00,scan_hub,Berlin
443,172,172,2025-04-05 11:52:00,uebernahme,Berlin
444,172,172,2025-04-05 12:16:00,scan_hub,Leipzig
445,173,173,2025-04-05 12:54:00,uebernahme,Berlin
446,173,173,2025-04-05 13:02:00,scan_hub,Hamburg
447,173,173,2025-04-05 12:47:00,zustellung,Hamburg
448,174,174,2025-03-18 08:53:00,uebernahme,Berlin
449,174,174,2025-03-18 09:13:00,scan_hub,Berlin
450,175,175,2025-03-18 08:56:00,uebernahme,Hamburg
451,175,175,2025-03-18 09:00:00,scan_hub,Stuttgart
452,176,176,2025-03-18 09:57:00,uebernahme,Stuttgart
453,176,176,2025-03-18 09:54:00,scan_hub,Köln
454,176,176,2025-03-18 09:23:00,zustellung,Stuttgart
455,177,177,2025-03-18 11:06:00,uebernahme,Hamburg
456,177,177,2025-03-18 11:25:00,scan_hub,Stuttgart
457,178,178,2025-03-18 11:35:00,uebernahme,Frankfurt
458,178,178,2025-03-18 11:50:00,scan_hub,München
459,179,179,2025-03-18 13:04:00,uebernahme,Hamburg
460,179,179,2025-03-18 12:43:00,scan_hub,Stuttgart
461,180,180,2025-01-21 07:21:00,uebernahme,Stuttgart
462,180,180,2025-01-21 08:05:00,scan_hub,Berlin
463,180,180,2025-01-21 07:31:00,zustellung,München
464,181,181,2025-01-21 08:39:00,uebernahme,Leipzig
465,181,181,2025-01-21 08:12:00,scan_hub,Köln
466,181,181,2025-01-21 08:15:00,zustellung,Stuttgart
467,182,182,2025-04-09 08:15:00,uebernahme,Stuttgart
468,182,182,2025-04-09 08:44:00,scan_hub,Hamburg
469,182,182,2025-04-09 08:22:00,zustellung,Leipzig
470,183,183,2025-04-09 08:16:00,uebernahme,Hamburg
471,183,183,2025-04-09 08:18:00,scan_hub,München
472,184,184,2025-04-01 08:14:00,uebernahme,Frankfurt
473,184,184,2025-04-01 08:46:00,scan_hub,München
474,185,185,2025-04-01 08:55:00,uebernahme,Stuttgart
475,185,185,2025-04-01 09:01:00,scan_hub,Leipzig
476,186,186,2025-04-01 10:09:00,uebernahme,Frankfurt
477,186,186,2025-04-01 10:34:00,scan_hub,München
478,186,186,2025-04-01 10:32:00,zustellung,Frankfurt
479,187,187,2025-04-01 11:14:00,uebernahme,Köln
480,187,187,2025-04-01 10:33:00,scan_hub,Leipzig
481,187,187,2025-04-01 10:47:00,zustellung,Köln
482,188,188,2025-04-01 12:02:00,uebernahme,Köln
483,188,188,2025-04-01 11:46:00,scan_hub,München
484,189,189,2025-04-01 13:12:00,uebernahme,München
485,189,189,2025-04-01 13:10:00,scan_hub,München
486,190,190,2025-03-25 08:03:00,uebernahme,Frankfurt
487,190,190,2025-03-25 07:55:00,scan_hub,Leipzig
488,191,191,2025-03-25 08:23:00,uebernahme,Hamburg
489,191,191,2025-03-25 08:43:00,scan_hub,Berlin
490,192,192,2025-03-25 10:13:00,uebernahme,Frankfurt
491,192,192,2025-03-25 10:16:00,scan_hub,München
492,193,193,2025-03-25 12:04:00,uebernahme,Frankfurt
493,193,193,2025-03-25 11:40:00,scan_hub,Leipzig
494,193,193,2025-03-25 11:56:00,zustellung,Köln
495,194,194,2025-03-09 07:35:00,uebernahme,Hamburg
496,194,194,2025-03-09 07:34:00,scan_hub,Berlin
497,195,195,2025-03-09 08:58:00,uebernahme,Köln
498,195,195,2025-03-09 08:51:00,scan_hub,Frankfurt
499,196,196,2025-03-09 10:53:00,uebernahme,Stuttgart
500,196,196,2025-03-09 10:54:00,scan_hub,Frankfurt
501,196,196,2025-03-09 11:33:00,zustellung,Hamburg
502,197,197,2025-03-09 11:09:00,uebernahme,Leipzig
503,197,197,2025-03-09 10:58:00,scan_hub,Stuttgart
504,197,197,2025-03-09 10:57:00,zustellung,Köln
505,198,198,2025-03-09 12:11:00,uebernahme,Frankfurt
506,198,198,2025-03-09 12:11:00,scan_hub,Hamburg
507,199,199,2025-03-09 13:32:00,uebernahme,Leipzig
508,199,199,2025-03-09 13:38:00,scan_hub,Berlin
509,199,199,2025-03-09 13:31:00,zustellung,Berlin
510,200,200,2025-02-04 08:02:00,uebernahme,Hamburg
511,200,200,2025-02-04 07:51:00,scan_hub,Köln
512,201,201,2025-02-04 09:00:00,uebernahme,Leipzig
513,201,201,2025-02-04 09:36:00,scan_hub,Berlin
514,202,202,2025-02-04 09:15:00,uebernahme,Leipzig
515,202,202,2025-02-04 09:47:00,scan_hub,Berlin
516,202,202,2025-02-04 09:10:00,zustellung,Hamburg
517,203,203,2025-02-04 12:20:00,uebernahme,Hamburg
518,203,203,2025-02-04 12:48:00,scan_hub,Frankfurt
519,203,203,2025-02-04 12:01:00,zustellung,Köln
520,204,204,2025-02-04 12:06:00,uebernahme,Frankfurt
521,204,204,2025-02-04 12:23:00,scan_hub,Frankfurt
522,205,205,2025-02-04 12:18:00,uebernahme,Köln
523,205,205,2025-02-04 12:36:00,scan_hub,München
524,205,205,2025-02-04 12:17:00,zustellung,Köln
525,206,206,2025-02-01 08:03:00,uebernahme,Stuttgart
526,206,206,2025-02-01 07:52:00,scan_hub,Leipzig
527,206,206,2025-02-01 07:26:00,zustellung,Hamburg
528,207,207,2025-02-01 09:37:00,uebernahme,Hamburg
529,207,207,2025-02-01 09:36:00,scan_hub,Hamburg
530,208,208,2025-02-01 09:22:00,uebernahme,Berlin
531,208,208,2025-02-01 09:44:00,scan_hub,Berlin
532,208,208,2025-02-01 09:35:00,zustellung,Berlin
533,209,209,2025-02-01 10:08:00,uebernahme,München
534,209,209,2025-02-01 10:29:00,scan_hub,Frankfurt
535,210,210,2025-02-01 11:57:00,uebernahme,Leipzig
536,210,210,2025-02-01 11:17:00,scan_hub,Berlin
537,210,210,2025-02-01 11:31:00,zustellung,Köln
538,211,211,2025-02-01 13:23:00,uebernahme,Berlin
539,211,211,2025-02-01 13:07:00,scan_hub,München
540,212,212,2025-04-02 07:55:00,uebernahme,Frankfurt
541,212,212,2025-04-02 07:50:00,scan_hub,Köln
542,213,213,2025-04-02 08:56:00,uebernahme,Köln
543,213,213,2025-04-02 09:02:00,scan_hub,Leipzig
544,214,214,2025-03-07 08:08:00,uebernahme,Leipzig
545,214,214,2025-03-07 08:15:00,scan_hub,Leipzig
546,214,214,2025-03-07 07:56:00,zustellung,Stuttgart
547,215,215,2025-03-07 08:16:00,uebernahme,München
548,215,215,2025-03-07 08:22:00,scan_hub,Hamburg
549,215,215,2025-03-07 08:14:00,zustellung,München
550,216,216,2025-03-07 10:12:00,uebernahme,Stuttgart
551,216,216,2025-03-07 09:41:00,scan_hub,Stuttgart
552,216,216,2025-03-07 10:24:00,zustellung,Frankfurt
553,217,217,2025-03-07 11:28:00,uebernahme,Köln
554,217,217,2025-03-07 11:11:00,scan_hub,München
555,217,217,2025-03-07 12:00:00,zustellung,Hamburg
556,218,218,2025-01-23 09:04:00,uebernahme,Hamburg
557,218,218,2025-01-23 09:36:00,scan_hub,Leipzig
558,218,218,2025-01-23 09:01:00,zustellung,Frankfurt
559,219,219,2025-01-23 10:16:00,uebernahme,Köln
560,219,219,2025-01-23 09:50:00,scan_hub,Köln
561,219,219,2025-01-23 09:49:00,zustellung,München
562,220,220,2025-01-23 11:18:00,uebernahme,Berlin
563,220,220,2025-01-23 11:18:00,scan_hub,Leipzig
564,220,220,2025-01-23 10:57:00,zustellung,Leipzig
565,221,221,2025-01-23 10:43:00,uebernahme,Stuttgart
566,221,221,2025-01-23 11:00:00,scan_hub,München
567,221,221,2025-01-23 10:51:00,zustellung,Hamburg
568,222,222,2025-01-23 13:23:00,uebernahme,Köln
569,222,222,2025-01-23 13:31:00,scan_hub,Stuttgart
570,223,223,2025-01-23 14:54:00,uebernahme,Köln
571,223,223,2025-01-23 14:46:00,scan_hub,München
572,224,224,2025-03-17 07:34:00,uebernahme,Stuttgart
573,224,224,2025-03-17 07:03:00,scan_hub,Leipzig
574,225,225,2025-03-17 10:09:00,uebernahme,Frankfurt
575,225,225,2025-03-17 10:19:00,scan_hub,Berlin
576,225,225,2025-03-17 10:17:00,zustellung,Hamburg
577,226,226,2025-03-17 10:19:00,uebernahme,Köln
578,226,226,2025-03-17 10:49:00,scan_hub,München
579,227,227,2025-03-17 12:53:00,uebernahme,Köln
580,227,227,2025-03-17 13:02:00,scan_hub,Köln
581,228,228,2025-03-17 12:08:00,uebernahme,München
582,228,228,2025-03-17 11:42:00,scan_hub,München
583,229,229,2025-04-18 07:56:00,uebernahme,Leipzig
584,229,229,2025-04-18 08:09:00,scan_hub,Stuttgart
585,230,230,2025-04-18 09:25:00,uebernahme,Berlin
586,230,230,2025-04-18 09:42:00,scan_hub,Stuttgart
587,230,230,2025-04-18 09:20:00,zustellung,Berlin
588,231,231,2025-04-18 11:15:00,uebernahme,Frankfurt
589,231,231,2025-04-18 10:30:00,scan_hub,Stuttgart
590,232,232,2025-04-18 11:20:00,uebernahme,Frankfurt
591,232,232,2025-04-18 11:10:00,scan_hub,Hamburg
592,233,233,2025-04-06 08:03:00,uebernahme,Stuttgart
593,233,233,2025-04-06 08:07:00,scan_hub,Leipzig
594,234,234,2025-04-06 09:36:00,uebernahme,Berlin
595,234,234,2025-04-06 09:32:00,scan_hub,Berlin
596,235,235,2025-02-08 08:25:00,uebernahme,Stuttgart
597,235,235,2025-02-08 08:03:00,scan_hub,Leipzig
598,236,236,2025-02-08 08:30:00,uebernahme,Berlin
599,236,236,2025-02-08 08:38:00,scan_hub,Leipzig
600,236,236,2025-02-08 08:48:00,zustellung,Hamburg
601,237,237,2025-02-08 09:51:00,uebernahme,Frankfurt
602,237,237,2025-02-08 10:00:00,scan_hub,Frankfurt
603,237,237,2025-02-08 10:20:00,zustellung,Berlin
604,238,238,2025-02-08 10:47:00,uebernahme,Stuttgart
605,238,238,2025-02-08 10:55:00,scan_hub,Stuttgart
606,238,238,2025-02-08 10:26:00,zustellung,Leipzig
607,239,239,2025-02-08 12:16:00,uebernahme,Berlin
608,239,239,2025-02-08 12:17:00,scan_hub,Köln
609,239,239,2025-02-08 12:30:00,zustellung,Stuttgart
610,240,240,2025-05-06 08:25:00,uebernahme,München
611,240,240,2025-05-06 08:34:00,scan_hub,Leipzig
612,240,240,2025-05-06 08:35:00,zustellung,Köln
613,241,241,2025-05-06 09:42:00,uebernahme,Leipzig
614,241,241,2025-05-06 09:53:00,scan_hub,Berlin
615,241,241,2025-05-06 10:12:00,zustellung,Stuttgart
616,242,242,2025-05-06 09:32:00,uebernahme,Berlin
617,242,242,2025-05-06 08:59:00,scan_hub,Leipzig
618,243,243,2025-05-06 10:32:00,uebernahme,Köln
619,243,243,2025-05-06 10:29:00,scan_hub,Hamburg
620,244,244,2025-05-06 11:34:00,uebernahme,Köln
621,244,244,2025-05-06 11:30:00,scan_hub,Berlin
622,245,245,2025-01-16 08:06:00,uebernahme,Stuttgart
623,245,245,2025-01-16 08:21:00,scan_hub,München
624,245,245,2025-01-16 08:13:00,zustellung,Berlin
625,246,246,2025-01-16 10:15:00,uebernahme,Leipzig
626,246,246,2025-01-16 09:32:00,scan_hub,Stuttgart
627,247,247,2025-02-15 09:11:00,uebernahme,München
628,247,247,2025-02-15 09:00:00,scan_hub,Leipzig
629,248,248,2025-02-15 08:39:00,uebernahme,Köln
630,248,248,2025-02-15 08:24:00,scan_hub,Berlin
631,249,249,2025-02-15 10:10:00,uebernahme,Leipzig
632,249,249,2025-02-15 10:09:00,scan_hub,Berlin
633,249,249,2025-02-15 10:39:00,zustellung,Stuttgart
634,250,250,2025-02-15 11:24:00,uebernahme,Berlin
635,250,250,2025-02-15 10:56:00,scan_hub,Stuttgart
636,250,250,2025-02-15 11:15:00,zustellung,München
637,251,251,2025-03-10 08:10:00,uebernahme,Leipzig
638,251,251,2025-03-10 08:15:00,scan_hub,Frankfurt
639,252,252,2025-03-10 08:32:00,uebernahme,Leipzig
640,252,252,2025-03-10 08:46:00,scan_hub,Leipzig
641,253,253,2025-03-10 10:51:00,uebernahme,Hamburg
642,253,253,2025-03-10 10:29:00,scan_hub,Berlin
643,253,253,2025-03-10 10:43:00,zustellung,Berlin
644,254,254,2025-01-24 07:56:00,uebernahme,Hamburg
645,254,254,2025-01-24 08:32:00,scan_hub,München
646,254,254,2025-01-24 08:41:00,zustellung,Hamburg
647,255,255,2025-01-24 09:04:00,uebernahme,Stuttgart
648,255,255,2025-01-24 08:41:00,scan_hub,Frankfurt
649,256,256,2025-01-24 10:43:00,uebernahme,Frankfurt
650,256,256,2025-01-24 10:16:00,scan_hub,München
651,256,256,2025-01-24 10:38:00,zustellung,Köln
652,257,257,2025-01-24 12:07:00,uebernahme,Köln
653,257,257,2025-01-24 12:07:00,scan_hub,Berlin
654,258,258,2025-02-17 08:12:00,uebernahme,Stuttgart
655,258,258,2025-02-17 08:26:00,scan_hub,Hamburg
656,259,259,2025-02-17 09:00:00,uebernahme,Köln
657,259,259,2025-02-17 09:31:00,scan_hub,Berlin
658,260,260,2025-03-22 09:00:00,uebernahme,Stuttgart
659,260,260,2025-03-22 09:20:00,scan_hub,Stuttgart
660,260,260,2025-03-22 08:41:00,zustellung,Berlin
661,261,261,2025-03-22 08:14:00,uebernahme,München
662,261,261,2025-03-22 08:26:00,scan_hub,Stuttgart
663,261,261,2025-03-22 08:31:00,zustellung,Leipzig
664,262,262,2025-03-22 11:39:00,uebernahme,Köln
665,262,262,2025-03-22 11:29:00,scan_hub,Köln
666,263,263,2025-03-22 11:04:00,uebernahme,Frankfurt
667,263,263,2025-03-22 10:27:00,scan_hub,Stuttgart
668,263,263,2025-03-22 10:57:00,zustellung,Frankfurt
669,264,264,2025-03-22 13:28:00,uebernahme,Frankfurt
670,264,264,2025-03-22 13:39:00,scan_hub,Stuttgart
671,264,264,2025-03-22 13:29:00,zustellung,Frankfurt
672,265,265,2025-04-14 08:28:00,uebernahme,Köln
673,265,265,2025-04-14 08:21:00,scan_hub,Hamburg
674,266,266,2025-04-14 08:19:00,uebernahme,Berlin
675,266,266,2025-04-14 09:02:00,scan_hub,Leipzig
676,267,267,2025-04-14 09:38:00,uebernahme,Frankfurt
677,267,267,2025-04-14 09:42:00,scan_hub,Köln
678,268,268,2025-05-06 07:38:00,uebernahme,Leipzig
679,268,268,2025-05-06 07:17:00,scan_hub,Stuttgart
680,269,269,2025-05-06 08:27:00,uebernahme,Hamburg
681,269,269,2025-05-06 08:52:00,scan_hub,Stuttgart
682,270,270,2025-05-06 09:27:00,uebernahme,Köln
683,270,270,2025-05-06 09:53:00,scan_hub,Stuttgart
684,271,271,2025-05-07 07:54:00,uebernahme,Köln
685,271,271,2025-05-07 07:49:00,scan_hub,Frankfurt
686,272,272,2025-05-07 08:35:00,uebernahme,München
687,272,272,2025-05-07 08:38:00,scan_hub,Berlin
688,272,272,2025-05-07 09:06:00,zustellung,Hamburg
689,273,273,2025-05-07 11:49:00,uebernahme,Köln
690,273,273,2025-05-07 11:16:00,scan_hub,Köln
691,274,274,2025-04-03 07:31:00,uebernahme,Berlin
692,274,274,2025-04-03 07:28:00,scan_hub,Köln
693,274,274,2025-04-03 07:13:00,zustellung,Berlin
694,275,275,2025-04-03 08:36:00,uebernahme,Stuttgart
695,275,275,2025-04-03 09:20:00,scan_hub,Leipzig
696,276,276,2025-04-30 08:14:00,uebernahme,Stuttgart
697,276,276,2025-04-30 07:58:00,scan_hub,Frankfurt
698,276,276,2025-04-30 08:13:00,zustellung,Leipzig
699,277,277,2025-04-30 09:15:00,uebernahme,Berlin
700,277,277,2025-04-30 09:11:00,scan_hub,Köln
701,278,278,2025-04-30 11:08:00,uebernahme,Köln
702,278,278,2025-04-30 11:12:00,scan_hub,Berlin
703,278,278,2025-04-30 11:19:00,zustellung,Stuttgart
704,279,279,2025-04-30 11:32:00,uebernahme,München
705,279,279,2025-04-30 11:24:00,scan_hub,Leipzig
706,280,280,2025-04-26 09:20:00,uebernahme,Köln
707,280,280,2025-04-26 09:09:00,scan_hub,Berlin
708,280,280,2025-04-26 08:57:00,zustellung,Hamburg
709,281,281,2025-04-26 10:59:00,uebernahme,München
710,281,281,2025-04-26 10:35:00,scan_hub,Hamburg
711,281,281,2025-04-26 11:02:00,zustellung,Köln
712,282,282,2025-04-26 11:28:00,uebernahme,Stuttgart
713,282,282,2025-04-26 10:59:00,scan_hub,Hamburg
714,282,282,2025-04-26 11:11:00,zustellung,Köln
715,283,283,2025-04-26 10:51:00,uebernahme,München
716,283,283,2025-04-26 10:39:00,scan_hub,Köln
717,283,283,2025-04-26 10:53:00,zustellung,Berlin
718,284,284,2025-01-27 08:44:00,uebernahme,Stuttgart
719,284,284,2025-01-27 08:50:00,scan_hub,Köln
720,285,285,2025-01-27 08:47:00,uebernahme,Köln
721,285,285,2025-01-27 08:25:00,scan_hub,München
722,285,285,2025-01-27 09:05:00,zustellung,Leipzig
723,286,286,2025-01-27 10:16:00,uebernahme,Frankfurt
724,286,286,2025-01-27 10:47:00,scan_hub,Berlin
725,287,287,2025-01-27 10:43:00,uebernahme,Frankfurt
726,287,287,2025-01-27 10:39:00,scan_hub,Leipzig
727,288,288,2025-01-27 12:44:00,uebernahme,Leipzig
728,288,288,2025-01-27 12:55:00,scan_hub,München
729,289,289,2025-01-31 07:50:00,uebernahme,München
730,289,289,2025-01-31 08:05:00,scan_hub,Stuttgart
731,289,289,2025-01-31 08:14:00,zustellung,Köln
732,290,290,2025-01-31 08:57:00,uebernahme,Stuttgart
733,290,290,2025-01-31 08:47:00,scan_hub,Hamburg
734,290,290,2025-01-31 08:33:00,zustellung,Berlin
735,291,291,2025-01-27 07:02:00,uebernahme,Frankfurt
736,291,291,2025-01-27 07:26:00,scan_hub,Stuttgart
737,291,291,2025-01-27 07:16:00,zustellung,Köln
738,292,292,2025-01-27 08:37:00,uebernahme,Köln
739,292,292,2025-01-27 08:22:00,scan_hub,Berlin
740,292,292,2025-01-27 08:25:00,zustellung,Berlin
741,293,293,2025-01-27 09:23:00,uebernahme,Berlin
742,293,293,2025-01-27 09:55:00,scan_hub,Leipzig
743,293,293,2025-01-27 09:59:00,zustellung,Hamburg
744,294,294,2025-03-13 07:47:00,uebernahme,Hamburg
745,294,294,2025-03-13 08:17:00,scan_hub,Leipzig
746,295,295,2025-03-13 08:11:00,uebernahme,München
747,295,295,2025-03-13 08:28:00,scan_hub,München
748,295,295,2025-03-13 08:10:00,zustellung,Köln
749,296,296,2025-03-13 10:44:00,uebernahme,Köln
750,296,296,2025-03-13 10:28:00,scan_hub,Stuttgart
751,297,297,2025-03-13 10:34:00,uebernahme,Hamburg
752,297,297,2025-03-13 10:31:00,scan_hub,Frankfurt
753,297,297,2025-03-13 10:41:00,zustellung,München
754,298,298,2025-03-13 13:25:00,uebernahme,Köln
755,298,298,2025-03-13 13:43:00,scan_hub,Frankfurt
756,298,298,2025-03-13 13:50:00,zustellung,Stuttgart
757,299,299,2025-03-13 12:37:00,uebernahme,Stuttgart
758,299,299,2025-03-13 12:57:00,scan_hub,Berlin
759,299,299,2025-03-13 13:08:00,zustellung,Leipzig
760,300,300,2025-01-25 09:38:00,uebernahme,Berlin
761,300,300,2025-01-25 09:42:00,scan_hub,Berlin
762,300,300,2025-01-25 10:04:00,zustellung,Hamburg
763,301,301,2025-01-25 09:02:00,uebernahme,Hamburg
764,301,301,2025-01-25 08:44:00,scan_hub,Frankfurt
765,301,301,2025-01-25 08:32:00,zustellung,Köln
766,302,302,2025-01-25 10:07:00,uebernahme,Hamburg
767,302,302,2025-01-25 10:04:00,scan_hub,Berlin
768,302,302,2025-01-25 10:46:00,zustellung,München
769,303,303,2025-01-25 09:57:00,uebernahme,Hamburg
770,303,303,2025-01-25 10:27:00,scan_hub,Hamburg
771,303,303,2025-01-25 10:33:00,zustellung,Leipzig
772,304,304,2025-05-02 09:05:00,uebernahme,Köln
773,304,304,2025-05-02 09:17:00,scan_hub,Frankfurt
774,305,305,2025-05-02 09:04:00,uebernahme,Hamburg
775,305,305,2025-05-02 09:00:00,scan_hub,Hamburg
776,306,306,2025-05-02 09:41:00,uebernahme,Köln
777,306,306,2025-05-02 09:41:00,scan_hub,München
778,306,306,2025-05-02 10:20:00,zustellung,Frankfurt
779,307,307,2025-05-02 11:34:00,uebernahme,München
780,307,307,2025-05-02 11:41:00,scan_hub,Leipzig
781,307,307,2025-05-02 11:32:00,zustellung,Stuttgart
782,308,308,2025-05-02 11:54:00,uebernahme,Stuttgart
783,308,308,2025-05-02 11:39:00,scan_hub,Hamburg
784,309,309,2025-05-02 13:05:00,uebernahme,Leipzig
785,309,309,2025-05-02 12:23:00,scan_hub,München
786,309,309,2025-05-02 12:37:00,zustellung,Köln
787,310,310,2025-01-19 07:54:00,uebernahme,Hamburg
788,310,310,2025-01-19 08:04:00,scan_hub,Leipzig
789,310,310,2025-01-19 08:07:00,zustellung,Hamburg
790,311,311,2025-01-19 09:40:00,uebernahme,Stuttgart
791,311,311,2025-01-19 09:13:00,scan_hub,Frankfurt
792,311,311,2025-01-19 09:11:00,zustellung,Köln
793,312,312,2025-01-19 11:18:00,uebernahme,Leipzig
794,312,312,2025-01-19 11:14:00,scan_hub,München
795,313,313,2025-03-09 09:17:00,uebernahme,Frankfurt
796,313,313,2025-03-09 09:09:00,scan_hub,München
797,313,313,2025-03-09 08:58:00,zustellung,Hamburg
798,314,314,2025-03-09 09:15:00,uebernahme,Frankfurt
799,314,314,2025-03-09 08:45:00,scan_hub,Leipzig
800,314,314,2025-03-09 09:07:00,zustellung,Leipzig
801,315,315,2025-03-09 11:34:00,uebernahme,Hamburg
802,315,315,2025-03-09 11:19:00,scan_hub,Berlin
803,316,316,2025-03-09 10:46:00,uebernahme,München
804,316,316,2025-03-09 11:14:00,scan_hub,Leipzig
805,316,316,2025-03-09 10:55:00,zustellung,Köln
806,317,317,2025-03-09 11:51:00,uebernahme,Leipzig
807,317,317,2025-03-09 11:38:00,scan_hub,Köln
808,318,318,2025-02-07 08:49:00,uebernahme,Leipzig
809,318,318,2025-02-07 08:19:00,scan_hub,Stuttgart
810,318,318,2025-02-07 08:47:00,zustellung,München
811,319,319,2025-02-07 08:47:00,uebernahme,Berlin
812,319,319,2025-02-07 08:49:00,scan_hub,Stuttgart
813,320,320,2025-02-07 11:32:00,uebernahme,Frankfurt
814,320,320,2025-02-07 11:29:00,scan_hub,Frankfurt
815,320,320,2025-02-07 11:17:00,zustellung,Köln
816,321,321,2025-03-02 07:24:00,uebernahme,Frankfurt
817,321,321,2025-03-02 07:34:00,scan_hub,Berlin
818,321,321,2025-03-02 07:23:00,zustellung,Berlin
819,322,322,2025-03-02 08:43:00,uebernahme,Berlin
820,322,322,2025-03-02 08:39:00,scan_hub,Berlin
821,322,322,2025-03-02 08:54:00,zustellung,Köln
822,323,323,2025-03-02 10:08:00,uebernahme,Berlin
823,323,323,2025-03-02 09:56:00,scan_hub,Hamburg
824,324,324,2025-03-02 11:11:00,uebernahme,Stuttgart
825,324,324,2025-03-02 11:02:00,scan_hub,Berlin
826,324,324,2025-03-02 11:09:00,zustellung,Köln
827,325,325,2025-03-15 07:40:00,uebernahme,München
828,325,325,2025-03-15 07:22:00,scan_hub,München
829,326,326,2025-03-15 08:28:00,uebernahme,Frankfurt
830,326,326,2025-03-15 09:05:00,scan_hub,Köln
831,326,326,2025-03-15 08:53:00,zustellung,Stuttgart
832,327,327,2025-04-13 07:50:00,uebernahme,Köln
833,327,327,2025-04-13 07:47:00,scan_hub,Leipzig
834,328,328,2025-04-13 08:24:00,uebernahme,Stuttgart
835,328,328,2025-04-13 08:05:00,scan_hub,Frankfurt
836,328,328,2025-04-13 08:11:00,zustellung,Leipzig
837,329,329,2025-04-13 09:21:00,uebernahme,Leipzig
838,329,329,2025-04-13 09:12:00,scan_hub,Köln
839,330,330,2025-04-13 10:37:00,uebernahme,Berlin
840,330,330,2025-04-13 10:30:00,scan_hub,Frankfurt
841,330,330,2025-04-13 10:46:00,zustellung,Hamburg
842,331,331,2025-02-08 08:24:00,uebernahme,Leipzig
843,331,331,2025-02-08 08:16:00,scan_hub,Stuttgart
844,331,331,2025-02-08 08:58:00,zustellung,Stuttgart
845,332,332,2025-02-08 10:48:00,uebernahme,Berlin
846,332,332,2025-02-08 10:46:00,scan_hub,Stuttgart
847,333,333,2025-02-08 11:13:00,uebernahme,Berlin
848,333,333,2025-02-08 11:08:00,scan_hub,München
849,333,333,2025-02-08 11:23:00,zustellung,Berlin
850,334,334,2025-02-08 11:04:00,uebernahme,Berlin
851,334,334,2025-02-08 10:40:00,scan_hub,Leipzig
852,334,334,2025-02-08 10:15:00,zustellung,Stuttgart
853,335,335,2025-02-08 11:53:00,uebernahme,Leipzig
854,335,335,2025-02-08 11:37:00,scan_hub,Hamburg
855,336,336,2025-02-08 14:23:00,uebernahme,Leipzig
856,336,336,2025-02-08 14:16:00,scan_hub,Köln
857,337,337,2025-04-22 07:19:00,uebernahme,Frankfurt
858,337,337,2025-04-22 07:25:00,scan_hub,Hamburg
859,338,338,2025-04-22 09:19:00,uebernahme,Berlin
860,338,338,2025-04-22 09:17:00,scan_hub,Leipzig
861,339,339,2025-04-22 10:08:00,uebernahme,Stuttgart
862,339,339,2025-04-22 10:20:00,scan_hub,Frankfurt
863,339,339,2025-04-22 10:25:00,zustellung,Berlin
864,340,340,2025-04-22 11:09:00,uebernahme,Frankfurt
865,340,340,2025-04-22 11:45:00,scan_hub,Stuttgart
866,340,340,2025-04-22 11:19:00,zustellung,München
867,341,341,2025-04-22 12:58:00,uebernahme,Stuttgart
868,341,341,2025-04-22 12:56:00,scan_hub,Stuttgart
869,342,342,2025-04-22 14:28:00,uebernahme,Hamburg
870,342,342,2025-04-22 14:09:00,scan_hub,Berlin
871,343,343,2025-02-17 08:32:00,uebernahme,Berlin
872,343,343,2025-02-17 08:06:00,scan_hub,Stuttgart
873,343,343,2025-02-17 08:21:00,zustellung,Köln
874,344,344,2025-02-17 09:12:00,uebernahme,Frankfurt
875,344,344,2025-02-17 09:13:00,scan_hub,Leipzig
876,345,345,2025-02-17 09:51:00,uebernahme,Leipzig
877,345,345,2025-02-17 09:58:00,scan_hub,Frankfurt
878,345,345,2025-02-17 10:11:00,zustellung,Köln
879,346,346,2025-01-22 08:57:00,uebernahme,Hamburg
880,346,346,2025-01-22 09:07:00,scan_hub,München
881,346,346,2025-01-22 08:55:00,zustellung,Leipzig
882,347,347,2025-01-22 10:17:00,uebernahme,Leipzig
883,347,347,2025-01-22 09:41:00,scan_hub,Stuttgart
884,347,347,2025-01-22 09:51:00,zustellung,Leipzig
885,348,348,2025-01-22 08:56:00,uebernahme,Köln
886,348,348,2025-01-22 09:23:00,scan_hub,Berlin
887,349,349,2025-01-22 11:16:00,uebernahme,Leipzig
888,349,349,2025-01-22 10:36:00,scan_hub,Frankfurt
889,350,350,2025-01-22 12:59:00,uebernahme,Frankfurt
890,350,350,2025-01-22 13:23:00,scan_hub,München
891,350,350,2025-01-22 12:50:00,zustellung,Leipzig
892,351,351,2025-03-10 08:08:00,uebernahme,Hamburg
893,351,351,2025-03-10 08:14:00,scan_hub,München
894,351,351,2025-03-10 08:38:00,zustellung,München
895,352,352,2025-03-10 09:26:00,uebernahme,Stuttgart
896,352,352,2025-03-10 09:32:00,scan_hub,Hamburg
897,352,352,2025-03-10 08:54:00,zustellung,Hamburg
898,353,353,2025-03-10 10:57:00,uebernahme,München
899,353,353,2025-03-10 10:42:00,scan_hub,München
900,353,353,2025-03-10 11:06:00,zustellung,Berlin
901,354,354,2025-03-10 11:06:00,uebernahme,München
902,354,354,2025-03-10 11:28:00,scan_hub,Leipzig
903,354,354,2025-03-10 11:19:00,zustellung,München
904,355,355,2025-01-21 08:10:00,uebernahme,Berlin
905,355,355,2025-01-21 08:02:00,scan_hub,Frankfurt
906,355,355,2025-01-21 08:06:00,zustellung,Frankfurt
907,356,356,2025-01-21 08:08:00,uebernahme,Berlin
908,356,356,2025-01-21 08:55:00,scan_hub,Stuttgart
909,356,356,2025-01-21 08:50:00,zustellung,Berlin
910,357,357,2025-01-21 11:42:00,uebernahme,Hamburg
911,357,357,2025-01-21 12:04:00,scan_hub,Frankfurt
912,358,358,2025-01-21 12:13:00,uebernahme,Leipzig
913,358,358,2025-01-21 12:16:00,scan_hub,Hamburg
914,358,358,2025-01-21 12:24:00,zustellung,Leipzig
915,359,359,2025-01-21 12:45:00,uebernahme,Stuttgart
916,359,359,2025-01-21 12:54:00,scan_hub,Leipzig
917,359,359,2025-01-21 12:38:00,zustellung,Köln
918,360,360,2025-01-21 12:29:00,uebernahme,Frankfurt
919,360,360,2025-01-21 12:52:00,scan_hub,Leipzig
920,360,360,2025-01-21 13:15:00,zustellung,Berlin
921,361,361,2025-02-21 07:34:00,uebernahme,Stuttgart
922,361,361,2025-02-21 07:18:00,scan_hub,Frankfurt
923,362,362,2025-02-21 08:48:00,uebernahme,Berlin
924,362,362,2025-02-21 08:42:00,scan_hub,Stuttgart
925,362,362,2025-02-21 08:23:00,zustellung,Leipzig
926,363,363,2025-02-21 09:36:00,uebernahme,Frankfurt
927,363,363,2025-02-21 09:47:00,scan_hub,Frankfurt
928,363,363,2025-02-21 10:05:00,zustellung,Hamburg
929,364,364,2025-02-21 10:29:00,uebernahme,Leipzig
930,364,364,2025-02-21 10:39:00,scan_hub,Stuttgart
931,365,365,2025-02-21 11:29:00,uebernahme,München
932,365,365,2025-02-21 11:16:00,scan_hub,Hamburg
933,366,366,2025-04-14 07:37:00,uebernahme,Frankfurt
934,366,366,2025-04-14 08:08:00,scan_hub,Berlin
935,366,366,2025-04-14 07:57:00,zustellung,Stuttgart
936,367,367,2025-04-14 08:30:00,uebernahme,München
937,367,367,2025-04-14 08:30:00,scan_hub,Hamburg
938,368,368,2025-04-14 12:08:00,uebernahme,Hamburg
939,368,368,2025-04-14 11:22:00,scan_hub,Frankfurt
940,368,368,2025-04-14 11:38:00,zustellung,Leipzig
941,369,369,2025-04-14 10:44:00,uebernahme,Köln
942,369,369,2025-04-14 10:45:00,scan_hub,Köln
943,369,369,2025-04-14 10:09:00,zustellung,Frankfurt
944,370,370,2025-04-14 12:28:00,uebernahme,Hamburg
945,370,370,2025-04-14 12:10:00,scan_hub,Stuttgart
946,370,370,2025-04-14 12:23:00,zustellung,Hamburg
947,371,371,2025-03-23 07:32:00,uebernahme,Stuttgart
948,371,371,2025-03-23 07:11:00,scan_hub,Stuttgart
949,372,372,2025-03-23 08:42:00,uebernahme,Frankfurt
950,372,372,2025-03-23 08:45:00,scan_hub,Frankfurt
951,372,372,2025-03-23 09:23:00,zustellung,Köln
952,373,373,2025-01-24 09:20:00,uebernahme,Hamburg
953,373,373,2025-01-24 09:27:00,scan_hub,Leipzig
954,374,374,2025-01-24 09:41:00,uebernahme,Köln
955,374,374,2025-01-24 09:33:00,scan_hub,München
956,374,374,2025-01-24 09:17:00,zustellung,Leipzig
957,375,375,2025-01-24 09:54:00,uebernahme,Hamburg
958,375,375,2025-01-24 10:17:00,scan_hub,Köln
959,375,375,2025-01-24 10:04:00,zustellung,Frankfurt
960,376,376,2025-01-24 10:57:00,uebernahme,Leipzig
961,376,376,2025-01-24 10:53:00,scan_hub,Stuttgart
962,377,377,2025-01-28 08:52:00,uebernahme,Stuttgart
963,377,377,2025-01-28 08:35:00,scan_hub,Hamburg
964,378,378,2025-01-28 10:00:00,uebernahme,Berlin
965,378,378,2025-01-28 10:13:00,scan_hub,Frankfurt
966,379,379,2025-01-28 09:42:00,uebernahme,München
967,379,379,2025-01-28 09:46:00,scan_hub,Frankfurt
968,380,380,2025-05-08 07:38:00,uebernahme,Hamburg
969,380,380,2025-05-08 07:15:00,scan_hub,Hamburg
970,380,380,2025-05-08 07:01:00,zustellung,Stuttgart
971,381,381,2025-05-08 09:13:00,uebernahme,Hamburg
972,381,381,2025-05-08 09:10:00,scan_hub,Köln
973,382,382,2025-05-08 10:30:00,uebernahme,Stuttgart
974,382,382,2025-05-08 10:35:00,scan_hub,Stuttgart
975,383,383,2025-05-08 11:46:00,uebernahme,Stuttgart
976,383,383,2025-05-08 11:39:00,scan_hub,Frankfurt
977,383,383,2025-05-08 11:20:00,zustellung,Berlin
978,384,384,2025-05-08 12:38:00,uebernahme,Stuttgart
979,384,384,2025-05-08 12:48:00,scan_hub,Berlin
980,384,384,2025-05-08 13:12:00,zustellung,Frankfurt
981,385,385,2025-05-08 14:27:00,uebernahme,Leipzig
982,385,385,2025-05-08 14:02:00,scan_hub,Leipzig
983,385,385,2025-05-08 14:28:00,zustellung,Stuttgart
984,386,386,2025-04-19 08:40:00,uebernahme,München
985,386,386,2025-04-19 08:17:00,scan_hub,Köln
986,386,386,2025-04-19 08:36:00,zustellung,München
987,387,387,2025-04-19 09:07:00,uebernahme,Leipzig
988,387,387,2025-04-19 08:59:00,scan_hub,Stuttgart
989,388,388,2025-04-11 07:07:00,uebernahme,Hamburg
990,388,388,2025-04-11 07:39:00,scan_hub,Leipzig
991,389,389,2025-04-11 09:54:00,uebernahme,Frankfurt
992,389,389,2025-04-11 09:55:00,scan_hub,Köln
993,390,390,2025-03-25 08:01:00,uebernahme,Hamburg
994,390,390,2025-03-25 07:52:00,scan_hub,Berlin
995,390,390,2025-03-25 07:59:00,zustellung,Hamburg
996,391,391,2025-03-25 10:36:00,uebernahme,Hamburg
997,391,391,2025-03-25 10:31:00,scan_hub,Frankfurt
998,392,392,2025-03-25 09:39:00,uebernahme,Frankfurt
999,392,392,2025-03-25 09:29:00,scan_hub,Hamburg
1000,392,392,2025-03-25 09:35:00,zustellung,Hamburg
1001,393,393,2025-03-25 10:25:00,uebernahme,Leipzig
1002,393,393,2025-03-25 10:34:00,scan_hub,Köln
1003,393,393,2025-03-25 10:14:00,zustellung,Köln
1004,394,394,2025-03-30 08:46:00,uebernahme,Frankfurt
1005,394,394,2025-03-30 08:51:00,scan_hub,Stuttgart
1006,395,395,2025-03-30 08:51:00,uebernahme,Stuttgart
1007,395,395,2025-03-30 08:50:00,scan_hub,München
1008,395,395,2025-03-30 08:24:00,zustellung,Leipzig
1009,396,396,2025-03-30 11:02:00,uebernahme,Stuttgart
1010,396,396,2025-03-30 10:58:00,scan_hub,Berlin
1011,397,397,2025-03-30 10:49:00,uebernahme,Hamburg
1012,397,397,2025-03-30 10:22:00,scan_hub,München
1013,398,398,2025-03-30 11:18:00,uebernahme,München
1014,398,398,2025-03-30 11:39:00,scan_hub,Leipzig
1015,398,398,2025-03-30 11:53:00,zustellung,Leipzig
1016,399,399,2025-03-30 13:08:00,uebernahme,Köln
1017,399,399,2025-03-30 13:08:00,scan_hub,Frankfurt
1018,399,399,2025-03-30 13:09:00,zustellung,München
1019,400,400,2025-03-05 07:40:00,uebernahme,München
1020,400,400,2025-03-05 08:08:00,scan_hub,Hamburg
1021,400,400,2025-03-05 07:31:00,zustellung,München
1022,401,401,2025-03-05 08:55:00,uebernahme,München
1023,401,401,2025-03-05 09:25:00,scan_hub,München
1024,402,402,2025-03-05 09:20:00,uebernahme,Berlin
1025,402,402,2025-03-05 10:04:00,scan_hub,Frankfurt
1026,402,402,2025-03-05 09:19:00,zustellung,Hamburg
1027,403,403,2025-03-05 10:53:00,uebernahme,Berlin
1028,403,403,2025-03-05 11:15:00,scan_hub,Stuttgart
1029,403,403,2025-03-05 11:05:00,zustellung,Hamburg
1030,404,404,2025-05-08 08:09:00,uebernahme,München
1031,404,404,2025-05-08 07:43:00,scan_hub,Berlin
1032,405,405,2025-05-08 09:43:00,uebernahme,Frankfurt
1033,405,405,2025-05-08 10:14:00,scan_hub,Stuttgart
1034,405,405,2025-05-08 09:40:00,zustellung,Berlin
1035,406,406,2025-05-08 09:31:00,uebernahme,Köln
1036,406,406,2025-05-08 09:55:00,scan_hub,Köln
1037,406,406,2025-05-08 09:32:00,zustellung,Hamburg
1038,407,407,2025-05-08 10:49:00,uebernahme,Stuttgart
1039,407,407,2025-05-08 11:02:00,scan_hub,Stuttgart
1040,407,407,2025-05-08 10:40:00,zustellung,Berlin
1041,408,408,2025-01-18 08:18:00,uebernahme,Köln
1042,408,408,2025-01-18 08:12:00,scan_hub,München
1043,409,409,2025-01-18 09:02:00,uebernahme,Köln
1044,409,409,2025-01-18 08:44:00,scan_hub,Frankfurt
1045,410,410,2025-01-18 09:54:00,uebernahme,Leipzig
1046,410,410,2025-01-18 09:53:00,scan_hub,Berlin
1047,410,410,2025-01-18 09:15:00,zustellung,Hamburg
1048,411,411,2025-01-29 07:53:00,uebernahme,Köln
1049,411,411,2025-01-29 08:31:00,scan_hub,München
1050,411,411,2025-01-29 07:52:00,zustellung,Köln
1051,412,412,2025-01-29 09:20:00,uebernahme,Frankfurt
1052,412,412,2025-01-29 08:48:00,scan_hub,München
1053,413,413,2025-01-29 10:53:00,uebernahme,Leipzig
1054,413,413,2025-01-29 10:47:00,scan_hub,Stuttgart
1055,414,414,2025-03-23 07:44:00,uebernahme,Stuttgart
1056,414,414,2025-03-23 07:41:00,scan_hub,Berlin
1057,415,415,2025-03-23 09:30:00,uebernahme,Stuttgart
1058,415,415,2025-03-23 09:47:00,scan_hub,Leipzig
1059,415,415,2025-03-23 09:30:00,zustellung,Köln
1060,416,416,2025-03-16 07:31:00,uebernahme,München
1061,416,416,2025-03-16 07:35:00,scan_hub,Frankfurt
1062,416,416,2025-03-16 07:39:00,zustellung,Hamburg
1063,417,417,2025-03-16 10:21:00,uebernahme,Leipzig
1064,417,417,2025-03-16 09:56:00,scan_hub,Frankfurt
1065,418,418,2025-03-16 09:40:00,uebernahme,Berlin
1066,418,418,2025-03-16 10:23:00,scan_hub,Stuttgart
1067,418,418,2025-03-16 10:20:00,zustellung,München
1068,419,419,2025-03-16 11:18:00,uebernahme,Hamburg
1069,419,419,2025-03-16 10:43:00,scan_hub,München
1070,419,419,2025-03-16 11:10:00,zustellung,Frankfurt
1071,420,420,2025-03-16 12:40:00,uebernahme,Berlin
1072,420,420,2025-03-16 12:41:00,scan_hub,Berlin
1073,420,420,2025-03-16 12:31:00,zustellung,Berlin
1074,421,421,2025-03-16 13:11:00,uebernahme,Stuttgart
1075,421,421,2025-03-16 13:01:00,scan_hub,Köln
1076,422,422,2025-01-31 08:51:00,uebernahme,Berlin
1077,422,422,2025-01-31 09:10:00,scan_hub,Leipzig
1078,423,423,2025-01-31 09:21:00,uebernahme,Frankfurt
1079,423,423,2025-01-31 09:00:00,scan_hub,Köln
1080,423,423,2025-01-31 09:04:00,zustellung,Stuttgart
1081,424,424,2025-01-31 10:57:00,uebernahme,Leipzig
1082,424,424,2025-01-31 11:08:00,scan_hub,Leipzig
1083,424,424,2025-01-31 11:15:00,zustellung,Berlin
1084,425,425,2025-01-31 12:12:00,uebernahme,München
1085,425,425,2025-01-31 12:01:00,scan_hub,München
1086,426,426,2025-01-31 12:51:00,uebernahme,München
1087,426,426,2025-01-31 12:37:00,scan_hub,Stuttgart
1088,426,426,2025-01-31 12:56:00,zustellung,Stuttgart
1089,427,427,2025-01-25 08:03:00,uebernahme,Frankfurt
1090,427,427,2025-01-25 07:59:00,scan_hub,Leipzig
1091,427,427,2025-01-25 07:54:00,zustellung,München
1092,428,428,2025-01-25 09:17:00,uebernahme,Stuttgart
1093,428,428,2025-01-25 09:01:00,scan_hub,Köln
1094,428,428,2025-01-25 09:16:00,zustellung,Frankfurt
1095,429,429,2025-01-25 09:40:00,uebernahme,Köln
1096,429,429,2025-01-25 10:09:00,scan_hub,Berlin
1097,429,429,2025-01-25 09:38:00,zustellung,München
1098,430,430,2025-01-25 10:34:00,uebernahme,Leipzig
1099,430,430,2025-01-25 11:03:00,scan_hub,Hamburg
1100,431,431,2025-01-25 13:26:00,uebernahme,Frankfurt
1101,431,431,2025-01-25 12:54:00,scan_hub,Berlin
1102,432,432,2025-02-28 08:30:00,uebernahme,Stuttgart
1103,432,432,2025-02-28 08:34:00,scan_hub,Berlin
1104,432,432,2025-02-28 08:13:00,zustellung,Köln
1105,433,433,2025-02-28 09:40:00,uebernahme,Berlin
1106,433,433,2025-02-28 09:16:00,scan_hub,Hamburg
1107,433,433,2025-02-28 09:17:00,zustellung,Frankfurt
1108,434,434,2025-02-28 10:08:00,uebernahme,Stuttgart
1109,434,434,2025-02-28 09:45:00,scan_hub,Frankfurt
1110,434,434,2025-02-28 09:54:00,zustellung,München
1111,435,435,2025-02-28 11:22:00,uebernahme,Frankfurt
1112,435,435,2025-02-28 10:57:00,scan_hub,München
1113,435,435,2025-02-28 10:43:00,zustellung,Hamburg
1114,436,436,2025-01-18 08:19:00,uebernahme,München
1115,436,436,2025-01-18 08:11:00,scan_hub,Köln
1116,436,436,2025-01-18 07:49:00,zustellung,München
1117,437,437,2025-01-18 09:30:00,uebernahme,Hamburg
1118,437,437,2025-01-18 09:52:00,scan_hub,München
1119,437,437,2025-01-18 09:11:00,zustellung,Berlin
1120,438,438,2025-01-18 09:57:00,uebernahme,Köln
1121,438,438,2025-01-18 09:16:00,scan_hub,Köln
1122,439,439,2025-01-18 11:14:00,uebernahme,München
1123,439,439,2025-01-18 11:26:00,scan_hub,Stuttgart
1124,439,439,2025-01-18 11:18:00,zustellung,Stuttgart
1125,440,440,2025-02-27 07:28:00,uebernahme,München
1126,440,440,2025-02-27 07:38:00,scan_hub,Frankfurt
1127,440,440,2025-02-27 07:18:00,zustellung,Köln
1128,441,441,2025-02-27 08:30:00,uebernahme,Köln
1129,441,441,2025-02-27 08:44:00,scan_hub,Hamburg
1130,442,442,2025-02-27 10:19:00,uebernahme,Hamburg
1131,442,442,2025-02-27 10:01:00,scan_hub,Stuttgart
1132,442,442,2025-02-27 09:37:00,zustellung,München
1133,443,443,2025-02-27 10:52:00,uebernahme,Hamburg
1134,443,443,2025-02-27 11:09:00,scan_hub,Frankfurt
1135,443,443,2025-02-27 11:25:00,zustellung,Frankfurt
1136,444,444,2025-04-04 09:42:00,uebernahme,München
1137,444,444,2025-04-04 09:37:00,scan_hub,Köln
1138,445,445,2025-04-04 09:08:00,uebernahme,München
1139,445,445,2025-04-04 08:51:00,scan_hub,Leipzig
1140,445,445,2025-04-04 08:54:00,zustellung,Berlin
1141,446,446,2025-04-04 09:42:00,uebernahme,Berlin
1142,446,446,2025-04-04 10:03:00,scan_hub,München
1143,446,446,2025-04-04 09:52:00,zustellung,Hamburg
1144,447,447,2025-04-04 11:14:00,uebernahme,Leipzig
1145,447,447,2025-04-04 11:44:00,scan_hub,Stuttgart
1146,448,448,2025-04-04 12:43:00,uebernahme,Leipzig
1147,448,448,2025-04-04 12:47:00,scan_hub,Köln
1148,448,448,2025-04-04 12:34:00,zustellung,Hamburg
1149,449,449,2025-01-25 08:14:00,uebernahme,München
1150,449,449,2025-01-25 07:55:00,scan_hub,Stuttgart
1151,449,449,2025-01-25 08:10:00,zustellung,Hamburg
1152,450,450,2025-01-25 11:10:00,uebernahme,Stuttgart
1153,450,450,2025-01-25 10:36:00,scan_hub,Berlin
1154,451,451,2025-04-12 08:06:00,uebernahme,Frankfurt
1155,451,451,2025-04-12 08:18:00,scan_hub,Hamburg
1156,451,451,2025-04-12 07:40:00,zustellung,Frankfurt
1157,452,452,2025-04-12 09:29:00,uebernahme,Frankfurt
1158,452,452,2025-04-12 09:50:00,scan_hub,Köln
1159,453,453,2025-04-12 11:21:00,uebernahme,Frankfurt
1160,453,453,2025-04-12 11:15:00,scan_hub,Berlin
1161,453,453,2025-04-12 11:11:00,zustellung,München
1162,454,454,2025-04-12 10:43:00,uebernahme,Hamburg
1163,454,454,2025-04-12 10:55:00,scan_hub,Stuttgart
1164,454,454,2025-04-12 10:46:00,zustellung,Hamburg
1165,455,455,2025-03-14 08:08:00,uebernahme,Frankfurt
1166,455,455,2025-03-14 07:53:00,scan_hub,Köln
1167,455,455,2025-03-14 08:15:00,zustellung,Hamburg
1168,456,456,2025-03-14 08:41:00,uebernahme,Berlin
1169,456,456,2025-03-14 08:50:00,scan_hub,Stuttgart
1170,456,456,2025-03-14 08:15:00,zustellung,Leipzig
1171,457,457,2025-03-14 11:24:00,uebernahme,Hamburg
1172,457,457,2025-03-14 11:38:00,scan_hub,Leipzig
1173,457,457,2025-03-14 11:26:00,zustellung,Köln
1174,458,458,2025-03-14 12:37:00,uebernahme,Berlin
1175,458,458,2025-03-14 12:32:00,scan_hub,Frankfurt
1176,458,458,2025-03-14 12:26:00,zustellung,Frankfurt
1177,459,459,2025-02-01 07:21:00,uebernahme,München
1178,459,459,2025-02-01 07:58:00,scan_hub,Stuttgart
1179,459,459,2025-02-01 07:41:00,zustellung,Köln
1180,460,460,2025-02-01 09:57:00,uebernahme,Leipzig
1181,460,460,2025-02-01 10:12:00,scan_hub,Berlin
1182,461,461,2025-02-01 10:32:00,uebernahme,München
1183,461,461,2025-02-01 09:52:00,scan_hub,Stuttgart
1184,462,462,2025-03-02 08:34:00,uebernahme,Stuttgart
1185,462,462,2025-03-02 08:34:00,scan_hub,Frankfurt
1186,463,463,2025-03-02 08:36:00,uebernahme,Hamburg
1187,463,463,2025-03-02 08:25:00,scan_hub,Berlin
1188,464,464,2025-03-02 10:39:00,uebernahme,Köln
1189,464,464,2025-03-02 09:57:00,scan_hub,Hamburg
1190,464,464,2025-03-02 10:39:00,zustellung,Berlin
1191,465,465,2025-02-18 08:02:00,uebernahme,Leipzig
1192,465,465,2025-02-18 08:15:00,scan_hub,Berlin
1193,466,466,2025-02-18 08:29:00,uebernahme,Hamburg
1194,466,466,2025-02-18 08:42:00,scan_hub,Leipzig
1195,467,467,2025-02-18 10:51:00,uebernahme,Köln
1196,467,467,2025-02-18 10:43:00,scan_hub,Berlin
1197,468,468,2025-02-18 11:03:00,uebernahme,Frankfurt
1198,468,468,2025-02-18 10:56:00,scan_hub,Berlin
1199,469,469,2025-02-13 07:43:00,uebernahme,Stuttgart
1200,469,469,2025-02-13 07:28:00,scan_hub,Stuttgart
1201,470,470,2025-02-13 08:42:00,uebernahme,Berlin
1202,470,470,2025-02-13 07:56:00,scan_hub,Köln
1203,470,470,2025-02-13 08:05:00,zustellung,Hamburg
1204,471,471,2025-02-13 10:10:00,uebernahme,Köln
1205,471,471,2025-02-13 10:08:00,scan_hub,Leipzig
1206,472,472,2025-02-13 10:26:00,uebernahme,München
1207,472,472,2025-02-13 10:58:00,scan_hub,Köln
1208,473,473,2025-02-13 12:32:00,uebernahme,Stuttgart
1209,473,473,2025-02-13 12:09:00,scan_hub,Leipzig
1210,474,474,2025-02-13 12:55:00,uebernahme,München
1211,474,474,2025-02-13 13:17:00,scan_hub,Stuttgart
1212,474,474,2025-02-13 13:27:00,zustellung,Leipzig
1213,475,475,2025-04-29 07:57:00,uebernahme,Köln
1214,475,475,2025-04-29 07:46:00,scan_hub,Leipzig
1215,475,475,2025-04-29 07:37:00,zustellung,Stuttgart
1216,476,476,2025-04-29 10:03:00,uebernahme,Berlin
1217,476,476,2025-04-29 10:11:00,scan_hub,Berlin
1218,476,476,2025-04-29 10:28:00,zustellung,München
1219,477,477,2025-04-14 08:23:00,uebernahme,Leipzig
1220,477,477,2025-04-14 07:59:00,scan_hub,Berlin
1221,477,477,2025-04-14 08:17:00,zustellung,Frankfurt
1222,478,478,2025-04-14 10:05:00,uebernahme,Frankfurt
1223,478,478,2025-04-14 10:03:00,scan_hub,Frankfurt
1224,479,479,2025-04-14 09:23:00,uebernahme,Berlin
1225,479,479,2025-04-14 09:53:00,scan_hub,Frankfurt
1226,479,479,2025-04-14 09:53:00,zustellung,Köln
1227,480,480,2025-04-14 11:31:00,uebernahme,Frankfurt
1228,480,480,2025-04-14 11:10:00,scan_hub,Leipzig
1229,480,480,2025-04-14 11:12:00,zustellung,München
1230,481,481,2025-04-14 12:31:00,uebernahme,Hamburg
1231,481,481,2025-04-14 12:22:00,scan_hub,Frankfurt
1232,481,481,2025-04-14 12:21:00,zustellung,Köln
1233,482,482,2025-05-05 09:04:00,uebernahme,Hamburg
1234,482,482,2025-05-05 08:41:00,scan_hub,Frankfurt
1235,482,482,2025-05-05 08:44:00,zustellung,Hamburg
1236,483,483,2025-05-05 09:11:00,uebernahme,Hamburg
1237,483,483,2025-05-05 09:10:00,scan_hub,Köln
1238,483,483,2025-05-05 09:06:00,zustellung,Hamburg
1239,484,484,2025-05-05 11:20:00,uebernahme,Frankfurt
1240,484,484,2025-05-05 11:09:00,scan_hub,Köln
1241,485,485,2025-05-05 13:09:00,uebernahme,Leipzig
1242,485,485,2025-05-05 12:25:00,scan_hub,Hamburg
1243,485,485,2025-05-05 12:31:00,zustellung,Stuttgart
1244,486,486,2025-03-10 07:51:00,uebernahme,Frankfurt
1245,486,486,2025-03-10 07:51:00,scan_hub,Köln
1246,486,486,2025-03-10 07:11:00,zustellung,Hamburg
1247,487,487,2025-03-10 08:21:00,uebernahme,Frankfurt
1248,487,487,2025-03-10 08:05:00,scan_hub,München
1249,487,487,2025-03-10 08:05:00,zustellung,Stuttgart
1250,488,488,2025-03-18 08:47:00,uebernahme,Frankfurt
1251,488,488,2025-03-18 09:13:00,scan_hub,Hamburg
1252,489,489,2025-03-18 09:27:00,uebernahme,Stuttgart
1253,489,489,2025-03-18 09:30:00,scan_hub,Berlin
1254,489,489,2025-03-18 09:54:00,zustellung,Berlin
1255,490,490,2025-03-18 09:23:00,uebernahme,München
1256,490,490,2025-03-18 09:23:00,scan_hub,Berlin
1257,490,490,2025-03-18 09:33:00,zustellung,Stuttgart
1258,491,491,2025-03-18 10:31:00,uebernahme,Leipzig
1259,491,491,2025-03-18 10:37:00,scan_hub,Frankfurt
1260,491,491,2025-03-18 10:13:00,zustellung,München
1261,492,492,2025-03-18 11:25:00,uebernahme,Frankfurt
1262,492,492,2025-03-18 11:59:00,scan_hub,Stuttgart
1263,492,492,2025-03-18 11:56:00,zustellung,Berlin
1264,493,493,2025-04-20 07:12:00,uebernahme,Berlin
1265,493,493,2025-04-20 07:35:00,scan_hub,Frankfurt
1266,493,493,2025-04-20 06:58:00,zustellung,Frankfurt
1267,494,494,2025-04-20 08:49:00,uebernahme,Berlin
1268,494,494,2025-04-20 09:11:00,scan_hub,Köln
1269,495,495,2025-04-20 10:50:00,uebernahme,Köln
1270,495,495,2025-04-20 10:36:00,scan_hub,Hamburg
1271,495,495,2025-04-20 11:12:00,zustellung,Hamburg
1272,496,496,2025-04-20 10:21:00,uebernahme,Berlin
1273,496,496,2025-04-20 10:44:00,scan_hub,Leipzig
1274,496,496,2025-04-20 10:07:00,zustellung,Hamburg
1275,497,497,2025-01-19 07:28:00,uebernahme,Stuttgart
1276,497,497,2025-01-19 07:34:00,scan_hub,Köln
1277,498,498,2025-01-19 09:50:00,uebernahme,Frankfurt
1278,498,498,2025-01-19 09:08:00,scan_hub,Frankfurt
1279,499,499,2025-01-19 10:06:00,uebernahme,Hamburg
1280,499,499,2025-01-19 10:04:00,scan_hub,Frankfurt
1281,500,500,2025-02-26 07:54:00,uebernahme,Leipzig
1282,500,500,2025-02-26 08:34:00,scan_hub,Stuttgart
1283,501,501,2025-02-26 09:47:00,uebernahme,Berlin
1284,501,501,2025-02-26 09:34:00,scan_hub,München
1285,501,501,2025-02-26 09:08:00,zustellung,Frankfurt
1286,502,502,2025-02-26 09:06:00,uebernahme,Köln
1287,502,502,2025-02-26 09:14:00,scan_hub,Köln
1288,503,503,2025-02-26 12:03:00,uebernahme,Köln
1289,503,503,2025-02-26 12:03:00,scan_hub,München
1290,503,503,2025-02-26 12:30:00,zustellung,Hamburg
1291,504,504,2025-02-26 11:49:00,uebernahme,Frankfurt
1292,504,504,2025-02-26 11:22:00,scan_hub,Leipzig
1293,505,505,2025-02-26 12:21:00,uebernahme,Köln
1294,505,505,2025-02-26 13:01:00,scan_hub,Hamburg
1295,506,506,2025-01-12 08:46:00,uebernahme,Hamburg
1296,506,506,2025-01-12 09:18:00,scan_hub,Berlin
1297,507,507,2025-01-12 08:55:00,uebernahme,München
1298,507,507,2025-01-12 09:18:00,scan_hub,Leipzig
1299,507,507,2025-01-12 09:25:00,zustellung,München
1300,508,508,2025-01-12 09:12:00,uebernahme,Leipzig
1301,508,508,2025-01-12 10:00:00,scan_hub,Leipzig
1302,509,509,2025-02-15 08:04:00,uebernahme,Stuttgart
1303,509,509,2025-02-15 07:42:00,scan_hub,Berlin
1304,510,510,2025-02-15 09:10:00,uebernahme,Stuttgart
1305,510,510,2025-02-15 09:15:00,scan_hub,München
1306,510,510,2025-02-15 09:11:00,zustellung,Leipzig
1307,511,511,2025-02-15 09:48:00,uebernahme,Berlin
1308,511,511,2025-02-15 10:21:00,scan_hub,Stuttgart
1309,511,511,2025-02-15 09:39:00,zustellung,Köln
1310,512,512,2025-02-15 11:17:00,uebernahme,Stuttgart
1311,512,512,2025-02-15 11:33:00,scan_hub,Stuttgart
1312,512,512,2025-02-15 10:50:00,zustellung,Hamburg
1313,513,513,2025-03-13 08:30:00,uebernahme,Frankfurt
1314,513,513,2025-03-13 08:46:00,scan_hub,Köln
1315,513,513,2025-03-13 08:57:00,zustellung,Köln
1316,514,514,2025-03-13 09:18:00,uebernahme,Frankfurt
1317,514,514,2025-03-13 08:39:00,scan_hub,Hamburg
1318,514,514,2025-03-13 09:05:00,zustellung,Berlin
1319,515,515,2025-03-13 09:42:00,uebernahme,Frankfurt
1320,515,515,2025-03-13 09:15:00,scan_hub,Hamburg
1321,515,515,2025-03-13 09:44:00,zustellung,Köln
1322,516,516,2025-03-13 10:02:00,uebernahme,Stuttgart
1323,516,516,2025-03-13 10:23:00,scan_hub,Köln
1324,517,517,2025-03-13 12:45:00,uebernahme,Frankfurt
1325,517,517,2025-03-13 12:50:00,scan_hub,München
1326,517,517,2025-03-13 12:44:00,zustellung,Stuttgart
1327,518,518,2025-01-17 07:24:00,uebernahme,Frankfurt
1328,518,518,2025-01-17 07:33:00,scan_hub,München
1329,518,518,2025-01-17 07:45:00,zustellung,München
1330,519,519,2025-01-17 09:43:00,uebernahme,Berlin
1331,519,519,2025-01-17 10:15:00,scan_hub,Stuttgart
1332,519,519,2025-01-17 09:59:00,zustellung,Hamburg
1333,520,520,2025-04-02 08:13:00,uebernahme,Berlin
1334,520,520,2025-04-02 08:13:00,scan_hub,Hamburg
1335,521,521,2025-04-02 09:07:00,uebernahme,Köln
1336,521,521,2025-04-02 08:36:00,scan_hub,Leipzig
1337,521,521,2025-04-02 09:25:00,zustellung,Berlin
1338,522,522,2025-04-02 11:32:00,uebernahme,Berlin
1339,522,522,2025-04-02 10:57:00,scan_hub,Leipzig
1340,522,522,2025-04-02 11:22:00,zustellung,Berlin
1341,523,523,2025-04-02 12:08:00,uebernahme,Leipzig
1342,523,523,2025-04-02 12:33:00,scan_hub,Frankfurt
1343,523,523,2025-04-02 12:04:00,zustellung,Hamburg
1344,524,524,2025-04-02 13:07:00,uebernahme,Köln
1345,524,524,2025-04-02 13:38:00,scan_hub,Köln
1346,525,525,2025-04-02 12:57:00,uebernahme,München
1347,525,525,2025-04-02 13:05:00,scan_hub,Berlin
1348,525,525,2025-04-02 12:53:00,zustellung,Berlin
1349,526,526,2025-01-14 07:41:00,uebernahme,München
1350,526,526,2025-01-14 07:49:00,scan_hub,Frankfurt
1351,527,527,2025-01-14 08:52:00,uebernahme,Berlin
1352,527,527,2025-01-14 08:54:00,scan_hub,Berlin
1353,527,527,2025-01-14 08:57:00,zustellung,Stuttgart
1354,528,528,2025-01-14 11:11:00,uebernahme,Leipzig
1355,528,528,2025-01-14 11:13:00,scan_hub,Leipzig
1356,529,529,2025-04-13 07:38:00,uebernahme,Hamburg
1357,529,529,2025-04-13 08:02:00,scan_hub,Köln
1358,529,529,2025-04-13 07:15:00,zustellung,Leipzig
1359,530,530,2025-04-13 09:45:00,uebernahme,München
1360,530,530,2025-04-13 09:23:00,scan_hub,Frankfurt
1361,531,531,2025-04-13 10:03:00,uebernahme,Stuttgart
1362,531,531,2025-04-13 09:17:00,scan_hub,Stuttgart
1363,531,531,2025-04-13 09:30:00,zustellung,München
1364,532,532,2025-04-13 12:41:00,uebernahme,München
1365,532,532,2025-04-13 12:40:00,scan_hub,Frankfurt
1366,532,532,2025-04-13 12:26:00,zustellung,München
1367,533,533,2025-04-13 11:38:00,uebernahme,Stuttgart
1368,533,533,2025-04-13 12:16:00,scan_hub,Stuttgart
1369,534,534,2025-04-13 13:08:00,uebernahme,Köln
1370,534,534,2025-04-13 13:14:00,scan_hub,Berlin
1371,534,534,2025-04-13 13:12:00,zustellung,Köln
1372,535,535,2025-03-02 08:38:00,uebernahme,Berlin
1373,535,535,2025-03-02 08:31:00,scan_hub,Köln
1374,535,535,2025-03-02 08:19:00,zustellung,München
1375,536,536,2025-03-02 09:13:00,uebernahme,München
1376,536,536,2025-03-02 09:01:00,scan_hub,Frankfurt
1377,536,536,2025-03-02 09:05:00,zustellung,Leipzig
1378,537,537,2025-03-02 09:38:00,uebernahme,Berlin
1379,537,537,2025-03-02 10:16:00,scan_hub,Stuttgart
1380,538,538,2025-03-02 11:36:00,uebernahme,Hamburg
1381,538,538,2025-03-02 11:18:00,scan_hub,Frankfurt
1382,539,539,2025-03-02 12:04:00,uebernahme,Köln
1383,539,539,2025-03-02 11:57:00,scan_hub,Leipzig
1384,539,539,2025-03-02 12:13:00,zustellung,Berlin
1385,540,540,2025-03-02 13:22:00,uebernahme,Köln
1386,540,540,2025-03-02 13:36:00,scan_hub,München
1387,541,541,2025-03-10 07:38:00,uebernahme,Berlin
1388,541,541,2025-03-10 08:10:00,scan_hub,Köln
1389,541,541,2025-03-10 07:35:00,zustellung,Berlin
1390,542,542,2025-03-10 10:00:00,uebernahme,Leipzig
1391,542,542,2025-03-10 10:30:00,scan_hub,Stuttgart
1392,542,542,2025-03-10 10:25:00,zustellung,Berlin
1393,543,543,2025-03-10 11:31:00,uebernahme,München
1394,543,543,2025-03-10 10:56:00,scan_hub,Leipzig
1395,544,544,2025-03-10 12:31:00,uebernahme,Hamburg
1396,544,544,2025-03-10 12:38:00,scan_hub,Hamburg
1397,545,545,2025-02-28 08:33:00,uebernahme,Stuttgart
1398,545,545,2025-02-28 08:49:00,scan_hub,München
1399,546,546,2025-02-28 09:01:00,uebernahme,Frankfurt
1400,546,546,2025-02-28 09:18:00,scan_hub,Stuttgart
1401,547,547,2025-02-28 08:55:00,uebernahme,Frankfurt
1402,547,547,2025-02-28 09:30:00,scan_hub,Berlin
1403,547,547,2025-02-28 09:21:00,zustellung,Stuttgart
1404,548,548,2025-01-15 08:20:00,uebernahme,Hamburg
1405,548,548,2025-01-15 07:52:00,scan_hub,Stuttgart
1406,549,549,2025-01-15 09:08:00,uebernahme,Leipzig
1407,549,549,2025-01-15 09:28:00,scan_hub,Köln
1408,549,549,2025-01-15 09:06:00,zustellung,Leipzig
1409,550,550,2025-01-15 09:43:00,uebernahme,Hamburg
1410,550,550,2025-01-15 10:16:00,scan_hub,München
1411,551,551,2025-01-15 10:22:00,uebernahme,Hamburg
1412,551,551,2025-01-15 10:31:00,scan_hub,Stuttgart
1413,552,552,2025-01-15 12:09:00,uebernahme,Leipzig
1414,552,552,2025-01-15 12:06:00,scan_hub,Stuttgart
1415,553,553,2025-04-14 08:36:00,uebernahme,Frankfurt
1416,553,553,2025-04-14 08:23:00,scan_hub,Berlin
1417,553,553,2025-04-14 08:12:00,zustellung,Stuttgart
1418,554,554,2025-04-14 08:55:00,uebernahme,Stuttgart
1419,554,554,2025-04-14 09:17:00,scan_hub,München
1420,554,554,2025-04-14 08:50:00,zustellung,München
1421,555,555,2025-04-14 09:41:00,uebernahme,Hamburg
1422,555,555,2025-04-14 09:23:00,scan_hub,Hamburg
1423,556,556,2025-04-14 10:25:00,uebernahme,Hamburg
1424,556,556,2025-04-14 10:20:00,scan_hub,Berlin
1425,557,557,2025-04-14 13:00:00,uebernahme,Frankfurt
1426,557,557,2025-04-14 13:21:00,scan_hub,Berlin
1427,557,557,2025-04-14 12:58:00,zustellung,Frankfurt
1428,558,558,2025-04-17 08:15:00,uebernahme,Stuttgart
1429,558,558,2025-04-17 08:26:00,scan_hub,Köln
1430,558,558,2025-04-17 07:58:00,zustellung,Köln
1431,559,559,2025-04-17 09:49:00,uebernahme,Berlin
1432,559,559,2025-04-17 09:29:00,scan_hub,Köln
1433,560,560,2025-04-02 07:41:00,uebernahme,München
1434,560,560,2025-04-02 07:30:00,scan_hub,Berlin
1435,560,560,2025-04-02 08:06:00,zustellung,Köln
1436,561,561,2025-04-02 08:26:00,uebernahme,Stuttgart
1437,561,561,2025-04-02 07:58:00,scan_hub,München
1438,561,561,2025-04-02 08:14:00,zustellung,Frankfurt
1439,562,562,2025-04-02 09:29:00,uebernahme,Köln
1440,562,562,2025-04-02 09:24:00,scan_hub,Hamburg
1441,563,563,2025-04-02 11:09:00,uebernahme,Stuttgart
1442,563,563,2025-04-02 10:54:00,scan_hub,Berlin
1443,563,563,2025-04-02 10:51:00,zustellung,Hamburg
1444,564,564,2025-05-05 07:13:00,uebernahme,München
1445,564,564,2025-05-05 07:19:00,scan_hub,Frankfurt
1446,565,565,2025-05-05 09:43:00,uebernahme,Berlin
1447,565,565,2025-05-05 09:57:00,scan_hub,Leipzig
1448,565,565,2025-05-05 09:38:00,zustellung,Frankfurt
1449,566,566,2025-05-05 11:07:00,uebernahme,Stuttgart
1450,566,566,2025-05-05 10:52:00,scan_hub,Frankfurt
1451,566,566,2025-05-05 11:13:00,zustellung,Leipzig
1452,567,567,2025-05-05 10:37:00,uebernahme,Frankfurt
1453,567,567,2025-05-05 11:09:00,scan_hub,Frankfurt
1454,567,567,2025-05-05 11:20:00,zustellung,Stuttgart
1455,568,568,2025-04-24 07:33:00,uebernahme,München
1456,568,568,2025-04-24 07:23:00,scan_hub,Frankfurt
1457,568,568,2025-04-24 07:44:00,zustellung,Frankfurt
1458,569,569,2025-04-24 09:34:00,uebernahme,Berlin
1459,569,569,2025-04-24 09:35:00,scan_hub,Köln
1460,570,570,2025-03-10 09:27:00,uebernahme,Frankfurt
1461,570,570,2025-03-10 09:29:00,scan_hub,Leipzig
1462,570,570,2025-03-10 09:02:00,zustellung,Hamburg
1463,571,571,2025-03-10 08:43:00,uebernahme,Köln
1464,571,571,2025-03-10 08:48:00,scan_hub,Frankfurt
1465,571,571,2025-03-10 09:13:00,zustellung,Stuttgart
1466,572,572,2025-04-14 08:36:00,uebernahme,Köln
1467,572,572,2025-04-14 08:02:00,scan_hub,Frankfurt
1468,573,573,2025-04-14 08:33:00,uebernahme,Berlin
1469,573,573,2025-04-14 08:13:00,scan_hub,Hamburg
1470,574,574,2025-04-14 10:22:00,uebernahme,Leipzig
1471,574,574,2025-04-14 10:03:00,scan_hub,Berlin
1472,574,574,2025-04-14 10:02:00,zustellung,München
1473,575,575,2025-04-14 10:46:00,uebernahme,Leipzig
1474,575,575,2025-04-14 10:59:00,scan_hub,Leipzig
1475,576,576,2025-04-14 12:35:00,uebernahme,Berlin
1476,576,576,2025-04-14 12:19:00,scan_hub,Köln
1477,577,577,2025-03-31 08:18:00,uebernahme,München
1478,577,577,2025-03-31 07:57:00,scan_hub,Berlin
1479,578,578,2025-03-31 08:33:00,uebernahme,Köln
1480,578,578,2025-03-31 08:32:00,scan_hub,Hamburg
1481,578,578,2025-03-31 08:07:00,zustellung,Leipzig
1482,579,579,2025-03-31 10:45:00,uebernahme,Leipzig
1483,579,579,2025-03-31 11:26:00,scan_hub,Frankfurt
1484,579,579,2025-03-31 11:25:00,zustellung,Leipzig
1485,580,580,2025-03-31 11:36:00,uebernahme,München
1486,580,580,2025-03-31 10:55:00,scan_hub,Leipzig
1487,580,580,2025-03-31 11:04:00,zustellung,Berlin
1488,581,581,2025-03-29 07:55:00,uebernahme,Frankfurt
1489,581,581,2025-03-29 08:19:00,scan_hub,Köln
1490,582,582,2025-03-29 09:14:00,uebernahme,Hamburg
1491,582,582,2025-03-29 09:17:00,scan_hub,Köln
1492,582,582,2025-03-29 09:41:00,zustellung,Berlin
1493,583,583,2025-03-29 09:44:00,uebernahme,Stuttgart
1494,583,583,2025-03-29 09:34:00,scan_hub,Stuttgart
1495,584,584,2025-03-05 07:55:00,uebernahme,Leipzig
1496,584,584,2025-03-05 08:25:00,scan_hub,Stuttgart
1497,585,585,2025-03-05 09:08:00,uebernahme,Frankfurt
1498,585,585,2025-03-05 09:08:00,scan_hub,Leipzig
1499,585,585,2025-03-05 08:34:00,zustellung,Frankfurt
1500,586,586,2025-03-05 09:47:00,uebernahme,Köln
1501,586,586,2025-03-05 09:28:00,scan_hub,Frankfurt
1502,587,587,2025-02-26 08:59:00,uebernahme,München
1503,587,587,2025-02-26 08:31:00,scan_hub,München
1504,587,587,2025-02-26 08:46:00,zustellung,Berlin
1505,588,588,2025-02-26 09:34:00,uebernahme,Leipzig
1506,588,588,2025-02-26 09:39:00,scan_hub,Leipzig
1507,588,588,2025-02-26 09:26:00,zustellung,Leipzig
1508,589,589,2025-01-28 09:10:00,uebernahme,Berlin
1509,589,589,2025-01-28 08:35:00,scan_hub,Hamburg
1510,589,589,2025-01-28 08:43:00,zustellung,Leipzig
1511,590,590,2025-01-28 08:39:00,uebernahme,München
1512,590,590,2025-01-28 08:41:00,scan_hub,Frankfurt
1513,590,590,2025-01-28 09:01:00,zustellung,Leipzig
1514,591,591,2025-01-28 10:16:00,uebernahme,München
1515,591,591,2025-01-28 09:57:00,scan_hub,Hamburg
1516,591,591,2025-01-28 10:32:00,zustellung,Köln
1517,592,592,2025-01-28 12:26:00,uebernahme,Stuttgart
1518,592,592,2025-01-28 12:45:00,scan_hub,Berlin
1519,592,592,2025-01-28 12:40:00,zustellung,Köln
1520,593,593,2025-03-29 08:32:00,uebernahme,München
1521,593,593,2025-03-29 08:47:00,scan_hub,Berlin
1522,594,594,2025-03-29 10:06:00,uebernahme,Berlin
1523,594,594,2025-03-29 10:36:00,scan_hub,Köln
1524,594,594,2025-03-29 10:18:00,zustellung,Hamburg
1525,595,595,2025-03-29 12:03:00,uebernahme,Frankfurt
1526,595,595,2025-03-29 11:45:00,scan_hub,Hamburg
1527,595,595,2025-03-29 11:26:00,zustellung,Leipzig
1528,596,596,2025-03-29 11:35:00,uebernahme,Leipzig
1529,596,596,2025-03-29 11:51:00,scan_hub,München
1530,597,597,2025-01-17 08:34:00,uebernahme,Frankfurt
1531,597,597,2025-01-17 09:19:00,scan_hub,Köln
1532,598,598,2025-01-17 08:21:00,uebernahme,Köln
1533,598,598,2025-01-17 08:14:00,scan_hub,Frankfurt
1534,599,599,2025-02-07 08:00:00,uebernahme,Leipzig
1535,599,599,2025-02-07 07:48:00,scan_hub,Frankfurt
1536,599,599,2025-02-07 07:56:00,zustellung,München
1537,600,600,2025-02-07 08:41:00,uebernahme,Stuttgart
1538,600,600,2025-02-07 09:17:00,scan_hub,München
1539,601,601,2025-02-07 09:56:00,uebernahme,München
1540,601,601,2025-02-07 09:24:00,scan_hub,München
1541,602,602,2025-02-07 11:12:00,uebernahme,München
1542,602,602,2025-02-07 10:47:00,scan_hub,Köln
1543,603,603,2025-02-07 13:03:00,uebernahme,Leipzig
1544,603,603,2025-02-07 12:53:00,scan_hub,Berlin
1545,604,604,2025-02-07 14:03:00,uebernahme,Berlin
1546,604,604,2025-02-07 14:12:00,scan_hub,Leipzig
1547,605,605,2025-01-23 09:50:00,uebernahme,Köln
1548,605,605,2025-01-23 09:40:00,scan_hub,München
1549,606,606,2025-01-23 08:54:00,uebernahme,Köln
1550,606,606,2025-01-23 08:48:00,scan_hub,Berlin
1551,607,607,2025-01-23 10:22:00,uebernahme,Köln
1552,607,607,2025-01-23 10:37:00,scan_hub,Berlin
1553,608,608,2025-01-23 12:30:00,uebernahme,Frankfurt
1554,608,608,2025-01-23 12:56:00,scan_hub,Hamburg
1555,609,609,2025-01-16 08:26:00,uebernahme,Hamburg
1556,609,609,2025-01-16 08:23:00,scan_hub,Hamburg
1557,610,610,2025-01-16 09:37:00,uebernahme,Berlin
1558,610,610,2025-01-16 08:59:00,scan_hub,Berlin
1559,610,610,2025-01-16 08:54:00,zustellung,Köln
1560,611,611,2025-01-16 10:31:00,uebernahme,Hamburg
1561,611,611,2025-01-16 09:50:00,scan_hub,München
1562,611,611,2025-01-16 10:30:00,zustellung,München
1563,612,612,2025-01-16 10:59:00,uebernahme,Leipzig
1564,612,612,2025-01-16 11:13:00,scan_hub,Hamburg
1565,612,612,2025-01-16 10:43:00,zustellung,Stuttgart
1566,613,613,2025-01-16 11:45:00,uebernahme,Frankfurt
1567,613,613,2025-01-16 12:08:00,scan_hub,München
1568,614,614,2025-05-04 08:05:00,uebernahme,München
1569,614,614,2025-05-04 07:33:00,scan_hub,Stuttgart
1570,615,615,2025-05-04 09:16:00,uebernahme,München
1571,615,615,2025-05-04 08:59:00,scan_hub,Berlin
1572,615,615,2025-05-04 09:11:00,zustellung,Frankfurt
1573,616,616,2025-05-04 10:54:00,uebernahme,Frankfurt
1574,616,616,2025-05-04 10:57:00,scan_hub,Stuttgart
1575,617,617,2025-02-04 07:40:00,uebernahme,Hamburg
1576,617,617,2025-02-04 07:55:00,scan_hub,Hamburg
1577,617,617,2025-02-04 07:14:00,zustellung,Frankfurt
1578,618,618,2025-02-04 08:28:00,uebernahme,Stuttgart
1579,618,618,2025-02-04 08:58:00,scan_hub,München
1580,619,619,2025-02-04 10:03:00,uebernahme,Stuttgart
1581,619,619,2025-02-04 09:22:00,scan_hub,Frankfurt
1582,620,620,2025-02-04 10:49:00,uebernahme,München
1583,620,620,2025-02-04 11:15:00,scan_hub,Berlin
1584,620,620,2025-02-04 10:51:00,zustellung,Leipzig
1585,621,621,2025-02-04 12:01:00,uebernahme,Leipzig
1586,621,621,2025-02-04 11:45:00,scan_hub,Köln
1587,622,622,2025-02-04 12:48:00,uebernahme,Leipzig
1588,622,622,2025-02-04 13:05:00,scan_hub,Frankfurt
1589,622,622,2025-02-04 12:56:00,zustellung,Köln
1590,623,623,2025-04-11 09:14:00,uebernahme,Berlin
1591,623,623,2025-04-11 08:57:00,scan_hub,Berlin
1592,623,623,2025-04-11 08:54:00,zustellung,Berlin
1593,624,624,2025-04-11 08:38:00,uebernahme,Berlin
1594,624,624,2025-04-11 08:37:00,scan_hub,München
1595,625,625,2025-04-11 09:59:00,uebernahme,Köln
1596,625,625,2025-04-11 10:07:00,scan_hub,München
1597,626,626,2025-02-18 09:10:00,uebernahme,Stuttgart
1598,626,626,2025-02-18 08:45:00,scan_hub,Stuttgart
1599,626,626,2025-02-18 09:23:00,zustellung,Berlin
1600,627,627,2025-02-18 09:30:00,uebernahme,Frankfurt
1601,627,627,2025-02-18 09:06:00,scan_hub,Leipzig
1602,627,627,2025-02-18 09:33:00,zustellung,Köln
1603,628,628,2025-02-27 08:13:00,uebernahme,Frankfurt
1604,628,628,2025-02-27 08:49:00,scan_hub,Leipzig
1605,629,629,2025-02-27 09:10:00,uebernahme,Köln
1606,629,629,2025-02-27 09:30:00,scan_hub,Stuttgart
1607,629,629,2025-02-27 09:19:00,zustellung,München
1608,630,630,2025-03-03 09:28:00,uebernahme,Hamburg
1609,630,630,2025-03-03 09:18:00,scan_hub,Berlin
1610,631,631,2025-03-03 08:47:00,uebernahme,Frankfurt
1611,631,631,2025-03-03 09:13:00,scan_hub,Frankfurt
1612,632,632,2025-03-03 10:01:00,uebernahme,München
1613,632,632,2025-03-03 09:48:00,scan_hub,Frankfurt
1614,632,632,2025-03-03 09:58:00,zustellung,Köln
1615,633,633,2025-03-03 10:45:00,uebernahme,Berlin
1616,633,633,2025-03-03 11:00:00,scan_hub,Hamburg
1617,633,633,2025-03-03 10:56:00,zustellung,München
1618,634,634,2025-03-03 12:12:00,uebernahme,Frankfurt
1619,634,634,2025-03-03 11:53:00,scan_hub,Köln
1620,634,634,2025-03-03 12:10:00,zustellung,München
1621,635,635,2025-03-03 13:04:00,uebernahme,Hamburg
1622,635,635,2025-03-03 12:55:00,scan_hub,Hamburg
1623,635,635,2025-03-03 13:22:00,zustellung,Leipzig
1624,636,636,2025-03-17 08:11:00,uebernahme,Köln
1625,636,636,2025-03-17 08:01:00,scan_hub,München
1626,637,637,2025-03-17 09:40:00,uebernahme,Hamburg
1627,637,637,2025-03-17 09:49:00,scan_hub,Köln
1628,637,637,2025-03-17 09:59:00,zustellung,Leipzig
1629,638,638,2025-02-28 07:59:00,uebernahme,Hamburg
1630,638,638,2025-02-28 07:52:00,scan_hub,Berlin
1631,638,638,2025-02-28 07:27:00,zustellung,Stuttgart
1632,639,639,2025-02-28 09:05:00,uebernahme,Frankfurt
1633,639,639,2025-02-28 09:43:00,scan_hub,Stuttgart
1634,639,639,2025-02-28 09:04:00,zustellung,Stuttgart
1635,640,640,2025-02-28 10:06:00,uebernahme,Frankfurt
1636,640,640,2025-02-28 10:03:00,scan_hub,Frankfurt
1637,641,641,2025-02-28 11:15:00,uebernahme,Stuttgart
1638,641,641,2025-02-28 10:56:00,scan_hub,Berlin
1639,642,642,2025-02-21 08:24:00,uebernahme,Berlin
1640,642,642,2025-02-21 08:06:00,scan_hub,Leipzig
1641,642,642,2025-02-21 07:39:00,zustellung,Hamburg
1642,643,643,2025-02-21 08:50:00,uebernahme,Köln
1643,643,643,2025-02-21 09:18:00,scan_hub,Stuttgart
1644,643,643,2025-02-21 09:28:00,zustellung,Köln
1645,644,644,2025-02-21 10:50:00,uebernahme,Frankfurt
1646,644,644,2025-02-21 10:11:00,scan_hub,München
1647,645,645,2025-02-21 10:01:00,uebernahme,München
1648,645,645,2025-02-21 10:17:00,scan_hub,Köln
1649,645,645,2025-02-21 09:55:00,zustellung,Köln
1650,646,646,2025-02-21 11:26:00,uebernahme,Stuttgart
1651,646,646,2025-02-21 11:28:00,scan_hub,Leipzig
1652,646,646,2025-02-21 11:42:00,zustellung,München
1653,647,647,2025-02-21 14:41:00,uebernahme,Berlin
1654,647,647,2025-02-21 14:55:00,scan_hub,Berlin
1655,647,647,2025-02-21 14:33:00,zustellung,Köln
1656,648,648,2025-02-01 07:56:00,uebernahme,Leipzig
1657,648,648,2025-02-01 08:18:00,scan_hub,Leipzig
1658,649,649,2025-02-01 09:05:00,uebernahme,München
1659,649,649,2025-02-01 08:21:00,scan_hub,Hamburg
1660,649,649,2025-02-01 08:31:00,zustellung,Frankfurt
1661,650,650,2025-02-01 10:30:00,uebernahme,Hamburg
1662,650,650,2025-02-01 10:22:00,scan_hub,Hamburg
1663,650,650,2025-02-01 10:08:00,zustellung,Frankfurt
1664,651,651,2025-02-01 10:41:00,uebernahme,Leipzig
1665,651,651,2025-02-01 11:07:00,scan_hub,Stuttgart
1666,651,651,2025-02-01 10:43:00,zustellung,Berlin
1667,652,652,2025-01-13 07:58:00,uebernahme,München
1668,652,652,2025-01-13 08:00:00,scan_hub,Köln
1669,652,652,2025-01-13 07:20:00,zustellung,Stuttgart
1670,653,653,2025-01-13 10:01:00,uebernahme,Berlin
1671,653,653,2025-01-13 09:46:00,scan_hub,Köln
1672,653,653,2025-01-13 10:01:00,zustellung,München
1673,654,654,2025-01-13 09:37:00,uebernahme,München
1674,654,654,2025-01-13 10:04:00,scan_hub,Köln
1675,654,654,2025-01-13 10:10:00,zustellung,Leipzig
1676,655,655,2025-01-13 12:45:00,uebernahme,Frankfurt
1677,655,655,2025-01-13 12:29:00,scan_hub,Frankfurt
1678,656,656,2025-05-07 08:46:00,uebernahme,Frankfurt
1679,656,656,2025-05-07 08:09:00,scan_hub,Leipzig
1680,656,656,2025-05-07 08:30:00,zustellung,Berlin
1681,657,657,2025-05-07 09:51:00,uebernahme,Frankfurt
1682,657,657,2025-05-07 09:37:00,scan_hub,Stuttgart
1683,657,657,2025-05-07 09:53:00,zustellung,Köln
1684,658,658,2025-03-06 09:10:00,uebernahme,Köln
1685,658,658,2025-03-06 08:56:00,scan_hub,Frankfurt
1686,658,658,2025-03-06 09:00:00,zustellung,Hamburg
1687,659,659,2025-03-06 09:18:00,uebernahme,München
1688,659,659,2025-03-06 09:23:00,scan_hub,München
1689,660,660,2025-03-06 09:41:00,uebernahme,München
1690,660,660,2025-03-06 09:28:00,scan_hub,Frankfurt
1691,660,660,2025-03-06 10:07:00,zustellung,Frankfurt
1692,661,661,2025-03-06 11:03:00,uebernahme,Frankfurt
1693,661,661,2025-03-06 11:05:00,scan_hub,Köln
1694,661,661,2025-03-06 10:41:00,zustellung,Berlin
1695,662,662,2025-03-06 11:36:00,uebernahme,Köln
1696,662,662,2025-03-06 11:42:00,scan_hub,Köln
1697,662,662,2025-03-06 12:19:00,zustellung,Stuttgart
1698,663,663,2025-03-22 08:02:00,uebernahme,Stuttgart
1699,663,663,2025-03-22 08:22:00,scan_hub,Hamburg
1700,663,663,2025-03-22 08:04:00,zustellung,Berlin
1701,664,664,2025-03-22 08:28:00,uebernahme,Leipzig
1702,664,664,2025-03-22 08:49:00,scan_hub,Frankfurt
1703,664,664,2025-03-22 08:49:00,zustellung,Frankfurt
1704,665,665,2025-03-22 10:12:00,uebernahme,Stuttgart
1705,665,665,2025-03-22 10:04:00,scan_hub,Berlin
1706,666,666,2025-03-22 10:55:00,uebernahme,Stuttgart
1707,666,666,2025-03-22 10:54:00,scan_hub,Köln
1708,666,666,2025-03-22 11:01:00,zustellung,Berlin
1709,667,667,2025-04-23 07:19:00,uebernahme,Frankfurt
1710,667,667,2025-04-23 07:37:00,scan_hub,Leipzig
1711,667,667,2025-04-23 07:41:00,zustellung,Berlin
1712,668,668,2025-04-23 08:50:00,uebernahme,Köln
1713,668,668,2025-04-23 08:38:00,scan_hub,Köln
1714,669,669,2025-04-25 08:33:00,uebernahme,Leipzig
1715,669,669,2025-04-25 08:35:00,scan_hub,Frankfurt
1716,669,669,2025-04-25 08:09:00,zustellung,München
1717,670,670,2025-04-25 08:56:00,uebernahme,Hamburg
1718,670,670,2025-04-25 09:11:00,scan_hub,Berlin
1719,670,670,2025-04-25 08:54:00,zustellung,Stuttgart
1720,671,671,2025-04-25 11:23:00,uebernahme,Berlin
1721,671,671,2025-04-25 11:13:00,scan_hub,Köln
1722,671,671,2025-04-25 11:35:00,zustellung,München
1723,672,672,2025-04-25 10:58:00,uebernahme,Hamburg
1724,672,672,2025-04-25 11:03:00,scan_hub,Stuttgart
1725,672,672,2025-04-25 10:39:00,zustellung,Frankfurt
1726,673,673,2025-02-15 07:30:00,uebernahme,Stuttgart
1727,673,673,2025-02-15 07:58:00,scan_hub,Leipzig
1728,674,674,2025-02-15 09:17:00,uebernahme,Stuttgart
1729,674,674,2025-02-15 09:03:00,scan_hub,München
1730,674,674,2025-02-15 08:57:00,zustellung,München
1731,675,675,2025-02-15 09:23:00,uebernahme,Berlin
1732,675,675,2025-02-15 09:51:00,scan_hub,München
1733,676,676,2025-02-15 11:09:00,uebernahme,München
1734,676,676,2025-02-15 11:16:00,scan_hub,Stuttgart
1735,677,677,2025-03-08 09:05:00,uebernahme,Berlin
1736,677,677,2025-03-08 08:46:00,scan_hub,Frankfurt
1737,677,677,2025-03-08 09:20:00,zustellung,Stuttgart
1738,678,678,2025-03-08 09:43:00,uebernahme,Stuttgart
1739,678,678,2025-03-08 10:13:00,scan_hub,Berlin
1740,679,679,2025-03-08 09:49:00,uebernahme,Leipzig
1741,679,679,2025-03-08 09:58:00,scan_hub,Köln
1742,679,679,2025-03-08 09:46:00,zustellung,Berlin
1743,680,680,2025-04-16 07:23:00,uebernahme,Berlin
1744,680,680,2025-04-16 07:21:00,scan_hub,Frankfurt
1745,681,681,2025-04-16 08:26:00,uebernahme,Hamburg
1746,681,681,2025-04-16 09:13:00,scan_hub,Hamburg
1747,682,682,2025-04-16 10:10:00,uebernahme,München
1748,682,682,2025-04-16 10:04:00,scan_hub,Hamburg
1749,683,683,2025-04-16 11:31:00,uebernahme,Berlin
1750,683,683,2025-04-16 10:53:00,scan_hub,Köln
1751,684,684,2025-04-16 11:33:00,uebernahme,München
1752,684,684,2025-04-16 11:31:00,scan_hub,Berlin
1753,685,685,2025-04-16 12:32:00,uebernahme,Hamburg
1754,685,685,2025-04-16 12:01:00,scan_hub,Köln
1755,686,686,2025-05-04 08:16:00,uebernahme,Berlin
1756,686,686,2025-05-04 07:53:00,scan_hub,Leipzig
1757,687,687,2025-05-04 10:22:00,uebernahme,Berlin
1758,687,687,2025-05-04 10:57:00,scan_hub,Frankfurt
1759,688,688,2025-03-31 07:29:00,uebernahme,Leipzig
1760,688,688,2025-03-31 07:15:00,scan_hub,Leipzig
1761,689,689,2025-03-31 10:52:00,uebernahme,Stuttgart
1762,689,689,2025-03-31 10:42:00,scan_hub,Köln
1763,690,690,2025-04-01 09:25:00,uebernahme,Leipzig
1764,690,690,2025-04-01 09:33:00,scan_hub,Leipzig
1765,691,691,2025-04-01 08:31:00,uebernahme,Hamburg
1766,691,691,2025-04-01 08:55:00,scan_hub,Frankfurt
1767,691,691,2025-04-01 09:05:00,zustellung,Stuttgart
1768,692,692,2025-04-01 09:16:00,uebernahme,Berlin
1769,692,692,2025-04-01 09:41:00,scan_hub,Frankfurt
1770,693,693,2025-04-01 10:18:00,uebernahme,München
1771,693,693,2025-04-01 10:40:00,scan_hub,Leipzig
1772,694,694,2025-02-16 07:43:00,uebernahme,Frankfurt
1773,694,694,2025-02-16 08:02:00,scan_hub,Köln
1774,695,695,2025-02-16 09:19:00,uebernahme,Leipzig
1775,695,695,2025-02-16 09:26:00,scan_hub,Leipzig
1776,696,696,2025-01-16 08:47:00,uebernahme,Hamburg
1777,696,696,2025-01-16 08:40:00,scan_hub,Köln
1778,696,696,2025-01-16 08:39:00,zustellung,Stuttgart
1779,697,697,2025-01-16 09:11:00,uebernahme,München
1780,697,697,2025-01-16 08:59:00,scan_hub,Hamburg
1781,697,697,2025-01-16 08:57:00,zustellung,München
1782,698,698,2025-01-16 10:28:00,uebernahme,Hamburg
1783,698,698,2025-01-16 10:24:00,scan_hub,Hamburg
1784,698,698,2025-01-16 10:08:00,zustellung,München
1785,699,699,2025-01-16 11:20:00,uebernahme,Hamburg
1786,699,699,2025-01-16 11:45:00,scan_hub,Hamburg
1787,699,699,2025-01-16 11:24:00,zustellung,Frankfurt
1788,700,700,2025-01-16 12:48:00,uebernahme,Köln
1789,700,700,2025-01-16 12:16:00,scan_hub,Leipzig
1790,701,701,2025-02-11 07:30:00,uebernahme,Hamburg
1791,701,701,2025-02-11 08:14:00,scan_hub,Frankfurt
1792,701,701,2025-02-11 07:44:00,zustellung,Leipzig
1793,702,702,2025-02-11 08:48:00,uebernahme,München
1794,702,702,2025-02-11 09:03:00,scan_hub,Frankfurt
1795,702,702,2025-02-11 08:34:00,zustellung,Hamburg
1796,703,703,2025-02-11 10:14:00,uebernahme,Hamburg
1797,703,703,2025-02-11 09:44:00,scan_hub,Leipzig
1798,704,704,2025-02-11 10:59:00,uebernahme,Leipzig
1799,704,704,2025-02-11 11:19:00,scan_hub,Berlin
1800,704,704,2025-02-11 11:33:00,zustellung,Hamburg
1801,705,705,2025-02-11 11:41:00,uebernahme,Frankfurt
1802,705,705,2025-02-11 12:13:00,scan_hub,München
1803,705,705,2025-02-11 12:14:00,zustellung,Hamburg
1804,706,706,2025-05-09 08:06:00,uebernahme,Stuttgart
1805,706,706,2025-05-09 08:19:00,scan_hub,Hamburg
1806,706,706,2025-05-09 08:30:00,zustellung,Hamburg
1807,707,707,2025-05-09 09:25:00,uebernahme,Stuttgart
1808,707,707,2025-05-09 09:21:00,scan_hub,Frankfurt
1809,708,708,2025-05-09 09:58:00,uebernahme,Leipzig
1810,708,708,2025-05-09 09:42:00,scan_hub,Köln
1811,709,709,2025-05-09 10:11:00,uebernahme,Berlin
1812,709,709,2025-05-09 10:51:00,scan_hub,Köln
1813,710,710,2025-05-09 13:01:00,uebernahme,München
1814,710,710,2025-05-09 13:01:00,scan_hub,Stuttgart
1815,711,711,2025-01-21 07:42:00,uebernahme,Berlin
1816,711,711,2025-01-21 07:51:00,scan_hub,Hamburg
1817,711,711,2025-01-21 07:46:00,zustellung,Stuttgart
1818,712,712,2025-01-21 10:50:00,uebernahme,München
1819,712,712,2025-01-21 10:02:00,scan_hub,Berlin
1820,712,712,2025-01-21 10:10:00,zustellung,Hamburg
1821,713,713,2025-03-24 09:15:00,uebernahme,Leipzig
1822,713,713,2025-03-24 09:29:00,scan_hub,Leipzig
1823,713,713,2025-03-24 09:43:00,zustellung,Leipzig
1824,714,714,2025-03-24 10:27:00,uebernahme,Stuttgart
1825,714,714,2025-03-24 10:43:00,scan_hub,Leipzig
1826,715,715,2025-03-24 10:50:00,uebernahme,Stuttgart
1827,715,715,2025-03-24 10:30:00,scan_hub,München
1828,716,716,2025-01-18 09:13:00,uebernahme,Frankfurt
1829,716,716,2025-01-18 09:13:00,scan_hub,Frankfurt
1830,716,716,2025-01-18 09:09:00,zustellung,Köln
1831,717,717,2025-01-18 09:18:00,uebernahme,Leipzig
1832,717,717,2025-01-18 09:12:00,scan_hub,Berlin
1833,717,717,2025-01-18 09:08:00,zustellung,Stuttgart
1834,718,718,2025-04-18 09:12:00,uebernahme,Leipzig
1835,718,718,2025-04-18 09:34:00,scan_hub,Leipzig
1836,718,718,2025-04-18 09:16:00,zustellung,Leipzig
1837,719,719,2025-04-18 10:11:00,uebernahme,München
1838,719,719,2025-04-18 10:19:00,scan_hub,Frankfurt
1839,720,720,2025-04-18 10:07:00,uebernahme,Berlin
1840,720,720,2025-04-18 09:56:00,scan_hub,Frankfurt
1841,721,721,2025-04-18 10:52:00,uebernahme,Hamburg
1842,721,721,2025-04-18 10:31:00,scan_hub,Stuttgart
1843,721,721,2025-04-18 10:16:00,zustellung,Stuttgart
1844,722,722,2025-01-29 07:40:00,uebernahme,Leipzig
1845,722,722,2025-01-29 07:21:00,scan_hub,Stuttgart
1846,722,722,2025-01-29 07:48:00,zustellung,Frankfurt
1847,723,723,2025-01-29 08:57:00,uebernahme,München
1848,723,723,2025-01-29 08:43:00,scan_hub,Hamburg
1849,724,724,2025-01-29 10:35:00,uebernahme,München
1850,724,724,2025-01-29 10:10:00,scan_hub,Leipzig
1851,725,725,2025-01-29 11:14:00,uebernahme,Frankfurt
1852,725,725,2025-01-29 11:37:00,scan_hub,Leipzig
1853,725,725,2025-01-29 11:21:00,zustellung,Berlin
1854,726,726,2025-01-29 11:42:00,uebernahme,Stuttgart
1855,726,726,2025-01-29 11:48:00,scan_hub,Hamburg
1856,727,727,2025-02-05 07:54:00,uebernahme,Köln
1857,727,727,2025-02-05 08:22:00,scan_hub,München
1858,728,728,2025-02-05 09:11:00,uebernahme,Hamburg
1859,728,728,2025-02-05 09:52:00,scan_hub,München
1860,729,729,2025-02-05 10:15:00,uebernahme,Leipzig
1861,729,729,2025-02-05 10:50:00,scan_hub,Frankfurt
1862,729,729,2025-02-05 10:12:00,zustellung,Hamburg
1863,730,730,2025-02-05 10:48:00,uebernahme,Berlin
1864,730,730,2025-02-05 10:39:00,scan_hub,Köln
1865,730,730,2025-02-05 10:54:00,zustellung,Berlin
1866,731,731,2025-02-14 09:07:00,uebernahme,Köln
1867,731,731,2025-02-14 08:56:00,scan_hub,Berlin
1868,732,732,2025-02-14 09:35:00,uebernahme,München
1869,732,732,2025-02-14 09:18:00,scan_hub,Stuttgart
1870,732,732,2025-02-14 09:24:00,zustellung,München
1871,733,733,2025-02-14 10:31:00,uebernahme,Stuttgart
1872,733,733,2025-02-14 10:17:00,scan_hub,Hamburg
1873,733,733,2025-02-14 10:01:00,zustellung,Berlin
1874,734,734,2025-02-14 11:04:00,uebernahme,Hamburg
1875,734,734,2025-02-14 11:07:00,scan_hub,Stuttgart
1876,734,734,2025-02-14 11:16:00,zustellung,Berlin
1877,735,735,2025-02-14 11:37:00,uebernahme,Leipzig
1878,735,735,2025-02-14 11:48:00,scan_hub,München
1879,736,736,2025-02-17 07:46:00,uebernahme,München
1880,736,736,2025-02-17 07:26:00,scan_hub,Frankfurt
1881,737,737,2025-02-17 09:01:00,uebernahme,Leipzig
1882,737,737,2025-02-17 08:16:00,scan_hub,Berlin
1883,738,738,2025-01-19 07:10:00,uebernahme,Köln
1884,738,738,2025-01-19 07:36:00,scan_hub,Frankfurt
1885,738,738,2025-01-19 07:55:00,zustellung,Berlin
1886,739,739,2025-01-19 08:20:00,uebernahme,Köln
1887,739,739,2025-01-19 08:48:00,scan_hub,Frankfurt
1888,740,740,2025-01-19 09:51:00,uebernahme,Köln
1889,740,740,2025-01-19 09:42:00,scan_hub,Hamburg
1890,741,741,2025-01-19 10:47:00,uebernahme,Frankfurt
1891,741,741,2025-01-19 10:21:00,scan_hub,Stuttgart
1892,741,741,2025-01-19 10:36:00,zustellung,Berlin
1893,742,742,2025-01-22 09:05:00,uebernahme,Stuttgart
1894,742,742,2025-01-22 09:14:00,scan_hub,Leipzig
1895,742,742,2025-01-22 09:12:00,zustellung,Leipzig
1896,743,743,2025-01-22 10:18:00,uebernahme,Köln
1897,743,743,2025-01-22 09:52:00,scan_hub,Leipzig
1898,744,744,2025-01-22 10:21:00,uebernahme,München
1899,744,744,2025-01-22 10:58:00,scan_hub,München
1900,745,745,2025-01-22 10:24:00,uebernahme,Köln
1901,745,745,2025-01-22 10:27:00,scan_hub,Frankfurt
1902,745,745,2025-01-22 10:34:00,zustellung,Hamburg
1903,746,746,2025-01-22 13:13:00,uebernahme,Köln
1904,746,746,2025-01-22 13:10:00,scan_hub,Leipzig
1905,747,747,2025-01-22 13:05:00,uebernahme,Frankfurt
1906,747,747,2025-01-22 13:32:00,scan_hub,Frankfurt
1907,747,747,2025-01-22 13:17:00,zustellung,Frankfurt
1908,748,748,2025-04-12 07:04:00,uebernahme,Berlin
1909,748,748,2025-04-12 07:19:00,scan_hub,Köln
1910,748,748,2025-04-12 07:01:00,zustellung,Leipzig
1911,749,749,2025-04-12 08:30:00,uebernahme,Köln
1912,749,749,2025-04-12 08:36:00,scan_hub,Köln
1913,749,749,2025-04-12 08:31:00,zustellung,Leipzig
1914,750,750,2025-03-29 07:31:00,uebernahme,München
1915,750,750,2025-03-29 07:41:00,scan_hub,Berlin
1916,750,750,2025-03-29 07:16:00,zustellung,Hamburg
1917,751,751,2025-03-29 09:19:00,uebernahme,Köln
1918,751,751,2025-03-29 08:47:00,scan_hub,Berlin
1919,752,752,2025-03-29 09:17:00,uebernahme,Berlin
1920,752,752,2025-03-29 09:23:00,scan_hub,Stuttgart
1921,753,753,2025-03-29 10:19:00,uebernahme,Köln
1922,753,753,2025-03-29 10:52:00,scan_hub,Berlin
1923,753,753,2025-03-29 10:14:00,zustellung,Berlin
1924,754,754,2025-03-29 12:41:00,uebernahme,Stuttgart
1925,754,754,2025-03-29 13:21:00,scan_hub,Stuttgart
1926,754,754,2025-03-29 12:56:00,zustellung,Leipzig
1927,755,755,2025-03-29 13:30:00,uebernahme,Leipzig
1928,755,755,2025-03-29 13:30:00,scan_hub,Berlin
1929,755,755,2025-03-29 13:44:00,zustellung,Köln
1930,756,756,2025-02-17 07:36:00,uebernahme,Stuttgart
1931,756,756,2025-02-17 07:58:00,scan_hub,Frankfurt
1932,756,756,2025-02-17 07:56:00,zustellung,Frankfurt
1933,757,757,2025-02-17 07:55:00,uebernahme,Köln
1934,757,757,2025-02-17 08:19:00,scan_hub,Berlin
1935,757,757,2025-02-17 08:14:00,zustellung,Stuttgart
1936,758,758,2025-02-17 10:30:00,uebernahme,Frankfurt
1937,758,758,2025-02-17 10:27:00,scan_hub,Leipzig
1938,759,759,2025-02-17 11:17:00,uebernahme,Leipzig
1939,759,759,2025-02-17 11:27:00,scan_hub,Stuttgart
1940,760,760,2025-02-17 13:18:00,uebernahme,Stuttgart
1941,760,760,2025-02-17 13:05:00,scan_hub,Köln
1942,760,760,2025-02-17 13:32:00,zustellung,Frankfurt
1943,761,761,2025-01-26 07:56:00,uebernahme,Leipzig
1944,761,761,2025-01-26 08:17:00,scan_hub,München
1945,761,761,2025-01-26 08:38:00,zustellung,Frankfurt
1946,762,762,2025-01-26 10:39:00,uebernahme,Hamburg
1947,762,762,2025-01-26 10:21:00,scan_hub,Leipzig
1948,763,763,2025-01-26 09:27:00,uebernahme,Köln
1949,763,763,2025-01-26 09:28:00,scan_hub,Hamburg
1950,763,763,2025-01-26 10:08:00,zustellung,Stuttgart
1951,764,764,2025-01-26 09:56:00,uebernahme,München
1952,764,764,2025-01-26 10:17:00,scan_hub,Frankfurt
1953,765,765,2025-01-26 11:38:00,uebernahme,Hamburg
1954,765,765,2025-01-26 11:19:00,scan_hub,München
1955,765,765,2025-01-26 11:33:00,zustellung,Köln
1956,766,766,2025-01-26 14:32:00,uebernahme,Berlin
1957,766,766,2025-01-26 15:02:00,scan_hub,Frankfurt
1958,766,766,2025-01-26 15:04:00,zustellung,Frankfurt
1959,767,767,2025-02-26 07:51:00,uebernahme,Hamburg
1960,767,767,2025-02-26 08:02:00,scan_hub,Hamburg
1961,767,767,2025-02-26 08:01:00,zustellung,München
1962,768,768,2025-02-26 09:06:00,uebernahme,München
1963,768,768,2025-02-26 09:20:00,scan_hub,München
1964,769,769,2025-02-26 10:47:00,uebernahme,München
1965,769,769,2025-02-26 10:45:00,scan_hub,Frankfurt
1966,769,769,2025-02-26 11:00:00,zustellung,Köln
1967,770,770,2025-03-13 07:38:00,uebernahme,Berlin
1968,770,770,2025-03-13 06:59:00,scan_hub,Hamburg
1969,771,771,2025-03-13 09:07:00,uebernahme,Frankfurt
1970,771,771,2025-03-13 09:08:00,scan_hub,Berlin
1971,771,771,2025-03-13 09:13:00,zustellung,Berlin
1972,772,772,2025-03-13 12:00:00,uebernahme,Hamburg
1973,772,772,2025-03-13 11:32:00,scan_hub,Köln
1974,772,772,2025-03-13 11:30:00,zustellung,Berlin
1975,773,773,2025-03-13 12:35:00,uebernahme,Berlin
1976,773,773,2025-03-13 12:32:00,scan_hub,Frankfurt
1977,774,774,2025-03-13 12:09:00,uebernahme,München
1978,774,774,2025-03-13 12:06:00,scan_hub,München
1979,774,774,2025-03-13 12:05:00,zustellung,Hamburg
1980,775,775,2025-04-21 08:41:00,uebernahme,Berlin
1981,775,775,2025-04-21 08:04:00,scan_hub,Leipzig
1982,776,776,2025-04-21 08:22:00,uebernahme,Frankfurt
1983,776,776,2025-04-21 08:15:00,scan_hub,Berlin
1984,776,776,2025-04-21 08:26:00,zustellung,Leipzig
1985,777,777,2025-04-21 10:23:00,uebernahme,Hamburg
1986,777,777,2025-04-21 10:33:00,scan_hub,Leipzig
1987,778,778,2025-04-29 07:59:00,uebernahme,Köln
1988,778,778,2025-04-29 07:21:00,scan_hub,Stuttgart
1989,778,778,2025-04-29 07:27:00,zustellung,Hamburg
1990,779,779,2025-04-29 08:25:00,uebernahme,Leipzig
1991,779,779,2025-04-29 08:43:00,scan_hub,Berlin
1992,780,780,2025-04-29 10:03:00,uebernahme,Köln
1993,780,780,2025-04-29 09:56:00,scan_hub,Stuttgart
1994,781,781,2025-04-04 07:43:00,uebernahme,Frankfurt
1995,781,781,2025-04-04 07:29:00,scan_hub,Frankfurt
1996,782,782,2025-04-04 08:48:00,uebernahme,Hamburg
1997,782,782,2025-04-04 08:25:00,scan_hub,Stuttgart
1998,782,782,2025-04-04 08:25:00,zustellung,Leipzig
1999,783,783,2025-04-04 09:59:00,uebernahme,Frankfurt
2000,783,783,2025-04-04 10:00:00,scan_hub,Stuttgart
2001,784,784,2025-04-04 10:40:00,uebernahme,München
2002,784,784,2025-04-04 10:54:00,scan_hub,Köln
2003,784,784,2025-04-04 10:43:00,zustellung,Berlin
2004,785,785,2025-02-06 09:20:00,uebernahme,Hamburg
2005,785,785,2025-02-06 09:10:00,scan_hub,Hamburg
2006,785,785,2025-02-06 08:56:00,zustellung,Stuttgart
2007,786,786,2025-02-06 09:04:00,uebernahme,Hamburg
2008,786,786,2025-02-06 08:21:00,scan_hub,Hamburg
2009,786,786,2025-02-06 08:45:00,zustellung,Stuttgart
2010,787,787,2025-04-14 09:02:00,uebernahme,Stuttgart
2011,787,787,2025-04-14 08:55:00,scan_hub,Berlin
2012,788,788,2025-04-14 09:15:00,uebernahme,München
2013,788,788,2025-04-14 09:14:00,scan_hub,München
2014,788,788,2025-04-14 09:51:00,zustellung,Stuttgart
2015,789,789,2025-04-14 09:50:00,uebernahme,Stuttgart
2016,789,789,2025-04-14 10:05:00,scan_hub,Frankfurt
2017,790,790,2025-04-13 08:09:00,uebernahme,Stuttgart
2018,790,790,2025-04-13 08:01:00,scan_hub,Frankfurt
2019,790,790,2025-04-13 07:50:00,zustellung,Stuttgart
2020,791,791,2025-04-13 10:07:00,uebernahme,Stuttgart
2021,791,791,2025-04-13 09:49:00,scan_hub,München
2022,791,791,2025-04-13 10:01:00,zustellung,Stuttgart
2023,792,792,2025-03-28 07:58:00,uebernahme,München
2024,792,792,2025-03-28 07:59:00,scan_hub,Leipzig
2025,792,792,2025-03-28 07:33:00,zustellung,Frankfurt
2026,793,793,2025-03-28 09:32:00,uebernahme,Hamburg
2027,793,793,2025-03-28 09:08:00,scan_hub,Frankfurt
2028,794,794,2025-03-28 11:33:00,uebernahme,Stuttgart
2029,794,794,2025-03-28 11:12:00,scan_hub,München
2030,794,794,2025-03-28 10:59:00,zustellung,München
2031,795,795,2025-03-28 11:09:00,uebernahme,Berlin
2032,795,795,2025-03-28 10:39:00,scan_hub,Köln
2033,796,796,2025-03-28 12:30:00,uebernahme,Berlin
2034,796,796,2025-03-28 11:56:00,scan_hub,Stuttgart
2035,797,797,2025-01-30 09:29:00,uebernahme,München
2036,797,797,2025-01-30 10:08:00,scan_hub,Hamburg
2037,797,797,2025-01-30 09:23:00,zustellung,München
2038,798,798,2025-01-30 08:50:00,uebernahme,Stuttgart
2039,798,798,2025-01-30 09:14:00,scan_hub,Frankfurt
2040,799,799,2025-04-03 08:58:00,uebernahme,München
2041,799,799,2025-04-03 09:38:00,scan_hub,München
2042,799,799,2025-04-03 09:04:00,zustellung,Köln
2043,800,800,2025-04-03 09:20:00,uebernahme,Berlin
2044,800,800,2025-04-03 09:00:00,scan_hub,München
2045,801,801,2025-01-14 08:01:00,uebernahme,Stuttgart
2046,801,801,2025-01-14 07:30:00,scan_hub,Frankfurt
2047,802,802,2025-01-14 09:34:00,uebernahme,Stuttgart
2048,802,802,2025-01-14 09:27:00,scan_hub,Leipzig
2049,803,803,2025-01-14 10:11:00,uebernahme,Hamburg
2050,803,803,2025-01-14 09:49:00,scan_hub,München
2051,803,803,2025-01-14 10:03:00,zustellung,Köln
2052,804,804,2025-01-14 11:27:00,uebernahme,Köln
2053,804,804,2025-01-14 11:42:00,scan_hub,Leipzig
2054,805,805,2025-01-14 13:39:00,uebernahme,Leipzig
2055,805,805,2025-01-14 13:11:00,scan_hub,München
2056,805,805,2025-01-14 13:10:00,zustellung,Köln
2057,806,806,2025-03-22 07:39:00,uebernahme,Leipzig
2058,806,806,2025-03-22 07:30:00,scan_hub,Berlin
2059,806,806,2025-03-22 07:18:00,zustellung,München
2060,807,807,2025-03-22 08:28:00,uebernahme,Köln
2061,807,807,2025-03-22 08:43:00,scan_hub,Berlin
2062,807,807,2025-03-22 08:31:00,zustellung,Berlin
2063,808,808,2025-03-22 11:48:00,uebernahme,Stuttgart
2064,808,808,2025-03-22 11:44:00,scan_hub,Hamburg
2065,809,809,2025-04-26 07:13:00,uebernahme,Berlin
2066,809,809,2025-04-26 07:37:00,scan_hub,Frankfurt
2067,809,809,2025-04-26 07:36:00,zustellung,Berlin
2068,810,810,2025-04-26 08:27:00,uebernahme,Leipzig
2069,810,810,2025-04-26 08:46:00,scan_hub,München
2070,810,810,2025-04-26 08:26:00,zustellung,Stuttgart
2071,811,811,2025-03-08 09:15:00,uebernahme,München
2072,811,811,2025-03-08 09:22:00,scan_hub,München
2073,811,811,2025-03-08 09:25:00,zustellung,Berlin
2074,812,812,2025-03-08 10:49:00,uebernahme,Stuttgart
2075,812,812,2025-03-08 10:46:00,scan_hub,München
2076,812,812,2025-03-08 10:22:00,zustellung,Leipzig
2077,813,813,2025-03-08 10:10:00,uebernahme,Köln
2078,813,813,2025-03-08 10:07:00,scan_hub,Frankfurt
2079,813,813,2025-03-08 10:20:00,zustellung,Leipzig
2080,814,814,2025-02-01 08:04:00,uebernahme,Leipzig
2081,814,814,2025-02-01 08:01:00,scan_hub,Berlin
2082,814,814,2025-02-01 08:50:00,zustellung,Köln
2083,815,815,2025-02-01 09:26:00,uebernahme,Köln
2084,815,815,2025-02-01 09:27:00,scan_hub,Stuttgart
2085,816,816,2025-02-01 10:02:00,uebernahme,Köln
2086,816,816,2025-02-01 09:44:00,scan_hub,Frankfurt
2087,816,816,2025-02-01 09:59:00,zustellung,Köln
2088,817,817,2025-02-01 12:53:00,uebernahme,Frankfurt
2089,817,817,2025-02-01 13:01:00,scan_hub,Köln
2090,817,817,2025-02-01 12:27:00,zustellung,Berlin
2091,818,818,2025-02-01 12:35:00,uebernahme,Leipzig
2092,818,818,2025-02-01 12:23:00,scan_hub,Berlin
2093,818,818,2025-02-01 12:27:00,zustellung,München
2094,819,819,2025-02-01 14:11:00,uebernahme,Frankfurt
2095,819,819,2025-02-01 14:08:00,scan_hub,Frankfurt
2096,819,819,2025-02-01 13:52:00,zustellung,Leipzig
2097,820,820,2025-04-30 08:09:00,uebernahme,Berlin
2098,820,820,2025-04-30 07:28:00,scan_hub,Hamburg
2099,820,820,2025-04-30 08:09:00,zustellung,Frankfurt
2100,821,821,2025-04-30 08:59:00,uebernahme,Stuttgart
2101,821,821,2025-04-30 08:25:00,scan_hub,München
2102,821,821,2025-04-30 08:29:00,zustellung,Berlin
2103,822,822,2025-04-30 10:49:00,uebernahme,Frankfurt
2104,822,822,2025-04-30 11:16:00,scan_hub,München
2105,823,823,2025-04-30 10:03:00,uebernahme,Hamburg
2106,823,823,2025-04-30 10:23:00,scan_hub,München
2107,823,823,2025-04-30 10:20:00,zustellung,Stuttgart
2108,824,824,2025-04-30 12:05:00,uebernahme,Stuttgart
2109,824,824,2025-04-30 11:43:00,scan_hub,Berlin
2110,825,825,2025-04-30 12:41:00,uebernahme,Frankfurt
2111,825,825,2025-04-30 12:51:00,scan_hub,Köln
2112,826,826,2025-04-06 07:15:00,uebernahme,Leipzig
2113,826,826,2025-04-06 07:36:00,scan_hub,Köln
2114,827,827,2025-04-06 08:50:00,uebernahme,Hamburg
2115,827,827,2025-04-06 08:58:00,scan_hub,München
2116,827,827,2025-04-06 09:00:00,zustellung,Hamburg
2117,828,828,2025-04-06 10:14:00,uebernahme,Berlin
2118,828,828,2025-04-06 10:10:00,scan_hub,Leipzig
2119,829,829,2025-04-06 10:48:00,uebernahme,Frankfurt
2120,829,829,2025-04-06 10:35:00,scan_hub,Leipzig
2121,829,829,2025-04-06 10:38:00,zustellung,Hamburg
2122,830,830,2025-04-06 13:18:00,uebernahme,Frankfurt
2123,830,830,2025-04-06 13:32:00,scan_hub,Stuttgart
2124,830,830,2025-04-06 13:32:00,zustellung,Köln
2125,831,831,2025-04-06 12:50:00,uebernahme,Berlin
2126,831,831,2025-04-06 12:48:00,scan_hub,Berlin
2127,831,831,2025-04-06 12:44:00,zustellung,Berlin
2128,832,832,2025-04-28 09:36:00,uebernahme,München
2129,832,832,2025-04-28 09:56:00,scan_hub,Hamburg
2130,832,832,2025-04-28 09:30:00,zustellung,Stuttgart
2131,833,833,2025-04-28 08:58:00,uebernahme,Hamburg
2132,833,833,2025-04-28 09:17:00,scan_hub,München
2133,833,833,2025-04-28 09:36:00,zustellung,Stuttgart
2134,834,834,2025-04-28 11:20:00,uebernahme,Berlin
2135,834,834,2025-04-28 11:18:00,scan_hub,Hamburg
2136,834,834,2025-04-28 11:29:00,zustellung,Frankfurt
2137,835,835,2025-04-28 10:22:00,uebernahme,Stuttgart
2138,835,835,2025-04-28 10:38:00,scan_hub,München
2139,836,836,2025-04-28 13:50:00,uebernahme,München
2140,836,836,2025-04-28 13:53:00,scan_hub,Hamburg
2141,836,836,2025-04-28 13:59:00,zustellung,München
2142,837,837,2025-04-28 13:23:00,uebernahme,Köln
2143,837,837,2025-04-28 13:40:00,scan_hub,Köln
2144,837,837,2025-04-28 13:08:00,zustellung,Hamburg
2145,838,838,2025-04-05 09:30:00,uebernahme,Hamburg
2146,838,838,2025-04-05 09:26:00,scan_hub,Frankfurt
2147,839,839,2025-04-05 10:06:00,uebernahme,Stuttgart
2148,839,839,2025-04-05 10:10:00,scan_hub,Stuttgart
2149,839,839,2025-04-05 09:38:00,zustellung,München
2150,840,840,2025-04-05 09:23:00,uebernahme,Stuttgart
2151,840,840,2025-04-05 09:22:00,scan_hub,Köln
2152,841,841,2025-04-05 10:49:00,uebernahme,Berlin
2153,841,841,2025-04-05 10:51:00,scan_hub,Leipzig
2154,842,842,2025-04-05 11:35:00,uebernahme,Köln
2155,842,842,2025-04-05 11:58:00,scan_hub,Frankfurt
2156,842,842,2025-04-05 11:38:00,zustellung,München
2157,843,843,2025-03-10 09:29:00,uebernahme,Berlin
2158,843,843,2025-03-10 09:26:00,scan_hub,Köln
2159,844,844,2025-03-10 08:49:00,uebernahme,Stuttgart
2160,844,844,2025-03-10 09:26:00,scan_hub,Leipzig
2161,845,845,2025-03-10 09:47:00,uebernahme,Leipzig
2162,845,845,2025-03-10 10:10:00,scan_hub,Frankfurt
2163,845,845,2025-03-10 09:34:00,zustellung,Köln
2164,846,846,2025-03-19 07:51:00,uebernahme,Berlin
2165,846,846,2025-03-19 08:03:00,scan_hub,Stuttgart
2166,846,846,2025-03-19 08:28:00,zustellung,Frankfurt
2167,847,847,2025-03-19 08:48:00,uebernahme,Stuttgart
2168,847,847,2025-03-19 09:03:00,scan_hub,München
2169,847,847,2025-03-19 09:06:00,zustellung,Köln
2170,848,848,2025-03-19 10:18:00,uebernahme,München
2171,848,848,2025-03-19 10:23:00,scan_hub,Stuttgart
2172,848,848,2025-03-19 10:27:00,zustellung,Frankfurt
2173,849,849,2025-02-01 09:03:00,uebernahme,Leipzig
2174,849,849,2025-02-01 09:08:00,scan_hub,Stuttgart
2175,850,850,2025-02-01 08:26:00,uebernahme,Köln
2176,850,850,2025-02-01 08:18:00,scan_hub,München
2177,850,850,2025-02-01 08:34:00,zustellung,Köln
2178,851,851,2025-02-01 11:14:00,uebernahme,Stuttgart
2179,851,851,2025-02-01 11:16:00,scan_hub,Stuttgart
2180,852,852,2025-02-01 10:49:00,uebernahme,Frankfurt
2181,852,852,2025-02-01 10:43:00,scan_hub,Leipzig
2182,852,852,2025-02-01 11:11:00,zustellung,Berlin
2183,853,853,2025-02-01 12:35:00,uebernahme,München
2184,853,853,2025-02-01 13:00:00,scan_hub,Hamburg
2185,854,854,2025-03-08 07:19:00,uebernahme,Stuttgart
2186,854,854,2025-03-08 07:41:00,scan_hub,Hamburg
2187,854,854,2025-03-08 07:43:00,zustellung,Stuttgart
2188,855,855,2025-03-08 08:30:00,uebernahme,Frankfurt
2189,855,855,2025-03-08 08:44:00,scan_hub,Stuttgart
2190,855,855,2025-03-08 08:17:00,zustellung,Köln
2191,856,856,2025-03-08 09:31:00,uebernahme,Stuttgart
2192,856,856,2025-03-08 09:27:00,scan_hub,Stuttgart
2193,856,856,2025-03-08 09:49:00,zustellung,Köln
2194,857,857,2025-03-08 11:44:00,uebernahme,Köln
2195,857,857,2025-03-08 11:31:00,scan_hub,Leipzig
2196,857,857,2025-03-08 11:54:00,zustellung,München
2197,858,858,2025-03-08 11:52:00,uebernahme,Köln
2198,858,858,2025-03-08 11:40:00,scan_hub,Hamburg
2199,859,859,2025-04-15 07:34:00,uebernahme,Leipzig
2200,859,859,2025-04-15 07:55:00,scan_hub,Hamburg
2201,860,860,2025-04-15 11:09:00,uebernahme,Stuttgart
2202,860,860,2025-04-15 11:10:00,scan_hub,Köln
2203,860,860,2025-04-15 10:49:00,zustellung,Leipzig
2204,861,861,2025-04-15 10:22:00,uebernahme,Frankfurt
2205,861,861,2025-04-15 10:12:00,scan_hub,Frankfurt
2206,862,862,2025-04-15 11:09:00,uebernahme,Frankfurt
2207,862,862,2025-04-15 11:13:00,scan_hub,Köln
2208,863,863,2025-03-16 07:43:00,uebernahme,Berlin
2209,863,863,2025-03-16 08:07:00,scan_hub,Frankfurt
2210,864,864,2025-03-16 08:40:00,uebernahme,Leipzig
2211,864,864,2025-03-16 08:45:00,scan_hub,Leipzig
2212,864,864,2025-03-16 08:39:00,zustellung,Hamburg
2213,865,865,2025-03-16 09:41:00,uebernahme,München
2214,865,865,2025-03-16 09:35:00,scan_hub,Hamburg
2215,865,865,2025-03-16 09:17:00,zustellung,Stuttgart
2216,866,866,2025-05-09 09:25:00,uebernahme,Leipzig
2217,866,866,2025-05-09 09:26:00,scan_hub,Frankfurt
2218,866,866,2025-05-09 09:30:00,zustellung,Hamburg
2219,867,867,2025-05-09 10:10:00,uebernahme,München
2220,867,867,2025-05-09 09:59:00,scan_hub,München
2221,868,868,2025-05-09 11:53:00,uebernahme,Köln
2222,868,868,2025-05-09 12:10:00,scan_hub,Berlin
2223,869,869,2025-05-09 10:58:00,uebernahme,Leipzig
2224,869,869,2025-05-09 10:48:00,scan_hub,Stuttgart
2225,869,869,2025-05-09 10:49:00,zustellung,Köln
2226,870,870,2025-05-09 11:42:00,uebernahme,Berlin
2227,870,870,2025-05-09 11:29:00,scan_hub,Leipzig
2228,870,870,2025-05-09 11:34:00,zustellung,Stuttgart
2229,871,871,2025-03-05 07:31:00,uebernahme,Berlin
2230,871,871,2025-03-05 07:59:00,scan_hub,Berlin
2231,872,872,2025-03-05 08:25:00,uebernahme,Köln
2232,872,872,2025-03-05 08:40:00,scan_hub,Leipzig
2233,873,873,2025-03-05 10:17:00,uebernahme,Hamburg
2234,873,873,2025-03-05 10:40:00,scan_hub,Leipzig
2235,873,873,2025-03-05 10:34:00,zustellung,Köln
2236,874,874,2025-03-05 11:13:00,uebernahme,Hamburg
2237,874,874,2025-03-05 11:48:00,scan_hub,Leipzig
2238,874,874,2025-03-05 11:47:00,zustellung,Köln
2239,875,875,2025-02-03 08:39:00,uebernahme,München
2240,875,875,2025-02-03 08:16:00,scan_hub,Stuttgart
2241,876,876,2025-02-03 08:24:00,uebernahme,Frankfurt
2242,876,876,2025-02-03 08:20:00,scan_hub,München
2243,877,877,2025-02-03 12:04:00,uebernahme,München
2244,877,877,2025-02-03 11:54:00,scan_hub,Berlin
2245,877,877,2025-02-03 11:41:00,zustellung,München
2246,878,878,2025-03-09 08:00:00,uebernahme,Berlin
2247,878,878,2025-03-09 08:33:00,scan_hub,Köln
2248,879,879,2025-03-09 10:00:00,uebernahme,Leipzig
2249,879,879,2025-03-09 10:38:00,scan_hub,München
2250,879,879,2025-03-09 10:39:00,zustellung,Berlin
2251,880,880,2025-04-03 08:36:00,uebernahme,Stuttgart
2252,880,880,2025-04-03 08:42:00,scan_hub,Stuttgart
2253,881,881,2025-04-03 09:09:00,uebernahme,München
2254,881,881,2025-04-03 09:23:00,scan_hub,Köln
2255,882,882,2025-04-03 09:41:00,uebernahme,Köln
2256,882,882,2025-04-03 10:17:00,scan_hub,Hamburg
2257,883,883,2025-01-24 09:08:00,uebernahme,Stuttgart
2258,883,883,2025-01-24 09:18:00,scan_hub,Berlin
2259,884,884,2025-01-24 10:28:00,uebernahme,München
2260,884,884,2025-01-24 10:45:00,scan_hub,Hamburg
2261,885,885,2025-01-24 10:09:00,uebernahme,Köln
2262,885,885,2025-01-24 09:42:00,scan_hub,Hamburg
2263,885,885,2025-01-24 09:59:00,zustellung,Berlin
2264,886,886,2025-01-24 10:40:00,uebernahme,Stuttgart
2265,886,886,2025-01-24 10:40:00,scan_hub,München
2266,887,887,2025-04-20 08:56:00,uebernahme,Leipzig
2267,887,887,2025-04-20 08:23:00,scan_hub,Berlin
2268,888,888,2025-04-20 09:18:00,uebernahme,Stuttgart
2269,888,888,2025-04-20 09:55:00,scan_hub,Köln
2270,888,888,2025-04-20 09:28:00,zustellung,Berlin
2271,889,889,2025-04-20 09:55:00,uebernahme,Leipzig
2272,889,889,2025-04-20 09:29:00,scan_hub,Köln
2273,889,889,2025-04-20 10:15:00,zustellung,Stuttgart
2274,890,890,2025-04-20 11:12:00,uebernahme,Frankfurt
2275,890,890,2025-04-20 11:11:00,scan_hub,München
2276,891,891,2025-04-20 12:52:00,uebernahme,Hamburg
2277,891,891,2025-04-20 12:58:00,scan_hub,Hamburg
2278,891,891,2025-04-20 12:27:00,zustellung,Stuttgart
2279,892,892,2025-04-20 12:57:00,uebernahme,Hamburg
2280,892,892,2025-04-20 13:15:00,scan_hub,Hamburg
2281,892,892,2025-04-20 13:18:00,zustellung,Berlin
2282,893,893,2025-04-29 07:16:00,uebernahme,Berlin
2283,893,893,2025-04-29 07:18:00,scan_hub,Hamburg
2284,893,893,2025-04-29 07:34:00,zustellung,Stuttgart
2285,894,894,2025-04-29 08:48:00,uebernahme,Frankfurt
2286,894,894,2025-04-29 08:55:00,scan_hub,Hamburg
2287,894,894,2025-04-29 09:09:00,zustellung,Köln
2288,895,895,2025-04-01 09:10:00,uebernahme,München
2289,895,895,2025-04-01 09:01:00,scan_hub,Frankfurt
2290,896,896,2025-04-01 09:04:00,uebernahme,Leipzig
2291,896,896,2025-04-01 09:19:00,scan_hub,Köln
2292,896,896,2025-04-01 09:27:00,zustellung,Köln
2293,897,897,2025-04-01 09:09:00,uebernahme,Hamburg
2294,897,897,2025-04-01 09:50:00,scan_hub,Stuttgart
2295,898,898,2025-04-01 10:14:00,uebernahme,Stuttgart
2296,898,898,2025-04-01 10:30:00,scan_hub,Leipzig
2297,899,899,2025-04-11 08:10:00,uebernahme,Frankfurt
2298,899,899,2025-04-11 08:09:00,scan_hub,Hamburg
2299,899,899,2025-04-11 08:00:00,zustellung,Hamburg
2300,900,900,2025-04-11 09:39:00,uebernahme,Stuttgart
2301,900,900,2025-04-11 09:36:00,scan_hub,Köln
2302,900,900,2025-04-11 09:46:00,zustellung,München
2303,901,901,2025-04-11 09:55:00,uebernahme,München
2304,901,901,2025-04-11 09:58:00,scan_hub,Leipzig
2305,901,901,2025-04-11 10:23:00,zustellung,Frankfurt
2306,902,902,2025-04-11 11:54:00,uebernahme,Hamburg
2307,902,902,2025-04-11 12:02:00,scan_hub,Stuttgart
2308,903,903,2025-05-04 07:19:00,uebernahme,Leipzig
2309,903,903,2025-05-04 07:29:00,scan_hub,Stuttgart
2310,903,903,2025-05-04 07:43:00,zustellung,Stuttgart
2311,904,904,2025-05-04 10:21:00,uebernahme,Stuttgart
2312,904,904,2025-05-04 10:06:00,scan_hub,Leipzig
2313,905,905,2025-05-04 10:54:00,uebernahme,München
2314,905,905,2025-05-04 10:10:00,scan_hub,Berlin
2315,906,906,2025-05-04 10:45:00,uebernahme,München
2316,906,906,2025-05-04 10:38:00,scan_hub,Köln
2317,907,907,2025-02-14 07:38:00,uebernahme,Köln
2318,907,907,2025-02-14 07:35:00,scan_hub,Hamburg
2319,907,907,2025-02-14 07:55:00,zustellung,München
2320,908,908,2025-02-14 08:32:00,uebernahme,Köln
2321,908,908,2025-02-14 07:57:00,scan_hub,München
2322,909,909,2025-02-14 10:33:00,uebernahme,Hamburg
2323,909,909,2025-02-14 10:01:00,scan_hub,Berlin
2324,910,910,2025-02-14 10:49:00,uebernahme,Hamburg
2325,910,910,2025-02-14 10:54:00,scan_hub,Berlin
2326,910,910,2025-02-14 10:30:00,zustellung,Berlin
2327,911,911,2025-02-14 11:55:00,uebernahme,München
2328,911,911,2025-02-14 11:19:00,scan_hub,Köln
2329,911,911,2025-02-14 11:35:00,zustellung,Köln
2330,912,912,2025-03-13 09:28:00,uebernahme,Leipzig
2331,912,912,2025-03-13 08:57:00,scan_hub,München
2332,913,913,2025-03-13 10:44:00,uebernahme,Hamburg
2333,913,913,2025-03-13 10:37:00,scan_hub,Köln
2334,913,913,2025-03-13 10:51:00,zustellung,Leipzig
2335,914,914,2025-03-03 08:21:00,uebernahme,Leipzig
2336,914,914,2025-03-03 07:37:00,scan_hub,Leipzig
2337,914,914,2025-03-03 08:05:00,zustellung,Stuttgart
2338,915,915,2025-03-03 09:50:00,uebernahme,Stuttgart
2339,915,915,2025-03-03 09:50:00,scan_hub,Berlin
2340,915,915,2025-03-03 09:36:00,zustellung,Leipzig
2341,916,916,2025-03-03 10:15:00,uebernahme,Frankfurt
2342,916,916,2025-03-03 09:42:00,scan_hub,Hamburg
2343,917,917,2025-02-21 09:45:00,uebernahme,München
2344,917,917,2025-02-21 09:45:00,scan_hub,Berlin
2345,917,917,2025-02-21 09:45:00,zustellung,Hamburg
2346,918,918,2025-02-21 09:48:00,uebernahme,Hamburg
2347,918,918,2025-02-21 09:47:00,scan_hub,Hamburg
2348,919,919,2025-02-21 10:22:00,uebernahme,München
2349,919,919,2025-02-21 09:57:00,scan_hub,Frankfurt
2350,920,920,2025-04-13 09:18:00,uebernahme,Leipzig
2351,920,920,2025-04-13 09:16:00,scan_hub,Frankfurt
2352,920,920,2025-04-13 09:38:00,zustellung,Hamburg
2353,921,921,2025-04-13 10:14:00,uebernahme,Frankfurt
2354,921,921,2025-04-13 09:45:00,scan_hub,Berlin
2355,921,921,2025-04-13 10:03:00,zustellung,Hamburg
2356,922,922,2025-04-13 10:10:00,uebernahme,Stuttgart
2357,922,922,2025-04-13 10:52:00,scan_hub,Leipzig
2358,923,923,2025-04-27 08:22:00,uebernahme,Frankfurt
2359,923,923,2025-04-27 08:38:00,scan_hub,Frankfurt
2360,923,923,2025-04-27 08:37:00,zustellung,Köln
2361,924,924,2025-04-27 08:53:00,uebernahme,Leipzig
2362,924,924,2025-04-27 08:29:00,scan_hub,Leipzig
2363,925,925,2025-04-27 10:07:00,uebernahme,Stuttgart
2364,925,925,2025-04-27 10:27:00,scan_hub,Köln
2365,925,925,2025-04-27 10:19:00,zustellung,Frankfurt
2366,926,926,2025-04-20 08:57:00,uebernahme,Leipzig
2367,926,926,2025-04-20 08:40:00,scan_hub,Berlin
2368,926,926,2025-04-20 08:51:00,zustellung,Leipzig
2369,927,927,2025-04-20 08:30:00,uebernahme,Berlin
2370,927,927,2025-04-20 09:01:00,scan_hub,Köln
2371,927,927,2025-04-20 08:47:00,zustellung,Köln
2372,928,928,2025-04-20 09:25:00,uebernahme,Frankfurt
2373,928,928,2025-04-20 09:44:00,scan_hub,Berlin
2374,929,929,2025-04-20 11:16:00,uebernahme,Stuttgart
2375,929,929,2025-04-20 10:45:00,scan_hub,Leipzig
2376,930,930,2025-03-24 08:39:00,uebernahme,Berlin
2377,930,930,2025-03-24 07:51:00,scan_hub,München
2378,930,930,2025-03-24 07:57:00,zustellung,Frankfurt
2379,931,931,2025-03-24 09:09:00,uebernahme,München
2380,931,931,2025-03-24 09:13:00,scan_hub,Stuttgart
2381,931,931,2025-03-24 09:04:00,zustellung,Stuttgart
2382,932,932,2025-03-24 07:43:00,uebernahme,Frankfurt
2383,932,932,2025-03-24 07:34:00,scan_hub,Stuttgart
2384,932,932,2025-03-24 07:48:00,zustellung,Frankfurt
2385,933,933,2025-03-24 09:46:00,uebernahme,Stuttgart
2386,933,933,2025-03-24 10:14:00,scan_hub,Berlin
2387,934,934,2025-03-24 10:07:00,uebernahme,Stuttgart
2388,934,934,2025-03-24 09:53:00,scan_hub,Stuttgart
2389,935,935,2025-03-24 10:29:00,uebernahme,München
2390,935,935,2025-03-24 11:09:00,scan_hub,Stuttgart
2391,936,936,2025-03-24 11:36:00,uebernahme,Frankfurt
2392,936,936,2025-03-24 11:27:00,scan_hub,Leipzig
2393,937,937,2025-03-24 12:05:00,uebernahme,Hamburg
2394,937,937,2025-03-24 12:48:00,scan_hub,Hamburg
2395,938,938,2025-03-09 09:23:00,uebernahme,Hamburg
2396,938,938,2025-03-09 09:02:00,scan_hub,Köln
2397,939,939,2025-03-09 09:29:00,uebernahme,Leipzig
2398,939,939,2025-03-09 09:14:00,scan_hub,München
2399,939,939,2025-03-09 09:26:00,zustellung,Frankfurt
2400,940,940,2025-05-01 09:11:00,uebernahme,Frankfurt
2401,940,940,2025-05-01 09:06:00,scan_hub,Leipzig
2402,940,940,2025-05-01 09:34:00,zustellung,Stuttgart
2403,941,941,2025-05-01 09:18:00,uebernahme,München
2404,941,941,2025-05-01 09:25:00,scan_hub,Köln
2405,941,941,2025-05-01 09:28:00,zustellung,Köln
2406,942,942,2025-05-01 10:08:00,uebernahme,Leipzig
2407,942,942,2025-05-01 10:18:00,scan_hub,Köln
2408,943,943,2025-05-01 11:23:00,uebernahme,Hamburg
2409,943,943,2025-05-01 10:57:00,scan_hub,Berlin
2410,943,943,2025-05-01 11:23:00,zustellung,München
2411,944,944,2025-05-01 12:10:00,uebernahme,Stuttgart
2412,944,944,2025-05-01 12:36:00,scan_hub,Stuttgart
2413,945,945,2025-01-11 08:13:00,uebernahme,München
2414,945,945,2025-01-11 07:45:00,scan_hub,Hamburg
2415,945,945,2025-01-11 08:23:00,zustellung,Frankfurt
2416,946,946,2025-01-11 08:43:00,uebernahme,Hamburg
2417,946,946,2025-01-11 09:22:00,scan_hub,Berlin
2418,947,947,2025-01-11 09:54:00,uebernahme,Köln
2419,947,947,2025-01-11 09:47:00,scan_hub,Berlin
2420,947,947,2025-01-11 09:49:00,zustellung,Leipzig
2421,948,948,2025-01-11 11:33:00,uebernahme,Frankfurt
2422,948,948,2025-01-11 11:25:00,scan_hub,München
2423,948,948,2025-01-11 11:24:00,zustellung,Köln
2424,949,949,2025-03-28 08:00:00,uebernahme,München
2425,949,949,2025-03-28 08:00:00,scan_hub,Berlin
2426,949,949,2025-03-28 08:35:00,zustellung,Köln
2427,950,950,2025-03-28 10:23:00,uebernahme,München
2428,950,950,2025-03-28 10:01:00,scan_hub,München
2429,951,951,2025-03-28 11:01:00,uebernahme,Leipzig
2430,951,951,2025-03-28 11:34:00,scan_hub,Berlin
2431,951,951,2025-03-28 11:31:00,zustellung,Frankfurt
2432,952,952,2025-03-28 10:32:00,uebernahme,Stuttgart
2433,952,952,2025-03-28 11:02:00,scan_hub,Stuttgart
2434,953,953,2025-03-28 11:47:00,uebernahme,München
2435,953,953,2025-03-28 11:54:00,scan_hub,Stuttgart
2436,953,953,2025-03-28 12:00:00,zustellung,Köln
2437,954,954,2025-03-25 09:26:00,uebernahme,Leipzig
2438,954,954,2025-03-25 09:34:00,scan_hub,Köln
2439,954,954,2025-03-25 09:34:00,zustellung,Stuttgart
2440,955,955,2025-03-25 08:54:00,uebernahme,Köln
2441,955,955,2025-03-25 09:09:00,scan_hub,Berlin
2442,955,955,2025-03-25 09:00:00,zustellung,Frankfurt
2443,956,956,2025-03-25 11:14:00,uebernahme,Köln
2444,956,956,2025-03-25 11:13:00,scan_hub,Frankfurt
2445,957,957,2025-03-25 12:21:00,uebernahme,Frankfurt
2446,957,957,2025-03-25 11:55:00,scan_hub,Berlin
2447,958,958,2025-01-21 08:22:00,uebernahme,München
2448,958,958,2025-01-21 08:28:00,scan_hub,Stuttgart
2449,958,958,2025-01-21 08:24:00,zustellung,Hamburg
2450,959,959,2025-01-21 09:18:00,uebernahme,München
2451,959,959,2025-01-21 09:20:00,scan_hub,Stuttgart
2452,959,959,2025-01-21 08:49:00,zustellung,Köln
2453,960,960,2025-01-21 10:16:00,uebernahme,Berlin
2454,960,960,2025-01-21 10:55:00,scan_hub,Frankfurt
2455,961,961,2025-01-21 11:03:00,uebernahme,Berlin
2456,961,961,2025-01-21 10:51:00,scan_hub,Leipzig
2457,961,961,2025-01-21 11:22:00,zustellung,Köln
2458,962,962,2025-01-21 12:02:00,uebernahme,Stuttgart
2459,962,962,2025-01-21 11:40:00,scan_hub,Berlin
2460,963,963,2025-05-07 07:40:00,uebernahme,München
2461,963,963,2025-05-07 07:16:00,scan_hub,Frankfurt
2462,963,963,2025-05-07 07:29:00,zustellung,München
2463,964,964,2025-05-07 09:25:00,uebernahme,Hamburg
2464,964,964,2025-05-07 09:54:00,scan_hub,Hamburg
2465,964,964,2025-05-07 09:09:00,zustellung,Stuttgart
2466,965,965,2025-05-07 10:23:00,uebernahme,München
2467,965,965,2025-05-07 10:01:00,scan_hub,Hamburg
2468,965,965,2025-05-07 10:25:00,zustellung,Hamburg
2469,966,966,2025-02-01 08:07:00,uebernahme,Köln
2470,966,966,2025-02-01 07:35:00,scan_hub,Frankfurt
2471,966,966,2025-02-01 07:55:00,zustellung,Berlin
2472,967,967,2025-02-01 09:37:00,uebernahme,Leipzig
2473,967,967,2025-02-01 09:29:00,scan_hub,Frankfurt
2474,968,968,2025-04-22 08:55:00,uebernahme,Hamburg
2475,968,968,2025-04-22 08:22:00,scan_hub,Leipzig
2476,968,968,2025-04-22 08:57:00,zustellung,Leipzig
2477,969,969,2025-04-22 08:54:00,uebernahme,Hamburg
2478,969,969,2025-04-22 09:36:00,scan_hub,München
2479,970,970,2025-04-22 09:54:00,uebernahme,Berlin
2480,970,970,2025-04-22 09:16:00,scan_hub,Hamburg
2481,970,970,2025-04-22 09:40:00,zustellung,Berlin
2482,971,971,2025-04-22 11:22:00,uebernahme,Leipzig
2483,971,971,2025-04-22 10:51:00,scan_hub,München
2484,972,972,2025-04-22 12:31:00,uebernahme,Köln
2485,972,972,2025-04-22 12:11:00,scan_hub,München
2486,972,972,2025-04-22 11:53:00,zustellung,Frankfurt
2487,973,973,2025-02-07 07:59:00,uebernahme,Frankfurt
2488,973,973,2025-02-07 08:21:00,scan_hub,Stuttgart
2489,974,974,2025-02-07 10:03:00,uebernahme,Köln
2490,974,974,2025-02-07 09:36:00,scan_hub,Berlin
2491,974,974,2025-02-07 09:58:00,zustellung,Frankfurt
2492,975,975,2025-01-22 07:54:00,uebernahme,Berlin
2493,975,975,2025-01-22 07:21:00,scan_hub,Leipzig
2494,975,975,2025-01-22 07:40:00,zustellung,Köln
2495,976,976,2025-01-22 09:26:00,uebernahme,Leipzig
2496,976,976,2025-01-22 09:12:00,scan_hub,München
2497,977,977,2025-01-22 10:32:00,uebernahme,Frankfurt
2498,977,977,2025-01-22 11:05:00,scan_hub,München
2499,977,977,2025-01-22 10:57:00,zustellung,Hamburg
2500,978,978,2025-01-22 10:44:00,uebernahme,München
2501,978,978,2025-01-22 11:05:00,scan_hub,Köln
2502,978,978,2025-01-22 10:51:00,zustellung,Berlin
2503,979,979,2025-01-22 11:15:00,uebernahme,Frankfurt
2504,979,979,2025-01-22 12:02:00,scan_hub,München
2505,980,980,2025-01-22 13:20:00,uebernahme,Leipzig
2506,980,980,2025-01-22 13:17:00,scan_hub,München
2507,981,981,2025-05-01 08:46:00,uebernahme,Köln
2508,981,981,2025-05-01 08:11:00,scan_hub,Berlin
2509,981,981,2025-05-01 08:38:00,zustellung,Hamburg
2510,982,982,2025-05-01 09:36:00,uebernahme,Berlin
2511,982,982,2025-05-01 09:22:00,scan_hub,München
2512,982,982,2025-05-01 09:10:00,zustellung,Frankfurt
2513,983,983,2025-05-01 11:25:00,uebernahme,Berlin
2514,983,983,2025-05-01 11:45:00,scan_hub,Köln
2515,983,983,2025-05-01 11:40:00,zustellung,Köln
2516,984,984,2025-04-11 09:11:00,uebernahme,Frankfurt
2517,984,984,2025-04-11 09:25:00,scan_hub,Stuttgart
2518,984,984,2025-04-11 08:53:00,zustellung,Berlin
2519,985,985,2025-04-11 08:27:00,uebernahme,Leipzig
2520,985,985,2025-04-11 08:14:00,scan_hub,Köln
2521,985,985,2025-04-11 08:38:00,zustellung,Frankfurt
2522,986,986,2025-04-11 09:49:00,uebernahme,Berlin
2523,986,986,2025-04-11 09:56:00,scan_hub,Köln
2524,986,986,2025-04-11 09:45:00,zustellung,Leipzig
2525,987,987,2025-04-11 12:04:00,uebernahme,Frankfurt
2526,987,987,2025-04-11 12:31:00,scan_hub,Köln
2527,987,987,2025-04-11 12:33:00,zustellung,Hamburg
2528,988,988,2025-04-11 11:37:00,uebernahme,Leipzig
2529,988,988,2025-04-11 11:37:00,scan_hub,Leipzig
2530,989,989,2025-04-15 09:29:00,uebernahme,Leipzig
2531,989,989,2025-04-15 09:28:00,scan_hub,Leipzig
2532,990,990,2025-04-15 08:52:00,uebernahme,Köln
2533,990,990,2025-04-15 08:43:00,scan_hub,München
2534,990,990,2025-04-15 08:48:00,zustellung,Frankfurt
2535,991,991,2025-04-15 09:47:00,uebernahme,Hamburg
2536,991,991,2025-04-15 10:09:00,scan_hub,Berlin
2537,992,992,2025-04-15 10:48:00,uebernahme,Berlin
2538,992,992,2025-04-15 10:50:00,scan_hub,Berlin
2539,992,992,2025-04-15 11:22:00,zustellung,Berlin
2540,993,993,2025-04-15 11:55:00,uebernahme,Stuttgart
2541,993,993,2025-04-15 12:11:00,scan_hub,München
2542,993,993,2025-04-15 12:01:00,zustellung,Hamburg
2543,994,994,2025-01-25 07:52:00,uebernahme,München
2544,994,994,2025-01-25 07:52:00,scan_hub,Leipzig
2545,994,994,2025-01-25 07:55:00,zustellung,Köln
2546,995,995,2025-01-25 08:36:00,uebernahme,Köln
2547,995,995,2025-01-25 08:18:00,scan_hub,Berlin
2548,996,996,2025-02-05 09:20:00,uebernahme,Stuttgart
2549,996,996,2025-02-05 09:39:00,scan_hub,Frankfurt
2550,997,997,2025-02-05 09:13:00,uebernahme,Leipzig
2551,997,997,2025-02-05 08:53:00,scan_hub,Hamburg
2552,997,997,2025-02-05 09:09:00,zustellung,Leipzig
2553,998,998,2025-01-30 08:08:00,uebernahme,Leipzig
2554,998,998,2025-01-30 08:47:00,scan_hub,München
2555,998,998,2025-01-30 08:34:00,zustellung,Hamburg
2556,999,999,2025-01-30 10:19:00,uebernahme,Frankfurt
2557,999,999,2025-01-30 10:21:00,scan_hub,Frankfurt
2558,1000,1000,2025-01-30 09:23:00,uebernahme,Hamburg
2559,1000,1000,2025-01-30 09:46:00,scan_hub,Leipzig
2560,1000,1000,2025-01-30 09:29:00,zustellung,Hamburg
2561,1001,1001,2025-01-30 10:27:00,uebernahme,Frankfurt
2562,1001,1001,2025-01-30 10:42:00,scan_hub,Leipzig
2563,1001,1001,2025-01-30 10:05:00,zustellung,Köln
2564,1002,1002,2025-02-15 07:40:00,uebernahme,Köln
2565,1002,1002,2025-02-15 08:00:00,scan_hub,München
2566,1002,1002,2025-02-15 07:34:00,zustellung,Leipzig
2567,1003,1003,2025-02-15 09:04:00,uebernahme,Stuttgart
2568,1003,1003,2025-02-15 09:15:00,scan_hub,Berlin
2569,1003,1003,2025-02-15 09:08:00,zustellung,Hamburg
2570,1004,1004,2025-02-15 10:14:00,uebernahme,Leipzig
2571,1004,1004,2025-02-15 10:14:00,scan_hub,München
2572,1004,1004,2025-02-15 10:00:00,zustellung,München
2573,1005,1005,2025-02-15 12:01:00,uebernahme,Hamburg
2574,1005,1005,2025-02-15 12:39:00,scan_hub,Leipzig
2575,1005,1005,2025-02-15 12:07:00,zustellung,Frankfurt
2576,1006,1006,2025-02-15 12:18:00,uebernahme,Frankfurt
2577,1006,1006,2025-02-15 11:55:00,scan_hub,Frankfurt
2578,1007,1007,2025-02-15 12:13:00,uebernahme,Köln
2579,1007,1007,2025-02-15 12:44:00,scan_hub,Berlin
2580,1008,1008,2025-05-04 08:40:00,uebernahme,Stuttgart
2581,1008,1008,2025-05-04 08:02:00,scan_hub,Berlin
2582,1008,1008,2025-05-04 08:14:00,zustellung,Leipzig
2583,1009,1009,2025-05-04 10:02:00,uebernahme,Hamburg
2584,1009,1009,2025-05-04 10:29:00,scan_hub,Frankfurt
2585,1009,1009,2025-05-04 09:59:00,zustellung,Köln
2586,1010,1010,2025-05-04 09:43:00,uebernahme,Hamburg
2587,1010,1010,2025-05-04 09:35:00,scan_hub,Berlin
2588,1010,1010,2025-05-04 09:18:00,zustellung,Frankfurt
2589,1011,1011,2025-05-04 10:40:00,uebernahme,München
2590,1011,1011,2025-05-04 10:44:00,scan_hub,Berlin
2591,1012,1012,2025-05-04 11:59:00,uebernahme,München
2592,1012,1012,2025-05-04 12:05:00,scan_hub,Leipzig
2593,1012,1012,2025-05-04 11:48:00,zustellung,Köln
2594,1013,1013,2025-05-04 12:57:00,uebernahme,Hamburg
2595,1013,1013,2025-05-04 13:24:00,scan_hub,Hamburg
2596,1013,1013,2025-05-04 13:10:00,zustellung,München
2597,1014,1014,2025-05-10 08:25:00,uebernahme,Leipzig
2598,1014,1014,2025-05-10 08:10:00,scan_hub,Leipzig
2599,1014,1014,2025-05-10 08:15:00,zustellung,Stuttgart
2600,1015,1015,2025-05-10 09:13:00,uebernahme,Berlin
2601,1015,1015,2025-05-10 09:20:00,scan_hub,München
2602,1016,1016,2025-05-10 10:23:00,uebernahme,München
2603,1016,1016,2025-05-10 10:22:00,scan_hub,Berlin
2604,1016,1016,2025-05-10 09:50:00,zustellung,Berlin
2605,1017,1017,2025-02-07 08:37:00,uebernahme,Berlin
2606,1017,1017,2025-02-07 08:54:00,scan_hub,Frankfurt
2607,1018,1018,2025-02-07 08:21:00,uebernahme,Berlin
2608,1018,1018,2025-02-07 08:20:00,scan_hub,Köln
2609,1019,1019,2025-02-07 09:26:00,uebernahme,Hamburg
2610,1019,1019,2025-02-07 09:34:00,scan_hub,Leipzig
2611,1019,1019,2025-02-07 09:33:00,zustellung,Frankfurt
2612,1020,1020,2025-05-05 09:37:00,uebernahme,München
2613,1020,1020,2025-05-05 09:37:00,scan_hub,Leipzig
2614,1021,1021,2025-05-05 10:17:00,uebernahme,Stuttgart
2615,1021,1021,2025-05-05 10:10:00,scan_hub,Frankfurt
2616,1022,1022,2025-05-05 09:29:00,uebernahme,Köln
2617,1022,1022,2025-05-05 09:59:00,scan_hub,Leipzig
2618,1022,1022,2025-05-05 09:17:00,zustellung,Stuttgart
2619,1023,1023,2025-03-15 07:40:00,uebernahme,Leipzig
2620,1023,1023,2025-03-15 07:12:00,scan_hub,Köln
2621,1023,1023,2025-03-15 07:25:00,zustellung,Köln
2622,1024,1024,2025-03-15 08:59:00,uebernahme,Frankfurt
2623,1024,1024,2025-03-15 08:44:00,scan_hub,Berlin
2624,1025,1025,2025-03-15 10:18:00,uebernahme,Köln
2625,1025,1025,2025-03-15 10:25:00,scan_hub,Stuttgart
2626,1025,1025,2025-03-15 09:38:00,zustellung,Hamburg
2627,1026,1026,2025-03-15 11:33:00,uebernahme,Berlin
2628,1026,1026,2025-03-15 11:09:00,scan_hub,Hamburg
2629,1026,1026,2025-03-15 11:45:00,zustellung,Hamburg
2630,1027,1027,2025-03-15 12:07:00,uebernahme,Stuttgart
2631,1027,1027,2025-03-15 12:24:00,scan_hub,Stuttgart
2632,1027,1027,2025-03-15 12:21:00,zustellung,Frankfurt
2633,1028,1028,2025-05-02 07:45:00,uebernahme,Frankfurt
2634,1028,1028,2025-05-02 07:42:00,scan_hub,Leipzig
2635,1029,1029,2025-05-02 09:18:00,uebernahme,Stuttgart
2636,1029,1029,2025-05-02 09:06:00,scan_hub,Frankfurt
2637,1030,1030,2025-05-02 11:43:00,uebernahme,Köln
2638,1030,1030,2025-05-02 11:03:00,scan_hub,Frankfurt
2639,1031,1031,2025-05-02 10:45:00,uebernahme,Köln
2640,1031,1031,2025-05-02 10:54:00,scan_hub,Hamburg
2641,1032,1032,2025-05-02 13:17:00,uebernahme,München
2642,1032,1032,2025-05-02 13:19:00,scan_hub,München
2643,1033,1033,2025-05-02 13:26:00,uebernahme,Hamburg
2644,1033,1033,2025-05-02 13:05:00,scan_hub,Leipzig
2645,1034,1034,2025-01-26 07:39:00,uebernahme,Berlin
2646,1034,1034,2025-01-26 07:54:00,scan_hub,Leipzig
2647,1034,1034,2025-01-26 08:21:00,zustellung,München
2648,1035,1035,2025-01-26 09:15:00,uebernahme,Frankfurt
2649,1035,1035,2025-01-26 09:16:00,scan_hub,München
2650,1035,1035,2025-01-26 08:50:00,zustellung,Frankfurt
2651,1036,1036,2025-01-26 10:58:00,uebernahme,Stuttgart
2652,1036,1036,2025-01-26 10:10:00,scan_hub,Köln
2653,1036,1036,2025-01-26 10:51:00,zustellung,Berlin
2654,1037,1037,2025-01-26 13:08:00,uebernahme,Hamburg
2655,1037,1037,2025-01-26 12:29:00,scan_hub,Stuttgart
2656,1037,1037,2025-01-26 13:10:00,zustellung,Hamburg
2657,1038,1038,2025-01-26 11:48:00,uebernahme,Frankfurt
2658,1038,1038,2025-01-26 11:59:00,scan_hub,Leipzig
2659,1039,1039,2025-02-04 07:41:00,uebernahme,Berlin
2660,1039,1039,2025-02-04 07:17:00,scan_hub,Frankfurt
2661,1039,1039,2025-02-04 07:44:00,zustellung,Frankfurt
2662,1040,1040,2025-02-04 10:30:00,uebernahme,Stuttgart
2663,1040,1040,2025-02-04 09:56:00,scan_hub,Berlin
2664,1040,1040,2025-02-04 10:01:00,zustellung,München
2665,1041,1041,2025-02-04 09:36:00,uebernahme,Hamburg
2666,1041,1041,2025-02-04 09:34:00,scan_hub,Stuttgart
2667,1041,1041,2025-02-04 09:44:00,zustellung,Stuttgart
2668,1042,1042,2025-02-04 11:18:00,uebernahme,Stuttgart
2669,1042,1042,2025-02-04 10:55:00,scan_hub,München
2670,1043,1043,2025-02-04 13:39:00,uebernahme,Frankfurt
2671,1043,1043,2025-02-04 13:35:00,scan_hub,Köln
2672,1044,1044,2025-04-27 07:45:00,uebernahme,Frankfurt
2673,1044,1044,2025-04-27 07:46:00,scan_hub,Frankfurt
2674,1045,1045,2025-04-27 09:50:00,uebernahme,Frankfurt
2675,1045,1045,2025-04-27 10:07:00,scan_hub,Stuttgart
2676,1046,1046,2025-04-27 10:31:00,uebernahme,Köln
2677,1046,1046,2025-04-27 10:11:00,scan_hub,München
2678,1047,1047,2025-04-27 10:45:00,uebernahme,Köln
2679,1047,1047,2025-04-27 11:04:00,scan_hub,Hamburg
2680,1048,1048,2025-02-13 07:59:00,uebernahme,Hamburg
2681,1048,1048,2025-02-13 07:32:00,scan_hub,Köln
2682,1048,1048,2025-02-13 08:01:00,zustellung,Frankfurt
2683,1049,1049,2025-02-13 09:42:00,uebernahme,Frankfurt
2684,1049,1049,2025-02-13 09:31:00,scan_hub,Berlin
2685,1049,1049,2025-02-13 09:41:00,zustellung,Frankfurt
2686,1050,1050,2025-02-13 09:53:00,uebernahme,Frankfurt
2687,1050,1050,2025-02-13 09:53:00,scan_hub,Köln
2688,1051,1051,2025-03-01 08:08:00,uebernahme,Stuttgart
2689,1051,1051,2025-03-01 08:02:00,scan_hub,Stuttgart
2690,1051,1051,2025-03-01 08:02:00,zustellung,Leipzig
2691,1052,1052,2025-03-01 10:50:00,uebernahme,München
2692,1052,1052,2025-03-01 10:21:00,scan_hub,Frankfurt
2693,1052,1052,2025-03-01 10:50:00,zustellung,Hamburg
2694,1053,1053,2025-03-01 09:24:00,uebernahme,Hamburg
2695,1053,1053,2025-03-01 09:51:00,scan_hub,Frankfurt
2696,1053,1053,2025-03-01 09:25:00,zustellung,Hamburg
2697,1054,1054,2025-03-01 10:37:00,uebernahme,Berlin
2698,1054,1054,2025-03-01 10:52:00,scan_hub,Berlin
2699,1055,1055,2025-03-01 13:27:00,uebernahme,Berlin
2700,1055,1055,2025-03-01 13:14:00,scan_hub,Stuttgart
2701,1056,1056,2025-03-01 13:00:00,uebernahme,München
2702,1056,1056,2025-03-01 13:04:00,scan_hub,Frankfurt
2703,1056,1056,2025-03-01 12:31:00,zustellung,Hamburg
2704,1057,1057,2025-02-11 07:54:00,uebernahme,Frankfurt
2705,1057,1057,2025-02-11 07:35:00,scan_hub,Berlin
2706,1058,1058,2025-02-11 08:20:00,uebernahme,München
2707,1058,1058,2025-02-11 08:40:00,scan_hub,Hamburg
2708,1058,1058,2025-02-11 08:22:00,zustellung,München
2709,1059,1059,2025-02-11 11:19:00,uebernahme,Hamburg
2710,1059,1059,2025-02-11 11:30:00,scan_hub,Hamburg
2711,1059,1059,2025-02-11 11:18:00,zustellung,Leipzig
2712,1060,1060,2025-02-11 10:26:00,uebernahme,Stuttgart
2713,1060,1060,2025-02-11 10:47:00,scan_hub,Köln
2714,1061,1061,2025-02-11 11:21:00,uebernahme,München
2715,1061,1061,2025-02-11 11:58:00,scan_hub,München
2716,1061,1061,2025-02-11 11:48:00,zustellung,Berlin
2717,1062,1062,2025-02-11 13:34:00,uebernahme,Frankfurt
2718,1062,1062,2025-02-11 13:20:00,scan_hub,Leipzig
2719,1063,1063,2025-03-05 08:37:00,uebernahme,München
2720,1063,1063,2025-03-05 08:02:00,scan_hub,Frankfurt
2721,1063,1063,2025-03-05 08:07:00,zustellung,München
2722,1064,1064,2025-03-05 09:31:00,uebernahme,Leipzig
2723,1064,1064,2025-03-05 09:53:00,scan_hub,Hamburg
2724,1064,1064,2025-03-05 09:17:00,zustellung,München
2725,1065,1065,2025-03-05 09:47:00,uebernahme,München
2726,1065,1065,2025-03-05 09:21:00,scan_hub,Leipzig
2727,1066,1066,2025-03-05 11:22:00,uebernahme,Frankfurt
2728,1066,1066,2025-03-05 11:18:00,scan_hub,Frankfurt
2729,1066,1066,2025-03-05 11:29:00,zustellung,Hamburg
2730,1067,1067,2025-03-22 09:37:00,uebernahme,München
2731,1067,1067,2025-03-22 09:27:00,scan_hub,Berlin
2732,1067,1067,2025-03-22 09:21:00,zustellung,Frankfurt
2733,1068,1068,2025-03-22 08:37:00,uebernahme,Hamburg
2734,1068,1068,2025-03-22 09:18:00,scan_hub,Berlin
2735,1069,1069,2025-04-07 07:39:00,uebernahme,Frankfurt
2736,1069,1069,2025-04-07 07:32:00,scan_hub,München
2737,1069,1069,2025-04-07 07:55:00,zustellung,Stuttgart
2738,1070,1070,2025-04-07 10:35:00,uebernahme,Leipzig
2739,1070,1070,2025-04-07 09:53:00,scan_hub,München
2740,1070,1070,2025-04-07 10:07:00,zustellung,Berlin
2741,1071,1071,2025-04-07 09:30:00,uebernahme,Köln
2742,1071,1071,2025-04-07 10:02:00,scan_hub,Stuttgart
2743,1072,1072,2025-04-07 11:02:00,uebernahme,Hamburg
2744,1072,1072,2025-04-07 11:27:00,scan_hub,Köln
2745,1072,1072,2025-04-07 11:00:00,zustellung,Berlin
2746,1073,1073,2025-01-23 07:26:00,uebernahme,Frankfurt
2747,1073,1073,2025-01-23 07:18:00,scan_hub,Stuttgart
2748,1074,1074,2025-01-23 08:59:00,uebernahme,München
2749,1074,1074,2025-01-23 08:48:00,scan_hub,Berlin
2750,1074,1074,2025-01-23 08:57:00,zustellung,München
2751,1075,1075,2025-01-23 09:57:00,uebernahme,Köln
2752,1075,1075,2025-01-23 10:15:00,scan_hub,Berlin
2753,1075,1075,2025-01-23 10:17:00,zustellung,Frankfurt
2754,1076,1076,2025-01-23 10:55:00,uebernahme,München
2755,1076,1076,2025-01-23 11:22:00,scan_hub,Berlin
2756,1076,1076,2025-01-23 11:26:00,zustellung,Stuttgart
2757,1077,1077,2025-01-28 08:55:00,uebernahme,München
2758,1077,1077,2025-01-28 08:53:00,scan_hub,Berlin
2759,1077,1077,2025-01-28 08:14:00,zustellung,Frankfurt
2760,1078,1078,2025-01-28 09:11:00,uebernahme,Stuttgart
2761,1078,1078,2025-01-28 09:26:00,scan_hub,Berlin
2762,1078,1078,2025-01-28 09:43:00,zustellung,Leipzig
2763,1079,1079,2025-01-28 10:58:00,uebernahme,Stuttgart
2764,1079,1079,2025-01-28 10:55:00,scan_hub,München
2765,1079,1079,2025-01-28 10:40:00,zustellung,Berlin
2766,1080,1080,2025-01-28 12:00:00,uebernahme,München
2767,1080,1080,2025-01-28 12:10:00,scan_hub,Leipzig
2768,1081,1081,2025-01-28 12:30:00,uebernahme,Köln
2769,1081,1081,2025-01-28 12:16:00,scan_hub,Hamburg
2770,1081,1081,2025-01-28 12:29:00,zustellung,Leipzig
2771,1082,1082,2025-01-28 14:40:00,uebernahme,München
2772,1082,1082,2025-01-28 14:44:00,scan_hub,München
2773,1083,1083,2025-03-18 08:11:00,uebernahme,Stuttgart
2774,1083,1083,2025-03-18 07:57:00,scan_hub,München
2775,1084,1084,2025-03-18 10:10:00,uebernahme,Hamburg
2776,1084,1084,2025-03-18 10:02:00,scan_hub,Stuttgart
2777,1085,1085,2025-03-18 09:38:00,uebernahme,Köln
2778,1085,1085,2025-03-18 09:21:00,scan_hub,Berlin
2779,1085,1085,2025-03-18 09:44:00,zustellung,Frankfurt
2780,1086,1086,2025-03-18 10:45:00,uebernahme,Hamburg
2781,1086,1086,2025-03-18 10:05:00,scan_hub,Stuttgart
2782,1086,1086,2025-03-18 10:18:00,zustellung,Frankfurt
2783,1087,1087,2025-03-18 13:50:00,uebernahme,München
2784,1087,1087,2025-03-18 13:13:00,scan_hub,Hamburg
2785,1087,1087,2025-03-18 13:35:00,zustellung,Stuttgart
2786,1088,1088,2025-03-18 12:15:00,uebernahme,Berlin
2787,1088,1088,2025-03-18 12:35:00,scan_hub,Frankfurt
2788,1089,1089,2025-01-22 08:12:00,uebernahme,Stuttgart
2789,1089,1089,2025-01-22 08:22:00,scan_hub,Frankfurt
2790,1089,1089,2025-01-22 07:44:00,zustellung,Frankfurt
2791,1090,1090,2025-01-22 08:56:00,uebernahme,Berlin
2792,1090,1090,2025-01-22 08:48:00,scan_hub,Berlin
2793,1091,1091,2025-01-22 11:20:00,uebernahme,Stuttgart
2794,1091,1091,2025-01-22 10:41:00,scan_hub,Köln
2795,1091,1091,2025-01-22 11:26:00,zustellung,Frankfurt
2796,1092,1092,2025-01-22 11:30:00,uebernahme,München
2797,1092,1092,2025-01-22 11:28:00,scan_hub,Hamburg
2798,1093,1093,2025-01-22 11:33:00,uebernahme,Stuttgart
2799,1093,1093,2025-01-22 11:13:00,scan_hub,Stuttgart
2800,1094,1094,2025-03-18 08:14:00,uebernahme,München
2801,1094,1094,2025-03-18 08:08:00,scan_hub,München
2802,1094,1094,2025-03-18 08:43:00,zustellung,Hamburg
2803,1095,1095,2025-03-18 10:20:00,uebernahme,Leipzig
2804,1095,1095,2025-03-18 10:28:00,scan_hub,Berlin
2805,1095,1095,2025-03-18 10:23:00,zustellung,Hamburg
2806,1096,1096,2025-03-18 10:15:00,uebernahme,Leipzig
2807,1096,1096,2025-03-18 10:32:00,scan_hub,Frankfurt
2808,1097,1097,2025-02-05 08:20:00,uebernahme,Frankfurt
2809,1097,1097,2025-02-05 08:16:00,scan_hub,Köln
2810,1098,1098,2025-02-05 10:35:00,uebernahme,Köln
2811,1098,1098,2025-02-05 10:31:00,scan_hub,Frankfurt
2812,1098,1098,2025-02-05 10:39:00,zustellung,Leipzig
2813,1099,1099,2025-02-05 11:04:00,uebernahme,Köln
2814,1099,1099,2025-02-05 11:22:00,scan_hub,Frankfurt
2815,1099,1099,2025-02-05 11:20:00,zustellung,München
2816,1100,1100,2025-02-05 10:54:00,uebernahme,Berlin
2817,1100,1100,2025-02-05 11:16:00,scan_hub,Leipzig
2818,1101,1101,2025-02-11 09:12:00,uebernahme,Leipzig
2819,1101,1101,2025-02-11 09:28:00,scan_hub,Berlin
2820,1101,1101,2025-02-11 09:30:00,zustellung,München
2821,1102,1102,2025-02-11 08:28:00,uebernahme,Frankfurt
2822,1102,1102,2025-02-11 08:50:00,scan_hub,Frankfurt
2823,1103,1103,2025-02-11 09:33:00,uebernahme,Frankfurt
2824,1103,1103,2025-02-11 09:32:00,scan_hub,Hamburg
2825,1103,1103,2025-02-11 09:11:00,zustellung,Berlin
2826,1104,1104,2025-02-11 11:03:00,uebernahme,Köln
2827,1104,1104,2025-02-11 10:32:00,scan_hub,Stuttgart
2828,1105,1105,2025-01-15 08:12:00,uebernahme,Stuttgart
2829,1105,1105,2025-01-15 08:35:00,scan_hub,Köln
2830,1105,1105,2025-01-15 08:52:00,zustellung,Köln
2831,1106,1106,2025-01-15 08:51:00,uebernahme,Köln
2832,1106,1106,2025-01-15 08:44:00,scan_hub,Stuttgart
2833,1107,1107,2025-01-15 10:48:00,uebernahme,Köln
2834,1107,1107,2025-01-15 10:43:00,scan_hub,München
2835,1108,1108,2025-01-15 11:01:00,uebernahme,Köln
2836,1108,1108,2025-01-15 11:02:00,scan_hub,Frankfurt
2837,1108,1108,2025-01-15 11:26:00,zustellung,Hamburg
2838,1109,1109,2025-01-15 12:21:00,uebernahme,Frankfurt
2839,1109,1109,2025-01-15 12:12:00,scan_hub,Stuttgart
2840,1110,1110,2025-01-15 14:32:00,uebernahme,Frankfurt
2841,1110,1110,2025-01-15 14:40:00,scan_hub,Köln
