scan_id,shipment_id,stop_id,scanned_at,event_type,location
1,1,1,2025-04-19 08:28:00,pickup,Stuttgart
2,1,1,2025-04-19 08:27:00,out_for_delivery,Hamburg
3,1,1,2025-04-19 08:20:00,delivered,Frankfurt
4,2,2,2025-04-19 10:31:00,pickup,Hamburg
5,2,2,2025-04-19 10:17:00,out_for_delivery,Frankfurt
6,2,2,2025-04-19 10:15:00,delivered,Köln
7,3,3,2025-04-19 11:10:00,pickup,München
8,3,3,2025-04-19 11:07:00,out_for_delivery,Stuttgart
9,3,3,2025-04-19 11:14:00,delivered,Berlin
10,4,4,2025-04-25 09:39:00,pickup,Leipzig
11,4,4,2025-04-25 09:18:00,out_for_delivery,Leipzig
12,4,4,2025-04-25 09:03:00,delivered,Frankfurt
13,5,5,2025-04-25 09:48:00,pickup,Leipzig
14,5,5,2025-04-25 10:10:00,out_for_delivery,Stuttgart
15,5,5,2025-04-25 10:08:00,delivered,Stuttgart
16,6,6,2025-04-25 10:36:00,pickup,München
17,6,6,2025-04-25 10:46:00,out_for_delivery,Hamburg
18,6,6,2025-04-25 10:16:00,delivered,Hamburg
19,7,7,2025-04-25 12:51:00,pickup,Leipzig
20,7,7,2025-04-25 12:40:00,out_for_delivery,Leipzig
21,7,7,2025-04-25 12:27:00,delivered,Hamburg
22,8,8,2025-04-25 12:58:00,pickup,Köln
23,8,8,2025-04-25 13:03:00,out_for_delivery,Frankfurt
24,8,8,2025-04-25 13:17:00,delivered,Leipzig
25,9,9,2025-04-25 13:00:00,pickup,Köln
26,9,9,2025-04-25 13:07:00,out_for_delivery,Leipzig
27,9,9,2025-04-25 13:05:00,delivered,Stuttgart
28,10,10,2025-04-25 16:31:00,pickup,Berlin
29,10,10,2025-04-25 16:16:00,out_for_delivery,Köln
30,10,10,2025-04-25 16:20:00,delivered,Hamburg
31,11,11,2025-06-27 08:23:00,pickup,Berlin
32,11,11,2025-06-27 08:34:00,out_for_delivery,Leipzig
33,11,11,2025-06-27 08:44:00,delivered,Köln
34,12,12,2025-06-27 10:12:00,pickup,Köln
35,12,12,2025-06-27 10:10:00,out_for_delivery,München
36,12,12,2025-06-27 10:30:00,delivered,Stuttgart
37,13,13,2025-06-27 11:34:00,pickup,Berlin
38,13,13,2025-06-27 11:13:00,out_for_delivery,Hamburg
39,13,13,2025-06-27 11:21:00,delivered,Frankfurt
40,14,14,2025-04-05 09:05:00,pickup,Frankfurt
41,14,14,2025-04-05 09:09:00,out_for_delivery,Stuttgart
42,14,14,2025-04-05 09:08:00,delivered,Leipzig
43,15,15,2025-04-05 11:35:00,pickup,Köln
44,15,15,2025-04-05 11:02:00,out_for_delivery,Berlin
45,15,15,2025-04-05 11:15:00,delivered,Stuttgart
46,16,16,2025-04-05 11:23:00,pickup,Leipzig
47,16,16,2025-04-05 11:11:00,out_for_delivery,Hamburg
48,16,16,2025-04-05 11:01:00,delivered,Leipzig
49,17,17,2025-04-05 12:06:00,pickup,München
50,17,17,2025-04-05 11:59:00,out_for_delivery,Stuttgart
51,17,17,2025-04-05 12:12:00,delivered,Hamburg
52,18,18,2025-04-18 09:23:00,pickup,Berlin
53,18,18,2025-04-18 09:11:00,out_for_delivery,Frankfurt
54,18,18,2025-04-18 08:53:00,delivered,Hamburg
55,19,19,2025-04-18 10:54:00,pickup,Leipzig
56,19,19,2025-04-18 10:47:00,out_for_delivery,Stuttgart
57,19,19,2025-04-18 11:17:00,delivered,Hamburg
58,20,20,2025-04-18 11:50:00,pickup,München
59,20,20,2025-04-18 11:40:00,out_for_delivery,Hamburg
60,20,20,2025-04-18 11:46:00,delivered,Hamburg
61,21,21,2025-05-06 08:52:00,pickup,Frankfurt
62,21,21,2025-05-06 08:39:00,out_for_delivery,Stuttgart
63,21,21,2025-05-06 08:26:00,delivered,Hamburg
64,22,22,2025-05-06 10:30:00,pickup,Stuttgart
65,22,22,2025-05-06 10:18:00,out_for_delivery,Leipzig
66,22,22,2025-05-06 10:21:00,delivered,Stuttgart
67,23,23,2025-05-06 11:05:00,pickup,Leipzig
68,23,23,2025-05-06 11:04:00,out_for_delivery,Stuttgart
69,23,23,2025-05-06 11:01:00,delivered,Stuttgart
70,24,24,2025-05-06 12:53:00,pickup,Leipzig
71,24,24,2025-05-06 12:51:00,out_for_delivery,Frankfurt
72,25,25,2025-05-06 13:46:00,pickup,Köln
73,25,25,2025-05-06 13:42:00,out_for_delivery,Frankfurt
74,25,25,2025-05-06 13:52:00,delivered,München
75,26,26,2025-06-13 10:10:00,pickup,Hamburg
76,26,26,2025-06-13 09:50:00,out_for_delivery,Berlin
77,26,26,2025-06-13 09:37:00,delivered,Stuttgart
78,27,27,2025-06-13 10:28:00,pickup,Berlin
79,27,27,2025-06-13 10:29:00,out_for_delivery,München
80,27,27,2025-06-13 10:38:00,delivered,Stuttgart
81,28,28,2025-06-13 11:35:00,pickup,Stuttgart
82,28,28,2025-06-13 11:39:00,out_for_delivery,Köln
83,28,28,2025-06-13 11:32:00,delivered,Köln
84,29,29,2025-06-13 12:18:00,pickup,Frankfurt
85,29,29,2025-06-13 12:53:00,out_for_delivery,Stuttgart
86,29,29,2025-06-13 12:41:00,delivered,Frankfurt
87,30,30,2025-04-17 09:51:00,pickup,Stuttgart
88,30,30,2025-04-17 09:56:00,out_for_delivery,Frankfurt
89,30,30,2025-04-17 09:47:00,delivered,München
90,31,31,2025-04-17 09:31:00,pickup,München
91,31,31,2025-04-17 10:00:00,out_for_delivery,Köln
92,31,31,2025-04-17 09:41:00,delivered,München
93,32,32,2025-04-17 12:05:00,pickup,Stuttgart
94,32,32,2025-04-17 12:27:00,out_for_delivery,Hamburg
95,32,32,2025-04-17 12:29:00,delivered,München
96,33,33,2025-06-26 08:46:00,pickup,München
97,33,33,2025-06-26 09:13:00,out_for_delivery,Leipzig
98,33,33,2025-06-26 09:06:00,delivered,Leipzig
99,34,34,2025-06-26 10:15:00,pickup,München
100,34,34,2025-06-26 09:56:00,out_for_delivery,Hamburg
101,34,34,2025-06-26 10:18:00,delivered,München
102,35,35,2025-06-26 11:10:00,pickup,Stuttgart
103,35,35,2025-06-26 10:45:00,out_for_delivery,Berlin
104,35,35,2025-06-26 11:23:00,delivered,München
105,36,36,2025-06-26 12:05:00,pickup,Hamburg
106,36,36,2025-06-26 11:55:00,out_for_delivery,München
107,37,37,2025-06-26 13:17:00,pickup,Stuttgart
108,37,37,2025-06-26 13:04:00,out_for_delivery,Stuttgart
109,37,37,2025-06-26 13:34:00,delivered,Köln
110,38,38,2025-06-26 14:28:00,pickup,München
111,38,38,2025-06-26 14:31:00,out_for_delivery,Berlin
112,38,38,2025-06-26 14:35:00,delivered,Köln
113,39,39,2025-05-16 09:31:00,pickup,München
114,39,39,2025-05-16 09:17:00,out_for_delivery,Köln
115,40,40,2025-05-16 09:39:00,pickup,Frankfurt
116,40,40,2025-05-16 09:47:00,out_for_delivery,Leipzig
117,41,41,2025-05-16 11:05:00,pickup,Köln
118,41,41,2025-05-16 10:58:00,out_for_delivery,Stuttgart
119,41,41,2025-05-16 10:50:00,delivered,Frankfurt
120,42,42,2025-04-02 09:05:00,pickup,München
121,42,42,2025-04-02 09:19:00,out_for_delivery,Berlin
122,42,42,2025-04-02 09:15:00,delivered,Hamburg
123,43,43,2025-04-02 11:30:00,pickup,München
124,43,43,2025-04-02 11:16:00,out_for_delivery,Stuttgart
125,43,43,2025-04-02 11:35:00,delivered,Berlin
126,44,44,2025-04-02 11:05:00,pickup,Stuttgart
127,44,44,2025-04-02 10:58:00,out_for_delivery,Stuttgart
128,44,44,2025-04-02 10:38:00,delivered,Köln
129,45,45,2025-06-03 08:41:00,pickup,Köln
130,45,45,2025-06-03 08:51:00,out_for_delivery,Köln
131,45,45,2025-06-03 09:13:00,delivered,München
132,46,46,2025-06-03 10:05:00,pickup,Berlin
133,46,46,2025-06-03 10:05:00,out_for_delivery,Köln
134,47,47,2025-06-03 11:22:00,pickup,Stuttgart
135,47,47,2025-06-03 11:35:00,out_for_delivery,Köln
136,47,47,2025-06-03 11:40:00,delivered,Hamburg
137,48,48,2025-06-03 12:12:00,pickup,Leipzig
138,48,48,2025-06-03 12:25:00,out_for_delivery,Frankfurt
139,48,48,2025-06-03 12:39:00,delivered,München
140,49,49,2025-06-03 12:11:00,pickup,Berlin
141,49,49,2025-06-03 12:18:00,out_for_delivery,Hamburg
142,49,49,2025-06-03 12:07:00,delivered,Hamburg
143,50,50,2025-06-03 13:18:00,pickup,Leipzig
144,50,50,2025-06-03 13:19:00,out_for_delivery,Berlin
145,50,50,2025-06-03 13:40:00,delivered,Leipzig
146,51,51,2025-04-03 08:56:00,pickup,Stuttgart
147,51,51,2025-04-03 08:53:00,out_for_delivery,Leipzig
148,52,52,2025-04-03 11:33:00,pickup,Köln
149,52,52,2025-04-03 11:08:00,out_for_delivery,Stuttgart
150,52,52,2025-04-03 11:21:00,delivered,Frankfurt
151,53,53,2025-04-03 11:07:00,pickup,Stuttgart
152,53,53,2025-04-03 11:01:00,out_for_delivery,Leipzig
153,53,53,2025-04-03 11:12:00,delivered,Leipzig
154,54,54,2025-06-18 09:45:00,pickup,Berlin
155,54,54,2025-06-18 09:47:00,out_for_delivery,Frankfurt
156,54,54,2025-06-18 09:17:00,delivered,München
157,55,55,2025-06-18 10:26:00,pickup,Frankfurt
158,55,55,2025-06-18 10:25:00,out_for_delivery,Frankfurt
159,55,55,2025-06-18 10:27:00,delivered,Hamburg
160,56,56,2025-06-18 12:21:00,pickup,Köln
161,56,56,2025-06-18 12:08:00,out_for_delivery,Köln
162,56,56,2025-06-18 12:11:00,delivered,Leipzig
163,57,57,2025-06-18 13:10:00,pickup,Frankfurt
164,57,57,2025-06-18 12:49:00,out_for_delivery,München
165,57,57,2025-06-18 12:46:00,delivered,München
166,58,58,2025-06-18 13:16:00,pickup,München
167,58,58,2025-06-18 13:27:00,out_for_delivery,Berlin
168,58,58,2025-06-18 13:36:00,delivered,Stuttgart
169,59,59,2025-06-18 14:18:00,pickup,Frankfurt
170,59,59,2025-06-18 14:24:00,out_for_delivery,Berlin
171,59,59,2025-06-18 14:37:00,delivered,Berlin
172,60,60,2025-05-28 09:15:00,pickup,München
173,60,60,2025-05-28 09:49:00,out_for_delivery,München
174,60,60,2025-05-28 09:15:00,delivered,Berlin
175,61,61,2025-05-28 10:39:00,pickup,Stuttgart
176,61,61,2025-05-28 10:23:00,out_for_delivery,Leipzig
177,61,61,2025-05-28 10:41:00,delivered,Berlin
178,62,62,2025-05-28 11:32:00,pickup,Berlin
179,62,62,2025-05-28 11:22:00,out_for_delivery,Berlin
180,62,62,2025-05-28 11:11:00,delivered,Köln
181,63,63,2025-05-28 12:42:00,pickup,Stuttgart
182,63,63,2025-05-28 12:55:00,out_for_delivery,Leipzig
183,63,63,2025-05-28 12:30:00,delivered,Berlin
184,64,64,2025-05-28 13:29:00,pickup,Berlin
185,64,64,2025-05-28 13:35:00,out_for_delivery,Stuttgart
186,64,64,2025-05-28 13:07:00,delivered,Köln
187,65,65,2025-05-08 08:17:00,pickup,München
188,65,65,2025-05-08 08:36:00,out_for_delivery,Leipzig
189,65,65,2025-05-08 08:30:00,delivered,Leipzig
190,66,66,2025-05-08 10:02:00,pickup,Hamburg
191,66,66,2025-05-08 09:51:00,out_for_delivery,Stuttgart
192,66,66,2025-05-08 09:31:00,delivered,Leipzig
193,67,67,2025-05-08 11:42:00,pickup,Köln
194,67,67,2025-05-08 11:47:00,out_for_delivery,Hamburg
195,67,67,2025-05-08 11:40:00,delivered,Leipzig
196,68,68,2025-06-17 08:32:00,pickup,Leipzig
197,68,68,2025-06-17 08:49:00,out_for_delivery,Leipzig
198,68,68,2025-06-17 08:45:00,delivered,Frankfurt
199,69,69,2025-06-17 10:18:00,pickup,Berlin
200,69,69,2025-06-17 10:28:00,out_for_delivery,Köln
201,69,69,2025-06-17 10:24:00,delivered,Hamburg
202,70,70,2025-06-17 11:24:00,pickup,Frankfurt
203,70,70,2025-06-17 11:09:00,out_for_delivery,Köln
204,70,70,2025-06-17 11:25:00,delivered,Leipzig
205,71,71,2025-06-17 12:38:00,pickup,Berlin
206,71,71,2025-06-17 12:24:00,out_for_delivery,Stuttgart
207,71,71,2025-06-17 12:46:00,delivered,Berlin
208,72,72,2025-06-17 13:16:00,pickup,Hamburg
209,72,72,2025-06-17 13:12:00,out_for_delivery,Berlin
210,72,72,2025-06-17 13:21:00,delivered,Leipzig
211,73,73,2025-06-17 13:08:00,pickup,Leipzig
212,73,73,2025-06-17 13:31:00,out_for_delivery,Leipzig
213,73,73,2025-06-17 13:30:00,delivered,Leipzig
214,74,74,2025-04-21 08:50:00,pickup,Berlin
215,74,74,2025-04-21 08:50:00,out_for_delivery,Stuttgart
216,74,74,2025-04-21 09:05:00,delivered,Hamburg
217,75,75,2025-04-21 09:31:00,pickup,Köln
218,75,75,2025-04-21 09:39:00,out_for_delivery,Stuttgart
219,75,75,2025-04-21 09:16:00,delivered,Frankfurt
220,76,76,2025-04-21 11:16:00,pickup,Berlin
221,76,76,2025-04-21 11:42:00,out_for_delivery,Berlin
222,76,76,2025-04-21 11:27:00,delivered,Berlin
223,77,77,2025-04-21 11:41:00,pickup,Berlin
224,77,77,2025-04-21 11:39:00,out_for_delivery,Leipzig
225,78,78,2025-04-21 13:33:00,pickup,Stuttgart
226,78,78,2025-04-21 13:46:00,out_for_delivery,Frankfurt
227,79,79,2025-04-21 14:57:00,pickup,Leipzig
228,79,79,2025-04-21 14:31:00,out_for_delivery,Köln
229,79,79,2025-04-21 14:42:00,delivered,Berlin
230,80,80,2025-06-10 09:06:00,pickup,Berlin
231,80,80,2025-06-10 08:57:00,out_for_delivery,Leipzig
232,80,80,2025-06-10 08:34:00,delivered,Berlin
233,81,81,2025-06-10 09:55:00,pickup,Stuttgart
234,81,81,2025-06-10 09:54:00,out_for_delivery,Leipzig
235,81,81,2025-06-10 09:38:00,delivered,Berlin
236,82,82,2025-06-10 11:15:00,pickup,Stuttgart
237,82,82,2025-06-10 11:26:00,out_for_delivery,München
238,82,82,2025-06-10 11:29:00,delivered,Berlin
239,83,83,2025-04-03 09:44:00,pickup,Köln
240,83,83,2025-04-03 09:33:00,out_for_delivery,München
241,83,83,2025-04-03 09:20:00,delivered,München
242,84,84,2025-04-03 09:45:00,pickup,Berlin
243,84,84,2025-04-03 10:16:00,out_for_delivery,Stuttgart
244,84,84,2025-04-03 10:03:00,delivered,Hamburg
245,85,85,2025-04-03 11:18:00,pickup,Köln
246,85,85,2025-04-03 11:06:00,out_for_delivery,Berlin
247,85,85,2025-04-03 11:17:00,delivered,Leipzig
248,86,86,2025-04-03 12:40:00,pickup,München
249,86,86,2025-04-03 12:38:00,out_for_delivery,Frankfurt
250,86,86,2025-04-03 12:31:00,delivered,Hamburg
251,87,87,2025-04-03 13:38:00,pickup,München
252,87,87,2025-04-03 13:49:00,out_for_delivery,Hamburg
253,87,87,2025-04-03 13:24:00,delivered,Leipzig
254,88,88,2025-05-10 08:06:00,pickup,Köln
255,88,88,2025-05-10 08:07:00,out_for_delivery,Köln
256,88,88,2025-05-10 08:23:00,delivered,Berlin
257,89,89,2025-05-10 10:07:00,pickup,Frankfurt
258,89,89,2025-05-10 09:43:00,out_for_delivery,Hamburg
259,89,89,2025-05-10 09:45:00,delivered,Stuttgart
260,90,90,2025-05-10 10:10:00,pickup,Berlin
261,90,90,2025-05-10 10:19:00,out_for_delivery,Hamburg
262,90,90,2025-05-10 10:02:00,delivered,München
263,91,91,2025-05-10 12:14:00,pickup,Leipzig
264,91,91,2025-05-10 12:02:00,out_for_delivery,München
265,91,91,2025-05-10 12:08:00,delivered,Hamburg
266,92,92,2025-05-10 13:51:00,pickup,Hamburg
267,92,92,2025-05-10 13:16:00,out_for_delivery,Leipzig
268,92,92,2025-05-10 13:33:00,delivered,Hamburg
269,93,93,2025-05-25 08:50:00,pickup,Hamburg
270,93,93,2025-05-25 09:08:00,out_for_delivery,Hamburg
271,93,93,2025-05-25 09:21:00,delivered,Leipzig
272,94,94,2025-05-25 10:08:00,pickup,Hamburg
273,94,94,2025-05-25 10:01:00,out_for_delivery,Frankfurt
274,94,94,2025-05-25 09:44:00,delivered,Berlin
275,95,95,2025-05-25 11:03:00,pickup,Stuttgart
276,95,95,2025-05-25 11:13:00,out_for_delivery,München
277,95,95,2025-05-25 11:25:00,delivered,Stuttgart
278,96,96,2025-05-25 13:03:00,pickup,München
279,96,96,2025-05-25 12:59:00,out_for_delivery,Frankfurt
280,96,96,2025-05-25 12:32:00,delivered,Berlin
281,97,97,2025-05-25 12:55:00,pickup,Frankfurt
282,97,97,2025-05-25 12:38:00,out_for_delivery,Köln
283,97,97,2025-05-25 13:10:00,delivered,Berlin
284,98,98,2025-05-25 15:02:00,pickup,Berlin
285,98,98,2025-05-25 14:48:00,out_for_delivery,Leipzig
286,98,98,2025-05-25 14:51:00,delivered,Köln
287,99,99,2025-06-22 09:46:00,pickup,Hamburg
288,99,99,2025-06-22 09:45:00,out_for_delivery,Stuttgart
289,99,99,2025-06-22 09:43:00,delivered,Köln
290,100,100,2025-06-22 10:11:00,pickup,Frankfurt
291,100,100,2025-06-22 10:05:00,out_for_delivery,Frankfurt
292,100,100,2025-06-22 10:25:00,delivered,Köln
293,101,101,2025-06-22 11:07:00,pickup,Köln
294,101,101,2025-06-22 11:00:00,out_for_delivery,Frankfurt
295,101,101,2025-06-22 11:08:00,delivered,Köln
296,102,102,2025-06-22 13:07:00,pickup,Leipzig
297,102,102,2025-06-22 12:49:00,out_for_delivery,Stuttgart
298,102,102,2025-06-22 13:08:00,delivered,Stuttgart
299,103,103,2025-06-22 13:50:00,pickup,Hamburg
300,103,103,2025-06-22 13:49:00,out_for_delivery,Hamburg
301,103,103,2025-06-22 13:19:00,delivered,München
302,104,104,2025-06-15 08:53:00,pickup,Berlin
303,104,104,2025-06-15 08:39:00,out_for_delivery,Stuttgart
304,105,105,2025-06-15 10:35:00,pickup,München
305,105,105,2025-06-15 10:21:00,out_for_delivery,Stuttgart
306,105,105,2025-06-15 10:40:00,delivered,Hamburg
307,106,106,2025-06-15 10:57:00,pickup,Leipzig
308,106,106,2025-06-15 11:06:00,out_for_delivery,Hamburg
309,107,107,2025-05-23 09:25:00,pickup,Hamburg
310,107,107,2025-05-23 09:27:00,out_for_delivery,Hamburg
311,107,107,2025-05-23 09:55:00,delivered,Stuttgart
312,108,108,2025-05-23 09:56:00,pickup,Leipzig
313,108,108,2025-05-23 09:58:00,out_for_delivery,Köln
314,108,108,2025-05-23 10:09:00,delivered,Köln
315,109,109,2025-05-23 11:05:00,pickup,Frankfurt
316,109,109,2025-05-23 11:28:00,out_for_delivery,Stuttgart
317,109,109,2025-05-23 11:22:00,delivered,München
318,110,110,2025-05-23 12:38:00,pickup,Berlin
319,110,110,2025-05-23 12:32:00,out_for_delivery,Frankfurt
320,110,110,2025-05-23 12:29:00,delivered,Leipzig
321,111,111,2025-05-23 12:23:00,pickup,Hamburg
322,111,111,2025-05-23 12:43:00,out_for_delivery,Berlin
323,111,111,2025-05-23 12:42:00,delivered,Frankfurt
324,112,112,2025-05-23 15:01:00,pickup,Hamburg
325,112,112,2025-05-23 14:46:00,out_for_delivery,Berlin
326,112,112,2025-05-23 14:55:00,delivered,München
327,113,113,2025-05-23 15:21:00,pickup,Hamburg
328,113,113,2025-05-23 15:00:00,out_for_delivery,Köln
329,113,113,2025-05-23 15:18:00,delivered,Leipzig
330,114,114,2025-06-16 08:43:00,pickup,Köln
331,114,114,2025-06-16 08:31:00,out_for_delivery,München
332,115,115,2025-06-16 10:42:00,pickup,Hamburg
333,115,115,2025-06-16 10:11:00,out_for_delivery,Hamburg
334,115,115,2025-06-16 10:08:00,delivered,Stuttgart
335,116,116,2025-06-16 11:04:00,pickup,Köln
336,116,116,2025-06-16 11:08:00,out_for_delivery,Frankfurt
337,116,116,2025-06-16 11:00:00,delivered,Köln
338,117,117,2025-06-16 12:07:00,pickup,Frankfurt
339,117,117,2025-06-16 11:46:00,out_for_delivery,Stuttgart
340,117,117,2025-06-16 11:56:00,delivered,Hamburg
341,118,118,2025-06-16 12:55:00,pickup,Stuttgart
342,118,118,2025-06-16 12:59:00,out_for_delivery,Hamburg
343,118,118,2025-06-16 13:00:00,delivered,München
344,119,119,2025-06-16 14:23:00,pickup,Hamburg
345,119,119,2025-06-16 14:25:00,out_for_delivery,Köln
346,119,119,2025-06-16 14:17:00,delivered,Hamburg
347,120,120,2025-06-26 09:30:00,pickup,Hamburg
348,120,120,2025-06-26 09:52:00,out_for_delivery,Frankfurt
349,120,120,2025-06-26 09:53:00,delivered,Köln
350,121,121,2025-06-26 09:50:00,pickup,Leipzig
351,121,121,2025-06-26 09:48:00,out_for_delivery,Köln
352,121,121,2025-06-26 10:17:00,delivered,Berlin
353,122,122,2025-06-26 11:56:00,pickup,Köln
354,122,122,2025-06-26 12:23:00,out_for_delivery,Leipzig
355,122,122,2025-06-26 11:49:00,delivered,Leipzig
356,123,123,2025-06-26 12:43:00,pickup,Hamburg
357,123,123,2025-06-26 12:38:00,out_for_delivery,Stuttgart
358,124,124,2025-06-26 12:58:00,pickup,Berlin
359,124,124,2025-06-26 12:51:00,out_for_delivery,Leipzig
360,124,124,2025-06-26 12:55:00,delivered,Leipzig
361,125,125,2025-06-03 08:52:00,pickup,Berlin
362,125,125,2025-06-03 09:01:00,out_for_delivery,Hamburg
363,125,125,2025-06-03 09:12:00,delivered,Berlin
364,126,126,2025-06-03 10:47:00,pickup,Köln
365,126,126,2025-06-03 10:27:00,out_for_delivery,Frankfurt
366,127,127,2025-06-03 12:21:00,pickup,Berlin
367,127,127,2025-06-03 12:12:00,out_for_delivery,Köln
368,127,127,2025-06-03 12:23:00,delivered,Hamburg
369,128,128,2025-06-03 11:31:00,pickup,Leipzig
370,128,128,2025-06-03 11:21:00,out_for_delivery,Leipzig
371,128,128,2025-06-03 11:34:00,delivered,Hamburg
372,129,129,2025-06-03 13:41:00,pickup,Berlin
373,129,129,2025-06-03 13:10:00,out_for_delivery,Leipzig
374,129,129,2025-06-03 13:21:00,delivered,Hamburg
375,130,130,2025-06-03 14:11:00,pickup,Stuttgart
376,130,130,2025-06-03 14:24:00,out_for_delivery,Stuttgart
377,130,130,2025-06-03 14:11:00,delivered,Stuttgart
378,131,131,2025-06-03 15:44:00,pickup,Leipzig
379,131,131,2025-06-03 15:30:00,out_for_delivery,Frankfurt
380,131,131,2025-06-03 15:49:00,delivered,Stuttgart
381,132,132,2025-04-26 09:01:00,pickup,Stuttgart
382,132,132,2025-04-26 08:59:00,out_for_delivery,München
383,132,132,2025-04-26 08:46:00,delivered,Stuttgart
384,133,133,2025-04-26 09:56:00,pickup,München
385,133,133,2025-04-26 10:13:00,out_for_delivery,München
386,133,133,2025-04-26 09:51:00,delivered,München
387,134,134,2025-04-26 11:26:00,pickup,München
388,134,134,2025-04-26 11:38:00,out_for_delivery,Frankfurt
389,134,134,2025-04-26 11:08:00,delivered,Hamburg
390,135,135,2025-04-26 12:51:00,pickup,Berlin
391,135,135,2025-04-26 12:42:00,out_for_delivery,Berlin
392,135,135,2025-04-26 12:15:00,delivered,Berlin
393,136,136,2025-04-26 13:20:00,pickup,Frankfurt
394,136,136,2025-04-26 13:47:00,out_for_delivery,Leipzig
395,136,136,2025-04-26 13:41:00,delivered,Köln
396,137,137,2025-04-26 14:49:00,pickup,Köln
397,137,137,2025-04-26 14:57:00,out_for_delivery,Leipzig
398,137,137,2025-04-26 15:03:00,delivered,Frankfurt
399,138,138,2025-04-26 15:19:00,pickup,Frankfurt
400,138,138,2025-04-26 15:06:00,out_for_delivery,Leipzig
401,138,138,2025-04-26 15:13:00,delivered,Berlin
402,139,139,2025-05-01 08:27:00,pickup,Stuttgart
403,139,139,2025-05-01 08:31:00,out_for_delivery,Hamburg
404,139,139,2025-05-01 08:22:00,delivered,Berlin
405,140,140,2025-05-01 09:40:00,pickup,Berlin
406,140,140,2025-05-01 10:04:00,out_for_delivery,Stuttgart
407,140,140,2025-05-01 09:53:00,delivered,Stuttgart
408,141,141,2025-05-01 12:17:00,pickup,München
409,141,141,2025-05-01 12:14:00,out_for_delivery,Leipzig
410,141,141,2025-05-01 12:02:00,delivered,Köln
411,142,142,2025-05-01 12:40:00,pickup,Leipzig
412,142,142,2025-05-01 13:02:00,out_for_delivery,Köln
413,142,142,2025-05-01 13:03:00,delivered,München
414,143,143,2025-04-25 09:06:00,pickup,Stuttgart
415,143,143,2025-04-25 09:21:00,out_for_delivery,Berlin
416,143,143,2025-04-25 09:09:00,delivered,Stuttgart
417,144,144,2025-04-25 10:06:00,pickup,Leipzig
418,144,144,2025-04-25 10:42:00,out_for_delivery,Stuttgart
419,144,144,2025-04-25 10:09:00,delivered,München
420,145,145,2025-04-25 11:24:00,pickup,Köln
421,145,145,2025-04-25 10:50:00,out_for_delivery,Leipzig
422,146,146,2025-04-25 11:45:00,pickup,Berlin
423,146,146,2025-04-25 11:45:00,out_for_delivery,Berlin
424,146,146,2025-04-25 12:06:00,delivered,Frankfurt
425,147,147,2025-04-25 13:25:00,pickup,Hamburg
426,147,147,2025-04-25 13:18:00,out_for_delivery,Köln
427,147,147,2025-04-25 13:25:00,delivered,Hamburg
428,148,148,2025-04-25 13:28:00,pickup,Stuttgart
429,148,148,2025-04-25 13:35:00,out_for_delivery,Stuttgart
430,148,148,2025-04-25 13:38:00,delivered,Berlin
431,149,149,2025-04-25 14:47:00,pickup,Leipzig
432,149,149,2025-04-25 14:32:00,out_for_delivery,Leipzig
433,149,149,2025-04-25 14:45:00,delivered,Berlin
434,150,150,2025-05-12 08:59:00,pickup,Hamburg
435,150,150,2025-05-12 08:35:00,out_for_delivery,Berlin
436,150,150,2025-05-12 08:31:00,delivered,Stuttgart
437,151,151,2025-05-12 10:30:00,pickup,Hamburg
438,151,151,2025-05-12 10:32:00,out_for_delivery,Köln
439,151,151,2025-05-12 10:50:00,delivered,Stuttgart
440,152,152,2025-05-12 11:34:00,pickup,Hamburg
441,152,152,2025-05-12 12:07:00,out_for_delivery,Berlin
442,153,153,2025-05-12 12:04:00,pickup,München
443,153,153,2025-05-12 12:02:00,out_for_delivery,Berlin
444,153,153,2025-05-12 12:10:00,delivered,Köln
445,154,154,2025-05-25 08:00:00,pickup,München
446,154,154,2025-05-25 08:28:00,out_for_delivery,Frankfurt
447,154,154,2025-05-25 08:21:00,delivered,Berlin
448,155,155,2025-05-25 10:13:00,pickup,Hamburg
449,155,155,2025-05-25 10:15:00,out_for_delivery,Frankfurt
450,155,155,2025-05-25 10:18:00,delivered,Frankfurt
451,156,156,2025-05-25 11:14:00,pickup,Frankfurt
452,156,156,2025-05-25 11:01:00,out_for_delivery,Stuttgart
453,156,156,2025-05-25 11:08:00,delivered,Leipzig
454,157,157,2025-05-10 09:01:00,pickup,Stuttgart
455,157,157,2025-05-10 09:05:00,out_for_delivery,Hamburg
456,157,157,2025-05-10 09:35:00,delivered,Köln
457,158,158,2025-05-10 10:02:00,pickup,München
458,158,158,2025-05-10 09:53:00,out_for_delivery,Stuttgart
459,158,158,2025-05-10 10:03:00,delivered,Köln
460,159,159,2025-05-10 10:46:00,pickup,Berlin
461,159,159,2025-05-10 10:54:00,out_for_delivery,München
462,159,159,2025-05-10 11:07:00,delivered,Hamburg
463,160,160,2025-05-10 12:25:00,pickup,Leipzig
464,160,160,2025-05-10 12:04:00,out_for_delivery,Leipzig
465,160,160,2025-05-10 12:02:00,delivered,Köln
466,161,161,2025-04-27 09:46:00,pickup,Frankfurt
467,161,161,2025-04-27 09:52:00,out_for_delivery,Stuttgart
468,161,161,2025-04-27 09:47:00,delivered,Hamburg
469,162,162,2025-04-27 10:24:00,pickup,Berlin
470,162,162,2025-04-27 10:08:00,out_for_delivery,Leipzig
471,162,162,2025-04-27 10:24:00,delivered,Hamburg
472,163,163,2025-04-27 11:24:00,pickup,Hamburg
473,163,163,2025-04-27 11:18:00,out_for_delivery,Leipzig
474,163,163,2025-04-27 11:16:00,delivered,Köln
475,164,164,2025-04-27 11:46:00,pickup,Frankfurt
476,164,164,2025-04-27 12:23:00,out_for_delivery,München
477,164,164,2025-04-27 12:16:00,delivered,Frankfurt
478,165,165,2025-04-27 14:36:00,pickup,Leipzig
479,165,165,2025-04-27 14:26:00,out_for_delivery,München
480,166,166,2025-04-27 14:33:00,pickup,Frankfurt
481,166,166,2025-04-27 14:33:00,out_for_delivery,Berlin
482,166,166,2025-04-27 14:28:00,delivered,Stuttgart
483,167,167,2025-04-20 08:40:00,pickup,Frankfurt
484,167,167,2025-04-20 08:56:00,out_for_delivery,Köln
485,168,168,2025-04-20 10:11:00,pickup,Köln
486,168,168,2025-04-20 10:41:00,out_for_delivery,Leipzig
487,168,168,2025-04-20 10:06:00,delivered,Köln
488,169,169,2025-04-20 11:02:00,pickup,Frankfurt
489,169,169,2025-04-20 11:00:00,out_for_delivery,Frankfurt
490,169,169,2025-04-20 10:36:00,delivered,Hamburg
491,170,170,2025-04-20 12:36:00,pickup,München
492,170,170,2025-04-20 12:13:00,out_for_delivery,Köln
493,170,170,2025-04-20 12:29:00,delivered,Köln
494,171,171,2025-04-20 13:14:00,pickup,Berlin
495,171,171,2025-04-20 13:35:00,out_for_delivery,Berlin
496,171,171,2025-04-20 13:23:00,delivered,Stuttgart
497,172,172,2025-04-30 09:02:00,pickup,Köln
498,172,172,2025-04-30 09:10:00,out_for_delivery,Köln
499,172,172,2025-04-30 09:14:00,delivered,München
500,173,173,2025-04-30 09:53:00,pickup,Berlin
501,173,173,2025-04-30 10:05:00,out_for_delivery,Berlin
502,173,173,2025-04-30 09:58:00,delivered,Leipzig
503,174,174,2025-04-30 10:47:00,pickup,Leipzig
504,174,174,2025-04-30 11:22:00,out_for_delivery,Frankfurt
505,174,174,2025-04-30 11:07:00,delivered,Stuttgart
506,175,175,2025-04-18 09:22:00,pickup,Berlin
507,175,175,2025-04-18 09:42:00,out_for_delivery,Hamburg
508,175,175,2025-04-18 09:50:00,delivered,Stuttgart
509,176,176,2025-04-18 10:26:00,pickup,Hamburg
510,176,176,2025-04-18 10:00:00,out_for_delivery,Frankfurt
511,176,176,2025-04-18 10:10:00,delivered,München
512,177,177,2025-04-18 11:10:00,pickup,Hamburg
513,177,177,2025-04-18 10:50:00,out_for_delivery,Frankfurt
514,177,177,2025-04-18 10:43:00,delivered,Berlin
515,178,178,2025-04-18 11:34:00,pickup,Frankfurt
516,178,178,2025-04-18 11:33:00,out_for_delivery,Hamburg
517,179,179,2025-04-18 13:10:00,pickup,Frankfurt
518,179,179,2025-04-18 13:29:00,out_for_delivery,München
519,179,179,2025-04-18 13:28:00,delivered,Stuttgart
520,180,180,2025-04-18 13:42:00,pickup,Berlin
521,180,180,2025-04-18 13:39:00,out_for_delivery,Stuttgart
522,180,180,2025-04-18 13:36:00,delivered,Hamburg
523,181,181,2025-04-18 14:29:00,pickup,Leipzig
524,181,181,2025-04-18 14:30:00,out_for_delivery,Leipzig
525,182,182,2025-04-10 09:15:00,pickup,Hamburg
526,182,182,2025-04-10 09:42:00,out_for_delivery,Köln
527,182,182,2025-04-10 09:33:00,delivered,Frankfurt
528,183,183,2025-04-10 10:08:00,pickup,Stuttgart
529,183,183,2025-04-10 10:00:00,out_for_delivery,Leipzig
530,183,183,2025-04-10 10:19:00,delivered,München
531,184,184,2025-04-10 11:06:00,pickup,München
532,184,184,2025-04-10 10:53:00,out_for_delivery,Köln
533,184,184,2025-04-10 11:13:00,delivered,Leipzig
534,185,185,2025-04-10 12:04:00,pickup,Frankfurt
535,185,185,2025-04-10 12:23:00,out_for_delivery,Frankfurt
536,186,186,2025-04-10 13:40:00,pickup,Berlin
537,186,186,2025-04-10 13:30:00,out_for_delivery,München
538,186,186,2025-04-10 13:55:00,delivered,Stuttgart
539,187,187,2025-04-10 14:44:00,pickup,Köln
540,187,187,2025-04-10 14:48:00,out_for_delivery,Stuttgart
541,187,187,2025-04-10 14:15:00,delivered,Köln
542,188,188,2025-04-10 15:41:00,pickup,Köln
543,188,188,2025-04-10 15:51:00,out_for_delivery,Berlin
544,188,188,2025-04-10 15:39:00,delivered,München
545,189,189,2025-06-04 09:25:00,pickup,Frankfurt
546,189,189,2025-06-04 09:51:00,out_for_delivery,Leipzig
547,189,189,2025-06-04 09:16:00,delivered,Stuttgart
548,190,190,2025-06-04 10:37:00,pickup,Berlin
549,190,190,2025-06-04 10:53:00,out_for_delivery,Leipzig
550,190,190,2025-06-04 10:30:00,delivered,Hamburg
551,191,191,2025-06-04 11:34:00,pickup,Stuttgart
552,191,191,2025-06-04 11:21:00,out_for_delivery,Stuttgart
553,191,191,2025-06-04 11:25:00,delivered,Stuttgart
554,192,192,2025-06-04 12:41:00,pickup,Köln
555,192,192,2025-06-04 12:40:00,out_for_delivery,Berlin
556,192,192,2025-06-04 12:38:00,delivered,Köln
557,193,193,2025-06-05 09:00:00,pickup,Stuttgart
558,193,193,2025-06-05 09:12:00,out_for_delivery,Köln
559,193,193,2025-06-05 09:29:00,delivered,Berlin
560,194,194,2025-06-05 10:03:00,pickup,Köln
561,194,194,2025-06-05 10:23:00,out_for_delivery,Hamburg
562,194,194,2025-06-05 10:08:00,delivered,München
563,195,195,2025-06-05 10:44:00,pickup,Leipzig
564,195,195,2025-06-05 10:48:00,out_for_delivery,Berlin
565,195,195,2025-06-05 10:52:00,delivered,Stuttgart
566,196,196,2025-06-05 11:56:00,pickup,Stuttgart
567,196,196,2025-06-05 12:11:00,out_for_delivery,Frankfurt
568,196,196,2025-06-05 12:17:00,delivered,Berlin
569,197,197,2025-06-05 13:21:00,pickup,Stuttgart
570,197,197,2025-06-05 13:19:00,out_for_delivery,Berlin
571,197,197,2025-06-05 13:02:00,delivered,Frankfurt
572,198,198,2025-06-05 14:04:00,pickup,Köln
573,198,198,2025-06-05 14:23:00,out_for_delivery,Frankfurt
574,198,198,2025-06-05 13:52:00,delivered,Köln
575,199,199,2025-06-05 15:27:00,pickup,Frankfurt
576,199,199,2025-06-05 15:03:00,out_for_delivery,Hamburg
577,199,199,2025-06-05 14:54:00,delivered,Hamburg
578,200,200,2025-06-08 09:10:00,pickup,München
579,200,200,2025-06-08 08:54:00,out_for_delivery,München
580,201,201,2025-06-08 11:11:00,pickup,Hamburg
581,201,201,2025-06-08 11:02:00,out_for_delivery,Stuttgart
582,201,201,2025-06-08 11:07:00,delivered,Frankfurt
583,202,202,2025-06-08 11:03:00,pickup,Köln
584,202,202,2025-06-08 11:08:00,out_for_delivery,München
585,202,202,2025-06-08 10:51:00,delivered,Köln
586,203,203,2025-06-08 11:55:00,pickup,Köln
587,203,203,2025-06-08 12:06:00,out_for_delivery,Köln
588,204,204,2025-06-08 13:11:00,pickup,Hamburg
589,204,204,2025-06-08 13:29:00,out_for_delivery,Leipzig
590,204,204,2025-06-08 13:10:00,delivered,Hamburg
591,205,205,2025-05-07 09:27:00,pickup,München
592,205,205,2025-05-07 09:41:00,out_for_delivery,Köln
593,205,205,2025-05-07 09:32:00,delivered,München
594,206,206,2025-05-07 09:51:00,pickup,Stuttgart
595,206,206,2025-05-07 09:40:00,out_for_delivery,Köln
596,206,206,2025-05-07 09:57:00,delivered,Stuttgart
597,207,207,2025-05-07 11:31:00,pickup,Berlin
598,207,207,2025-05-07 11:19:00,out_for_delivery,Köln
599,207,207,2025-05-07 11:30:00,delivered,Hamburg
600,208,208,2025-05-07 12:05:00,pickup,München
601,208,208,2025-05-07 12:07:00,out_for_delivery,Hamburg
602,208,208,2025-05-07 11:53:00,delivered,Frankfurt
603,209,209,2025-05-07 12:56:00,pickup,Berlin
604,209,209,2025-05-07 12:41:00,out_for_delivery,Frankfurt
605,209,209,2025-05-07 12:43:00,delivered,Frankfurt
606,210,210,2025-04-13 09:03:00,pickup,Leipzig
607,210,210,2025-04-13 08:53:00,out_for_delivery,Stuttgart
608,210,210,2025-04-13 09:04:00,delivered,München
609,211,211,2025-04-13 09:01:00,pickup,Berlin
610,211,211,2025-04-13 09:25:00,out_for_delivery,Hamburg
611,211,211,2025-04-13 09:13:00,delivered,Stuttgart
612,212,212,2025-04-13 11:00:00,pickup,Hamburg
613,212,212,2025-04-13 10:43:00,out_for_delivery,Stuttgart
614,212,212,2025-04-13 10:44:00,delivered,München
615,213,213,2025-04-13 12:08:00,pickup,Leipzig
616,213,213,2025-04-13 12:35:00,out_for_delivery,Köln
617,213,213,2025-04-13 12:22:00,delivered,Köln
618,214,214,2025-04-13 13:29:00,pickup,München
619,214,214,2025-04-13 13:15:00,out_for_delivery,München
620,214,214,2025-04-13 13:11:00,delivered,Frankfurt
621,215,215,2025-04-13 13:47:00,pickup,Berlin
622,215,215,2025-04-13 13:57:00,out_for_delivery,Hamburg
623,215,215,2025-04-13 13:58:00,delivered,Frankfurt
624,216,216,2025-04-13 15:10:00,pickup,Köln
625,216,216,2025-04-13 15:24:00,out_for_delivery,Stuttgart
626,216,216,2025-04-13 15:25:00,delivered,Berlin
627,217,217,2025-05-19 09:35:00,pickup,Hamburg
628,217,217,2025-05-19 09:03:00,out_for_delivery,Leipzig
629,217,217,2025-05-19 09:35:00,delivered,Berlin
630,218,218,2025-05-19 10:36:00,pickup,München
631,218,218,2025-05-19 10:13:00,out_for_delivery,Frankfurt
632,218,218,2025-05-19 10:34:00,delivered,München
633,219,219,2025-05-19 11:17:00,pickup,Stuttgart
634,219,219,2025-05-19 11:32:00,out_for_delivery,Berlin
635,220,220,2025-05-19 12:13:00,pickup,Köln
636,220,220,2025-05-19 12:03:00,out_for_delivery,Hamburg
637,221,221,2025-05-19 13:29:00,pickup,Köln
638,221,221,2025-05-19 13:24:00,out_for_delivery,Berlin
639,221,221,2025-05-19 13:27:00,delivered,Berlin
640,222,222,2025-05-08 09:40:00,pickup,Berlin
641,222,222,2025-05-08 09:41:00,out_for_delivery,München
642,222,222,2025-05-08 09:39:00,delivered,München
643,223,223,2025-05-08 10:14:00,pickup,Köln
644,223,223,2025-05-08 10:33:00,out_for_delivery,München
645,223,223,2025-05-08 10:32:00,delivered,München
646,224,224,2025-05-08 11:14:00,pickup,München
647,224,224,2025-05-08 11:15:00,out_for_delivery,München
648,225,225,2025-06-12 08:51:00,pickup,Leipzig
649,225,225,2025-06-12 08:53:00,out_for_delivery,München
650,225,225,2025-06-12 09:18:00,delivered,Stuttgart
651,226,226,2025-06-12 09:31:00,pickup,Stuttgart
652,226,226,2025-06-12 09:41:00,out_for_delivery,Frankfurt
653,226,226,2025-06-12 09:34:00,delivered,Berlin
654,227,227,2025-06-12 12:00:00,pickup,München
655,227,227,2025-06-12 12:05:00,out_for_delivery,Berlin
656,227,227,2025-06-12 12:17:00,delivered,Leipzig
657,228,228,2025-06-12 12:04:00,pickup,Frankfurt
658,228,228,2025-06-12 11:50:00,out_for_delivery,Berlin
659,228,228,2025-06-12 12:24:00,delivered,Berlin
660,229,229,2025-05-29 08:50:00,pickup,Leipzig
661,229,229,2025-05-29 09:03:00,out_for_delivery,Stuttgart
662,229,229,2025-05-29 09:11:00,delivered,Hamburg
663,230,230,2025-05-29 09:40:00,pickup,München
664,230,230,2025-05-29 09:56:00,out_for_delivery,Leipzig
665,230,230,2025-05-29 10:02:00,delivered,Frankfurt
666,231,231,2025-05-29 11:49:00,pickup,Leipzig
667,231,231,2025-05-29 11:41:00,out_for_delivery,Stuttgart
668,231,231,2025-05-29 12:08:00,delivered,Berlin
669,232,232,2025-05-11 09:03:00,pickup,Berlin
670,232,232,2025-05-11 09:09:00,out_for_delivery,München
671,232,232,2025-05-11 09:22:00,delivered,Stuttgart
672,233,233,2025-05-11 10:17:00,pickup,München
673,233,233,2025-05-11 10:23:00,out_for_delivery,Stuttgart
674,233,233,2025-05-11 10:52:00,delivered,Köln
675,234,234,2025-05-11 11:07:00,pickup,Stuttgart
676,234,234,2025-05-11 11:02:00,out_for_delivery,Berlin
677,234,234,2025-05-11 11:07:00,delivered,Berlin
678,235,235,2025-05-11 12:55:00,pickup,Hamburg
679,235,235,2025-05-11 13:10:00,out_for_delivery,Frankfurt
680,235,235,2025-05-11 13:08:00,delivered,Frankfurt
681,236,236,2025-05-11 13:17:00,pickup,München
682,236,236,2025-05-11 12:55:00,out_for_delivery,Leipzig
683,236,236,2025-05-11 12:54:00,delivered,Stuttgart
684,237,237,2025-05-11 14:52:00,pickup,Frankfurt
685,237,237,2025-05-11 14:40:00,out_for_delivery,Köln
686,237,237,2025-05-11 14:24:00,delivered,Berlin
687,238,238,2025-05-11 15:39:00,pickup,Leipzig
688,238,238,2025-05-11 16:02:00,out_for_delivery,München
689,238,238,2025-05-11 15:32:00,delivered,Berlin
690,239,239,2025-04-18 09:18:00,pickup,Stuttgart
691,239,239,2025-04-18 09:11:00,out_for_delivery,Frankfurt
692,239,239,2025-04-18 09:05:00,delivered,Leipzig
693,240,240,2025-04-18 09:53:00,pickup,Frankfurt
694,240,240,2025-04-18 09:39:00,out_for_delivery,Köln
695,240,240,2025-04-18 09:21:00,delivered,Berlin
696,241,241,2025-04-18 11:52:00,pickup,Köln
697,241,241,2025-04-18 11:33:00,out_for_delivery,München
698,241,241,2025-04-18 11:22:00,delivered,Köln
699,242,242,2025-04-18 11:54:00,pickup,Berlin
700,242,242,2025-04-18 11:45:00,out_for_delivery,Frankfurt
701,242,242,2025-04-18 11:52:00,delivered,München
702,243,243,2025-04-18 13:00:00,pickup,Leipzig
703,243,243,2025-04-18 12:32:00,out_for_delivery,Köln
704,243,243,2025-04-18 12:39:00,delivered,Stuttgart
705,244,244,2025-04-18 14:33:00,pickup,Hamburg
706,244,244,2025-04-18 14:09:00,out_for_delivery,Frankfurt
707,244,244,2025-04-18 14:31:00,delivered,Hamburg
708,245,245,2025-04-18 15:09:00,pickup,Stuttgart
709,245,245,2025-04-18 15:14:00,out_for_delivery,Berlin
710,245,245,2025-04-18 15:22:00,delivered,Frankfurt
711,246,246,2025-04-06 09:07:00,pickup,Stuttgart
712,246,246,2025-04-06 08:56:00,out_for_delivery,München
713,246,246,2025-04-06 09:13:00,delivered,Berlin
714,247,247,2025-04-06 09:41:00,pickup,Hamburg
715,247,247,2025-04-06 09:52:00,out_for_delivery,Leipzig
716,247,247,2025-04-06 09:40:00,delivered,Berlin
717,248,248,2025-04-06 12:12:00,pickup,Köln
718,248,248,2025-04-06 12:12:00,out_for_delivery,Berlin
719,248,248,2025-04-06 12:07:00,delivered,Leipzig
720,249,249,2025-04-06 11:55:00,pickup,Leipzig
721,249,249,2025-04-06 11:56:00,out_for_delivery,München
722,249,249,2025-04-06 11:52:00,delivered,Frankfurt
723,250,250,2025-04-06 13:18:00,pickup,Berlin
724,250,250,2025-04-06 13:05:00,out_for_delivery,Berlin
725,250,250,2025-04-06 13:25:00,delivered,Köln
726,251,251,2025-04-06 13:20:00,pickup,München
727,251,251,2025-04-06 13:37:00,out_for_delivery,München
728,251,251,2025-04-06 13:28:00,delivered,Berlin
729,252,252,2025-06-25 09:19:00,pickup,Hamburg
730,252,252,2025-06-25 09:27:00,out_for_delivery,München
731,252,252,2025-06-25 09:45:00,delivered,Leipzig
732,253,253,2025-06-25 10:24:00,pickup,Stuttgart
733,253,253,2025-06-25 10:25:00,out_for_delivery,Stuttgart
734,253,253,2025-06-25 10:28:00,delivered,Köln
735,254,254,2025-06-25 11:05:00,pickup,Stuttgart
736,254,254,2025-06-25 11:18:00,out_for_delivery,Frankfurt
737,254,254,2025-06-25 11:13:00,delivered,München
738,255,255,2025-06-25 11:56:00,pickup,Frankfurt
739,255,255,2025-06-25 11:38:00,out_for_delivery,Berlin
740,255,255,2025-06-25 11:53:00,delivered,Frankfurt
741,256,256,2025-05-04 08:53:00,pickup,Stuttgart
742,256,256,2025-05-04 08:21:00,out_for_delivery,München
743,256,256,2025-05-04 08:52:00,delivered,Leipzig
744,257,257,2025-05-04 11:10:00,pickup,Berlin
745,257,257,2025-05-04 11:31:00,out_for_delivery,Leipzig
746,257,257,2025-05-04 11:25:00,delivered,Frankfurt
747,258,258,2025-05-04 11:29:00,pickup,Frankfurt
748,258,258,2025-05-04 11:02:00,out_for_delivery,Leipzig
749,258,258,2025-05-04 11:17:00,delivered,Stuttgart
750,259,259,2025-05-04 11:53:00,pickup,Köln
751,259,259,2025-05-04 11:52:00,out_for_delivery,Köln
752,259,259,2025-05-04 11:55:00,delivered,Leipzig
753,260,260,2025-05-04 13:31:00,pickup,Stuttgart
754,260,260,2025-05-04 13:31:00,out_for_delivery,Frankfurt
755,260,260,2025-05-04 14:08:00,delivered,Frankfurt
756,261,261,2025-04-05 09:13:00,pickup,Hamburg
757,261,261,2025-04-05 08:49:00,out_for_delivery,Stuttgart
758,261,261,2025-04-05 09:14:00,delivered,Berlin
759,262,262,2025-04-05 10:19:00,pickup,Stuttgart
760,262,262,2025-04-05 10:18:00,out_for_delivery,Leipzig
761,262,262,2025-04-05 10:53:00,delivered,Köln
762,263,263,2025-04-05 12:12:00,pickup,Hamburg
763,263,263,2025-04-05 12:10:00,out_for_delivery,Hamburg
764,263,263,2025-04-05 12:27:00,delivered,Köln
765,264,264,2025-04-05 12:38:00,pickup,Frankfurt
766,264,264,2025-04-05 12:04:00,out_for_delivery,Berlin
767,265,265,2025-05-31 09:02:00,pickup,Stuttgart
768,265,265,2025-05-31 08:50:00,out_for_delivery,Leipzig
769,265,265,2025-05-31 09:12:00,delivered,Köln
770,266,266,2025-05-31 10:47:00,pickup,München
771,266,266,2025-05-31 10:52:00,out_for_delivery,Hamburg
772,266,266,2025-05-31 10:33:00,delivered,Frankfurt
773,267,267,2025-05-31 11:11:00,pickup,Leipzig
774,267,267,2025-05-31 11:10:00,out_for_delivery,München
775,267,267,2025-05-31 11:09:00,delivered,München
776,268,268,2025-05-31 11:23:00,pickup,Stuttgart
777,268,268,2025-05-31 11:49:00,out_for_delivery,Berlin
778,268,268,2025-05-31 11:19:00,delivered,Berlin
779,269,269,2025-05-08 10:06:00,pickup,Hamburg
780,269,269,2025-05-08 10:17:00,out_for_delivery,Leipzig
781,269,269,2025-05-08 10:02:00,delivered,Hamburg
782,270,270,2025-05-08 09:56:00,pickup,Berlin
783,270,270,2025-05-08 09:45:00,out_for_delivery,Stuttgart
784,270,270,2025-05-08 09:56:00,delivered,München
785,271,271,2025-05-08 11:01:00,pickup,Berlin
786,271,271,2025-05-08 10:51:00,out_for_delivery,Hamburg
787,271,271,2025-05-08 10:34:00,delivered,München
788,272,272,2025-05-08 12:16:00,pickup,Köln
789,272,272,2025-05-08 11:49:00,out_for_delivery,München
790,272,272,2025-05-08 12:04:00,delivered,Berlin
791,273,273,2025-05-08 13:12:00,pickup,München
792,273,273,2025-05-08 13:17:00,out_for_delivery,Frankfurt
793,273,273,2025-05-08 12:58:00,delivered,Köln
794,274,274,2025-04-15 08:27:00,pickup,Hamburg
795,274,274,2025-04-15 08:15:00,out_for_delivery,Berlin
796,274,274,2025-04-15 08:28:00,delivered,Leipzig
797,275,275,2025-04-15 09:40:00,pickup,Stuttgart
798,275,275,2025-04-15 09:51:00,out_for_delivery,Köln
799,275,275,2025-04-15 09:45:00,delivered,München
800,276,276,2025-04-15 10:21:00,pickup,Leipzig
801,276,276,2025-04-15 10:02:00,out_for_delivery,Leipzig
802,276,276,2025-04-15 10:15:00,delivered,Berlin
803,277,277,2025-04-15 12:54:00,pickup,München
804,277,277,2025-04-15 12:43:00,out_for_delivery,München
805,277,277,2025-04-15 12:31:00,delivered,Frankfurt
806,278,278,2025-04-15 13:18:00,pickup,München
807,278,278,2025-04-15 13:03:00,out_for_delivery,Frankfurt
808,278,278,2025-04-15 13:16:00,delivered,Berlin
809,279,279,2025-04-15 14:09:00,pickup,Frankfurt
810,279,279,2025-04-15 14:26:00,out_for_delivery,Leipzig
811,279,279,2025-04-15 14:25:00,delivered,München
812,280,280,2025-06-27 09:05:00,pickup,Köln
813,280,280,2025-06-27 09:10:00,out_for_delivery,Köln
814,280,280,2025-06-27 08:58:00,delivered,Frankfurt
815,281,281,2025-06-27 09:39:00,pickup,Hamburg
816,281,281,2025-06-27 09:58:00,out_for_delivery,München
817,281,281,2025-06-27 09:30:00,delivered,Frankfurt
818,282,282,2025-06-27 11:01:00,pickup,Köln
819,282,282,2025-06-27 10:51:00,out_for_delivery,Leipzig
820,282,282,2025-06-27 10:34:00,delivered,Berlin
821,283,283,2025-06-27 12:48:00,pickup,Hamburg
822,283,283,2025-06-27 12:18:00,out_for_delivery,Frankfurt
823,283,283,2025-06-27 12:45:00,delivered,München
824,284,284,2025-06-27 14:36:00,pickup,Stuttgart
825,284,284,2025-06-27 14:30:00,out_for_delivery,Frankfurt
826,284,284,2025-06-27 14:05:00,delivered,Köln
827,285,285,2025-06-27 13:47:00,pickup,Frankfurt
828,285,285,2025-06-27 13:40:00,out_for_delivery,Berlin
829,285,285,2025-06-27 13:23:00,delivered,Hamburg
830,286,286,2025-05-20 08:29:00,pickup,Köln
831,286,286,2025-05-20 08:27:00,out_for_delivery,Berlin
832,286,286,2025-05-20 08:19:00,delivered,München
833,287,287,2025-05-20 11:00:00,pickup,Frankfurt
834,287,287,2025-05-20 10:55:00,out_for_delivery,Berlin
835,287,287,2025-05-20 10:39:00,delivered,Berlin
836,288,288,2025-05-20 10:31:00,pickup,Berlin
837,288,288,2025-05-20 10:36:00,out_for_delivery,Stuttgart
838,289,289,2025-05-20 12:03:00,pickup,Leipzig
839,289,289,2025-05-20 12:16:00,out_for_delivery,Köln
840,289,289,2025-05-20 12:38:00,delivered,Hamburg
841,290,290,2025-05-20 12:58:00,pickup,Leipzig
842,290,290,2025-05-20 12:56:00,out_for_delivery,Köln
843,290,290,2025-05-20 12:48:00,delivered,Leipzig
844,291,291,2025-05-20 14:01:00,pickup,Frankfurt
845,291,291,2025-05-20 13:53:00,out_for_delivery,Stuttgart
846,291,291,2025-05-20 14:23:00,delivered,Stuttgart
847,292,292,2025-05-20 14:45:00,pickup,Köln
848,292,292,2025-05-20 14:39:00,out_for_delivery,Stuttgart
849,293,293,2025-04-22 08:32:00,pickup,Stuttgart
850,293,293,2025-04-22 08:29:00,out_for_delivery,Leipzig
851,293,293,2025-04-22 08:16:00,delivered,Leipzig
852,294,294,2025-04-22 10:31:00,pickup,Berlin
853,294,294,2025-04-22 10:58:00,out_for_delivery,Stuttgart
854,295,295,2025-04-22 11:11:00,pickup,Stuttgart
855,295,295,2025-04-22 10:51:00,out_for_delivery,Frankfurt
856,295,295,2025-04-22 11:02:00,delivered,Leipzig
857,296,296,2025-04-22 11:47:00,pickup,Hamburg
858,296,296,2025-04-22 12:08:00,out_for_delivery,Frankfurt
859,296,296,2025-04-22 12:23:00,delivered,Köln
860,297,297,2025-04-22 12:51:00,pickup,Frankfurt
861,297,297,2025-04-22 12:58:00,out_for_delivery,Leipzig
862,297,297,2025-04-22 13:23:00,delivered,Leipzig
863,298,298,2025-04-22 14:12:00,pickup,Stuttgart
864,298,298,2025-04-22 13:52:00,out_for_delivery,Frankfurt
865,298,298,2025-04-22 14:20:00,delivered,Frankfurt
866,299,299,2025-04-22 16:18:00,pickup,München
867,299,299,2025-04-22 15:54:00,out_for_delivery,Berlin
868,299,299,2025-04-22 15:52:00,delivered,Leipzig
869,300,300,2025-04-07 08:57:00,pickup,Leipzig
870,300,300,2025-04-07 09:18:00,out_for_delivery,Stuttgart
871,300,300,2025-04-07 09:16:00,delivered,Stuttgart
872,301,301,2025-04-07 10:24:00,pickup,Berlin
873,301,301,2025-04-07 10:52:00,out_for_delivery,Köln
874,301,301,2025-04-07 10:15:00,delivered,Köln
875,302,302,2025-04-07 10:07:00,pickup,München
876,302,302,2025-04-07 10:19:00,out_for_delivery,Köln
877,302,302,2025-04-07 10:37:00,delivered,Frankfurt
878,303,303,2025-04-07 11:42:00,pickup,Berlin
879,303,303,2025-04-07 11:37:00,out_for_delivery,Frankfurt
880,303,303,2025-04-07 12:00:00,delivered,Stuttgart
881,304,304,2025-04-07 13:29:00,pickup,Berlin
882,304,304,2025-04-07 13:25:00,out_for_delivery,Frankfurt
883,304,304,2025-04-07 13:52:00,delivered,Stuttgart
884,305,305,2025-04-07 14:23:00,pickup,Stuttgart
885,305,305,2025-04-07 13:58:00,out_for_delivery,Leipzig
886,305,305,2025-04-07 14:29:00,delivered,Berlin
887,306,306,2025-04-07 15:18:00,pickup,Hamburg
888,306,306,2025-04-07 15:21:00,out_for_delivery,Hamburg
889,306,306,2025-04-07 15:18:00,delivered,Frankfurt
890,307,307,2025-04-18 10:02:00,pickup,Berlin
891,307,307,2025-04-18 10:26:00,out_for_delivery,Berlin
892,307,307,2025-04-18 10:09:00,delivered,Hamburg
893,308,308,2025-04-18 11:01:00,pickup,Leipzig
894,308,308,2025-04-18 10:33:00,out_for_delivery,Berlin
895,308,308,2025-04-18 10:55:00,delivered,Stuttgart
896,309,309,2025-04-18 11:21:00,pickup,München
897,309,309,2025-04-18 11:17:00,out_for_delivery,München
898,309,309,2025-04-18 11:25:00,delivered,Stuttgart
899,310,310,2025-04-18 13:39:00,pickup,Frankfurt
900,310,310,2025-04-18 13:12:00,out_for_delivery,Stuttgart
901,310,310,2025-04-18 13:16:00,delivered,Frankfurt
902,311,311,2025-04-21 09:02:00,pickup,Leipzig
903,311,311,2025-04-21 08:49:00,out_for_delivery,Leipzig
904,311,311,2025-04-21 08:53:00,delivered,Leipzig
905,312,312,2025-04-21 11:21:00,pickup,Köln
906,312,312,2025-04-21 10:59:00,out_for_delivery,Leipzig
907,312,312,2025-04-21 10:57:00,delivered,Berlin
908,313,313,2025-04-21 10:36:00,pickup,Leipzig
909,313,313,2025-04-21 10:35:00,out_for_delivery,Frankfurt
910,313,313,2025-04-21 10:34:00,delivered,Leipzig
911,314,314,2025-06-07 08:51:00,pickup,München
912,314,314,2025-06-07 08:42:00,out_for_delivery,Berlin
913,314,314,2025-06-07 08:31:00,delivered,Frankfurt
914,315,315,2025-06-07 10:40:00,pickup,Leipzig
915,315,315,2025-06-07 10:35:00,out_for_delivery,Leipzig
916,315,315,2025-06-07 10:36:00,delivered,Frankfurt
917,316,316,2025-06-07 11:50:00,pickup,München
918,316,316,2025-06-07 11:38:00,out_for_delivery,Berlin
919,316,316,2025-06-07 11:50:00,delivered,Berlin
920,317,317,2025-06-28 08:53:00,pickup,Stuttgart
921,317,317,2025-06-28 09:07:00,out_for_delivery,Berlin
922,317,317,2025-06-28 09:09:00,delivered,Hamburg
923,318,318,2025-06-28 10:07:00,pickup,Leipzig
924,318,318,2025-06-28 09:59:00,out_for_delivery,Hamburg
925,318,318,2025-06-28 10:05:00,delivered,München
926,319,319,2025-06-28 11:02:00,pickup,Frankfurt
927,319,319,2025-06-28 11:36:00,out_for_delivery,Frankfurt
928,319,319,2025-06-28 11:26:00,delivered,Berlin
929,320,320,2025-05-16 09:00:00,pickup,Hamburg
930,320,320,2025-05-16 09:39:00,out_for_delivery,München
931,320,320,2025-05-16 09:23:00,delivered,Leipzig
932,321,321,2025-05-16 09:53:00,pickup,Frankfurt
933,321,321,2025-05-16 09:41:00,out_for_delivery,Leipzig
934,321,321,2025-05-16 09:49:00,delivered,Stuttgart
935,322,322,2025-05-16 11:35:00,pickup,Berlin
936,322,322,2025-05-16 11:26:00,out_for_delivery,Leipzig
937,322,322,2025-05-16 11:29:00,delivered,Stuttgart
938,323,323,2025-04-22 08:55:00,pickup,Stuttgart
939,323,323,2025-04-22 08:52:00,out_for_delivery,Frankfurt
940,323,323,2025-04-22 08:22:00,delivered,Leipzig
941,324,324,2025-04-22 10:18:00,pickup,Frankfurt
942,324,324,2025-04-22 10:41:00,out_for_delivery,München
943,324,324,2025-04-22 10:55:00,delivered,Hamburg
944,325,325,2025-04-22 11:36:00,pickup,Köln
945,325,325,2025-04-22 11:48:00,out_for_delivery,Stuttgart
946,325,325,2025-04-22 11:40:00,delivered,Frankfurt
947,326,326,2025-04-22 13:03:00,pickup,Frankfurt
948,326,326,2025-04-22 12:34:00,out_for_delivery,Stuttgart
949,326,326,2025-04-22 13:04:00,delivered,Berlin
950,327,327,2025-04-22 12:59:00,pickup,Köln
951,327,327,2025-04-22 12:34:00,out_for_delivery,Leipzig
952,327,327,2025-04-22 13:02:00,delivered,Berlin
953,328,328,2025-04-22 14:18:00,pickup,Köln
954,328,328,2025-04-22 14:28:00,out_for_delivery,Leipzig
955,328,328,2025-04-22 14:14:00,delivered,Hamburg
956,329,329,2025-04-22 15:27:00,pickup,Hamburg
957,329,329,2025-04-22 15:29:00,out_for_delivery,Leipzig
958,330,330,2025-04-16 09:07:00,pickup,Berlin
959,330,330,2025-04-16 09:23:00,out_for_delivery,München
960,330,330,2025-04-16 09:20:00,delivered,Leipzig
961,331,331,2025-04-16 09:53:00,pickup,Hamburg
962,331,331,2025-04-16 09:56:00,out_for_delivery,Leipzig
963,331,331,2025-04-16 09:53:00,delivered,Stuttgart
964,332,332,2025-04-16 10:41:00,pickup,München
965,332,332,2025-04-16 11:10:00,out_for_delivery,Hamburg
966,332,332,2025-04-16 10:33:00,delivered,München
967,333,333,2025-04-16 11:00:00,pickup,Leipzig
968,333,333,2025-04-16 11:07:00,out_for_delivery,Hamburg
969,333,333,2025-04-16 11:37:00,delivered,Stuttgart
970,334,334,2025-04-16 14:36:00,pickup,München
971,334,334,2025-04-16 14:23:00,out_for_delivery,Stuttgart
972,334,334,2025-04-16 14:01:00,delivered,München
973,335,335,2025-04-16 14:01:00,pickup,Hamburg
974,335,335,2025-04-16 14:13:00,out_for_delivery,Köln
975,335,335,2025-04-16 14:35:00,delivered,Leipzig
976,336,336,2025-06-12 08:45:00,pickup,Berlin
977,336,336,2025-06-12 08:41:00,out_for_delivery,Köln
978,336,336,2025-06-12 08:36:00,delivered,Köln
979,337,337,2025-06-12 09:42:00,pickup,Berlin
980,337,337,2025-06-12 09:34:00,out_for_delivery,Stuttgart
981,337,337,2025-06-12 09:22:00,delivered,Stuttgart
982,338,338,2025-06-12 10:36:00,pickup,Frankfurt
983,338,338,2025-06-12 10:42:00,out_for_delivery,München
984,338,338,2025-06-12 10:24:00,delivered,München
985,339,339,2025-06-12 12:56:00,pickup,Köln
986,339,339,2025-06-12 12:58:00,out_for_delivery,Hamburg
987,339,339,2025-06-12 12:59:00,delivered,Berlin
988,340,340,2025-06-12 13:53:00,pickup,München
989,340,340,2025-06-12 13:22:00,out_for_delivery,Köln
990,340,340,2025-06-12 13:37:00,delivered,Frankfurt
991,341,341,2025-06-12 13:20:00,pickup,Hamburg
992,341,341,2025-06-12 13:46:00,out_for_delivery,Leipzig
993,341,341,2025-06-12 13:28:00,delivered,München
994,342,342,2025-06-14 09:00:00,pickup,Leipzig
995,342,342,2025-06-14 08:55:00,out_for_delivery,Leipzig
996,342,342,2025-06-14 08:31:00,delivered,Frankfurt
997,343,343,2025-06-14 10:08:00,pickup,München
998,343,343,2025-06-14 10:06:00,out_for_delivery,Hamburg
999,343,343,2025-06-14 10:19:00,delivered,Leipzig
1000,344,344,2025-06-14 11:55:00,pickup,Hamburg
1001,344,344,2025-06-14 11:58:00,out_for_delivery,München
1002,344,344,2025-06-14 11:52:00,delivered,Hamburg
1003,345,345,2025-04-19 09:24:00,pickup,München
1004,345,345,2025-04-19 09:38:00,out_for_delivery,Leipzig
1005,345,345,2025-04-19 09:21:00,delivered,Leipzig
1006,346,346,2025-04-19 10:32:00,pickup,Köln
1007,346,346,2025-04-19 10:48:00,out_for_delivery,Frankfurt
1008,346,346,2025-04-19 10:42:00,delivered,Stuttgart
1009,347,347,2025-04-19 11:09:00,pickup,München
1010,347,347,2025-04-19 11:01:00,out_for_delivery,Hamburg
1011,348,348,2025-04-19 11:48:00,pickup,Frankfurt
1012,348,348,2025-04-19 11:58:00,out_for_delivery,Köln
1013,348,348,2025-04-19 11:59:00,delivered,Köln
1014,349,349,2025-04-19 13:16:00,pickup,Hamburg
1015,349,349,2025-04-19 13:02:00,out_for_delivery,Berlin
1016,349,349,2025-04-19 12:49:00,delivered,Frankfurt
1017,350,350,2025-04-19 13:25:00,pickup,Stuttgart
1018,350,350,2025-04-19 13:46:00,out_for_delivery,Hamburg
1019,350,350,2025-04-19 13:27:00,delivered,Frankfurt
1020,351,351,2025-05-20 09:08:00,pickup,Frankfurt
1021,351,351,2025-05-20 08:55:00,out_for_delivery,Hamburg
1022,351,351,2025-05-20 08:53:00,delivered,Leipzig
1023,352,352,2025-05-20 09:33:00,pickup,Berlin
1024,352,352,2025-05-20 09:33:00,out_for_delivery,Stuttgart
1025,352,352,2025-05-20 09:45:00,delivered,München
1026,353,353,2025-05-20 11:38:00,pickup,Stuttgart
1027,353,353,2025-05-20 11:43:00,out_for_delivery,Hamburg
1028,354,354,2025-04-08 09:30:00,pickup,Hamburg
1029,354,354,2025-04-08 09:46:00,out_for_delivery,Hamburg
1030,354,354,2025-04-08 09:42:00,delivered,Leipzig
1031,355,355,2025-04-08 10:03:00,pickup,Hamburg
1032,355,355,2025-04-08 10:10:00,out_for_delivery,Hamburg
1033,355,355,2025-04-08 10:14:00,delivered,München
1034,356,356,2025-04-08 11:59:00,pickup,Köln
1035,356,356,2025-04-08 12:12:00,out_for_delivery,Hamburg
1036,357,357,2025-04-08 12:41:00,pickup,Stuttgart
1037,357,357,2025-04-08 12:52:00,out_for_delivery,München
1038,357,357,2025-04-08 12:56:00,delivered,Leipzig
1039,358,358,2025-04-08 14:09:00,pickup,München
1040,358,358,2025-04-08 13:47:00,out_for_delivery,Köln
1041,358,358,2025-04-08 13:30:00,delivered,Köln
1042,359,359,2025-04-10 09:06:00,pickup,Hamburg
1043,359,359,2025-04-10 08:52:00,out_for_delivery,Köln
1044,360,360,2025-04-10 09:33:00,pickup,Frankfurt
1045,360,360,2025-04-10 09:27:00,out_for_delivery,Hamburg
1046,360,360,2025-04-10 09:33:00,delivered,Frankfurt
1047,361,361,2025-04-10 11:15:00,pickup,Stuttgart
1048,361,361,2025-04-10 11:21:00,out_for_delivery,Leipzig
1049,361,361,2025-04-10 11:52:00,delivered,Stuttgart
1050,362,362,2025-04-10 12:13:00,pickup,München
1051,362,362,2025-04-10 12:13:00,out_for_delivery,Köln
1052,362,362,2025-04-10 11:53:00,delivered,Stuttgart
1053,363,363,2025-04-10 12:43:00,pickup,Stuttgart
1054,363,363,2025-04-10 12:52:00,out_for_delivery,München
1055,363,363,2025-04-10 12:39:00,delivered,Köln
1056,364,364,2025-04-10 14:02:00,pickup,Leipzig
1057,364,364,2025-04-10 14:14:00,out_for_delivery,Hamburg
1058,364,364,2025-04-10 14:21:00,delivered,Hamburg
1059,365,365,2025-04-10 15:33:00,pickup,Frankfurt
1060,365,365,2025-04-10 15:43:00,out_for_delivery,Köln
1061,365,365,2025-04-10 16:08:00,delivered,Köln
1062,366,366,2025-06-02 08:40:00,pickup,Köln
1063,366,366,2025-06-02 09:01:00,out_for_delivery,München
1064,366,366,2025-06-02 08:55:00,delivered,München
1065,367,367,2025-06-02 09:24:00,pickup,Hamburg
1066,367,367,2025-06-02 09:41:00,out_for_delivery,Berlin
1067,367,367,2025-06-02 09:37:00,delivered,Berlin
1068,368,368,2025-06-02 11:22:00,pickup,Köln
1069,368,368,2025-06-02 11:29:00,out_for_delivery,Köln
1070,368,368,2025-06-02 11:23:00,delivered,München
1071,369,369,2025-06-02 11:59:00,pickup,Stuttgart
1072,369,369,2025-06-02 12:16:00,out_for_delivery,Köln
1073,369,369,2025-06-02 12:06:00,delivered,Hamburg
1074,370,370,2025-06-02 13:36:00,pickup,Stuttgart
1075,370,370,2025-06-02 13:42:00,out_for_delivery,München
1076,371,371,2025-06-02 13:48:00,pickup,Köln
1077,371,371,2025-06-02 13:49:00,out_for_delivery,Hamburg
1078,371,371,2025-06-02 13:31:00,delivered,Hamburg
1079,372,372,2025-06-02 15:39:00,pickup,Leipzig
1080,372,372,2025-06-02 15:21:00,out_for_delivery,Stuttgart
1081,372,372,2025-06-02 15:16:00,delivered,Frankfurt
1082,373,373,2025-04-11 08:36:00,pickup,Berlin
1083,373,373,2025-04-11 08:16:00,out_for_delivery,Frankfurt
1084,373,373,2025-04-11 08:29:00,delivered,Berlin
1085,374,374,2025-04-11 09:25:00,pickup,Hamburg
1086,374,374,2025-04-11 09:38:00,out_for_delivery,Köln
1087,374,374,2025-04-11 09:29:00,delivered,Stuttgart
1088,375,375,2025-04-11 12:07:00,pickup,Frankfurt
1089,375,375,2025-04-11 12:37:00,out_for_delivery,München
1090,375,375,2025-04-11 12:04:00,delivered,Frankfurt
1091,376,376,2025-04-11 11:45:00,pickup,Leipzig
1092,376,376,2025-04-11 11:50:00,out_for_delivery,Frankfurt
1093,376,376,2025-04-11 11:36:00,delivered,Köln
1094,377,377,2025-04-11 12:33:00,pickup,Stuttgart
1095,377,377,2025-04-11 12:19:00,out_for_delivery,Berlin
1096,377,377,2025-04-11 12:15:00,delivered,Berlin
1097,378,378,2025-04-11 14:45:00,pickup,Hamburg
1098,378,378,2025-04-11 14:28:00,out_for_delivery,Stuttgart
1099,378,378,2025-04-11 14:50:00,delivered,Köln
1100,379,379,2025-04-11 15:39:00,pickup,Stuttgart
1101,379,379,2025-04-11 15:40:00,out_for_delivery,Hamburg
1102,380,380,2025-06-22 10:20:00,pickup,Frankfurt
1103,380,380,2025-06-22 10:33:00,out_for_delivery,Berlin
1104,380,380,2025-06-22 10:29:00,delivered,Köln
1105,381,381,2025-06-22 10:02:00,pickup,Frankfurt
1106,381,381,2025-06-22 10:04:00,out_for_delivery,Frankfurt
1107,381,381,2025-06-22 10:26:00,delivered,Köln
1108,382,382,2025-06-22 10:33:00,pickup,München
1109,382,382,2025-06-22 10:49:00,out_for_delivery,Hamburg
1110,382,382,2025-06-22 10:30:00,delivered,Frankfurt
1111,383,383,2025-06-22 12:51:00,pickup,Köln
1112,383,383,2025-06-22 12:19:00,out_for_delivery,München
1113,383,383,2025-06-22 12:18:00,delivered,Leipzig
1114,384,384,2025-05-21 09:25:00,pickup,Berlin
1115,384,384,2025-05-21 08:50:00,out_for_delivery,Leipzig
1116,384,384,2025-05-21 09:15:00,delivered,München
1117,385,385,2025-05-21 10:46:00,pickup,Stuttgart
1118,385,385,2025-05-21 10:21:00,out_for_delivery,Stuttgart
1119,385,385,2025-05-21 10:43:00,delivered,Frankfurt
1120,386,386,2025-05-21 11:17:00,pickup,München
1121,386,386,2025-05-21 11:15:00,out_for_delivery,Leipzig
1122,386,386,2025-05-21 11:18:00,delivered,München
1123,387,387,2025-05-21 11:09:00,pickup,Köln
1124,387,387,2025-05-21 11:13:00,out_for_delivery,Frankfurt
1125,387,387,2025-05-21 11:40:00,delivered,München
1126,388,388,2025-05-21 13:04:00,pickup,München
1127,388,388,2025-05-21 12:36:00,out_for_delivery,Köln
1128,388,388,2025-05-21 13:00:00,delivered,Berlin
1129,389,389,2025-05-21 13:53:00,pickup,Berlin
1130,389,389,2025-05-21 13:32:00,out_for_delivery,Stuttgart
1131,389,389,2025-05-21 14:10:00,delivered,Stuttgart
1132,390,390,2025-05-11 08:37:00,pickup,Leipzig
1133,390,390,2025-05-11 08:32:00,out_for_delivery,Berlin
1134,390,390,2025-05-11 08:42:00,delivered,München
1135,391,391,2025-05-11 10:36:00,pickup,Stuttgart
1136,391,391,2025-05-11 10:18:00,out_for_delivery,Köln
1137,391,391,2025-05-11 10:01:00,delivered,München
1138,392,392,2025-05-11 10:28:00,pickup,Leipzig
1139,392,392,2025-05-11 10:29:00,out_for_delivery,Berlin
1140,392,392,2025-05-11 10:35:00,delivered,Köln
1141,393,393,2025-05-11 11:54:00,pickup,Köln
1142,393,393,2025-05-11 11:56:00,out_for_delivery,Stuttgart
1143,393,393,2025-05-11 12:00:00,delivered,Köln
1144,394,394,2025-05-11 12:27:00,pickup,München
1145,394,394,2025-05-11 12:41:00,out_for_delivery,Hamburg
1146,394,394,2025-05-11 12:54:00,delivered,München
1147,395,395,2025-05-11 13:52:00,pickup,Hamburg
1148,395,395,2025-05-11 14:10:00,out_for_delivery,Hamburg
1149,395,395,2025-05-11 14:14:00,delivered,München
1150,396,396,2025-04-10 09:06:00,pickup,Berlin
1151,396,396,2025-04-10 09:09:00,out_for_delivery,Frankfurt
1152,396,396,2025-04-10 09:25:00,delivered,Frankfurt
1153,397,397,2025-04-10 09:46:00,pickup,München
1154,397,397,2025-04-10 09:45:00,out_for_delivery,Berlin
1155,397,397,2025-04-10 10:01:00,delivered,Frankfurt
1156,398,398,2025-04-10 12:15:00,pickup,Berlin
1157,398,398,2025-04-10 12:32:00,out_for_delivery,München
1158,398,398,2025-04-10 12:40:00,delivered,Köln
1159,399,399,2025-04-10 12:24:00,pickup,Leipzig
1160,399,399,2025-04-10 12:03:00,out_for_delivery,Stuttgart
1161,399,399,2025-04-10 12:18:00,delivered,Hamburg
1162,400,400,2025-05-19 09:13:00,pickup,Leipzig
1163,400,400,2025-05-19 08:52:00,out_for_delivery,Berlin
1164,400,400,2025-05-19 09:29:00,delivered,Leipzig
1165,401,401,2025-05-19 11:01:00,pickup,Leipzig
1166,401,401,2025-05-19 10:59:00,out_for_delivery,Hamburg
1167,401,401,2025-05-19 10:50:00,delivered,Frankfurt
1168,402,402,2025-05-19 11:14:00,pickup,München
1169,402,402,2025-05-19 10:55:00,out_for_delivery,Berlin
1170,402,402,2025-05-19 11:26:00,delivered,Hamburg
1171,403,403,2025-06-18 09:35:00,pickup,Frankfurt
1172,403,403,2025-06-18 09:24:00,out_for_delivery,München
1173,404,404,2025-06-18 09:34:00,pickup,Stuttgart
1174,404,404,2025-06-18 09:58:00,out_for_delivery,Stuttgart
1175,404,404,2025-06-18 09:24:00,delivered,Leipzig
1176,405,405,2025-06-18 11:13:00,pickup,Leipzig
1177,405,405,2025-06-18 11:10:00,out_for_delivery,Leipzig
1178,405,405,2025-06-18 11:30:00,delivered,Frankfurt
1179,406,406,2025-06-30 09:25:00,pickup,Hamburg
1180,406,406,2025-06-30 09:04:00,out_for_delivery,Berlin
1181,406,406,2025-06-30 09:25:00,delivered,München
1182,407,407,2025-06-30 09:46:00,pickup,Stuttgart
1183,407,407,2025-06-30 10:22:00,out_for_delivery,Hamburg
1184,407,407,2025-06-30 09:57:00,delivered,Köln
1185,408,408,2025-06-30 11:02:00,pickup,Hamburg
1186,408,408,2025-06-30 10:49:00,out_for_delivery,Frankfurt
1187,408,408,2025-06-30 11:12:00,delivered,Berlin
1188,409,409,2025-06-30 12:12:00,pickup,Hamburg
1189,409,409,2025-06-30 11:57:00,out_for_delivery,Berlin
1190,409,409,2025-06-30 12:22:00,delivered,Frankfurt
1191,410,410,2025-06-30 12:55:00,pickup,Köln
1192,410,410,2025-06-30 13:09:00,out_for_delivery,Hamburg
1193,410,410,2025-06-30 12:57:00,delivered,Stuttgart
1194,411,411,2025-05-03 10:03:00,pickup,Frankfurt
1195,411,411,2025-05-03 10:17:00,out_for_delivery,München
1196,412,412,2025-05-03 09:38:00,pickup,Hamburg
1197,412,412,2025-05-03 09:35:00,out_for_delivery,Hamburg
1198,412,412,2025-05-03 09:53:00,delivered,Frankfurt
1199,413,413,2025-05-03 11:03:00,pickup,Hamburg
1200,413,413,2025-05-03 10:54:00,out_for_delivery,München
1201,413,413,2025-05-03 10:51:00,delivered,Stuttgart
1202,414,414,2025-05-03 12:40:00,pickup,Berlin
1203,414,414,2025-05-03 12:12:00,out_for_delivery,Hamburg
1204,414,414,2025-05-03 12:17:00,delivered,Frankfurt
1205,415,415,2025-05-03 13:24:00,pickup,Berlin
1206,415,415,2025-05-03 13:04:00,out_for_delivery,Stuttgart
1207,415,415,2025-05-03 13:30:00,delivered,Hamburg
1208,416,416,2025-05-03 14:28:00,pickup,München
1209,416,416,2025-05-03 14:17:00,out_for_delivery,Leipzig
1210,416,416,2025-05-03 14:35:00,delivered,Frankfurt
1211,417,417,2025-05-04 09:34:00,pickup,Köln
1212,417,417,2025-05-04 09:27:00,out_for_delivery,Köln
1213,417,417,2025-05-04 09:05:00,delivered,München
1214,418,418,2025-05-04 09:39:00,pickup,München
1215,418,418,2025-05-04 09:57:00,out_for_delivery,Köln
1216,418,418,2025-05-04 09:43:00,delivered,Stuttgart
1217,419,419,2025-05-04 10:48:00,pickup,München
1218,419,419,2025-05-04 10:27:00,out_for_delivery,Frankfurt
1219,419,419,2025-05-04 10:29:00,delivered,Köln
1220,420,420,2025-05-04 12:23:00,pickup,Hamburg
1221,420,420,2025-05-04 12:10:00,out_for_delivery,Frankfurt
1222,420,420,2025-05-04 11:56:00,delivered,Leipzig
1223,421,421,2025-05-04 14:15:00,pickup,Berlin
1224,421,421,2025-05-04 14:10:00,out_for_delivery,Stuttgart
1225,421,421,2025-05-04 14:02:00,delivered,Hamburg
1226,422,422,2025-05-04 14:40:00,pickup,Köln
1227,422,422,2025-05-04 14:34:00,out_for_delivery,Leipzig
1228,422,422,2025-05-04 14:38:00,delivered,Leipzig
1229,423,423,2025-04-29 08:34:00,pickup,Hamburg
1230,423,423,2025-04-29 08:53:00,out_for_delivery,Köln
1231,423,423,2025-04-29 08:46:00,delivered,Leipzig
1232,424,424,2025-04-29 10:02:00,pickup,Frankfurt
1233,424,424,2025-04-29 10:27:00,out_for_delivery,Stuttgart
1234,425,425,2025-04-29 11:22:00,pickup,Köln
1235,425,425,2025-04-29 11:24:00,out_for_delivery,Stuttgart
1236,425,425,2025-04-29 11:37:00,delivered,Leipzig
1237,426,426,2025-04-29 12:04:00,pickup,München
1238,426,426,2025-04-29 11:45:00,out_for_delivery,Hamburg
1239,426,426,2025-04-29 11:50:00,delivered,Hamburg
1240,427,427,2025-05-11 09:53:00,pickup,Hamburg
1241,427,427,2025-05-11 09:34:00,out_for_delivery,München
1242,427,427,2025-05-11 09:44:00,delivered,Leipzig
1243,428,428,2025-05-11 10:36:00,pickup,Hamburg
1244,428,428,2025-05-11 10:13:00,out_for_delivery,Leipzig
1245,428,428,2025-05-11 10:17:00,delivered,München
1246,429,429,2025-05-11 10:18:00,pickup,Köln
1247,429,429,2025-05-11 10:46:00,out_for_delivery,München
1248,429,429,2025-05-11 10:36:00,delivered,Leipzig
1249,430,430,2025-04-02 09:03:00,pickup,Frankfurt
1250,430,430,2025-04-02 09:09:00,out_for_delivery,Frankfurt
1251,430,430,2025-04-02 08:44:00,delivered,Stuttgart
1252,431,431,2025-04-02 10:08:00,pickup,Köln
1253,431,431,2025-04-02 09:35:00,out_for_delivery,München
1254,431,431,2025-04-02 10:12:00,delivered,Hamburg
1255,432,432,2025-04-02 10:38:00,pickup,Stuttgart
1256,432,432,2025-04-02 10:30:00,out_for_delivery,München
1257,432,432,2025-04-02 11:03:00,delivered,Köln
1258,433,433,2025-04-02 12:20:00,pickup,München
1259,433,433,2025-04-02 12:10:00,out_for_delivery,Köln
1260,433,433,2025-04-02 12:06:00,delivered,Stuttgart
1261,434,434,2025-04-02 14:29:00,pickup,Stuttgart
1262,434,434,2025-04-02 14:35:00,out_for_delivery,Frankfurt
1263,434,434,2025-04-02 14:22:00,delivered,Stuttgart
1264,435,435,2025-04-02 13:24:00,pickup,Hamburg
1265,435,435,2025-04-02 13:53:00,out_for_delivery,München
1266,435,435,2025-04-02 13:41:00,delivered,Hamburg
1267,436,436,2025-06-27 08:34:00,pickup,Köln
1268,436,436,2025-06-27 08:48:00,out_for_delivery,Stuttgart
1269,436,436,2025-06-27 08:55:00,delivered,München
1270,437,437,2025-06-27 11:16:00,pickup,Berlin
1271,437,437,2025-06-27 10:56:00,out_for_delivery,Hamburg
1272,437,437,2025-06-27 11:15:00,delivered,Stuttgart
1273,438,438,2025-06-27 11:12:00,pickup,Berlin
1274,438,438,2025-06-27 11:09:00,out_for_delivery,Berlin
1275,438,438,2025-06-27 11:07:00,delivered,Berlin
1276,439,439,2025-06-27 11:53:00,pickup,Hamburg
1277,439,439,2025-06-27 11:48:00,out_for_delivery,Leipzig
1278,439,439,2025-06-27 11:24:00,delivered,München
1279,440,440,2025-06-27 13:55:00,pickup,Hamburg
1280,440,440,2025-06-27 13:40:00,out_for_delivery,Berlin
1281,440,440,2025-06-27 13:42:00,delivered,München
1282,441,441,2025-04-24 08:32:00,pickup,Leipzig
1283,441,441,2025-04-24 08:42:00,out_for_delivery,Berlin
1284,441,441,2025-04-24 08:46:00,delivered,Stuttgart
1285,442,442,2025-04-24 09:49:00,pickup,München
1286,442,442,2025-04-24 09:55:00,out_for_delivery,Frankfurt
1287,442,442,2025-04-24 09:52:00,delivered,Frankfurt
1288,443,443,2025-04-24 11:03:00,pickup,Leipzig
1289,443,443,2025-04-24 10:54:00,out_for_delivery,Leipzig
1290,443,443,2025-04-24 10:49:00,delivered,Stuttgart
1291,444,444,2025-05-23 09:25:00,pickup,Stuttgart
1292,444,444,2025-05-23 09:32:00,out_for_delivery,Hamburg
1293,444,444,2025-05-23 09:54:00,delivered,Stuttgart
1294,445,445,2025-05-23 10:10:00,pickup,Köln
1295,445,445,2025-05-23 10:22:00,out_for_delivery,Frankfurt
1296,445,445,2025-05-23 10:04:00,delivered,Hamburg
1297,446,446,2025-05-23 11:57:00,pickup,München
1298,446,446,2025-05-23 11:55:00,out_for_delivery,Hamburg
1299,446,446,2025-05-23 11:38:00,delivered,Leipzig
1300,447,447,2025-05-23 11:29:00,pickup,Stuttgart
1301,447,447,2025-05-23 11:34:00,out_for_delivery,München
1302,447,447,2025-05-23 11:16:00,delivered,München
1303,448,448,2025-05-24 08:53:00,pickup,Stuttgart
1304,448,448,2025-05-24 09:13:00,out_for_delivery,Frankfurt
1305,448,448,2025-05-24 09:03:00,delivered,Köln
1306,449,449,2025-05-24 09:56:00,pickup,Hamburg
1307,449,449,2025-05-24 09:24:00,out_for_delivery,Berlin
1308,449,449,2025-05-24 09:38:00,delivered,Frankfurt
1309,450,450,2025-05-24 10:55:00,pickup,Stuttgart
1310,450,450,2025-05-24 10:43:00,out_for_delivery,Hamburg
1311,450,450,2025-05-24 10:23:00,delivered,Frankfurt
1312,451,451,2025-05-24 12:44:00,pickup,Hamburg
1313,451,451,2025-05-24 12:29:00,out_for_delivery,Frankfurt
1314,452,452,2025-05-24 13:50:00,pickup,Köln
1315,452,452,2025-05-24 13:51:00,out_for_delivery,Berlin
1316,453,453,2025-04-23 09:03:00,pickup,Berlin
1317,453,453,2025-04-23 08:50:00,out_for_delivery,Leipzig
1318,453,453,2025-04-23 09:04:00,delivered,Köln
1319,454,454,2025-04-23 10:23:00,pickup,Frankfurt
1320,454,454,2025-04-23 10:01:00,out_for_delivery,Leipzig
1321,454,454,2025-04-23 10:05:00,delivered,Frankfurt
1322,455,455,2025-04-23 11:06:00,pickup,Berlin
1323,455,455,2025-04-23 10:51:00,out_for_delivery,Berlin
1324,455,455,2025-04-23 11:09:00,delivered,Leipzig
1325,456,456,2025-04-23 11:39:00,pickup,Leipzig
1326,456,456,2025-04-23 11:55:00,out_for_delivery,Köln
1327,456,456,2025-04-23 11:33:00,delivered,Köln
1328,457,457,2025-04-23 13:33:00,pickup,Hamburg
1329,457,457,2025-04-23 13:32:00,out_for_delivery,München
1330,457,457,2025-04-23 13:51:00,delivered,Frankfurt
1331,458,458,2025-04-12 08:31:00,pickup,Frankfurt
1332,458,458,2025-04-12 08:54:00,out_for_delivery,Hamburg
1333,458,458,2025-04-12 08:47:00,delivered,Frankfurt
1334,459,459,2025-04-12 09:53:00,pickup,Frankfurt
1335,459,459,2025-04-12 09:53:00,out_for_delivery,Leipzig
1336,459,459,2025-04-12 09:33:00,delivered,Leipzig
1337,460,460,2025-04-12 11:44:00,pickup,Stuttgart
1338,460,460,2025-04-12 11:38:00,out_for_delivery,Berlin
1339,460,460,2025-04-12 11:46:00,delivered,Stuttgart
1340,461,461,2025-04-12 12:10:00,pickup,Leipzig
1341,461,461,2025-04-12 12:00:00,out_for_delivery,Stuttgart
1342,461,461,2025-04-12 12:22:00,delivered,Leipzig
1343,462,462,2025-04-12 13:01:00,pickup,Frankfurt
1344,462,462,2025-04-12 13:08:00,out_for_delivery,Köln
1345,462,462,2025-04-12 13:08:00,delivered,Köln
1346,463,463,2025-04-12 14:15:00,pickup,Hamburg
1347,463,463,2025-04-12 14:34:00,out_for_delivery,München
1348,463,463,2025-04-12 14:12:00,delivered,Leipzig
1349,464,464,2025-04-12 15:00:00,pickup,München
1350,464,464,2025-04-12 15:22:00,out_for_delivery,München
1351,464,464,2025-04-12 15:14:00,delivered,Köln
1352,465,465,2025-05-10 09:18:00,pickup,Köln
1353,465,465,2025-05-10 09:23:00,out_for_delivery,Leipzig
1354,465,465,2025-05-10 08:55:00,delivered,Frankfurt
1355,466,466,2025-05-10 10:57:00,pickup,München
1356,466,466,2025-05-10 10:54:00,out_for_delivery,Leipzig
1357,466,466,2025-05-10 10:59:00,delivered,Hamburg
1358,467,467,2025-05-10 11:07:00,pickup,München
1359,467,467,2025-05-10 11:15:00,out_for_delivery,Köln
1360,467,467,2025-05-10 11:13:00,delivered,Stuttgart
1361,468,468,2025-05-10 12:05:00,pickup,Hamburg
1362,468,468,2025-05-10 12:09:00,out_for_delivery,Leipzig
1363,468,468,2025-05-10 11:33:00,delivered,Frankfurt
1364,469,469,2025-05-10 14:01:00,pickup,Hamburg
1365,469,469,2025-05-10 14:21:00,out_for_delivery,Berlin
1366,469,469,2025-05-10 14:36:00,delivered,München
1367,470,470,2025-05-10 13:55:00,pickup,Frankfurt
1368,470,470,2025-05-10 13:44:00,out_for_delivery,Stuttgart
1369,470,470,2025-05-10 13:31:00,delivered,München
1370,471,471,2025-05-10 14:36:00,pickup,München
1371,471,471,2025-05-10 14:21:00,out_for_delivery,Stuttgart
1372,471,471,2025-05-10 14:15:00,delivered,Frankfurt
1373,472,472,2025-06-06 09:36:00,pickup,Leipzig
1374,472,472,2025-06-06 09:02:00,out_for_delivery,Stuttgart
1375,472,472,2025-06-06 09:16:00,delivered,Köln
1376,473,473,2025-06-06 09:48:00,pickup,Hamburg
1377,473,473,2025-06-06 09:39:00,out_for_delivery,München
1378,473,473,2025-06-06 10:02:00,delivered,München
1379,474,474,2025-06-06 11:00:00,pickup,Berlin
1380,474,474,2025-06-06 11:09:00,out_for_delivery,Stuttgart
1381,474,474,2025-06-06 10:46:00,delivered,Hamburg
1382,475,475,2025-06-06 12:36:00,pickup,Hamburg
1383,475,475,2025-06-06 12:37:00,out_for_delivery,Köln
1384,475,475,2025-06-06 12:06:00,delivered,Stuttgart
1385,476,476,2025-06-06 13:03:00,pickup,Frankfurt
1386,476,476,2025-06-06 12:37:00,out_for_delivery,München
1387,476,476,2025-06-06 12:57:00,delivered,Berlin
1388,477,477,2025-06-06 13:25:00,pickup,Leipzig
1389,477,477,2025-06-06 13:53:00,out_for_delivery,München
1390,477,477,2025-06-06 13:29:00,delivered,München
1391,478,478,2025-06-27 08:38:00,pickup,München
1392,478,478,2025-06-27 08:46:00,out_for_delivery,Hamburg
1393,478,478,2025-06-27 08:52:00,delivered,Hamburg
1394,479,479,2025-06-27 09:38:00,pickup,Hamburg
1395,479,479,2025-06-27 09:54:00,out_for_delivery,Leipzig
1396,479,479,2025-06-27 09:40:00,delivered,Köln
1397,480,480,2025-06-27 11:06:00,pickup,München
1398,480,480,2025-06-27 11:35:00,out_for_delivery,Köln
1399,480,480,2025-06-27 11:21:00,delivered,Hamburg
1400,481,481,2025-06-27 12:14:00,pickup,Stuttgart
1401,481,481,2025-06-27 12:21:00,out_for_delivery,Leipzig
1402,481,481,2025-06-27 12:07:00,delivered,Frankfurt
1403,482,482,2025-06-27 12:45:00,pickup,Frankfurt
1404,482,482,2025-06-27 13:08:00,out_for_delivery,Frankfurt
1405,482,482,2025-06-27 13:00:00,delivered,Stuttgart
1406,483,483,2025-06-06 10:01:00,pickup,Köln
1407,483,483,2025-06-06 10:11:00,out_for_delivery,Köln
1408,483,483,2025-06-06 10:33:00,delivered,Berlin
1409,484,484,2025-06-06 10:05:00,pickup,Leipzig
1410,484,484,2025-06-06 10:08:00,out_for_delivery,Hamburg
1411,484,484,2025-06-06 10:37:00,delivered,München
1412,485,485,2025-06-06 11:33:00,pickup,München
1413,485,485,2025-06-06 11:06:00,out_for_delivery,Köln
1414,485,485,2025-06-06 11:38:00,delivered,Köln
1415,486,486,2025-06-06 12:48:00,pickup,München
1416,486,486,2025-06-06 13:01:00,out_for_delivery,Leipzig
1417,486,486,2025-06-06 12:57:00,delivered,Hamburg
1418,487,487,2025-06-02 10:04:00,pickup,Köln
1419,487,487,2025-06-02 09:47:00,out_for_delivery,Berlin
1420,487,487,2025-06-02 10:04:00,delivered,Berlin
1421,488,488,2025-06-02 10:47:00,pickup,Köln
1422,488,488,2025-06-02 10:17:00,out_for_delivery,Stuttgart
1423,489,489,2025-06-02 11:52:00,pickup,Köln
1424,489,489,2025-06-02 11:35:00,out_for_delivery,Köln
1425,489,489,2025-06-02 11:31:00,delivered,Leipzig
1426,490,490,2025-06-02 12:31:00,pickup,Stuttgart
1427,490,490,2025-06-02 12:44:00,out_for_delivery,Hamburg
1428,490,490,2025-06-02 12:53:00,delivered,Berlin
1429,491,491,2025-06-02 12:48:00,pickup,München
1430,491,491,2025-06-02 12:45:00,out_for_delivery,München
1431,491,491,2025-06-02 12:51:00,delivered,Stuttgart
1432,492,492,2025-06-02 13:48:00,pickup,Köln
1433,492,492,2025-06-02 14:07:00,out_for_delivery,Frankfurt
1434,492,492,2025-06-02 14:16:00,delivered,Berlin
1435,493,493,2025-06-02 15:27:00,pickup,Berlin
1436,493,493,2025-06-02 15:33:00,out_for_delivery,Berlin
1437,493,493,2025-06-02 15:19:00,delivered,Hamburg
1438,494,494,2025-05-01 08:29:00,pickup,Leipzig
1439,494,494,2025-05-01 08:16:00,out_for_delivery,Frankfurt
1440,494,494,2025-05-01 08:08:00,delivered,Hamburg
1441,495,495,2025-05-01 10:19:00,pickup,Stuttgart
1442,495,495,2025-05-01 10:08:00,out_for_delivery,Stuttgart
1443,495,495,2025-05-01 10:07:00,delivered,Leipzig
1444,496,496,2025-05-01 11:24:00,pickup,Stuttgart
1445,496,496,2025-05-01 11:23:00,out_for_delivery,Berlin
1446,496,496,2025-05-01 11:16:00,delivered,Stuttgart
1447,497,497,2025-06-13 08:46:00,pickup,Frankfurt
1448,497,497,2025-06-13 08:49:00,out_for_delivery,München
1449,497,497,2025-06-13 08:44:00,delivered,Berlin
1450,498,498,2025-06-13 10:09:00,pickup,Berlin
1451,498,498,2025-06-13 10:06:00,out_for_delivery,Frankfurt
1452,498,498,2025-06-13 09:30:00,delivered,Hamburg
1453,499,499,2025-06-13 12:06:00,pickup,Stuttgart
1454,499,499,2025-06-13 11:48:00,out_for_delivery,Köln
1455,499,499,2025-06-13 12:16:00,delivered,Berlin
1456,500,500,2025-06-13 12:03:00,pickup,Stuttgart
1457,500,500,2025-06-13 12:00:00,out_for_delivery,Frankfurt
1458,500,500,2025-06-13 12:16:00,delivered,Hamburg
1459,501,501,2025-06-13 12:55:00,pickup,Leipzig
1460,501,501,2025-06-13 13:18:00,out_for_delivery,München
1461,501,501,2025-06-13 13:25:00,delivered,Leipzig
1462,502,502,2025-06-29 10:38:00,pickup,München
1463,502,502,2025-06-29 10:31:00,out_for_delivery,München
1464,502,502,2025-06-29 10:27:00,delivered,Hamburg
1465,503,503,2025-06-29 10:01:00,pickup,München
1466,503,503,2025-06-29 09:54:00,out_for_delivery,Stuttgart
1467,504,504,2025-06-29 11:41:00,pickup,München
1468,504,504,2025-06-29 11:48:00,out_for_delivery,Berlin
1469,504,504,2025-06-29 11:42:00,delivered,Stuttgart
1470,505,505,2025-05-08 09:36:00,pickup,Hamburg
1471,505,505,2025-05-08 09:51:00,out_for_delivery,München
1472,505,505,2025-05-08 09:42:00,delivered,Hamburg
1473,506,506,2025-05-08 10:19:00,pickup,Leipzig
1474,506,506,2025-05-08 10:32:00,out_for_delivery,München
1475,506,506,2025-05-08 10:27:00,delivered,Leipzig
1476,507,507,2025-05-08 12:00:00,pickup,Leipzig
1477,507,507,2025-05-08 11:46:00,out_for_delivery,Köln
1478,507,507,2025-05-08 11:33:00,delivered,Köln
1479,508,508,2025-04-04 09:18:00,pickup,Köln
1480,508,508,2025-04-04 08:47:00,out_for_delivery,Frankfurt
1481,508,508,2025-04-04 08:53:00,delivered,Leipzig
1482,509,509,2025-04-04 10:06:00,pickup,Leipzig
1483,509,509,2025-04-04 10:00:00,out_for_delivery,Leipzig
1484,509,509,2025-04-04 09:47:00,delivered,Berlin
1485,510,510,2025-04-04 11:58:00,pickup,Berlin
1486,510,510,2025-04-04 11:45:00,out_for_delivery,Köln
1487,510,510,2025-04-04 12:02:00,delivered,Köln
1488,511,511,2025-04-04 12:40:00,pickup,München
1489,511,511,2025-04-04 12:24:00,out_for_delivery,München
1490,511,511,2025-04-04 12:24:00,delivered,München
1491,512,512,2025-04-04 13:00:00,pickup,Köln
1492,512,512,2025-04-04 12:54:00,out_for_delivery,Frankfurt
1493,512,512,2025-04-04 12:51:00,delivered,München
1494,513,513,2025-04-04 13:28:00,pickup,Köln
1495,513,513,2025-04-04 13:23:00,out_for_delivery,Köln
1496,513,513,2025-04-04 13:35:00,delivered,Frankfurt
1497,514,514,2025-06-12 09:30:00,pickup,Hamburg
1498,514,514,2025-06-12 09:35:00,out_for_delivery,Hamburg
1499,514,514,2025-06-12 09:28:00,delivered,Hamburg
1500,515,515,2025-06-12 10:14:00,pickup,München
1501,515,515,2025-06-12 10:19:00,out_for_delivery,Hamburg
1502,515,515,2025-06-12 10:16:00,delivered,München
1503,516,516,2025-06-12 11:36:00,pickup,Leipzig
1504,516,516,2025-06-12 11:18:00,out_for_delivery,Frankfurt
1505,516,516,2025-06-12 11:05:00,delivered,Stuttgart
1506,517,517,2025-04-19 09:15:00,pickup,Leipzig
1507,517,517,2025-04-19 09:00:00,out_for_delivery,Frankfurt
1508,517,517,2025-04-19 09:07:00,delivered,Hamburg
1509,518,518,2025-04-19 09:49:00,pickup,Hamburg
1510,518,518,2025-04-19 10:23:00,out_for_delivery,Berlin
1511,518,518,2025-04-19 09:50:00,delivered,Frankfurt
1512,519,519,2025-04-19 11:12:00,pickup,Köln
1513,519,519,2025-04-19 10:45:00,out_for_delivery,Köln
1514,520,520,2025-04-19 12:02:00,pickup,Frankfurt
1515,520,520,2025-04-19 12:05:00,out_for_delivery,Hamburg
1516,520,520,2025-04-19 11:42:00,delivered,Frankfurt
1517,521,521,2025-04-19 12:47:00,pickup,München
1518,521,521,2025-04-19 13:09:00,out_for_delivery,Berlin
1519,521,521,2025-04-19 12:55:00,delivered,Leipzig
1520,522,522,2025-06-05 10:07:00,pickup,Leipzig
1521,522,522,2025-06-05 10:01:00,out_for_delivery,Köln
1522,522,522,2025-06-05 09:31:00,delivered,Berlin
1523,523,523,2025-06-05 10:01:00,pickup,Hamburg
1524,523,523,2025-06-05 09:47:00,out_for_delivery,Hamburg
1525,523,523,2025-06-05 10:14:00,delivered,Stuttgart
1526,524,524,2025-06-05 10:50:00,pickup,Berlin
1527,524,524,2025-06-05 11:02:00,out_for_delivery,Köln
1528,524,524,2025-06-05 11:08:00,delivered,Frankfurt
1529,525,525,2025-06-05 11:48:00,pickup,Köln
1530,525,525,2025-06-05 11:35:00,out_for_delivery,München
1531,525,525,2025-06-05 11:36:00,delivered,Leipzig
1532,526,526,2025-06-05 13:15:00,pickup,Hamburg
1533,526,526,2025-06-05 13:50:00,out_for_delivery,Stuttgart
1534,526,526,2025-06-05 13:51:00,delivered,Stuttgart
1535,527,527,2025-05-23 09:02:00,pickup,Berlin
1536,527,527,2025-05-23 09:04:00,out_for_delivery,Leipzig
1537,527,527,2025-05-23 08:57:00,delivered,Köln
1538,528,528,2025-05-23 09:45:00,pickup,Frankfurt
1539,528,528,2025-05-23 10:15:00,out_for_delivery,München
1540,528,528,2025-05-23 10:09:00,delivered,Stuttgart
1541,529,529,2025-05-23 12:05:00,pickup,Berlin
1542,529,529,2025-05-23 12:32:00,out_for_delivery,Stuttgart
1543,529,529,2025-05-23 12:09:00,delivered,Leipzig
1544,530,530,2025-05-23 11:56:00,pickup,Leipzig
1545,530,530,2025-05-23 11:52:00,out_for_delivery,Hamburg
1546,530,530,2025-05-23 11:42:00,delivered,Berlin
1547,531,531,2025-05-23 13:20:00,pickup,Frankfurt
1548,531,531,2025-05-23 13:19:00,out_for_delivery,Leipzig
1549,531,531,2025-05-23 13:33:00,delivered,Berlin
1550,532,532,2025-05-23 13:23:00,pickup,München
1551,532,532,2025-05-23 13:35:00,out_for_delivery,Frankfurt
1552,532,532,2025-05-23 13:18:00,delivered,Frankfurt
1553,533,533,2025-05-23 14:18:00,pickup,Stuttgart
1554,533,533,2025-05-23 14:17:00,out_for_delivery,Frankfurt
1555,533,533,2025-05-23 14:24:00,delivered,Hamburg
1556,534,534,2025-04-24 09:37:00,pickup,Köln
1557,534,534,2025-04-24 10:06:00,out_for_delivery,München
1558,534,534,2025-04-24 09:44:00,delivered,Köln
1559,535,535,2025-04-24 09:49:00,pickup,Frankfurt
1560,535,535,2025-04-24 09:58:00,out_for_delivery,Berlin
1561,535,535,2025-04-24 09:50:00,delivered,Stuttgart
1562,536,536,2025-04-24 10:06:00,pickup,Berlin
1563,536,536,2025-04-24 10:21:00,out_for_delivery,Stuttgart
1564,537,537,2025-04-24 12:46:00,pickup,Frankfurt
1565,537,537,2025-04-24 13:16:00,out_for_delivery,Leipzig
1566,537,537,2025-04-24 13:09:00,delivered,Köln
1567,538,538,2025-04-24 12:56:00,pickup,München
1568,538,538,2025-04-24 12:40:00,out_for_delivery,Berlin
1569,538,538,2025-04-24 12:40:00,delivered,Leipzig
1570,539,539,2025-05-09 09:30:00,pickup,Köln
1571,539,539,2025-05-09 09:18:00,out_for_delivery,Köln
1572,539,539,2025-05-09 09:22:00,delivered,Stuttgart
1573,540,540,2025-05-09 10:31:00,pickup,Stuttgart
1574,540,540,2025-05-09 10:21:00,out_for_delivery,Berlin
1575,540,540,2025-05-09 10:28:00,delivered,Frankfurt
1576,541,541,2025-05-09 11:33:00,pickup,München
1577,541,541,2025-05-09 12:08:00,out_for_delivery,München
1578,541,541,2025-05-09 11:34:00,delivered,Leipzig
1579,542,542,2025-05-09 11:52:00,pickup,München
1580,542,542,2025-05-09 12:12:00,out_for_delivery,Köln
1581,542,542,2025-05-09 12:17:00,delivered,Leipzig
1582,543,543,2025-06-18 08:44:00,pickup,Köln
1583,543,543,2025-06-18 08:38:00,out_for_delivery,Stuttgart
1584,543,543,2025-06-18 09:02:00,delivered,Köln
1585,544,544,2025-06-18 09:35:00,pickup,München
1586,544,544,2025-06-18 09:22:00,out_for_delivery,Berlin
1587,544,544,2025-06-18 09:38:00,delivered,München
1588,545,545,2025-06-18 11:45:00,pickup,Hamburg
1589,545,545,2025-06-18 11:41:00,out_for_delivery,Berlin
1590,545,545,2025-06-18 11:33:00,delivered,München
1591,546,546,2025-06-18 12:28:00,pickup,Hamburg
1592,546,546,2025-06-18 12:35:00,out_for_delivery,Stuttgart
1593,546,546,2025-06-18 12:13:00,delivered,Frankfurt
1594,547,547,2025-06-18 13:21:00,pickup,München
1595,547,547,2025-06-18 13:18:00,out_for_delivery,Stuttgart
1596,547,547,2025-06-18 13:14:00,delivered,München
1597,548,548,2025-06-18 14:25:00,pickup,Leipzig
1598,548,548,2025-06-18 14:31:00,out_for_delivery,Berlin
1599,548,548,2025-06-18 14:15:00,delivered,Leipzig
1600,549,549,2025-06-02 09:30:00,pickup,Berlin
1601,549,549,2025-06-02 09:54:00,out_for_delivery,Hamburg
1602,549,549,2025-06-02 09:53:00,delivered,Köln
1603,550,550,2025-06-02 10:20:00,pickup,Hamburg
1604,550,550,2025-06-02 10:15:00,out_for_delivery,München
1605,550,550,2025-06-02 10:14:00,delivered,Frankfurt
1606,551,551,2025-06-02 11:07:00,pickup,Frankfurt
1607,551,551,2025-06-02 11:10:00,out_for_delivery,Frankfurt
1608,551,551,2025-06-02 10:46:00,delivered,Hamburg
1609,552,552,2025-06-02 12:24:00,pickup,München
1610,552,552,2025-06-02 12:13:00,out_for_delivery,Köln
1611,552,552,2025-06-02 12:10:00,delivered,Leipzig
1612,553,553,2025-06-02 13:35:00,pickup,Leipzig
1613,553,553,2025-06-02 13:48:00,out_for_delivery,Leipzig
1614,553,553,2025-06-02 13:16:00,delivered,Leipzig
1615,554,554,2025-05-03 09:07:00,pickup,Köln
1616,554,554,2025-05-03 08:30:00,out_for_delivery,Frankfurt
1617,554,554,2025-05-03 08:32:00,delivered,Frankfurt
1618,555,555,2025-05-03 09:58:00,pickup,München
1619,555,555,2025-05-03 09:35:00,out_for_delivery,München
1620,556,556,2025-05-03 10:36:00,pickup,Stuttgart
1621,556,556,2025-05-03 10:20:00,out_for_delivery,Köln
1622,556,556,2025-05-03 10:27:00,delivered,Frankfurt
1623,557,557,2025-05-03 11:53:00,pickup,Berlin
1624,557,557,2025-05-03 11:50:00,out_for_delivery,Hamburg
1625,558,558,2025-04-14 08:37:00,pickup,Stuttgart
1626,558,558,2025-04-14 08:51:00,out_for_delivery,Berlin
1627,558,558,2025-04-14 09:05:00,delivered,Frankfurt
1628,559,559,2025-04-14 10:31:00,pickup,München
1629,559,559,2025-04-14 10:29:00,out_for_delivery,Köln
1630,559,559,2025-04-14 10:35:00,delivered,München
1631,560,560,2025-04-14 10:41:00,pickup,München
1632,560,560,2025-04-14 10:23:00,out_for_delivery,Köln
1633,560,560,2025-04-14 10:33:00,delivered,Köln
1634,561,561,2025-04-14 11:46:00,pickup,Hamburg
1635,561,561,2025-04-14 11:50:00,out_for_delivery,Frankfurt
1636,561,561,2025-04-14 11:46:00,delivered,Hamburg
1637,562,562,2025-04-14 12:50:00,pickup,Hamburg
1638,562,562,2025-04-14 13:22:00,out_for_delivery,Frankfurt
1639,562,562,2025-04-14 13:22:00,delivered,Leipzig
1640,563,563,2025-04-14 13:56:00,pickup,München
1641,563,563,2025-04-14 14:07:00,out_for_delivery,Köln
1642,563,563,2025-04-14 14:09:00,delivered,Leipzig
1643,564,564,2025-05-14 08:49:00,pickup,München
1644,564,564,2025-05-14 09:21:00,out_for_delivery,Hamburg
1645,564,564,2025-05-14 08:47:00,delivered,München
1646,565,565,2025-05-14 09:55:00,pickup,Hamburg
1647,565,565,2025-05-14 10:06:00,out_for_delivery,Berlin
1648,565,565,2025-05-14 09:59:00,delivered,Hamburg
1649,566,566,2025-05-14 10:54:00,pickup,Frankfurt
1650,566,566,2025-05-14 10:48:00,out_for_delivery,Hamburg
1651,566,566,2025-05-14 11:12:00,delivered,Stuttgart
1652,567,567,2025-06-28 09:29:00,pickup,Berlin
1653,567,567,2025-06-28 09:20:00,out_for_delivery,Stuttgart
1654,567,567,2025-06-28 09:14:00,delivered,Frankfurt
1655,568,568,2025-06-28 09:17:00,pickup,Stuttgart
1656,568,568,2025-06-28 09:27:00,out_for_delivery,München
1657,568,568,2025-06-28 09:19:00,delivered,Leipzig
1658,569,569,2025-06-28 11:24:00,pickup,Hamburg
1659,569,569,2025-06-28 11:53:00,out_for_delivery,Frankfurt
1660,569,569,2025-06-28 11:34:00,delivered,Leipzig
1661,570,570,2025-04-18 09:38:00,pickup,Frankfurt
1662,570,570,2025-04-18 09:48:00,out_for_delivery,Leipzig
1663,570,570,2025-04-18 09:22:00,delivered,Köln
1664,571,571,2025-04-18 11:23:00,pickup,Frankfurt
1665,571,571,2025-04-18 11:10:00,out_for_delivery,Leipzig
1666,571,571,2025-04-18 11:14:00,delivered,Berlin
1667,572,572,2025-04-18 12:12:00,pickup,Hamburg
1668,572,572,2025-04-18 12:11:00,out_for_delivery,Leipzig
1669,572,572,2025-04-18 12:00:00,delivered,Leipzig
1670,573,573,2025-04-18 11:03:00,pickup,Berlin
1671,573,573,2025-04-18 11:35:00,out_for_delivery,Köln
1672,573,573,2025-04-18 11:00:00,delivered,Frankfurt
1673,574,574,2025-04-18 13:51:00,pickup,München
1674,574,574,2025-04-18 13:35:00,out_for_delivery,Stuttgart
1675,574,574,2025-04-18 13:22:00,delivered,Frankfurt
1676,575,575,2025-04-04 08:17:00,pickup,Köln
1677,575,575,2025-04-04 08:33:00,out_for_delivery,Frankfurt
1678,575,575,2025-04-04 08:38:00,delivered,Leipzig
1679,576,576,2025-04-04 10:11:00,pickup,Stuttgart
1680,576,576,2025-04-04 09:41:00,out_for_delivery,Leipzig
1681,576,576,2025-04-04 09:48:00,delivered,Frankfurt
1682,577,577,2025-04-04 10:47:00,pickup,Köln
1683,577,577,2025-04-04 10:48:00,out_for_delivery,München
1684,577,577,2025-04-04 10:42:00,delivered,Berlin
1685,578,578,2025-06-30 09:08:00,pickup,Hamburg
1686,578,578,2025-06-30 08:59:00,out_for_delivery,Leipzig
1687,578,578,2025-06-30 09:21:00,delivered,Köln
1688,579,579,2025-06-30 10:44:00,pickup,Frankfurt
1689,579,579,2025-06-30 10:33:00,out_for_delivery,Stuttgart
1690,579,579,2025-06-30 10:47:00,delivered,Frankfurt
1691,580,580,2025-06-30 11:33:00,pickup,Köln
1692,580,580,2025-06-30 11:34:00,out_for_delivery,Berlin
1693,580,580,2025-06-30 11:23:00,delivered,Köln
1694,581,581,2025-06-30 12:10:00,pickup,Stuttgart
1695,581,581,2025-06-30 12:06:00,out_for_delivery,Hamburg
1696,581,581,2025-06-30 12:24:00,delivered,Leipzig
1697,582,582,2025-06-30 13:44:00,pickup,München
1698,582,582,2025-06-30 13:48:00,out_for_delivery,Köln
1699,582,582,2025-06-30 13:35:00,delivered,Berlin
1700,583,583,2025-06-30 13:47:00,pickup,Hamburg
1701,583,583,2025-06-30 13:46:00,out_for_delivery,Hamburg
1702,583,583,2025-06-30 14:10:00,delivered,München
1703,584,584,2025-05-16 09:53:00,pickup,Köln
1704,584,584,2025-05-16 09:42:00,out_for_delivery,Hamburg
1705,584,584,2025-05-16 09:35:00,delivered,Hamburg
1706,585,585,2025-05-16 09:36:00,pickup,Hamburg
1707,585,585,2025-05-16 09:31:00,out_for_delivery,Köln
1708,585,585,2025-05-16 09:50:00,delivered,Stuttgart
1709,586,586,2025-05-16 11:24:00,pickup,Köln
1710,586,586,2025-05-16 10:59:00,out_for_delivery,Hamburg
1711,586,586,2025-05-16 11:08:00,delivered,München
1712,587,587,2025-05-16 11:22:00,pickup,Frankfurt
1713,587,587,2025-05-16 12:00:00,out_for_delivery,Leipzig
1714,587,587,2025-05-16 11:22:00,delivered,Köln
1715,588,588,2025-05-30 09:36:00,pickup,München
1716,588,588,2025-05-30 09:17:00,out_for_delivery,Köln
1717,588,588,2025-05-30 09:21:00,delivered,Hamburg
1718,589,589,2025-05-30 11:06:00,pickup,Stuttgart
1719,589,589,2025-05-30 11:10:00,out_for_delivery,Köln
1720,590,590,2025-05-30 10:01:00,pickup,München
1721,590,590,2025-05-30 10:20:00,out_for_delivery,Frankfurt
1722,590,590,2025-05-30 10:09:00,delivered,Hamburg
1723,591,591,2025-05-30 12:24:00,pickup,Köln
1724,591,591,2025-05-30 12:19:00,out_for_delivery,Leipzig
1725,591,591,2025-05-30 12:18:00,delivered,Köln
1726,592,592,2025-04-27 09:30:00,pickup,Hamburg
1727,592,592,2025-04-27 09:15:00,out_for_delivery,München
1728,593,593,2025-04-27 10:39:00,pickup,Leipzig
1729,593,593,2025-04-27 10:14:00,out_for_delivery,Stuttgart
1730,593,593,2025-04-27 10:05:00,delivered,Stuttgart
1731,594,594,2025-04-27 11:09:00,pickup,Hamburg
1732,594,594,2025-04-27 11:08:00,out_for_delivery,Frankfurt
1733,594,594,2025-04-27 11:08:00,delivered,München
1734,595,595,2025-04-27 12:38:00,pickup,Frankfurt
1735,595,595,2025-04-27 12:53:00,out_for_delivery,Leipzig
1736,595,595,2025-04-27 12:40:00,delivered,Berlin
1737,596,596,2025-04-27 14:05:00,pickup,Berlin
1738,596,596,2025-04-27 13:37:00,out_for_delivery,Köln
1739,596,596,2025-04-27 13:46:00,delivered,Leipzig
1740,597,597,2025-04-09 08:53:00,pickup,Berlin
1741,597,597,2025-04-09 08:54:00,out_for_delivery,Frankfurt
1742,597,597,2025-04-09 08:30:00,delivered,Köln
1743,598,598,2025-04-09 10:02:00,pickup,Hamburg
1744,598,598,2025-04-09 10:00:00,out_for_delivery,Berlin
1745,598,598,2025-04-09 09:53:00,delivered,Leipzig
1746,599,599,2025-04-09 11:44:00,pickup,Frankfurt
1747,599,599,2025-04-09 11:43:00,out_for_delivery,Berlin
1748,600,600,2025-04-09 12:54:00,pickup,Hamburg
1749,600,600,2025-04-09 12:40:00,out_for_delivery,Leipzig
1750,600,600,2025-04-09 12:42:00,delivered,Hamburg
1751,601,601,2025-04-09 13:55:00,pickup,München
1752,601,601,2025-04-09 13:31:00,out_for_delivery,Frankfurt
1753,601,601,2025-04-09 13:44:00,delivered,Hamburg
1754,602,602,2025-04-30 08:45:00,pickup,Hamburg
1755,602,602,2025-04-30 08:33:00,out_for_delivery,Leipzig
1756,602,602,2025-04-30 08:49:00,delivered,Hamburg
1757,603,603,2025-04-30 09:44:00,pickup,Frankfurt
1758,603,603,2025-04-30 10:01:00,out_for_delivery,Berlin
1759,603,603,2025-04-30 09:56:00,delivered,Berlin
1760,604,604,2025-04-30 10:50:00,pickup,Berlin
1761,604,604,2025-04-30 10:39:00,out_for_delivery,Hamburg
1762,604,604,2025-04-30 10:48:00,delivered,Hamburg
1763,605,605,2025-06-23 08:48:00,pickup,Berlin
1764,605,605,2025-06-23 08:47:00,out_for_delivery,München
1765,605,605,2025-06-23 09:18:00,delivered,Leipzig
1766,606,606,2025-06-23 10:38:00,pickup,Leipzig
1767,606,606,2025-06-23 10:20:00,out_for_delivery,München
1768,606,606,2025-06-23 10:48:00,delivered,Stuttgart
1769,607,607,2025-06-23 11:49:00,pickup,München
1770,607,607,2025-06-23 11:18:00,out_for_delivery,Leipzig
1771,608,608,2025-05-20 09:24:00,pickup,Köln
1772,608,608,2025-05-20 09:31:00,out_for_delivery,Berlin
1773,608,608,2025-05-20 09:19:00,delivered,Stuttgart
1774,609,609,2025-05-20 10:06:00,pickup,München
1775,609,609,2025-05-20 10:14:00,out_for_delivery,Frankfurt
1776,609,609,2025-05-20 09:54:00,delivered,Frankfurt
1777,610,610,2025-05-20 10:54:00,pickup,Hamburg
1778,610,610,2025-05-20 10:44:00,out_for_delivery,Hamburg
1779,610,610,2025-05-20 10:37:00,delivered,Köln
1780,611,611,2025-05-20 12:05:00,pickup,München
1781,611,611,2025-05-20 12:01:00,out_for_delivery,München
1782,612,612,2025-05-20 12:57:00,pickup,Berlin
1783,612,612,2025-05-20 13:07:00,out_for_delivery,Hamburg
1784,612,612,2025-05-20 13:25:00,delivered,Berlin
1785,613,613,2025-05-20 14:28:00,pickup,Hamburg
1786,613,613,2025-05-20 14:02:00,out_for_delivery,Frankfurt
1787,613,613,2025-05-20 14:34:00,delivered,Frankfurt
1788,614,614,2025-05-20 15:17:00,pickup,Hamburg
1789,614,614,2025-05-20 15:07:00,out_for_delivery,München
1790,614,614,2025-05-20 14:57:00,delivered,Frankfurt
1791,615,615,2025-05-13 09:06:00,pickup,Hamburg
1792,615,615,2025-05-13 09:22:00,out_for_delivery,Köln
1793,615,615,2025-05-13 08:51:00,delivered,München
1794,616,616,2025-05-13 10:16:00,pickup,Leipzig
1795,616,616,2025-05-13 10:13:00,out_for_delivery,Stuttgart
1796,616,616,2025-05-13 10:07:00,delivered,Köln
1797,617,617,2025-05-13 11:10:00,pickup,Stuttgart
1798,617,617,2025-05-13 10:56:00,out_for_delivery,München
1799,617,617,2025-05-13 10:51:00,delivered,Leipzig
1800,618,618,2025-05-13 11:03:00,pickup,Berlin
1801,618,618,2025-05-13 11:27:00,out_for_delivery,München
1802,618,618,2025-05-13 11:30:00,delivered,Berlin
1803,619,619,2025-05-13 12:34:00,pickup,Berlin
1804,619,619,2025-05-13 12:37:00,out_for_delivery,Leipzig
1805,619,619,2025-05-13 12:47:00,delivered,Berlin
1806,620,620,2025-05-13 14:02:00,pickup,Köln
1807,620,620,2025-05-13 13:48:00,out_for_delivery,Frankfurt
1808,620,620,2025-05-13 13:47:00,delivered,Frankfurt
1809,621,621,2025-05-13 16:10:00,pickup,Leipzig
1810,621,621,2025-05-13 15:48:00,out_for_delivery,Berlin
1811,621,621,2025-05-13 15:41:00,delivered,Berlin
1812,622,622,2025-06-07 09:12:00,pickup,Köln
1813,622,622,2025-06-07 09:08:00,out_for_delivery,Frankfurt
1814,622,622,2025-06-07 09:26:00,delivered,Berlin
1815,623,623,2025-06-07 10:24:00,pickup,Köln
1816,623,623,2025-06-07 10:43:00,out_for_delivery,Frankfurt
1817,623,623,2025-06-07 10:32:00,delivered,Frankfurt
1818,624,624,2025-06-07 11:24:00,pickup,Frankfurt
1819,624,624,2025-06-07 11:35:00,out_for_delivery,Köln
1820,624,624,2025-06-07 11:05:00,delivered,Köln
1821,625,625,2025-06-07 13:08:00,pickup,München
1822,625,625,2025-06-07 13:17:00,out_for_delivery,Frankfurt
1823,625,625,2025-06-07 13:34:00,delivered,Leipzig
1824,626,626,2025-06-07 13:02:00,pickup,Hamburg
1825,626,626,2025-06-07 13:29:00,out_for_delivery,Hamburg
1826,626,626,2025-06-07 13:30:00,delivered,Leipzig
1827,627,627,2025-04-24 08:20:00,pickup,München
1828,627,627,2025-04-24 08:48:00,out_for_delivery,Berlin
1829,627,627,2025-04-24 08:43:00,delivered,Leipzig
1830,628,628,2025-04-24 09:44:00,pickup,Stuttgart
1831,628,628,2025-04-24 09:57:00,out_for_delivery,Leipzig
1832,628,628,2025-04-24 10:13:00,delivered,Leipzig
1833,629,629,2025-04-24 10:32:00,pickup,Frankfurt
1834,629,629,2025-04-24 11:02:00,out_for_delivery,Frankfurt
1835,630,630,2025-04-24 12:24:00,pickup,Hamburg
1836,630,630,2025-04-24 12:11:00,out_for_delivery,Köln
1837,630,630,2025-04-24 12:20:00,delivered,Stuttgart
1838,631,631,2025-04-24 13:11:00,pickup,Hamburg
1839,631,631,2025-04-24 13:34:00,out_for_delivery,Frankfurt
1840,631,631,2025-04-24 13:13:00,delivered,Hamburg
1841,632,632,2025-04-24 14:15:00,pickup,Stuttgart
1842,632,632,2025-04-24 13:59:00,out_for_delivery,Frankfurt
1843,632,632,2025-04-24 14:22:00,delivered,Frankfurt
1844,633,633,2025-04-24 14:40:00,pickup,Berlin
1845,633,633,2025-04-24 14:57:00,out_for_delivery,Stuttgart
1846,633,633,2025-04-24 14:33:00,delivered,Leipzig
1847,634,634,2025-04-22 08:45:00,pickup,Hamburg
1848,634,634,2025-04-22 09:24:00,out_for_delivery,Leipzig
1849,634,634,2025-04-22 09:04:00,delivered,Köln
1850,635,635,2025-04-22 10:55:00,pickup,Berlin
1851,635,635,2025-04-22 10:30:00,out_for_delivery,Berlin
1852,635,635,2025-04-22 10:52:00,delivered,Leipzig
1853,636,636,2025-04-22 11:51:00,pickup,Leipzig
1854,636,636,2025-04-22 11:52:00,out_for_delivery,Köln
1855,636,636,2025-04-22 11:32:00,delivered,Leipzig
1856,637,637,2025-04-17 08:50:00,pickup,Köln
1857,637,637,2025-04-17 09:07:00,out_for_delivery,Berlin
1858,637,637,2025-04-17 09:12:00,delivered,Berlin
1859,638,638,2025-04-17 10:24:00,pickup,Köln
1860,638,638,2025-04-17 10:20:00,out_for_delivery,Stuttgart
1861,638,638,2025-04-17 10:26:00,delivered,Frankfurt
1862,639,639,2025-04-17 11:29:00,pickup,Berlin
1863,639,639,2025-04-17 11:09:00,out_for_delivery,Stuttgart
1864,639,639,2025-04-17 11:27:00,delivered,Köln
1865,640,640,2025-04-17 12:49:00,pickup,München
1866,640,640,2025-04-17 13:02:00,out_for_delivery,Leipzig
1867,640,640,2025-04-17 12:58:00,delivered,Stuttgart
1868,641,641,2025-04-17 13:21:00,pickup,Köln
1869,641,641,2025-04-17 13:23:00,out_for_delivery,Hamburg
1870,641,641,2025-04-17 13:24:00,delivered,Stuttgart
1871,642,642,2025-04-17 13:33:00,pickup,München
1872,642,642,2025-04-17 13:23:00,out_for_delivery,Frankfurt
1873,642,642,2025-04-17 13:00:00,delivered,Hamburg
1874,643,643,2025-04-17 16:08:00,pickup,Leipzig
1875,643,643,2025-04-17 16:11:00,out_for_delivery,Stuttgart
1876,643,643,2025-04-17 16:19:00,delivered,Hamburg
1877,644,644,2025-05-26 08:01:00,pickup,Stuttgart
1878,644,644,2025-05-26 08:12:00,out_for_delivery,Frankfurt
1879,644,644,2025-05-26 08:21:00,delivered,Stuttgart
1880,645,645,2025-05-26 09:47:00,pickup,Köln
1881,645,645,2025-05-26 09:36:00,out_for_delivery,Stuttgart
1882,645,645,2025-05-26 09:44:00,delivered,Stuttgart
1883,646,646,2025-05-26 11:01:00,pickup,München
1884,646,646,2025-05-26 11:03:00,out_for_delivery,Köln
1885,646,646,2025-05-26 10:57:00,delivered,Leipzig
1886,647,647,2025-05-26 12:03:00,pickup,Leipzig
1887,647,647,2025-05-26 11:46:00,out_for_delivery,Hamburg
1888,647,647,2025-05-26 11:52:00,delivered,Hamburg
1889,648,648,2025-05-26 13:53:00,pickup,Hamburg
1890,648,648,2025-05-26 13:31:00,out_for_delivery,Köln
1891,648,648,2025-05-26 13:19:00,delivered,Berlin
1892,649,649,2025-05-26 14:49:00,pickup,Köln
1893,649,649,2025-05-26 14:43:00,out_for_delivery,Leipzig
1894,649,649,2025-05-26 14:38:00,delivered,Leipzig
1895,650,650,2025-05-31 08:48:00,pickup,Stuttgart
1896,650,650,2025-05-31 08:50:00,out_for_delivery,Leipzig
1897,650,650,2025-05-31 09:18:00,delivered,München
1898,651,651,2025-05-31 10:14:00,pickup,Leipzig
1899,651,651,2025-05-31 10:15:00,out_for_delivery,München
1900,651,651,2025-05-31 10:26:00,delivered,Berlin
1901,652,652,2025-05-31 10:59:00,pickup,Berlin
1902,652,652,2025-05-31 11:04:00,out_for_delivery,Köln
1903,652,652,2025-05-31 10:32:00,delivered,Frankfurt
1904,653,653,2025-05-31 11:42:00,pickup,Stuttgart
1905,653,653,2025-05-31 11:32:00,out_for_delivery,Frankfurt
1906,653,653,2025-05-31 11:40:00,delivered,Frankfurt
1907,654,654,2025-06-13 09:45:00,pickup,Hamburg
1908,654,654,2025-06-13 10:17:00,out_for_delivery,Hamburg
1909,654,654,2025-06-13 10:16:00,delivered,Hamburg
1910,655,655,2025-06-13 10:44:00,pickup,München
1911,655,655,2025-06-13 10:33:00,out_for_delivery,Leipzig
1912,655,655,2025-06-13 10:37:00,delivered,Frankfurt
1913,656,656,2025-06-13 11:04:00,pickup,Berlin
1914,656,656,2025-06-13 11:14:00,out_for_delivery,Leipzig
1915,656,656,2025-06-13 11:08:00,delivered,München
1916,657,657,2025-05-30 09:26:00,pickup,Hamburg
1917,657,657,2025-05-30 09:30:00,out_for_delivery,München
1918,657,657,2025-05-30 09:04:00,delivered,Berlin
1919,658,658,2025-05-30 09:50:00,pickup,Hamburg
1920,658,658,2025-05-30 09:35:00,out_for_delivery,München
1921,658,658,2025-05-30 09:51:00,delivered,Köln
1922,659,659,2025-05-30 10:16:00,pickup,Hamburg
1923,659,659,2025-05-30 10:39:00,out_for_delivery,Köln
1924,659,659,2025-05-30 10:44:00,delivered,Berlin
1925,660,660,2025-05-30 12:20:00,pickup,Frankfurt
1926,660,660,2025-05-30 12:49:00,out_for_delivery,München
1927,660,660,2025-05-30 12:53:00,delivered,Hamburg
1928,661,661,2025-05-30 13:03:00,pickup,Stuttgart
1929,661,661,2025-05-30 13:00:00,out_for_delivery,Köln
1930,661,661,2025-05-30 13:02:00,delivered,München
1931,662,662,2025-04-24 08:42:00,pickup,Köln
1932,662,662,2025-04-24 08:44:00,out_for_delivery,Köln
1933,662,662,2025-04-24 08:50:00,delivered,Leipzig
1934,663,663,2025-04-24 09:21:00,pickup,München
1935,663,663,2025-04-24 09:55:00,out_for_delivery,Frankfurt
1936,663,663,2025-04-24 09:38:00,delivered,Stuttgart
1937,664,664,2025-04-24 11:42:00,pickup,Stuttgart
1938,664,664,2025-04-24 11:52:00,out_for_delivery,München
1939,665,665,2025-04-24 11:29:00,pickup,München
1940,665,665,2025-04-24 11:29:00,out_for_delivery,Leipzig
1941,665,665,2025-04-24 11:48:00,delivered,Stuttgart
1942,666,666,2025-04-12 09:02:00,pickup,Leipzig
1943,666,666,2025-04-12 08:54:00,out_for_delivery,Berlin
1944,666,666,2025-04-12 09:08:00,delivered,Stuttgart
1945,667,667,2025-04-12 09:50:00,pickup,Hamburg
1946,667,667,2025-04-12 10:03:00,out_for_delivery,Stuttgart
1947,667,667,2025-04-12 09:51:00,delivered,Stuttgart
1948,668,668,2025-04-12 10:37:00,pickup,Stuttgart
1949,668,668,2025-04-12 10:30:00,out_for_delivery,Stuttgart
1950,668,668,2025-04-12 10:45:00,delivered,Köln
1951,669,669,2025-05-19 08:54:00,pickup,Köln
1952,669,669,2025-05-19 08:45:00,out_for_delivery,Berlin
1953,669,669,2025-05-19 09:11:00,delivered,Köln
1954,670,670,2025-05-19 10:36:00,pickup,Frankfurt
1955,670,670,2025-05-19 10:20:00,out_for_delivery,Leipzig
1956,670,670,2025-05-19 10:51:00,delivered,Stuttgart
1957,671,671,2025-05-19 11:47:00,pickup,Frankfurt
1958,671,671,2025-05-19 11:48:00,out_for_delivery,Hamburg
1959,672,672,2025-05-19 11:49:00,pickup,Köln
1960,672,672,2025-05-19 11:36:00,out_for_delivery,Stuttgart
1961,672,672,2025-05-19 11:56:00,delivered,Köln
1962,673,673,2025-05-19 12:17:00,pickup,Frankfurt
1963,673,673,2025-05-19 12:13:00,out_for_delivery,Köln
1964,673,673,2025-05-19 12:30:00,delivered,Frankfurt
1965,674,674,2025-05-19 13:43:00,pickup,Köln
1966,674,674,2025-05-19 14:01:00,out_for_delivery,Stuttgart
1967,674,674,2025-05-19 14:09:00,delivered,Köln
1968,675,675,2025-06-04 09:03:00,pickup,Leipzig
1969,675,675,2025-06-04 08:35:00,out_for_delivery,Frankfurt
1970,675,675,2025-06-04 08:58:00,delivered,Frankfurt
1971,676,676,2025-06-04 10:59:00,pickup,Berlin
1972,676,676,2025-06-04 11:18:00,out_for_delivery,Frankfurt
1973,676,676,2025-06-04 10:49:00,delivered,Köln
1974,677,677,2025-06-04 10:50:00,pickup,Frankfurt
1975,677,677,2025-06-04 10:51:00,out_for_delivery,Berlin
1976,677,677,2025-06-04 10:52:00,delivered,Frankfurt
1977,678,678,2025-06-04 11:31:00,pickup,Köln
1978,678,678,2025-06-04 11:31:00,out_for_delivery,München
1979,678,678,2025-06-04 11:28:00,delivered,Köln
1980,679,679,2025-06-04 12:47:00,pickup,München
1981,679,679,2025-06-04 12:22:00,out_for_delivery,Frankfurt
1982,679,679,2025-06-04 12:53:00,delivered,Leipzig
1983,680,680,2025-06-04 13:55:00,pickup,Stuttgart
1984,680,680,2025-06-04 13:30:00,out_for_delivery,Frankfurt
1985,680,680,2025-06-04 13:20:00,delivered,München
1986,681,681,2025-06-04 16:14:00,pickup,Frankfurt
1987,681,681,2025-06-04 16:17:00,out_for_delivery,Frankfurt
1988,681,681,2025-06-04 16:37:00,delivered,Berlin
1989,682,682,2025-06-19 09:29:00,pickup,Leipzig
1990,682,682,2025-06-19 09:51:00,out_for_delivery,Frankfurt
1991,682,682,2025-06-19 09:40:00,delivered,Stuttgart
1992,683,683,2025-06-19 11:06:00,pickup,Frankfurt
1993,683,683,2025-06-19 10:47:00,out_for_delivery,Leipzig
1994,683,683,2025-06-19 10:51:00,delivered,Stuttgart
1995,684,684,2025-06-19 11:22:00,pickup,Hamburg
1996,684,684,2025-06-19 11:35:00,out_for_delivery,Berlin
1997,684,684,2025-06-19 11:22:00,delivered,Stuttgart
1998,685,685,2025-04-11 08:32:00,pickup,Leipzig
1999,685,685,2025-04-11 09:08:00,out_for_delivery,Frankfurt
2000,685,685,2025-04-11 08:37:00,delivered,Frankfurt
2001,686,686,2025-04-11 10:14:00,pickup,Frankfurt
2002,686,686,2025-04-11 10:05:00,out_for_delivery,Berlin
2003,686,686,2025-04-11 10:00:00,delivered,Stuttgart
2004,687,687,2025-04-11 10:42:00,pickup,München
2005,687,687,2025-04-11 10:56:00,out_for_delivery,Berlin
2006,687,687,2025-04-11 10:33:00,delivered,München
2007,688,688,2025-04-11 12:08:00,pickup,Frankfurt
2008,688,688,2025-04-11 12:02:00,out_for_delivery,München
2009,688,688,2025-04-11 12:01:00,delivered,Frankfurt
2010,689,689,2025-04-11 13:15:00,pickup,München
2011,689,689,2025-04-11 13:30:00,out_for_delivery,München
2012,689,689,2025-04-11 13:48:00,delivered,Stuttgart
2013,690,690,2025-04-11 13:58:00,pickup,Hamburg
2014,690,690,2025-04-11 14:10:00,out_for_delivery,Stuttgart
2015,690,690,2025-04-11 13:46:00,delivered,Frankfurt
2016,691,691,2025-04-23 09:24:00,pickup,Leipzig
2017,691,691,2025-04-23 09:46:00,out_for_delivery,Hamburg
2018,691,691,2025-04-23 09:34:00,delivered,Leipzig
2019,692,692,2025-04-23 09:54:00,pickup,Berlin
2020,692,692,2025-04-23 10:16:00,out_for_delivery,Hamburg
2021,692,692,2025-04-23 10:12:00,delivered,Frankfurt
2022,693,693,2025-04-23 10:55:00,pickup,Hamburg
2023,693,693,2025-04-23 11:06:00,out_for_delivery,Frankfurt
2024,693,693,2025-04-23 10:56:00,delivered,Hamburg
2025,694,694,2025-04-23 13:10:00,pickup,München
2026,694,694,2025-04-23 13:00:00,out_for_delivery,Stuttgart
2027,694,694,2025-04-23 13:23:00,delivered,Köln
2028,695,695,2025-04-23 14:18:00,pickup,Köln
2029,695,695,2025-04-23 13:51:00,out_for_delivery,Frankfurt
2030,695,695,2025-04-23 14:15:00,delivered,Berlin
2031,696,696,2025-04-07 10:17:00,pickup,Frankfurt
2032,696,696,2025-04-07 09:50:00,out_for_delivery,München
2033,696,696,2025-04-07 10:13:00,delivered,München
2034,697,697,2025-04-07 10:14:00,pickup,Frankfurt
2035,697,697,2025-04-07 10:32:00,out_for_delivery,München
2036,697,697,2025-04-07 10:29:00,delivered,Köln
2037,698,698,2025-04-07 10:21:00,pickup,München
2038,698,698,2025-04-07 10:20:00,out_for_delivery,Frankfurt
2039,698,698,2025-04-07 10:30:00,delivered,Köln
2040,699,699,2025-04-18 09:23:00,pickup,Frankfurt
2041,699,699,2025-04-18 09:31:00,out_for_delivery,Köln
2042,699,699,2025-04-18 09:28:00,delivered,Köln
2043,700,700,2025-04-18 10:38:00,pickup,Köln
2044,700,700,2025-04-18 10:32:00,out_for_delivery,Hamburg
2045,700,700,2025-04-18 10:22:00,delivered,München
2046,701,701,2025-04-18 11:33:00,pickup,Köln
2047,701,701,2025-04-18 11:42:00,out_for_delivery,Köln
2048,701,701,2025-04-18 11:25:00,delivered,Leipzig
2049,702,702,2025-04-18 12:05:00,pickup,Stuttgart
2050,702,702,2025-04-18 11:45:00,out_for_delivery,Hamburg
2051,702,702,2025-04-18 12:01:00,delivered,München
2052,703,703,2025-04-18 13:37:00,pickup,Hamburg
2053,703,703,2025-04-18 13:57:00,out_for_delivery,Berlin
2054,703,703,2025-04-18 13:37:00,delivered,Leipzig
2055,704,704,2025-04-18 14:46:00,pickup,Stuttgart
2056,704,704,2025-04-18 14:47:00,out_for_delivery,Hamburg
2057,704,704,2025-04-18 14:37:00,delivered,Berlin
2058,705,705,2025-04-18 14:38:00,pickup,München
2059,705,705,2025-04-18 14:25:00,out_for_delivery,Frankfurt
2060,705,705,2025-04-18 14:34:00,delivered,Hamburg
2061,706,706,2025-04-26 09:16:00,pickup,Köln
2062,706,706,2025-04-26 09:09:00,out_for_delivery,Frankfurt
2063,706,706,2025-04-26 09:05:00,delivered,Hamburg
2064,707,707,2025-04-26 10:39:00,pickup,Stuttgart
2065,707,707,2025-04-26 10:29:00,out_for_delivery,Leipzig
2066,707,707,2025-04-26 10:40:00,delivered,Köln
2067,708,708,2025-04-26 10:42:00,pickup,Berlin
2068,708,708,2025-04-26 10:50:00,out_for_delivery,Leipzig
2069,708,708,2025-04-26 10:50:00,delivered,Berlin
2070,709,709,2025-04-26 12:55:00,pickup,Hamburg
2071,709,709,2025-04-26 13:18:00,out_for_delivery,Köln
2072,709,709,2025-04-26 13:22:00,delivered,München
2073,710,710,2025-04-26 13:04:00,pickup,Hamburg
2074,710,710,2025-04-26 12:45:00,out_for_delivery,Leipzig
2075,710,710,2025-04-26 13:17:00,delivered,Leipzig
2076,711,711,2025-04-26 14:04:00,pickup,München
2077,711,711,2025-04-26 14:07:00,out_for_delivery,München
2078,711,711,2025-04-26 13:32:00,delivered,Leipzig
2079,712,712,2025-06-17 09:01:00,pickup,Köln
2080,712,712,2025-06-17 09:05:00,out_for_delivery,Berlin
2081,712,712,2025-06-17 08:47:00,delivered,Köln
2082,713,713,2025-06-17 10:45:00,pickup,Frankfurt
2083,713,713,2025-06-17 10:21:00,out_for_delivery,Frankfurt
2084,713,713,2025-06-17 10:19:00,delivered,Leipzig
2085,714,714,2025-06-17 10:35:00,pickup,Stuttgart
2086,714,714,2025-06-17 10:57:00,out_for_delivery,Frankfurt
2087,714,714,2025-06-17 11:03:00,delivered,Hamburg
2088,715,715,2025-06-17 11:33:00,pickup,Frankfurt
2089,715,715,2025-06-17 12:10:00,out_for_delivery,Stuttgart
2090,715,715,2025-06-17 12:10:00,delivered,München
2091,716,716,2025-06-17 13:01:00,pickup,Stuttgart
2092,716,716,2025-06-17 12:59:00,out_for_delivery,Hamburg
2093,716,716,2025-06-17 13:09:00,delivered,Köln
2094,717,717,2025-04-28 08:44:00,pickup,München
2095,717,717,2025-04-28 08:31:00,out_for_delivery,Leipzig
2096,717,717,2025-04-28 09:00:00,delivered,Berlin
2097,718,718,2025-04-28 10:15:00,pickup,München
2098,718,718,2025-04-28 10:15:00,out_for_delivery,München
2099,718,718,2025-04-28 09:57:00,delivered,Frankfurt
2100,719,719,2025-04-28 11:33:00,pickup,Hamburg
2101,719,719,2025-04-28 11:32:00,out_for_delivery,Stuttgart
2102,719,719,2025-04-28 11:22:00,delivered,Leipzig
2103,720,720,2025-04-28 12:15:00,pickup,Leipzig
2104,720,720,2025-04-28 12:18:00,out_for_delivery,München
2105,720,720,2025-04-28 12:12:00,delivered,Hamburg
2106,721,721,2025-05-27 09:03:00,pickup,Köln
2107,721,721,2025-05-27 08:56:00,out_for_delivery,Frankfurt
2108,721,721,2025-05-27 09:11:00,delivered,Köln
2109,722,722,2025-05-27 10:21:00,pickup,München
2110,722,722,2025-05-27 10:09:00,out_for_delivery,München
2111,722,722,2025-05-27 09:50:00,delivered,Köln
2112,723,723,2025-05-27 11:29:00,pickup,München
2113,723,723,2025-05-27 11:25:00,out_for_delivery,Hamburg
2114,723,723,2025-05-27 11:00:00,delivered,Leipzig
2115,724,724,2025-05-27 11:58:00,pickup,Berlin
2116,724,724,2025-05-27 11:50:00,out_for_delivery,Stuttgart
2117,724,724,2025-05-27 11:35:00,delivered,Stuttgart
2118,725,725,2025-04-06 09:07:00,pickup,Köln
2119,725,725,2025-04-06 08:53:00,out_for_delivery,Köln
2120,725,725,2025-04-06 09:06:00,delivered,München
2121,726,726,2025-04-06 09:53:00,pickup,Leipzig
2122,726,726,2025-04-06 09:58:00,out_for_delivery,Frankfurt
2123,726,726,2025-04-06 10:03:00,delivered,Berlin
2124,727,727,2025-04-06 11:41:00,pickup,Stuttgart
2125,727,727,2025-04-06 11:46:00,out_for_delivery,Köln
2126,727,727,2025-04-06 11:53:00,delivered,Köln
2127,728,728,2025-04-06 11:50:00,pickup,Berlin
2128,728,728,2025-04-06 12:22:00,out_for_delivery,Berlin
2129,728,728,2025-04-06 12:10:00,delivered,Stuttgart
2130,729,729,2025-04-06 12:55:00,pickup,Berlin
2131,729,729,2025-04-06 12:57:00,out_for_delivery,Stuttgart
2132,729,729,2025-04-06 12:57:00,delivered,Hamburg
2133,730,730,2025-04-06 13:33:00,pickup,Stuttgart
2134,730,730,2025-04-06 13:38:00,out_for_delivery,Leipzig
2135,730,730,2025-04-06 14:07:00,delivered,Köln
2136,731,731,2025-04-06 15:34:00,pickup,Hamburg
2137,731,731,2025-04-06 15:05:00,out_for_delivery,Leipzig
2138,731,731,2025-04-06 15:01:00,delivered,Stuttgart
2139,732,732,2025-04-26 09:18:00,pickup,Stuttgart
2140,732,732,2025-04-26 09:27:00,out_for_delivery,Köln
2141,733,733,2025-04-26 09:45:00,pickup,Berlin
2142,733,733,2025-04-26 10:03:00,out_for_delivery,München
2143,733,733,2025-04-26 09:54:00,delivered,Berlin
2144,734,734,2025-04-26 12:00:00,pickup,Hamburg
2145,734,734,2025-04-26 11:30:00,out_for_delivery,Köln
2146,734,734,2025-04-26 11:54:00,delivered,Hamburg
2147,735,735,2025-04-21 09:20:00,pickup,Köln
2148,735,735,2025-04-21 09:13:00,out_for_delivery,Hamburg
2149,735,735,2025-04-21 09:00:00,delivered,Frankfurt
2150,736,736,2025-04-21 10:10:00,pickup,Stuttgart
2151,736,736,2025-04-21 09:46:00,out_for_delivery,München
2152,736,736,2025-04-21 09:50:00,delivered,Köln
2153,737,737,2025-04-21 11:32:00,pickup,Köln
2154,737,737,2025-04-21 11:19:00,out_for_delivery,Hamburg
2155,737,737,2025-04-21 11:55:00,delivered,München
2156,738,738,2025-04-21 11:59:00,pickup,Köln
2157,738,738,2025-04-21 11:41:00,out_for_delivery,Frankfurt
2158,738,738,2025-04-21 11:53:00,delivered,Leipzig
2159,739,739,2025-04-21 13:21:00,pickup,Berlin
2160,739,739,2025-04-21 13:28:00,out_for_delivery,Frankfurt
2161,739,739,2025-04-21 13:00:00,delivered,Stuttgart
2162,740,740,2025-04-21 14:33:00,pickup,Stuttgart
2163,740,740,2025-04-21 14:00:00,out_for_delivery,Hamburg
2164,740,740,2025-04-21 14:19:00,delivered,München
2165,741,741,2025-06-21 10:20:00,pickup,Hamburg
2166,741,741,2025-06-21 10:38:00,out_for_delivery,Köln
2167,741,741,2025-06-21 10:31:00,delivered,Stuttgart
2168,742,742,2025-06-21 10:26:00,pickup,Stuttgart
2169,742,742,2025-06-21 10:17:00,out_for_delivery,München
2170,742,742,2025-06-21 10:01:00,delivered,Frankfurt
2171,743,743,2025-06-21 10:13:00,pickup,Hamburg
2172,743,743,2025-06-21 10:05:00,out_for_delivery,München
2173,743,743,2025-06-21 10:28:00,delivered,Köln
2174,744,744,2025-06-21 11:21:00,pickup,Hamburg
2175,744,744,2025-06-21 11:40:00,out_for_delivery,Stuttgart
2176,744,744,2025-06-21 11:45:00,delivered,Leipzig
2177,745,745,2025-06-21 12:47:00,pickup,Frankfurt
2178,745,745,2025-06-21 13:23:00,out_for_delivery,Hamburg
2179,745,745,2025-06-21 13:21:00,delivered,Stuttgart
2180,746,746,2025-06-21 14:32:00,pickup,Stuttgart
2181,746,746,2025-06-21 14:32:00,out_for_delivery,Hamburg
2182,746,746,2025-06-21 14:06:00,delivered,Köln
2183,747,747,2025-06-19 09:14:00,pickup,Köln
2184,747,747,2025-06-19 09:23:00,out_for_delivery,München
2185,747,747,2025-06-19 09:20:00,delivered,Frankfurt
2186,748,748,2025-06-19 10:16:00,pickup,Berlin
2187,748,748,2025-06-19 10:21:00,out_for_delivery,München
2188,749,749,2025-06-19 11:21:00,pickup,Berlin
2189,749,749,2025-06-19 11:30:00,out_for_delivery,Köln
2190,749,749,2025-06-19 11:06:00,delivered,Köln
2191,750,750,2025-06-19 12:32:00,pickup,Hamburg
2192,750,750,2025-06-19 12:40:00,out_for_delivery,Frankfurt
2193,750,750,2025-06-19 12:41:00,delivered,Hamburg
2194,751,751,2025-06-19 13:05:00,pickup,Köln
2195,751,751,2025-06-19 12:50:00,out_for_delivery,München
2196,751,751,2025-06-19 13:29:00,delivered,Leipzig
2197,752,752,2025-06-19 13:52:00,pickup,Leipzig
2198,752,752,2025-06-19 14:00:00,out_for_delivery,München
2199,752,752,2025-06-19 13:51:00,delivered,Berlin
2200,753,753,2025-05-11 09:28:00,pickup,Frankfurt
2201,753,753,2025-05-11 09:14:00,out_for_delivery,Hamburg
2202,753,753,2025-05-11 09:29:00,delivered,Frankfurt
2203,754,754,2025-05-11 09:28:00,pickup,Köln
2204,754,754,2025-05-11 09:35:00,out_for_delivery,Stuttgart
2205,754,754,2025-05-11 09:34:00,delivered,Hamburg
2206,755,755,2025-05-11 11:29:00,pickup,München
2207,755,755,2025-05-11 11:02:00,out_for_delivery,Leipzig
2208,755,755,2025-05-11 11:29:00,delivered,Leipzig
2209,756,756,2025-04-10 08:55:00,pickup,Leipzig
2210,756,756,2025-04-10 09:06:00,out_for_delivery,Berlin
2211,756,756,2025-04-10 09:14:00,delivered,Frankfurt
2212,757,757,2025-04-10 11:00:00,pickup,Frankfurt
2213,757,757,2025-04-10 11:04:00,out_for_delivery,Leipzig
2214,757,757,2025-04-10 10:34:00,delivered,Berlin
2215,758,758,2025-04-10 10:23:00,pickup,Frankfurt
2216,758,758,2025-04-10 10:42:00,out_for_delivery,München
2217,758,758,2025-04-10 10:43:00,delivered,München
2218,759,759,2025-04-10 12:42:00,pickup,Köln
2219,759,759,2025-04-10 12:31:00,out_for_delivery,Leipzig
2220,759,759,2025-04-10 12:51:00,delivered,München
2221,760,760,2025-04-10 12:50:00,pickup,Leipzig
2222,760,760,2025-04-10 12:59:00,out_for_delivery,Hamburg
2223,760,760,2025-04-10 13:04:00,delivered,Köln
2224,761,761,2025-05-29 09:05:00,pickup,Köln
2225,761,761,2025-05-29 08:52:00,out_for_delivery,Leipzig
2226,761,761,2025-05-29 08:47:00,delivered,Berlin
2227,762,762,2025-05-29 10:02:00,pickup,Stuttgart
2228,762,762,2025-05-29 10:05:00,out_for_delivery,Frankfurt
2229,762,762,2025-05-29 09:39:00,delivered,Frankfurt
2230,763,763,2025-05-29 10:44:00,pickup,Leipzig
2231,763,763,2025-05-29 10:46:00,out_for_delivery,München
2232,764,764,2025-05-29 12:22:00,pickup,Stuttgart
2233,764,764,2025-05-29 12:40:00,out_for_delivery,Köln
2234,764,764,2025-05-29 12:17:00,delivered,Hamburg
2235,765,765,2025-05-29 13:42:00,pickup,Köln
2236,765,765,2025-05-29 13:53:00,out_for_delivery,Frankfurt
2237,765,765,2025-05-29 13:21:00,delivered,München
2238,766,766,2025-05-29 14:55:00,pickup,Frankfurt
2239,766,766,2025-05-29 14:52:00,out_for_delivery,Hamburg
2240,766,766,2025-05-29 14:31:00,delivered,Stuttgart
2241,767,767,2025-05-28 09:09:00,pickup,Leipzig
2242,767,767,2025-05-28 09:06:00,out_for_delivery,Frankfurt
2243,767,767,2025-05-28 08:58:00,delivered,Berlin
2244,768,768,2025-05-28 11:37:00,pickup,Leipzig
2245,768,768,2025-05-28 11:24:00,out_for_delivery,Leipzig
2246,768,768,2025-05-28 11:27:00,delivered,Leipzig
2247,769,769,2025-05-28 11:11:00,pickup,Frankfurt
2248,769,769,2025-05-28 11:14:00,out_for_delivery,Frankfurt
2249,769,769,2025-05-28 10:51:00,delivered,Köln
2250,770,770,2025-05-28 11:55:00,pickup,Köln
2251,770,770,2025-05-28 12:23:00,out_for_delivery,Stuttgart
2252,770,770,2025-05-28 11:50:00,delivered,Leipzig
2253,771,771,2025-05-28 13:05:00,pickup,Hamburg
2254,771,771,2025-05-28 13:03:00,out_for_delivery,München
2255,771,771,2025-05-28 12:46:00,delivered,Hamburg
2256,772,772,2025-05-28 14:16:00,pickup,München
2257,772,772,2025-05-28 14:12:00,out_for_delivery,Stuttgart
2258,772,772,2025-05-28 14:17:00,delivered,Stuttgart
2259,773,773,2025-05-28 15:15:00,pickup,München
2260,773,773,2025-05-28 15:25:00,out_for_delivery,Köln
2261,773,773,2025-05-28 15:10:00,delivered,Stuttgart
2262,774,774,2025-05-26 08:42:00,pickup,München
2263,774,774,2025-05-26 08:42:00,out_for_delivery,Köln
2264,775,775,2025-05-26 10:21:00,pickup,München
2265,775,775,2025-05-26 10:20:00,out_for_delivery,Köln
2266,775,775,2025-05-26 10:14:00,delivered,München
2267,776,776,2025-05-26 10:05:00,pickup,Hamburg
2268,776,776,2025-05-26 10:06:00,out_for_delivery,Hamburg
2269,776,776,2025-05-26 10:20:00,delivered,Köln
2270,777,777,2025-05-26 12:24:00,pickup,Leipzig
2271,777,777,2025-05-26 12:34:00,out_for_delivery,Frankfurt
2272,777,777,2025-05-26 12:45:00,delivered,Köln
2273,778,778,2025-05-26 12:55:00,pickup,Frankfurt
2274,778,778,2025-05-26 13:16:00,out_for_delivery,Köln
2275,778,778,2025-05-26 13:15:00,delivered,München
2276,779,779,2025-04-01 10:05:00,pickup,Leipzig
2277,779,779,2025-04-01 10:10:00,out_for_delivery,München
2278,779,779,2025-04-01 09:39:00,delivered,Stuttgart
2279,780,780,2025-04-01 09:58:00,pickup,München
2280,780,780,2025-04-01 10:04:00,out_for_delivery,Köln
2281,780,780,2025-04-01 10:10:00,delivered,Leipzig
2282,781,781,2025-04-01 11:06:00,pickup,Stuttgart
2283,781,781,2025-04-01 11:23:00,out_for_delivery,München
2284,781,781,2025-04-01 11:18:00,delivered,München
2285,782,782,2025-06-26 09:00:00,pickup,Leipzig
2286,782,782,2025-06-26 08:50:00,out_for_delivery,Köln
2287,782,782,2025-06-26 08:42:00,delivered,München
2288,783,783,2025-06-26 09:46:00,pickup,Frankfurt
2289,783,783,2025-06-26 09:55:00,out_for_delivery,Hamburg
2290,783,783,2025-06-26 09:48:00,delivered,München
2291,784,784,2025-06-26 11:01:00,pickup,Leipzig
2292,784,784,2025-06-26 10:55:00,out_for_delivery,Köln
2293,784,784,2025-06-26 10:34:00,delivered,Köln
2294,785,785,2025-06-26 12:13:00,pickup,München
2295,785,785,2025-06-26 12:25:00,out_for_delivery,Stuttgart
2296,785,785,2025-06-26 12:41:00,delivered,München
2297,786,786,2025-06-26 13:07:00,pickup,Köln
2298,786,786,2025-06-26 13:24:00,out_for_delivery,Stuttgart
2299,786,786,2025-06-26 12:50:00,delivered,Leipzig
2300,787,787,2025-05-21 08:32:00,pickup,Berlin
2301,787,787,2025-05-21 08:56:00,out_for_delivery,Berlin
2302,787,787,2025-05-21 08:45:00,delivered,Stuttgart
2303,788,788,2025-05-21 10:24:00,pickup,München
2304,788,788,2025-05-21 10:26:00,out_for_delivery,München
2305,788,788,2025-05-21 10:12:00,delivered,München
2306,789,789,2025-05-21 10:19:00,pickup,Stuttgart
2307,789,789,2025-05-21 10:15:00,out_for_delivery,Leipzig
2308,789,789,2025-05-21 10:38:00,delivered,Stuttgart
2309,790,790,2025-05-21 11:59:00,pickup,Stuttgart
2310,790,790,2025-05-21 11:45:00,out_for_delivery,Leipzig
2311,790,790,2025-05-21 11:39:00,delivered,Leipzig
2312,791,791,2025-05-21 13:19:00,pickup,Stuttgart
2313,791,791,2025-05-21 13:24:00,out_for_delivery,Leipzig
2314,791,791,2025-05-21 12:49:00,delivered,Stuttgart
2315,792,792,2025-04-12 08:14:00,pickup,München
2316,792,792,2025-04-12 08:08:00,out_for_delivery,Köln
2317,792,792,2025-04-12 08:37:00,delivered,Berlin
2318,793,793,2025-04-12 10:29:00,pickup,Leipzig
2319,793,793,2025-04-12 10:24:00,out_for_delivery,Berlin
2320,793,793,2025-04-12 10:38:00,delivered,Frankfurt
2321,794,794,2025-04-12 10:46:00,pickup,Berlin
2322,794,794,2025-04-12 11:20:00,out_for_delivery,Frankfurt
2323,794,794,2025-04-12 11:10:00,delivered,Köln
2324,795,795,2025-04-12 11:56:00,pickup,Stuttgart
2325,795,795,2025-04-12 11:49:00,out_for_delivery,Stuttgart
2326,795,795,2025-04-12 11:50:00,delivered,Berlin
2327,796,796,2025-04-12 12:27:00,pickup,Berlin
2328,796,796,2025-04-12 12:47:00,out_for_delivery,Köln
2329,796,796,2025-04-12 12:39:00,delivered,Hamburg
2330,797,797,2025-04-12 14:57:00,pickup,Hamburg
2331,797,797,2025-04-12 14:48:00,out_for_delivery,Berlin
2332,797,797,2025-04-12 14:39:00,delivered,Köln
2333,798,798,2025-05-22 09:05:00,pickup,Frankfurt
2334,798,798,2025-05-22 09:04:00,out_for_delivery,Berlin
2335,799,799,2025-05-22 10:21:00,pickup,Köln
2336,799,799,2025-05-22 10:35:00,out_for_delivery,Leipzig
2337,799,799,2025-05-22 10:40:00,delivered,München
2338,800,800,2025-05-22 12:23:00,pickup,Hamburg
2339,800,800,2025-05-22 12:05:00,out_for_delivery,Stuttgart
2340,800,800,2025-05-22 12:08:00,delivered,Köln
2341,801,801,2025-05-22 12:52:00,pickup,Berlin
2342,801,801,2025-05-22 13:16:00,out_for_delivery,Köln
2343,801,801,2025-05-22 13:01:00,delivered,München
2344,802,802,2025-05-22 13:07:00,pickup,Stuttgart
2345,802,802,2025-05-22 13:19:00,out_for_delivery,Berlin
2346,802,802,2025-05-22 13:11:00,delivered,Stuttgart
2347,803,803,2025-05-22 13:29:00,pickup,Berlin
2348,803,803,2025-05-22 13:57:00,out_for_delivery,Berlin
2349,803,803,2025-05-22 13:43:00,delivered,Frankfurt
2350,804,804,2025-05-22 15:07:00,pickup,Stuttgart
2351,804,804,2025-05-22 14:53:00,out_for_delivery,Berlin
2352,804,804,2025-05-22 15:09:00,delivered,Köln
2353,805,805,2025-06-14 09:30:00,pickup,Köln
2354,805,805,2025-06-14 09:38:00,out_for_delivery,München
2355,805,805,2025-06-14 09:47:00,delivered,Köln
2356,806,806,2025-06-14 10:06:00,pickup,Stuttgart
2357,806,806,2025-06-14 10:10:00,out_for_delivery,Berlin
2358,806,806,2025-06-14 10:05:00,delivered,Stuttgart
2359,807,807,2025-06-14 11:52:00,pickup,Köln
2360,807,807,2025-06-14 11:39:00,out_for_delivery,Frankfurt
2361,807,807,2025-06-14 11:49:00,delivered,Hamburg
2362,808,808,2025-06-14 11:43:00,pickup,Hamburg
2363,808,808,2025-06-14 11:52:00,out_for_delivery,Frankfurt
2364,808,808,2025-06-14 11:59:00,delivered,Hamburg
2365,809,809,2025-06-21 09:20:00,pickup,Leipzig
2366,809,809,2025-06-21 08:58:00,out_for_delivery,Frankfurt
2367,809,809,2025-06-21 09:07:00,delivered,München
2368,810,810,2025-06-21 10:27:00,pickup,Berlin
2369,810,810,2025-06-21 10:09:00,out_for_delivery,Hamburg
2370,810,810,2025-06-21 10:27:00,delivered,Berlin
2371,811,811,2025-06-21 11:14:00,pickup,Hamburg
2372,811,811,2025-06-21 11:09:00,out_for_delivery,Stuttgart
2373,811,811,2025-06-21 11:18:00,delivered,Frankfurt
2374,812,812,2025-06-21 12:10:00,pickup,München
2375,812,812,2025-06-21 12:19:00,out_for_delivery,Berlin
2376,812,812,2025-06-21 12:31:00,delivered,Berlin
2377,813,813,2025-04-24 09:09:00,pickup,Frankfurt
2378,813,813,2025-04-24 09:26:00,out_for_delivery,Frankfurt
2379,813,813,2025-04-24 09:08:00,delivered,München
2380,814,814,2025-04-24 11:24:00,pickup,Leipzig
2381,814,814,2025-04-24 11:10:00,out_for_delivery,Stuttgart
2382,814,814,2025-04-24 11:39:00,delivered,Berlin
2383,815,815,2025-04-24 11:30:00,pickup,Leipzig
2384,815,815,2025-04-24 11:47:00,out_for_delivery,Köln
2385,815,815,2025-04-24 12:09:00,delivered,München
2386,816,816,2025-04-24 12:05:00,pickup,München
2387,816,816,2025-04-24 12:05:00,out_for_delivery,Hamburg
2388,816,816,2025-04-24 12:23:00,delivered,Berlin
2389,817,817,2025-04-24 13:00:00,pickup,Berlin
2390,817,817,2025-04-24 13:05:00,out_for_delivery,Leipzig
2391,817,817,2025-04-24 13:16:00,delivered,Frankfurt
2392,818,818,2025-04-24 13:39:00,pickup,Hamburg
2393,818,818,2025-04-24 13:36:00,out_for_delivery,Berlin
2394,818,818,2025-04-24 13:36:00,delivered,Köln
2395,819,819,2025-04-24 14:23:00,pickup,Leipzig
2396,819,819,2025-04-24 14:15:00,out_for_delivery,Berlin
2397,819,819,2025-04-24 14:23:00,delivered,Hamburg
2398,820,820,2025-06-17 09:13:00,pickup,Hamburg
2399,820,820,2025-06-17 08:45:00,out_for_delivery,Hamburg
2400,820,820,2025-06-17 09:11:00,delivered,Frankfurt
2401,821,821,2025-06-17 10:28:00,pickup,Berlin
2402,821,821,2025-06-17 10:50:00,out_for_delivery,Berlin
2403,821,821,2025-06-17 10:26:00,delivered,Köln
2404,822,822,2025-06-17 11:03:00,pickup,Köln
2405,822,822,2025-06-17 11:24:00,out_for_delivery,Köln
2406,822,822,2025-06-17 10:53:00,delivered,München
2407,823,823,2025-04-25 09:54:00,pickup,Köln
2408,823,823,2025-04-25 09:41:00,out_for_delivery,Stuttgart
2409,823,823,2025-04-25 10:09:00,delivered,Leipzig
2410,824,824,2025-04-25 10:02:00,pickup,Hamburg
2411,824,824,2025-04-25 09:30:00,out_for_delivery,Hamburg
2412,824,824,2025-04-25 10:09:00,delivered,Stuttgart
2413,825,825,2025-04-25 11:59:00,pickup,Frankfurt
2414,825,825,2025-04-25 11:32:00,out_for_delivery,Frankfurt
2415,826,826,2025-05-13 10:23:00,pickup,Hamburg
2416,826,826,2025-05-13 10:18:00,out_for_delivery,Leipzig
2417,826,826,2025-05-13 10:24:00,delivered,Berlin
2418,827,827,2025-05-13 09:51:00,pickup,Stuttgart
2419,827,827,2025-05-13 09:45:00,out_for_delivery,Hamburg
2420,827,827,2025-05-13 09:22:00,delivered,Berlin
2421,828,828,2025-05-13 11:53:00,pickup,München
2422,828,828,2025-05-13 11:44:00,out_for_delivery,Berlin
2423,829,829,2025-05-13 11:16:00,pickup,Köln
2424,829,829,2025-05-13 11:16:00,out_for_delivery,Berlin
2425,829,829,2025-05-13 11:46:00,delivered,Leipzig
2426,830,830,2025-05-13 13:18:00,pickup,Frankfurt
2427,830,830,2025-05-13 13:07:00,out_for_delivery,München
2428,830,830,2025-05-13 13:29:00,delivered,Berlin
2429,831,831,2025-05-13 13:45:00,pickup,Hamburg
2430,831,831,2025-05-13 13:37:00,out_for_delivery,Leipzig
2431,831,831,2025-05-13 13:44:00,delivered,Berlin
2432,832,832,2025-05-07 09:42:00,pickup,Berlin
2433,832,832,2025-05-07 09:32:00,out_for_delivery,Stuttgart
2434,832,832,2025-05-07 10:01:00,delivered,Stuttgart
2435,833,833,2025-05-07 10:04:00,pickup,München
2436,833,833,2025-05-07 10:18:00,out_for_delivery,Stuttgart
2437,833,833,2025-05-07 10:08:00,delivered,Berlin
2438,834,834,2025-05-07 11:24:00,pickup,Berlin
2439,834,834,2025-05-07 10:45:00,out_for_delivery,Frankfurt
2440,834,834,2025-05-07 10:50:00,delivered,Köln
2441,835,835,2025-05-07 11:53:00,pickup,Köln
2442,835,835,2025-05-07 11:59:00,out_for_delivery,Köln
2443,835,835,2025-05-07 11:22:00,delivered,München
2444,836,836,2025-05-07 13:32:00,pickup,Hamburg
2445,836,836,2025-05-07 13:23:00,out_for_delivery,Frankfurt
2446,836,836,2025-05-07 13:06:00,delivered,Köln
2447,837,837,2025-04-01 09:49:00,pickup,Leipzig
2448,837,837,2025-04-01 09:30:00,out_for_delivery,Frankfurt
2449,837,837,2025-04-01 09:38:00,delivered,Hamburg
2450,838,838,2025-04-01 10:31:00,pickup,Frankfurt
2451,838,838,2025-04-01 10:47:00,out_for_delivery,München
2452,838,838,2025-04-01 10:33:00,delivered,Frankfurt
2453,839,839,2025-04-01 10:42:00,pickup,Leipzig
2454,839,839,2025-04-01 10:48:00,out_for_delivery,Köln
2455,839,839,2025-04-01 10:41:00,delivered,Berlin
2456,840,840,2025-04-01 12:01:00,pickup,Hamburg
2457,840,840,2025-04-01 12:08:00,out_for_delivery,Stuttgart
2458,840,840,2025-04-01 12:11:00,delivered,Leipzig
2459,841,841,2025-04-01 13:23:00,pickup,Berlin
2460,841,841,2025-04-01 13:09:00,out_for_delivery,Frankfurt
2461,841,841,2025-04-01 12:45:00,delivered,Stuttgart
2462,842,842,2025-06-02 08:57:00,pickup,Frankfurt
2463,842,842,2025-06-02 08:48:00,out_for_delivery,Stuttgart
2464,842,842,2025-06-02 08:50:00,delivered,Hamburg
2465,843,843,2025-06-02 10:09:00,pickup,Hamburg
2466,843,843,2025-06-02 09:35:00,out_for_delivery,München
2467,843,843,2025-06-02 10:03:00,delivered,Berlin
2468,844,844,2025-06-02 11:18:00,pickup,Berlin
2469,844,844,2025-06-02 11:26:00,out_for_delivery,Hamburg
2470,844,844,2025-06-02 11:36:00,delivered,Köln
2471,845,845,2025-04-24 08:38:00,pickup,Hamburg
2472,845,845,2025-04-24 08:35:00,out_for_delivery,Leipzig
2473,846,846,2025-04-24 10:01:00,pickup,Leipzig
2474,846,846,2025-04-24 10:07:00,out_for_delivery,Köln
2475,846,846,2025-04-24 09:44:00,delivered,Frankfurt
2476,847,847,2025-04-24 10:37:00,pickup,Frankfurt
2477,847,847,2025-04-24 10:53:00,out_for_delivery,Hamburg
2478,847,847,2025-04-24 10:31:00,delivered,Hamburg
2479,848,848,2025-04-24 12:32:00,pickup,Hamburg
2480,848,848,2025-04-24 12:26:00,out_for_delivery,Stuttgart
2481,848,848,2025-04-24 12:18:00,delivered,Berlin
2482,849,849,2025-04-24 13:08:00,pickup,Berlin
2483,849,849,2025-04-24 13:10:00,out_for_delivery,Hamburg
2484,849,849,2025-04-24 12:30:00,delivered,Berlin
2485,850,850,2025-06-08 10:37:00,pickup,Köln
2486,850,850,2025-06-08 10:14:00,out_for_delivery,München
2487,850,850,2025-06-08 10:09:00,delivered,Stuttgart
2488,851,851,2025-06-08 10:27:00,pickup,Köln
2489,851,851,2025-06-08 10:32:00,out_for_delivery,Hamburg
2490,851,851,2025-06-08 10:35:00,delivered,München
2491,852,852,2025-06-08 11:06:00,pickup,Berlin
2492,852,852,2025-06-08 11:11:00,out_for_delivery,Berlin
2493,852,852,2025-06-08 10:48:00,delivered,Hamburg
2494,853,853,2025-06-08 12:48:00,pickup,Leipzig
2495,853,853,2025-06-08 12:53:00,out_for_delivery,Köln
2496,854,854,2025-06-08 13:03:00,pickup,Berlin
2497,854,854,2025-06-08 12:30:00,out_for_delivery,Köln
2498,854,854,2025-06-08 13:07:00,delivered,München
2499,855,855,2025-06-08 13:49:00,pickup,Stuttgart
2500,855,855,2025-06-08 13:52:00,out_for_delivery,Berlin
2501,855,855,2025-06-08 13:26:00,delivered,Leipzig
2502,856,856,2025-05-01 09:34:00,pickup,Hamburg
2503,856,856,2025-05-01 09:07:00,out_for_delivery,München
2504,856,856,2025-05-01 09:11:00,delivered,Köln
2505,857,857,2025-05-01 10:22:00,pickup,Frankfurt
2506,857,857,2025-05-01 10:34:00,out_for_delivery,Köln
2507,857,857,2025-05-01 10:01:00,delivered,Leipzig
2508,858,858,2025-05-01 11:14:00,pickup,Frankfurt
2509,858,858,2025-05-01 11:11:00,out_for_delivery,München
2510,858,858,2025-05-01 11:32:00,delivered,Hamburg
2511,859,859,2025-05-01 12:20:00,pickup,Hamburg
2512,859,859,2025-05-01 12:03:00,out_for_delivery,Hamburg
2513,859,859,2025-05-01 12:06:00,delivered,Stuttgart
2514,860,860,2025-05-01 12:49:00,pickup,Frankfurt
2515,860,860,2025-05-01 13:00:00,out_for_delivery,Köln
2516,860,860,2025-05-01 12:41:00,delivered,Hamburg
2517,861,861,2025-05-19 09:16:00,pickup,Stuttgart
2518,861,861,2025-05-19 09:16:00,out_for_delivery,München
2519,861,861,2025-05-19 09:01:00,delivered,Stuttgart
2520,862,862,2025-05-19 09:53:00,pickup,Leipzig
2521,862,862,2025-05-19 09:41:00,out_for_delivery,Hamburg
2522,862,862,2025-05-19 09:51:00,delivered,Köln
2523,863,863,2025-05-19 10:57:00,pickup,Leipzig
2524,863,863,2025-05-19 10:56:00,out_for_delivery,Köln
2525,863,863,2025-05-19 10:46:00,delivered,Berlin
2526,864,864,2025-05-19 11:36:00,pickup,Hamburg
2527,864,864,2025-05-19 11:34:00,out_for_delivery,Leipzig
2528,864,864,2025-05-19 11:15:00,delivered,Leipzig
2529,865,865,2025-05-19 12:16:00,pickup,Hamburg
2530,865,865,2025-05-19 12:27:00,out_for_delivery,Köln
2531,865,865,2025-05-19 12:22:00,delivered,Frankfurt
2532,866,866,2025-04-18 10:03:00,pickup,München
2533,866,866,2025-04-18 09:37:00,out_for_delivery,Frankfurt
2534,866,866,2025-04-18 09:31:00,delivered,Hamburg
2535,867,867,2025-04-18 10:45:00,pickup,München
2536,867,867,2025-04-18 10:43:00,out_for_delivery,Berlin
2537,867,867,2025-04-18 10:18:00,delivered,Leipzig
2538,868,868,2025-04-18 11:12:00,pickup,Köln
2539,868,868,2025-04-18 11:11:00,out_for_delivery,Köln
2540,868,868,2025-04-18 11:22:00,delivered,Köln
2541,869,869,2025-04-18 12:12:00,pickup,München
2542,869,869,2025-04-18 12:22:00,out_for_delivery,München
2543,869,869,2025-04-18 12:06:00,delivered,Frankfurt
2544,870,870,2025-06-01 09:45:00,pickup,Leipzig
2545,870,870,2025-06-01 09:40:00,out_for_delivery,Berlin
2546,870,870,2025-06-01 09:32:00,delivered,Frankfurt
2547,871,871,2025-06-01 09:38:00,pickup,Köln
2548,871,871,2025-06-01 10:12:00,out_for_delivery,Berlin
2549,871,871,2025-06-01 10:02:00,delivered,Hamburg
2550,872,872,2025-06-01 11:36:00,pickup,Köln
2551,872,872,2025-06-01 11:50:00,out_for_delivery,Frankfurt
2552,872,872,2025-06-01 11:42:00,delivered,Berlin
2553,873,873,2025-06-08 09:20:00,pickup,Hamburg
2554,873,873,2025-06-08 09:04:00,out_for_delivery,Stuttgart
2555,873,873,2025-06-08 08:53:00,delivered,Stuttgart
2556,874,874,2025-06-08 09:17:00,pickup,Köln
2557,874,874,2025-06-08 09:19:00,out_for_delivery,München
2558,874,874,2025-06-08 09:44:00,delivered,Frankfurt
2559,875,875,2025-06-08 11:30:00,pickup,Leipzig
2560,875,875,2025-06-08 11:27:00,out_for_delivery,Leipzig
2561,875,875,2025-06-08 11:12:00,delivered,Hamburg
2562,876,876,2025-06-08 11:45:00,pickup,Frankfurt
2563,876,876,2025-06-08 11:41:00,out_for_delivery,Hamburg
2564,876,876,2025-06-08 11:20:00,delivered,Frankfurt
2565,877,877,2025-06-08 13:54:00,pickup,Frankfurt
2566,877,877,2025-06-08 13:46:00,out_for_delivery,München
2567,877,877,2025-06-08 13:26:00,delivered,Berlin
2568,878,878,2025-06-08 15:22:00,pickup,München
2569,878,878,2025-06-08 15:15:00,out_for_delivery,Frankfurt
2570,879,879,2025-06-08 14:27:00,pickup,Hamburg
2571,879,879,2025-06-08 14:32:00,out_for_delivery,Leipzig
2572,879,879,2025-06-08 14:43:00,delivered,Berlin
2573,880,880,2025-06-06 09:53:00,pickup,Hamburg
2574,880,880,2025-06-06 09:40:00,out_for_delivery,Berlin
2575,880,880,2025-06-06 09:53:00,delivered,Leipzig
2576,881,881,2025-06-06 10:46:00,pickup,Hamburg
2577,881,881,2025-06-06 10:53:00,out_for_delivery,Frankfurt
2578,881,881,2025-06-06 10:54:00,delivered,Berlin
2579,882,882,2025-06-06 10:32:00,pickup,Frankfurt
2580,882,882,2025-06-06 10:35:00,out_for_delivery,Leipzig
2581,882,882,2025-06-06 10:42:00,delivered,Hamburg
2582,883,883,2025-06-06 12:22:00,pickup,München
2583,883,883,2025-06-06 12:21:00,out_for_delivery,Stuttgart
2584,884,884,2025-06-06 13:29:00,pickup,Köln
2585,884,884,2025-06-06 13:35:00,out_for_delivery,Berlin
2586,885,885,2025-04-22 10:09:00,pickup,Frankfurt
2587,885,885,2025-04-22 10:14:00,out_for_delivery,München
2588,885,885,2025-04-22 10:02:00,delivered,Berlin
2589,886,886,2025-04-22 09:53:00,pickup,Hamburg
2590,886,886,2025-04-22 10:00:00,out_for_delivery,Stuttgart
2591,886,886,2025-04-22 10:13:00,delivered,Köln
2592,887,887,2025-04-22 10:48:00,pickup,Stuttgart
2593,887,887,2025-04-22 11:01:00,out_for_delivery,Köln
2594,887,887,2025-04-22 10:40:00,delivered,Köln
2595,888,888,2025-04-22 12:29:00,pickup,Berlin
2596,888,888,2025-04-22 12:21:00,out_for_delivery,München
2597,888,888,2025-04-22 12:39:00,delivered,Frankfurt
2598,889,889,2025-05-22 08:57:00,pickup,Leipzig
2599,889,889,2025-05-22 08:30:00,out_for_delivery,München
2600,889,889,2025-05-22 08:50:00,delivered,Hamburg
2601,890,890,2025-05-22 09:58:00,pickup,Frankfurt
2602,890,890,2025-05-22 09:34:00,out_for_delivery,München
2603,890,890,2025-05-22 09:22:00,delivered,Köln
2604,891,891,2025-05-22 12:25:00,pickup,Hamburg
2605,891,891,2025-05-22 12:02:00,out_for_delivery,Berlin
2606,891,891,2025-05-22 11:46:00,delivered,Berlin
2607,892,892,2025-05-22 12:37:00,pickup,Stuttgart
2608,892,892,2025-05-22 12:13:00,out_for_delivery,Leipzig
2609,892,892,2025-05-22 12:36:00,delivered,München
2610,893,893,2025-06-26 09:09:00,pickup,Berlin
2611,893,893,2025-06-26 09:05:00,out_for_delivery,Frankfurt
2612,893,893,2025-06-26 09:20:00,delivered,Frankfurt
2613,894,894,2025-06-26 10:22:00,pickup,Frankfurt
2614,894,894,2025-06-26 10:05:00,out_for_delivery,Hamburg
2615,895,895,2025-06-26 11:27:00,pickup,München
2616,895,895,2025-06-26 11:19:00,out_for_delivery,Stuttgart
2617,896,896,2025-06-22 08:43:00,pickup,Leipzig
2618,896,896,2025-06-22 09:06:00,out_for_delivery,Frankfurt
2619,897,897,2025-06-22 09:36:00,pickup,Frankfurt
2620,897,897,2025-06-22 09:20:00,out_for_delivery,Leipzig
2621,897,897,2025-06-22 09:44:00,delivered,München
2622,898,898,2025-06-22 10:02:00,pickup,Leipzig
2623,898,898,2025-06-22 10:36:00,out_for_delivery,Hamburg
2624,898,898,2025-06-22 10:18:00,delivered,Köln
2625,899,899,2025-06-22 12:33:00,pickup,Stuttgart
2626,899,899,2025-06-22 12:44:00,out_for_delivery,Stuttgart
2627,899,899,2025-06-22 12:35:00,delivered,Stuttgart
2628,900,900,2025-05-19 09:08:00,pickup,Köln
2629,900,900,2025-05-19 09:27:00,out_for_delivery,Hamburg
2630,900,900,2025-05-19 09:37:00,delivered,Hamburg
2631,901,901,2025-05-19 09:53:00,pickup,Köln
2632,901,901,2025-05-19 09:46:00,out_for_delivery,Frankfurt
2633,901,901,2025-05-19 09:49:00,delivered,Frankfurt
2634,902,902,2025-05-19 11:04:00,pickup,Frankfurt
2635,902,902,2025-05-19 11:39:00,out_for_delivery,München
2636,902,902,2025-05-19 11:13:00,delivered,Stuttgart
2637,903,903,2025-05-19 11:32:00,pickup,Leipzig
2638,903,903,2025-05-19 11:47:00,out_for_delivery,Leipzig
2639,903,903,2025-05-19 12:00:00,delivered,Leipzig
2640,904,904,2025-05-19 13:30:00,pickup,Leipzig
2641,904,904,2025-05-19 13:11:00,out_for_delivery,München
2642,904,904,2025-05-19 13:35:00,delivered,Frankfurt
2643,905,905,2025-05-19 14:22:00,pickup,Frankfurt
2644,905,905,2025-05-19 13:48:00,out_for_delivery,Hamburg
2645,905,905,2025-05-19 13:56:00,delivered,München
2646,906,906,2025-05-19 14:35:00,pickup,Hamburg
2647,906,906,2025-05-19 14:01:00,out_for_delivery,Frankfurt
2648,906,906,2025-05-19 14:08:00,delivered,Köln
2649,907,907,2025-06-23 09:10:00,pickup,Hamburg
2650,907,907,2025-06-23 08:30:00,out_for_delivery,Leipzig
2651,907,907,2025-06-23 08:45:00,delivered,Stuttgart
2652,908,908,2025-06-23 09:45:00,pickup,Stuttgart
2653,908,908,2025-06-23 09:21:00,out_for_delivery,Stuttgart
2654,908,908,2025-06-23 09:40:00,delivered,Leipzig
2655,909,909,2025-06-23 11:54:00,pickup,Hamburg
2656,909,909,2025-06-23 12:22:00,out_for_delivery,Stuttgart
2657,909,909,2025-06-23 12:18:00,delivered,München
2658,910,910,2025-06-23 12:23:00,pickup,Leipzig
2659,910,910,2025-06-23 11:57:00,out_for_delivery,Stuttgart
2660,910,910,2025-06-23 12:01:00,delivered,Berlin
2661,911,911,2025-06-23 13:15:00,pickup,Berlin
2662,911,911,2025-06-23 12:36:00,out_for_delivery,München
2663,911,911,2025-06-23 13:08:00,delivered,Hamburg
2664,912,912,2025-06-23 14:03:00,pickup,Leipzig
2665,912,912,2025-06-23 13:54:00,out_for_delivery,München
2666,912,912,2025-06-23 13:38:00,delivered,München
2667,913,913,2025-06-10 09:50:00,pickup,Berlin
2668,913,913,2025-06-10 09:53:00,out_for_delivery,Stuttgart
2669,913,913,2025-06-10 09:15:00,delivered,Köln
2670,914,914,2025-06-10 11:09:00,pickup,Köln
2671,914,914,2025-06-10 10:43:00,out_for_delivery,Leipzig
2672,914,914,2025-06-10 10:53:00,delivered,Hamburg
2673,915,915,2025-06-10 11:04:00,pickup,Leipzig
2674,915,915,2025-06-10 11:27:00,out_for_delivery,Frankfurt
2675,915,915,2025-06-10 11:15:00,delivered,Frankfurt
2676,916,916,2025-06-10 11:26:00,pickup,Leipzig
2677,916,916,2025-06-10 11:30:00,out_for_delivery,Leipzig
2678,916,916,2025-06-10 11:28:00,delivered,Berlin
2679,917,917,2025-05-16 10:08:00,pickup,München
2680,917,917,2025-05-16 10:12:00,out_for_delivery,München
2681,917,917,2025-05-16 10:16:00,delivered,Frankfurt
2682,918,918,2025-05-16 09:57:00,pickup,Frankfurt
2683,918,918,2025-05-16 10:07:00,out_for_delivery,München
2684,919,919,2025-05-16 11:34:00,pickup,Stuttgart
2685,919,919,2025-05-16 11:04:00,out_for_delivery,Hamburg
2686,919,919,2025-05-16 11:20:00,delivered,Leipzig
2687,920,920,2025-05-16 12:23:00,pickup,Stuttgart
2688,920,920,2025-05-16 12:21:00,out_for_delivery,Frankfurt
2689,920,920,2025-05-16 11:55:00,delivered,Stuttgart
2690,921,921,2025-05-16 13:47:00,pickup,Hamburg
2691,921,921,2025-05-16 13:48:00,out_for_delivery,Frankfurt
2692,921,921,2025-05-16 14:24:00,delivered,Leipzig
2693,922,922,2025-05-16 13:56:00,pickup,München
2694,922,922,2025-05-16 13:59:00,out_for_delivery,Leipzig
2695,922,922,2025-05-16 13:39:00,delivered,Leipzig
2696,923,923,2025-05-16 14:59:00,pickup,Köln
2697,923,923,2025-05-16 15:14:00,out_for_delivery,Berlin
2698,923,923,2025-05-16 14:58:00,delivered,Köln
2699,924,924,2025-04-03 09:22:00,pickup,Köln
2700,924,924,2025-04-03 09:24:00,out_for_delivery,Hamburg
2701,924,924,2025-04-03 09:13:00,delivered,Leipzig
2702,925,925,2025-04-03 10:53:00,pickup,Berlin
2703,925,925,2025-04-03 11:17:00,out_for_delivery,Berlin
2704,925,925,2025-04-03 10:58:00,delivered,Hamburg
2705,926,926,2025-04-03 11:31:00,pickup,München
2706,926,926,2025-04-03 11:37:00,out_for_delivery,Stuttgart
2707,926,926,2025-04-03 11:58:00,delivered,Frankfurt
2708,927,927,2025-04-03 12:03:00,pickup,Leipzig
2709,927,927,2025-04-03 12:36:00,out_for_delivery,Hamburg
2710,927,927,2025-04-03 12:20:00,delivered,Köln
2711,928,928,2025-04-03 12:54:00,pickup,Leipzig
2712,928,928,2025-04-03 12:24:00,out_for_delivery,Berlin
2713,928,928,2025-04-03 12:39:00,delivered,Stuttgart
2714,929,929,2025-04-03 14:09:00,pickup,Stuttgart
2715,929,929,2025-04-03 14:11:00,out_for_delivery,München
2716,929,929,2025-04-03 14:22:00,delivered,Hamburg
2717,930,930,2025-04-03 15:33:00,pickup,Frankfurt
2718,930,930,2025-04-03 15:41:00,out_for_delivery,München
2719,930,930,2025-04-03 15:15:00,delivered,Frankfurt
2720,931,931,2025-04-21 10:03:00,pickup,München
2721,931,931,2025-04-21 10:25:00,out_for_delivery,Frankfurt
2722,931,931,2025-04-21 10:10:00,delivered,Köln
2723,932,932,2025-04-21 09:21:00,pickup,Hamburg
2724,932,932,2025-04-21 09:49:00,out_for_delivery,Stuttgart
2725,932,932,2025-04-21 10:00:00,delivered,Berlin
2726,933,933,2025-04-21 11:57:00,pickup,Berlin
2727,933,933,2025-04-21 12:10:00,out_for_delivery,München
2728,934,934,2025-04-21 11:35:00,pickup,Leipzig
2729,934,934,2025-04-21 11:12:00,out_for_delivery,Berlin
2730,934,934,2025-04-21 11:36:00,delivered,Berlin
2731,935,935,2025-04-21 12:53:00,pickup,München
2732,935,935,2025-04-21 12:57:00,out_for_delivery,München
2733,935,935,2025-04-21 13:10:00,delivered,Frankfurt
2734,936,936,2025-04-21 13:14:00,pickup,München
2735,936,936,2025-04-21 13:36:00,out_for_delivery,Berlin
2736,937,937,2025-04-21 15:47:00,pickup,Frankfurt
2737,937,937,2025-04-21 15:58:00,out_for_delivery,Hamburg
2738,937,937,2025-04-21 15:43:00,delivered,Berlin
2739,938,938,2025-04-02 09:12:00,pickup,Hamburg
2740,938,938,2025-04-02 09:40:00,out_for_delivery,Köln
2741,938,938,2025-04-02 09:18:00,delivered,Berlin
2742,939,939,2025-04-02 10:15:00,pickup,Leipzig
2743,939,939,2025-04-02 09:55:00,out_for_delivery,Frankfurt
2744,939,939,2025-04-02 09:45:00,delivered,Leipzig
2745,940,940,2025-04-02 11:19:00,pickup,Hamburg
2746,940,940,2025-04-02 11:36:00,out_for_delivery,Stuttgart
2747,940,940,2025-04-02 11:07:00,delivered,Frankfurt
2748,941,941,2025-04-02 12:22:00,pickup,Berlin
2749,941,941,2025-04-02 12:34:00,out_for_delivery,Stuttgart
2750,941,941,2025-04-02 12:28:00,delivered,Hamburg
2751,942,942,2025-04-02 13:17:00,pickup,Köln
2752,942,942,2025-04-02 13:44:00,out_for_delivery,München
2753,942,942,2025-04-02 13:28:00,delivered,Frankfurt
2754,943,943,2025-04-02 14:16:00,pickup,Stuttgart
2755,943,943,2025-04-02 14:39:00,out_for_delivery,Köln
2756,943,943,2025-04-02 14:29:00,delivered,Berlin
2757,944,944,2025-04-02 14:53:00,pickup,München
2758,944,944,2025-04-02 14:15:00,out_for_delivery,Frankfurt
2759,944,944,2025-04-02 14:30:00,delivered,Leipzig
2760,945,945,2025-04-14 09:16:00,pickup,München
2761,945,945,2025-04-14 09:12:00,out_for_delivery,Berlin
2762,945,945,2025-04-14 09:18:00,delivered,Frankfurt
2763,946,946,2025-04-14 09:35:00,pickup,Leipzig
2764,946,946,2025-04-14 09:49:00,out_for_delivery,Berlin
2765,946,946,2025-04-14 09:29:00,delivered,München
2766,947,947,2025-04-14 11:29:00,pickup,München
2767,947,947,2025-04-14 11:43:00,out_for_delivery,Stuttgart
2768,947,947,2025-04-14 11:45:00,delivered,Stuttgart
2769,948,948,2025-04-14 13:19:00,pickup,Köln
2770,948,948,2025-04-14 13:11:00,out_for_delivery,Leipzig
2771,949,949,2025-05-14 10:04:00,pickup,Frankfurt
2772,949,949,2025-05-14 09:33:00,out_for_delivery,München
2773,949,949,2025-05-14 09:52:00,delivered,Hamburg
2774,950,950,2025-05-14 09:57:00,pickup,Leipzig
2775,950,950,2025-05-14 09:34:00,out_for_delivery,Leipzig
2776,950,950,2025-05-14 09:34:00,delivered,Leipzig
2777,951,951,2025-05-14 11:28:00,pickup,München
2778,951,951,2025-05-14 11:52:00,out_for_delivery,München
2779,951,951,2025-05-14 11:50:00,delivered,Berlin
2780,952,952,2025-05-20 08:53:00,pickup,Stuttgart
2781,952,952,2025-05-20 09:01:00,out_for_delivery,München
2782,952,952,2025-05-20 09:08:00,delivered,München
2783,953,953,2025-05-20 10:03:00,pickup,München
2784,953,953,2025-05-20 09:35:00,out_for_delivery,Hamburg
2785,953,953,2025-05-20 09:48:00,delivered,Frankfurt
2786,954,954,2025-05-20 10:54:00,pickup,Stuttgart
2787,954,954,2025-05-20 10:31:00,out_for_delivery,Leipzig
2788,954,954,2025-05-20 10:49:00,delivered,Berlin
2789,955,955,2025-05-20 11:31:00,pickup,Köln
2790,955,955,2025-05-20 12:02:00,out_for_delivery,Leipzig
2791,955,955,2025-05-20 11:53:00,delivered,Frankfurt
2792,956,956,2025-05-20 12:35:00,pickup,Stuttgart
2793,956,956,2025-05-20 12:43:00,out_for_delivery,Frankfurt
2794,956,956,2025-05-20 12:46:00,delivered,Stuttgart
2795,957,957,2025-05-20 13:19:00,pickup,Frankfurt
2796,957,957,2025-05-20 13:27:00,out_for_delivery,München
2797,957,957,2025-05-20 13:35:00,delivered,Stuttgart
2798,958,958,2025-05-20 14:35:00,pickup,Leipzig
2799,958,958,2025-05-20 14:06:00,out_for_delivery,Hamburg
2800,958,958,2025-05-20 14:33:00,delivered,Stuttgart
