invoice_id,order_id,invoice_date,due_date,currency,payment_method,gross_amount,tax_amount,paid_amount,remaining_amount,status,dunning_level,cancelled_at
1,2,2025-12-25,2026-01-24,CHF,invoice,2223.82,355.06,0.0,2223.82,open,1,
2,4,2025-07-28,2025-08-27,EUR,invoice,1510.3,241.14,1510.3,0.0,paid,0,
3,7,2024-03-25,2024-05-09,EUR,card,1940.52,309.83,1940.52,0.0,paid,0,
4,8,2024-02-04,2024-02-18,EUR,sepa,1817.31,290.16,1817.31,0.0,paid,0,
5,9,2026-06-08,2026-07-08,EUR,card,3350.91,535.02,0.0,3350.91,open,2,
6,10,2025-03-13,2025-04-27,EUR,paypal,1604.96,256.25,1604.96,0.0,paid,0,
7,11,2024-08-20,2024-10-04,USD,prepay,3609.19,576.26,0.0,3609.19,cancelled,0,2024-08-23
8,12,2025-10-12,2025-10-26,EUR,prepay,2334.48,372.73,0.0,2334.48,open,2,
9,13,2025-06-20,2025-07-20,EUR,sepa,2782.48,444.26,2782.48,0.0,paid,0,
10,14,2024-09-04,2024-10-19,EUR,invoice,2124.85,339.26,2124.85,0.0,paid,0,
11,15,2025-12-08,2026-01-22,CHF,card,1244.12,198.64,1244.12,0.0,paid,0,
12,16,2025-05-29,2025-06-12,CHF,paypal,4331.3,691.55,4331.3,0.0,paid,0,
13,17,2025-11-01,2025-11-15,EUR,card,1882.9,300.63,0.0,1882.9,open,2,
14,20,2024-01-18,2024-03-03,USD,paypal,2156.95,344.39,0.0,2156.95,open,2,
15,21,2024-05-12,2024-05-26,USD,prepay,3207.87,512.18,3207.87,0.0,paid,0,
16,22,2024-08-16,2024-09-30,EUR,paypal,1253.22,200.09,1253.22,0.0,paid,0,
17,23,2026-06-17,2026-07-17,EUR,prepay,3559.24,568.28,3559.24,0.0,paid,0,
18,24,2025-01-22,2025-03-08,EUR,card,3052.59,487.39,3052.59,0.0,paid,0,
19,26,2024-09-13,2024-10-28,EUR,prepay,1657.71,264.68,1657.71,0.0,paid,0,
20,27,2026-06-20,2026-07-04,EUR,prepay,1294.48,206.68,1294.48,0.0,paid,0,
21,28,2025-07-20,2025-08-19,EUR,prepay,2063.5,329.47,2063.5,0.0,paid,0,
22,29,2024-04-15,2024-05-30,EUR,paypal,2252.23,359.6,2252.23,0.0,paid,0,
23,30,2025-06-22,2025-08-06,EUR,card,2385.28,380.84,2385.28,0.0,paid,0,
24,31,2025-02-01,2025-03-03,EUR,invoice,1894.67,302.51,1894.67,0.0,paid,0,
25,32,2024-07-14,2024-08-28,USD,prepay,2656.95,424.22,1062.78,1594.17,open,2,
26,35,2025-12-09,2025-12-23,EUR,card,3589.81,573.16,3589.81,0.0,paid,0,
27,38,2024-02-13,2024-02-27,EUR,sepa,2102.87,335.75,2102.87,0.0,paid,0,
28,39,2024-11-03,2024-12-03,CHF,paypal,2270.82,362.57,2270.82,0.0,paid,0,
29,40,2026-06-27,2026-08-11,USD,prepay,2939.09,469.27,2939.09,0.0,paid,0,
30,44,2024-12-24,2025-01-07,EUR,prepay,6539.93,1044.19,6539.93,0.0,paid,0,
31,45,2026-01-06,2026-01-20,EUR,invoice,1365.11,217.96,682.55,682.56,open,1,
32,46,2024-09-22,2024-11-06,EUR,prepay,3881.29,619.7,0.0,3881.29,cancelled,1,2024-09-25
33,47,2024-09-03,2024-09-17,EUR,sepa,1956.63,312.4,1956.63,0.0,paid,0,
34,48,2024-07-23,2024-08-06,EUR,card,2885.17,460.66,2885.17,0.0,paid,0,
35,51,2024-07-10,2024-08-24,USD,paypal,1767.59,282.22,1767.59,0.0,paid,0,
36,53,2024-11-06,2024-11-20,EUR,sepa,4838.43,772.52,4838.43,0.0,paid,0,
37,55,2025-10-08,2025-10-22,EUR,card,2393.89,382.22,2393.89,0.0,paid,0,
38,56,2026-03-29,2026-05-13,EUR,paypal,2610.92,416.87,2610.92,0.0,paid,0,
39,57,2024-10-18,2024-12-02,USD,paypal,2138.58,341.45,2138.58,0.0,paid,0,
40,58,2024-01-25,2024-03-10,EUR,paypal,1098.22,175.35,0.0,1098.22,cancelled,1,2024-01-28
41,60,2025-12-06,2026-01-20,EUR,paypal,825.69,131.83,825.69,0.0,paid,0,
42,62,2024-11-22,2025-01-06,USD,sepa,820.8,131.05,820.8,0.0,paid,0,
43,63,2025-07-24,2025-08-23,EUR,paypal,1692.62,270.25,1692.62,0.0,paid,0,
44,64,2024-02-13,2024-03-29,EUR,card,1686.04,269.2,1686.04,0.0,paid,0,
45,65,2024-08-06,2024-09-20,EUR,sepa,1810.13,289.01,1810.13,0.0,paid,0,
46,66,2024-02-01,2024-03-02,USD,paypal,4454.31,711.19,4454.31,0.0,paid,0,
47,68,2025-11-03,2025-11-17,EUR,invoice,4297.47,686.15,4297.47,0.0,paid,0,
48,70,2025-10-07,2025-11-21,EUR,sepa,1222.3,195.16,0.0,1222.3,cancelled,0,2025-10-10
49,71,2025-06-11,2025-07-26,USD,invoice,2047.39,326.89,2047.39,0.0,paid,0,
50,73,2024-01-13,2024-01-27,CHF,sepa,4074.05,650.48,4074.05,0.0,paid,0,
51,74,2026-06-02,2026-06-16,EUR,sepa,1346.59,215.0,1346.59,0.0,paid,0,
52,77,2026-07-09,2026-08-08,CHF,sepa,3305.67,527.8,3305.67,0.0,paid,0,
53,79,2025-05-31,2025-06-14,USD,invoice,560.57,89.5,560.57,0.0,paid,0,
54,80,2025-05-13,2025-06-12,CHF,invoice,2785.49,444.74,2785.49,0.0,paid,0,
55,81,2025-06-04,2025-06-18,EUR,card,1947.41,310.93,1947.41,0.0,paid,0,
56,82,2026-03-11,2026-04-25,EUR,paypal,1814.24,289.67,1814.24,0.0,paid,0,
57,83,2026-04-10,2026-05-25,EUR,sepa,1757.84,280.66,1757.84,0.0,paid,0,
58,84,2024-12-15,2025-01-29,EUR,sepa,6324.46,1009.79,6324.46,0.0,paid,0,
59,85,2025-12-25,2026-01-08,CHF,card,1451.91,231.82,725.96,725.95,open,0,
60,86,2024-01-30,2024-03-15,EUR,sepa,999.5,159.58,0.0,999.5,cancelled,0,2024-02-02
61,87,2025-04-04,2025-05-04,EUR,prepay,3533.34,564.15,3533.34,0.0,paid,0,
62,89,2025-02-19,2025-03-21,CHF,card,705.91,112.71,705.91,0.0,paid,0,
63,90,2026-06-09,2026-07-24,EUR,prepay,2005.71,320.24,2005.71,0.0,paid,0,
64,91,2024-03-15,2024-04-29,EUR,sepa,3527.67,563.24,3527.67,0.0,paid,0,
65,93,2026-06-13,2026-07-13,CHF,sepa,4243.33,677.51,4243.33,0.0,paid,0,
66,94,2025-11-02,2025-12-02,EUR,sepa,2853.88,455.66,2853.88,0.0,paid,0,
67,95,2025-09-21,2025-10-05,USD,sepa,3226.17,515.1,1613.09,1613.08,open,1,
68,97,2024-09-27,2024-10-27,EUR,sepa,3901.52,622.93,0.0,3901.52,open,0,
69,98,2025-10-11,2025-10-25,CHF,invoice,554.22,88.49,554.22,0.0,paid,0,
70,99,2025-03-18,2025-04-01,EUR,invoice,2899.54,462.95,2899.54,0.0,paid,0,
71,100,2025-09-05,2025-10-05,USD,sepa,2437.98,389.26,0.0,2437.98,open,0,
72,101,2025-10-19,2025-11-18,CHF,prepay,2742.25,437.84,1371.12,1371.13,open,2,
73,102,2026-07-15,2026-08-14,CHF,invoice,2092.94,334.17,2092.94,0.0,paid,0,
74,103,2024-05-07,2024-06-06,EUR,invoice,2014.1,321.58,2014.1,0.0,paid,0,
75,104,2024-10-24,2024-12-08,USD,prepay,2943.58,469.98,2943.58,0.0,paid,0,
76,105,2025-01-21,2025-02-04,USD,paypal,1420.74,226.84,1420.74,0.0,paid,0,
77,107,2026-04-20,2026-05-04,EUR,invoice,1966.86,314.04,1966.86,0.0,paid,0,
78,108,2026-05-24,2026-06-07,EUR,paypal,3685.04,588.37,3685.04,0.0,paid,0,
79,111,2024-11-11,2024-11-25,EUR,card,1782.95,284.67,1782.95,0.0,paid,0,
80,112,2025-11-10,2025-12-10,EUR,prepay,3427.83,547.3,3427.83,0.0,paid,0,
81,113,2024-08-03,2024-09-02,USD,prepay,3285.57,524.59,3285.57,0.0,paid,0,
82,114,2025-05-24,2025-06-07,EUR,paypal,684.83,109.34,684.83,0.0,paid,0,
83,118,2024-07-12,2024-08-26,EUR,invoice,2978.37,475.54,0.0,2978.37,open,1,
84,119,2025-01-30,2025-03-01,USD,paypal,1605.39,256.32,1605.39,0.0,paid,0,
85,120,2025-03-14,2025-04-13,USD,sepa,39547.75,6314.35,39547.75,0.0,paid,0,
86,121,2025-03-22,2025-04-05,EUR,invoice,937.2,149.64,0.0,937.2,open,0,
87,122,2024-04-24,2024-06-08,EUR,card,4326.69,690.82,4326.69,0.0,paid,0,
88,123,2024-05-30,2024-06-13,EUR,card,2507.73,400.39,2507.73,0.0,paid,0,
89,124,2024-12-26,2025-01-09,EUR,card,2110.86,337.03,2110.86,0.0,paid,0,
90,125,2024-12-20,2025-02-03,EUR,card,3437.76,548.89,3437.76,0.0,paid,0,
91,127,2024-02-16,2024-03-17,EUR,prepay,1379.96,220.33,1379.96,0.0,paid,0,
92,129,2024-05-30,2024-07-14,EUR,sepa,3621.34,578.2,3621.34,0.0,paid,0,
93,130,2025-03-08,2025-04-07,CHF,invoice,1992.89,318.19,1992.89,0.0,paid,0,
94,131,2025-12-21,2026-01-04,CHF,paypal,1817.24,290.15,1817.24,0.0,paid,0,
95,133,2024-12-13,2025-01-12,EUR,sepa,4035.87,644.38,4035.87,0.0,paid,0,
96,134,2025-11-24,2026-01-08,USD,invoice,3270.77,522.22,3270.77,0.0,paid,0,
97,135,2025-02-10,2025-03-27,EUR,card,1621.36,258.87,1621.36,0.0,paid,0,
98,136,2025-03-07,2025-03-21,EUR,card,944.82,150.85,944.82,0.0,paid,0,
99,137,2025-02-03,2025-03-20,USD,paypal,3393.65,541.84,3393.65,0.0,paid,0,
100,138,2025-09-17,2025-10-17,EUR,invoice,2568.08,410.03,0.0,2568.08,cancelled,2,2025-09-20
101,139,2024-11-15,2024-11-29,EUR,card,8932.52,1426.2,8932.52,0.0,paid,0,
102,140,2024-05-24,2024-06-23,EUR,card,4643.62,741.42,4643.62,0.0,paid,0,
103,141,2025-09-28,2025-11-12,EUR,card,1065.95,170.19,1065.95,0.0,paid,0,
104,142,2025-03-22,2025-04-21,USD,paypal,2380.81,380.13,2380.81,0.0,paid,0,
105,145,2025-02-11,2025-03-13,CHF,prepay,1255.46,200.45,1255.46,0.0,paid,0,
106,147,2024-09-22,2024-10-06,USD,invoice,2525.44,403.22,2525.44,0.0,paid,0,
107,148,2025-07-06,2025-08-20,EUR,paypal,2573.16,410.84,1029.26,1543.9,open,0,
108,149,2025-02-12,2025-03-29,EUR,paypal,1686.04,269.2,1686.04,0.0,paid,0,
109,150,2026-02-20,2026-03-22,EUR,invoice,1222.42,195.18,0.0,1222.42,open,2,
110,151,2025-05-22,2025-06-05,USD,invoice,2860.02,456.64,0.0,2860.02,open,0,
111,152,2026-02-20,2026-03-22,USD,invoice,1049.85,167.62,1049.85,0.0,paid,0,
112,153,2026-01-22,2026-03-08,USD,paypal,1277.75,204.01,1277.75,0.0,paid,0,
113,155,2025-09-25,2025-11-09,EUR,paypal,2703.72,431.69,1351.86,1351.86,open,2,
114,157,2026-03-06,2026-04-05,EUR,invoice,1066.03,170.21,1066.03,0.0,paid,0,
115,158,2025-08-17,2025-08-31,EUR,sepa,1748.49,279.17,0.0,1748.49,open,0,
116,159,2025-07-16,2025-08-15,EUR,invoice,4178.64,667.18,4178.64,0.0,paid,0,
117,161,2025-02-08,2025-03-10,USD,paypal,1356.53,216.59,1356.53,0.0,paid,0,
118,162,2025-04-13,2025-05-28,EUR,sepa,3489.94,557.22,3489.94,0.0,paid,0,
119,163,2025-11-29,2025-12-13,USD,paypal,4114.18,656.89,0.0,4114.18,cancelled,0,2025-12-02
120,164,2025-05-29,2025-07-13,CHF,sepa,1317.25,210.32,1317.25,0.0,paid,0,
121,166,2024-07-10,2024-07-24,EUR,prepay,1625.27,259.5,1625.27,0.0,paid,0,
122,167,2025-08-16,2025-08-30,CHF,invoice,3267.62,521.72,3267.62,0.0,paid,0,
123,168,2024-05-27,2024-07-11,EUR,card,1300.84,207.7,1300.84,0.0,paid,0,
124,169,2024-05-16,2024-05-30,EUR,sepa,2765.98,441.63,1382.99,1382.99,open,2,
125,170,2025-10-11,2025-11-25,EUR,prepay,3721.51,594.19,0.0,3721.51,cancelled,2,2025-10-14
126,171,2024-02-24,2024-03-09,EUR,paypal,1369.17,218.61,684.59,684.58,open,2,
127,173,2025-11-17,2025-12-17,CHF,card,3457.57,552.05,3457.57,0.0,paid,0,
128,174,2025-06-24,2025-07-24,EUR,invoice,3250.91,519.05,3250.91,0.0,paid,0,
129,175,2026-02-13,2026-02-27,CHF,invoice,2847.74,454.68,2847.74,0.0,paid,0,
130,176,2024-09-20,2024-11-04,EUR,invoice,3443.68,549.83,0.0,3443.68,open,2,
131,178,2024-03-01,2024-03-15,CHF,sepa,2546.55,406.59,1273.28,1273.27,open,2,
132,179,2025-02-26,2025-04-12,EUR,paypal,1844.01,294.42,1844.01,0.0,paid,0,
133,180,2024-06-20,2024-07-20,EUR,paypal,1188.79,189.81,1188.79,0.0,paid,0,
134,183,2025-12-29,2026-02-12,EUR,invoice,863.81,137.92,431.9,431.91,open,2,
135,184,2024-01-21,2024-03-06,EUR,paypal,1833.17,292.69,916.59,916.58,open,0,
136,185,2025-01-13,2025-02-12,EUR,sepa,839.96,134.11,839.96,0.0,paid,0,
137,186,2025-05-19,2025-07-03,EUR,sepa,2429.79,387.95,2429.79,0.0,paid,0,
138,187,2024-02-22,2024-03-23,EUR,paypal,2199.1,351.12,2199.1,0.0,paid,0,
139,188,2025-12-31,2026-01-30,CHF,paypal,1162.52,185.61,1162.52,0.0,paid,0,
140,189,2024-03-05,2024-04-19,USD,paypal,2409.63,384.73,2409.63,0.0,paid,0,
141,190,2025-09-05,2025-10-05,EUR,card,3505.05,559.63,1752.53,1752.52,open,1,
142,191,2024-05-20,2024-06-19,EUR,invoice,2502.92,399.63,2502.92,0.0,paid,0,
143,192,2025-10-10,2025-10-24,CHF,sepa,4987.29,796.29,4987.29,0.0,paid,0,
144,196,2026-05-26,2026-06-09,EUR,invoice,320.57,51.18,0.0,320.57,cancelled,0,2026-05-29
145,197,2024-04-18,2024-05-02,EUR,sepa,2934.79,468.58,2934.79,0.0,paid,0,
146,198,2025-05-28,2025-06-11,EUR,invoice,2791.34,445.68,0.0,2791.34,cancelled,0,2025-05-31
147,199,2026-07-17,2026-08-16,EUR,invoice,3411.94,544.76,3411.94,0.0,paid,0,
148,200,2026-04-22,2026-05-06,CHF,sepa,3509.9,560.4,3509.9,0.0,paid,0,
149,201,2024-05-29,2024-06-12,USD,prepay,2604.14,415.79,2604.14,0.0,paid,0,
150,202,2025-12-21,2026-01-20,EUR,sepa,3029.38,483.68,1514.69,1514.69,open,0,
151,203,2026-05-18,2026-07-02,EUR,paypal,1718.03,274.31,859.01,859.02,open,2,
152,204,2024-03-22,2024-05-06,EUR,invoice,959.95,153.27,959.95,0.0,paid,0,
153,205,2025-05-09,2025-06-08,USD,card,4481.27,715.5,4481.27,0.0,paid,0,
154,206,2026-08-01,2026-08-31,EUR,card,1928.99,307.99,1928.99,0.0,paid,0,
155,207,2025-09-20,2025-10-20,EUR,sepa,3405.11,543.67,3405.11,0.0,paid,0,
156,208,2024-01-30,2024-02-13,USD,card,1542.26,246.24,1542.26,0.0,paid,0,
157,209,2024-03-01,2024-04-15,USD,card,409.53,65.39,409.53,0.0,paid,0,
158,211,2026-07-04,2026-08-18,EUR,prepay,3223.17,514.62,3223.17,0.0,paid,0,
159,212,2024-06-05,2024-07-05,CHF,invoice,3025.17,483.01,3025.17,0.0,paid,0,
160,213,2024-07-18,2024-09-01,USD,paypal,2692.26,429.86,1076.9,1615.36,open,0,
161,215,2024-10-24,2024-12-08,CHF,prepay,3278.94,523.53,1639.47,1639.47,open,1,
162,217,2024-12-01,2024-12-31,EUR,card,2958.2,472.32,2958.2,0.0,paid,0,
163,219,2025-03-13,2025-04-12,EUR,prepay,2938.66,469.2,2938.66,0.0,paid,0,
164,220,2024-03-20,2024-04-03,EUR,card,2276.47,363.47,2276.47,0.0,paid,0,
165,221,2024-12-28,2025-02-11,CHF,paypal,2744.95,438.27,2744.95,0.0,paid,0,
166,222,2024-05-07,2024-06-06,CHF,sepa,3594.54,573.92,3594.54,0.0,paid,0,
167,224,2025-03-05,2025-04-19,EUR,sepa,1083.78,173.04,1083.78,0.0,paid,0,
168,225,2026-07-20,2026-08-03,USD,paypal,1258.37,200.92,1258.37,0.0,paid,0,
169,226,2025-03-16,2025-04-15,EUR,card,354.67,56.63,354.67,0.0,paid,0,
170,228,2024-11-10,2024-11-24,USD,invoice,2360.67,376.91,2360.67,0.0,paid,0,
171,229,2026-07-11,2026-08-25,EUR,paypal,1038.48,165.81,0.0,1038.48,open,0,
172,230,2026-04-13,2026-05-13,EUR,prepay,5981.63,955.05,5981.63,0.0,paid,0,
173,231,2024-08-16,2024-08-30,EUR,sepa,2647.57,422.72,2647.57,0.0,paid,0,
174,232,2025-03-29,2025-04-28,USD,prepay,1487.33,237.47,1487.33,0.0,paid,0,
175,233,2025-03-09,2025-04-23,EUR,invoice,1234.97,197.18,0.0,1234.97,open,0,
176,234,2025-09-11,2025-10-26,EUR,sepa,2482.86,396.42,0.0,2482.86,cancelled,0,2025-09-14
177,235,2024-05-11,2024-05-25,USD,invoice,3189.24,509.21,0.0,3189.24,open,0,
178,237,2025-09-20,2025-11-04,EUR,paypal,2623.76,418.92,2623.76,0.0,paid,0,
179,238,2024-08-11,2024-09-25,CHF,sepa,1686.42,269.26,1686.42,0.0,paid,0,
180,239,2024-02-11,2024-03-12,EUR,card,3287.29,524.86,3287.29,0.0,paid,0,
181,242,2025-11-12,2025-11-26,CHF,paypal,2573.59,410.91,2573.59,0.0,paid,0,
182,243,2025-12-30,2026-01-29,CHF,card,1512.34,241.47,1512.34,0.0,paid,0,
183,245,2024-06-14,2024-07-14,CHF,paypal,4066.41,649.26,4066.41,0.0,paid,0,
184,246,2025-06-17,2025-08-01,EUR,invoice,2540.67,405.65,2540.67,0.0,paid,0,
185,247,2024-08-15,2024-08-29,USD,sepa,1891.34,301.98,1891.34,0.0,paid,0,
186,249,2025-09-02,2025-10-02,EUR,prepay,2684.64,428.64,2684.64,0.0,paid,0,
187,250,2025-04-21,2025-05-21,EUR,sepa,2101.9,335.6,1050.95,1050.95,open,0,
188,251,2026-05-31,2026-06-30,EUR,card,3300.89,527.03,3300.89,0.0,paid,0,
189,252,2024-07-06,2024-07-20,USD,prepay,1624.11,259.31,1624.11,0.0,paid,0,
190,253,2024-10-23,2024-11-22,EUR,paypal,1577.19,251.82,1577.19,0.0,paid,0,
191,254,2024-11-03,2024-12-03,EUR,sepa,3835.08,612.32,3835.08,0.0,paid,0,
192,256,2024-11-16,2024-11-30,EUR,sepa,893.93,142.73,893.93,0.0,paid,0,
193,257,2026-03-21,2026-05-05,CHF,paypal,2899.19,462.9,2899.19,0.0,paid,0,
194,258,2024-04-13,2024-05-28,EUR,paypal,2149.44,343.19,2149.44,0.0,paid,0,
195,259,2024-03-04,2024-04-18,EUR,prepay,1819.08,290.44,1819.08,0.0,paid,0,
196,261,2025-02-15,2025-03-01,USD,paypal,1045.7,166.96,1045.7,0.0,paid,0,
197,262,2024-06-30,2024-08-14,EUR,sepa,1144.16,182.68,1144.16,0.0,paid,0,
198,263,2024-06-02,2024-07-17,EUR,sepa,2939.16,469.28,2939.16,0.0,paid,0,
199,264,2024-07-15,2024-07-29,EUR,prepay,2768.61,442.05,2768.61,0.0,paid,0,
200,265,2026-07-28,2026-08-27,USD,prepay,674.0,107.61,674.0,0.0,paid,0,
201,266,2025-05-27,2025-06-26,EUR,prepay,1135.41,181.28,454.16,681.25,open,2,
202,268,2025-03-21,2025-04-04,EUR,invoice,2521.35,402.57,1260.67,1260.68,open,0,
203,269,2025-05-24,2025-06-07,CHF,paypal,4002.64,639.08,4002.64,0.0,paid,0,
204,270,2024-08-30,2024-10-14,EUR,card,497.57,79.44,497.57,0.0,paid,0,
205,273,2025-05-13,2025-06-12,EUR,prepay,1893.23,302.28,1893.23,0.0,paid,0,
206,274,2024-05-27,2024-06-10,EUR,invoice,1744.29,278.5,0.0,1744.29,open,2,
207,276,2024-03-30,2024-04-29,EUR,prepay,2814.03,449.3,2814.03,0.0,paid,0,
208,277,2024-12-29,2025-01-28,USD,card,3498.8,558.63,3498.8,0.0,paid,0,
209,278,2024-12-25,2025-01-24,EUR,invoice,4928.87,786.96,4928.87,0.0,paid,0,
210,281,2025-05-04,2025-06-03,USD,sepa,3500.87,558.96,1750.43,1750.44,open,1,
211,282,2026-03-16,2026-03-30,CHF,paypal,2724.12,434.94,2724.12,0.0,paid,0,
212,283,2024-08-20,2024-10-04,EUR,sepa,2525.82,403.28,1010.33,1515.49,open,0,
213,284,2024-09-08,2024-09-22,EUR,invoice,2061.21,329.1,2061.21,0.0,paid,0,
214,285,2025-06-16,2025-07-31,CHF,sepa,2743.39,438.02,2743.39,0.0,paid,0,
215,286,2026-07-18,2026-08-17,USD,invoice,2239.28,357.53,2239.28,0.0,paid,0,
216,290,2025-08-19,2025-09-02,EUR,prepay,2097.28,334.86,2097.28,0.0,paid,0,
217,291,2025-12-15,2026-01-29,EUR,invoice,1459.23,232.99,1459.23,0.0,paid,0,
218,293,2025-01-28,2025-02-11,USD,prepay,1210.47,193.27,1210.47,0.0,paid,0,
219,294,2026-04-14,2026-04-28,EUR,sepa,2453.95,391.81,2453.95,0.0,paid,0,
220,296,2024-07-19,2024-08-18,CHF,paypal,1865.17,297.8,1865.17,0.0,paid,0,
221,297,2025-01-01,2025-01-31,USD,invoice,5331.09,851.18,5331.09,0.0,paid,0,
222,298,2025-11-07,2025-12-07,EUR,paypal,728.08,116.25,728.08,0.0,paid,0,
223,299,2025-10-17,2025-10-31,EUR,invoice,1868.24,298.29,1868.24,0.0,paid,0,
224,300,2025-06-29,2025-07-13,USD,sepa,3044.02,486.02,3044.02,0.0,paid,0,
225,301,2024-12-08,2024-12-22,EUR,paypal,1908.93,304.79,1908.93,0.0,paid,0,
226,302,2024-08-19,2024-10-03,CHF,paypal,4445.27,709.75,4445.27,0.0,paid,0,
227,303,2025-10-26,2025-11-25,EUR,prepay,2152.67,343.7,2152.67,0.0,paid,0,
228,304,2026-07-25,2026-08-24,EUR,sepa,1712.62,273.44,0.0,1712.62,cancelled,2,2026-07-28
229,305,2026-05-22,2026-06-21,EUR,invoice,3618.89,577.81,3618.89,0.0,paid,0,
230,306,2026-04-19,2026-05-19,EUR,invoice,2429.16,387.85,2429.16,0.0,paid,0,
231,307,2026-03-23,2026-04-06,USD,paypal,2999.47,478.91,0.0,2999.47,open,1,
232,310,2024-05-11,2024-06-25,EUR,prepay,1257.76,200.82,1257.76,0.0,paid,0,
233,311,2025-06-20,2025-08-04,EUR,card,4007.38,639.83,4007.38,0.0,paid,0,
234,312,2024-09-14,2024-10-14,CHF,sepa,3800.06,606.73,3800.06,0.0,paid,0,
235,313,2024-05-30,2024-07-14,EUR,prepay,1131.81,180.71,0.0,1131.81,open,2,
236,315,2024-07-20,2024-09-03,EUR,prepay,2055.34,328.16,2055.34,0.0,paid,0,
237,316,2024-05-10,2024-06-24,EUR,card,2608.38,416.46,2608.38,0.0,paid,0,
238,317,2026-06-19,2026-08-03,EUR,prepay,2167.76,346.11,2167.76,0.0,paid,0,
239,318,2024-11-23,2024-12-23,USD,paypal,4421.35,705.93,4421.35,0.0,paid,0,
240,319,2025-11-03,2025-11-17,CHF,sepa,2848.91,454.87,2848.91,0.0,paid,0,
241,320,2025-08-24,2025-09-07,CHF,paypal,2418.91,386.21,2418.91,0.0,paid,0,
242,321,2026-06-15,2026-06-29,EUR,prepay,2372.67,378.83,2372.67,0.0,paid,0,
243,322,2024-03-09,2024-03-23,EUR,prepay,1297.83,207.22,1297.83,0.0,paid,0,
244,323,2024-03-07,2024-03-21,USD,card,3933.13,627.98,0.0,3933.13,open,0,
245,324,2025-01-04,2025-01-18,EUR,sepa,4462.58,712.51,4462.58,0.0,paid,0,
246,325,2024-03-25,2024-04-24,EUR,sepa,4362.79,696.58,4362.79,0.0,paid,0,
247,326,2024-07-03,2024-07-17,EUR,prepay,1820.81,290.72,1820.81,0.0,paid,0,
248,327,2024-07-29,2024-09-12,EUR,prepay,4148.65,662.39,4148.65,0.0,paid,0,
249,328,2025-11-13,2025-11-27,EUR,invoice,1876.07,299.54,1876.07,0.0,paid,0,
250,329,2024-07-10,2024-08-24,CHF,paypal,2038.51,325.48,2038.51,0.0,paid,0,
251,330,2024-11-12,2024-12-27,USD,invoice,2410.69,384.9,2410.69,0.0,paid,0,
252,331,2026-02-13,2026-03-30,CHF,card,764.24,122.02,764.24,0.0,paid,0,
253,332,2024-07-20,2024-09-03,EUR,sepa,2440.4,389.64,2440.4,0.0,paid,0,
254,334,2026-03-04,2026-04-18,EUR,invoice,1491.43,238.13,1491.43,0.0,paid,0,
255,336,2026-04-10,2026-04-24,EUR,sepa,2705.04,431.9,0.0,2705.04,open,2,
256,337,2026-01-06,2026-02-20,EUR,sepa,4350.83,694.67,0.0,4350.83,open,0,
257,338,2024-10-21,2024-11-20,CHF,sepa,3487.97,556.9,3487.97,0.0,paid,0,
258,339,2025-03-15,2025-04-14,EUR,card,1587.7,253.5,0.0,1587.7,cancelled,1,2025-03-18
259,340,2026-07-12,2026-07-26,EUR,prepay,2611.84,417.02,2611.84,0.0,paid,0,
260,343,2024-04-15,2024-05-15,USD,paypal,970.6,154.97,0.0,970.6,open,0,
261,344,2024-12-27,2025-01-10,EUR,prepay,3251.26,519.11,1300.5,1950.76,open,1,
262,345,2025-01-19,2025-03-05,USD,paypal,1567.03,250.2,1567.03,0.0,paid,0,
263,347,2026-02-15,2026-04-01,EUR,paypal,1083.47,172.99,433.39,650.08,open,0,
264,348,2025-02-15,2025-03-01,CHF,paypal,1936.93,309.26,1936.93,0.0,paid,0,
265,349,2024-03-25,2024-04-24,EUR,prepay,2677.23,427.46,2677.23,0.0,paid,0,
266,351,2025-05-27,2025-07-11,CHF,prepay,3289.23,525.17,0.0,3289.23,open,1,
267,352,2024-05-16,2024-06-15,EUR,sepa,1944.41,310.45,1944.41,0.0,paid,0,
268,353,2024-04-25,2024-05-09,CHF,card,3371.33,538.28,3371.33,0.0,paid,0,
269,354,2026-02-23,2026-04-09,USD,invoice,2483.38,396.51,2483.38,0.0,paid,0,
270,356,2024-11-19,2025-01-03,USD,prepay,5261.91,840.14,5261.91,0.0,paid,0,
271,359,2025-04-06,2025-04-20,USD,sepa,1677.84,267.89,1677.84,0.0,paid,0,
272,360,2025-06-21,2025-08-05,EUR,paypal,1614.32,257.75,1614.32,0.0,paid,0,
273,362,2025-06-10,2025-06-24,EUR,paypal,2060.28,328.95,2060.28,0.0,paid,0,
274,365,2024-08-31,2024-09-14,CHF,sepa,2181.33,348.28,0.0,2181.33,open,0,
275,366,2024-07-08,2024-08-22,EUR,sepa,1161.07,185.38,1161.07,0.0,paid,0,
276,367,2026-04-06,2026-05-21,USD,paypal,1367.13,218.28,1367.13,0.0,paid,0,
277,368,2025-02-01,2025-02-15,CHF,card,1586.21,253.26,0.0,1586.21,open,2,
278,369,2025-08-26,2025-09-25,EUR,card,2751.65,439.34,2751.65,0.0,paid,0,
279,370,2026-07-15,2026-08-14,EUR,card,1914.08,305.61,1914.08,0.0,paid,0,
280,371,2025-03-17,2025-05-01,USD,paypal,2767.45,441.86,2767.45,0.0,paid,0,
281,372,2026-03-24,2026-04-23,CHF,paypal,2023.15,323.02,2023.15,0.0,paid,0,
282,374,2026-03-09,2026-04-08,EUR,prepay,1608.98,256.9,1608.98,0.0,paid,0,
283,375,2024-09-03,2024-09-17,EUR,paypal,3683.54,588.13,3683.54,0.0,paid,0,
284,376,2025-02-01,2025-02-15,EUR,prepay,1173.33,187.34,469.33,704.0,open,0,
285,377,2026-02-16,2026-03-02,CHF,invoice,1803.71,287.99,1803.71,0.0,paid,0,
286,378,2026-05-07,2026-06-21,EUR,sepa,4469.97,713.69,0.0,4469.97,open,0,
287,379,2025-06-27,2025-07-27,EUR,paypal,4623.44,738.2,2311.72,2311.72,open,1,
288,380,2025-01-12,2025-02-11,EUR,prepay,735.4,117.42,735.4,0.0,paid,0,
289,381,2026-01-27,2026-02-26,EUR,invoice,2207.24,352.42,2207.24,0.0,paid,0,
290,382,2025-03-30,2025-04-29,USD,sepa,1025.48,163.73,0.0,1025.48,open,0,
291,383,2024-05-22,2024-06-21,EUR,card,3824.4,610.62,3824.4,0.0,paid,0,
292,384,2024-12-06,2025-01-20,EUR,invoice,4611.31,736.26,0.0,4611.31,cancelled,0,2024-12-09
293,386,2026-03-05,2026-04-04,USD,card,1074.44,171.55,1074.44,0.0,paid,0,
294,387,2024-05-22,2024-07-06,EUR,card,1446.16,230.9,1446.16,0.0,paid,0,
295,388,2025-07-12,2025-08-11,EUR,prepay,2759.72,440.63,2759.72,0.0,paid,0,
296,390,2026-03-03,2026-03-17,USD,card,2153.16,343.78,2153.16,0.0,paid,0,
297,391,2024-05-14,2024-05-28,EUR,prepay,1744.89,278.6,1744.89,0.0,paid,0,
298,392,2024-11-07,2024-11-21,CHF,sepa,3121.3,498.36,3121.3,0.0,paid,0,
299,394,2025-03-16,2025-04-15,EUR,prepay,1545.8,246.81,1545.8,0.0,paid,0,
300,395,2025-01-24,2025-03-10,EUR,card,2720.53,434.37,1360.27,1360.26,open,2,
301,396,2024-12-29,2025-01-28,USD,card,5629.87,898.89,5629.87,0.0,paid,0,
302,397,2026-01-19,2026-02-18,EUR,paypal,3686.07,588.53,3686.07,0.0,paid,0,
303,400,2024-07-14,2024-07-28,EUR,prepay,3619.3,577.87,3619.3,0.0,paid,0,
304,402,2024-09-19,2024-10-19,CHF,card,1472.78,235.15,1472.78,0.0,paid,0,
305,403,2026-04-04,2026-05-19,EUR,card,1055.78,168.57,0.0,1055.78,cancelled,2,2026-04-07
306,404,2026-04-19,2026-06-03,CHF,prepay,681.24,108.77,0.0,681.24,cancelled,1,2026-04-22
307,406,2025-11-09,2025-12-24,EUR,prepay,1329.96,212.35,1329.96,0.0,paid,0,
308,407,2025-09-28,2025-10-28,EUR,paypal,1466.7,234.18,1466.7,0.0,paid,0,
309,408,2026-04-13,2026-04-27,CHF,sepa,181.95,29.05,181.95,0.0,paid,0,
310,409,2024-12-17,2025-01-31,EUR,invoice,5531.2,883.13,2765.6,2765.6,open,0,
311,410,2025-08-11,2025-09-10,EUR,prepay,452.14,72.19,452.14,0.0,paid,0,
312,411,2024-02-02,2024-02-16,EUR,paypal,1488.86,237.72,1488.86,0.0,paid,0,
313,412,2026-05-04,2026-06-03,CHF,card,542.68,86.65,542.68,0.0,paid,0,
314,413,2024-04-11,2024-05-26,EUR,sepa,2458.5,392.53,2458.5,0.0,paid,0,
315,414,2024-06-17,2024-08-01,EUR,invoice,2062.58,329.32,0.0,2062.58,cancelled,0,2024-06-20
316,415,2025-07-08,2025-08-07,USD,prepay,3203.75,511.52,0.0,3203.75,open,1,
317,416,2025-04-25,2025-05-09,EUR,paypal,2196.99,350.78,0.0,2196.99,open,1,
318,417,2024-07-06,2024-07-20,USD,sepa,2858.31,456.37,2858.31,0.0,paid,0,
319,418,2025-03-06,2025-03-20,CHF,invoice,1152.99,184.09,0.0,1152.99,open,1,
320,419,2024-06-22,2024-08-06,USD,sepa,3275.69,523.01,3275.69,0.0,paid,0,
321,420,2024-04-07,2024-05-22,EUR,paypal,1674.45,267.35,1674.45,0.0,paid,0,
322,421,2025-04-06,2025-05-21,EUR,sepa,1159.56,185.14,1159.56,0.0,paid,0,
323,425,2025-04-16,2025-05-31,EUR,paypal,1809.48,288.91,1809.48,0.0,paid,0,
324,426,2026-05-14,2026-06-13,CHF,sepa,1197.97,191.27,1197.97,0.0,paid,0,
325,428,2024-06-22,2024-07-22,USD,card,718.11,114.66,287.24,430.87,open,0,
326,429,2026-03-21,2026-04-04,USD,prepay,300.56,47.99,300.56,0.0,paid,0,
327,430,2024-06-18,2024-07-18,USD,sepa,2304.35,367.92,2304.35,0.0,paid,0,
328,432,2024-07-07,2024-07-21,EUR,invoice,4187.13,668.53,4187.13,0.0,paid,0,
329,434,2024-07-15,2024-08-29,EUR,paypal,1714.22,273.7,1714.22,0.0,paid,0,
330,436,2026-06-04,2026-06-18,CHF,sepa,1720.38,274.68,1720.38,0.0,paid,0,
331,437,2026-06-12,2026-07-12,EUR,prepay,467.42,74.63,467.42,0.0,paid,0,
332,438,2026-06-17,2026-07-01,EUR,invoice,2097.23,334.85,2097.23,0.0,paid,0,
333,439,2024-08-05,2024-08-19,CHF,sepa,1887.33,301.34,1887.33,0.0,paid,0,
334,440,2024-09-26,2024-10-10,EUR,paypal,1051.51,167.89,0.0,1051.51,cancelled,2,2024-09-29
335,441,2026-04-29,2026-05-13,EUR,paypal,2259.25,360.72,2259.25,0.0,paid,0,
336,442,2024-01-14,2024-02-28,CHF,sepa,580.28,92.65,580.28,0.0,paid,0,
337,443,2024-09-04,2024-10-19,CHF,paypal,273.44,43.66,0.0,273.44,open,0,
338,444,2026-03-23,2026-04-22,USD,card,2358.35,376.54,2358.35,0.0,paid,0,
339,446,2024-06-06,2024-07-21,EUR,prepay,1530.16,244.31,1530.16,0.0,paid,0,
340,448,2024-12-15,2025-01-14,EUR,paypal,4182.56,667.8,4182.56,0.0,paid,0,
341,449,2025-10-10,2025-10-24,EUR,sepa,1451.5,231.75,0.0,1451.5,open,2,
342,451,2025-12-22,2026-02-05,EUR,sepa,2319.75,370.38,2319.75,0.0,paid,0,
343,452,2024-06-16,2024-07-16,EUR,card,2055.06,328.12,0.0,2055.06,cancelled,0,2024-06-19
344,453,2025-05-08,2025-05-22,EUR,prepay,2837.63,453.07,2837.63,0.0,paid,0,
345,454,2026-01-20,2026-02-19,EUR,invoice,946.63,151.14,473.31,473.32,open,1,
346,455,2025-02-18,2025-03-20,EUR,card,344.31,54.97,344.31,0.0,paid,0,
347,456,2024-09-02,2024-09-16,CHF,paypal,1628.27,259.98,0.0,1628.27,cancelled,1,2024-09-05
348,458,2024-01-12,2024-02-26,USD,sepa,1369.95,218.73,684.98,684.97,open,0,
349,459,2025-04-10,2025-05-25,EUR,card,1241.22,198.18,1241.22,0.0,paid,0,
350,460,2026-06-30,2026-07-30,EUR,invoice,2341.55,373.86,2341.55,0.0,paid,0,
351,461,2026-01-18,2026-03-04,USD,invoice,2672.31,426.67,0.0,2672.31,cancelled,2,2026-01-21
352,462,2024-11-15,2024-12-30,EUR,invoice,1550.77,247.6,0.0,1550.77,cancelled,0,2024-11-18
353,463,2024-05-25,2024-06-08,EUR,card,1069.96,170.83,1069.96,0.0,paid,0,
354,467,2025-03-06,2025-04-20,EUR,paypal,1485.5,237.18,0.0,1485.5,cancelled,0,2025-03-09
355,468,2025-04-13,2025-05-13,USD,card,658.2,105.09,658.2,0.0,paid,0,
356,470,2024-08-13,2024-09-12,CHF,card,475.44,75.91,475.44,0.0,paid,0,
357,471,2025-07-12,2025-08-11,EUR,invoice,2525.91,403.3,2525.91,0.0,paid,0,
358,472,2024-01-23,2024-02-22,USD,prepay,980.0,156.47,980.0,0.0,paid,0,
359,473,2024-09-20,2024-10-04,CHF,invoice,1411.05,225.29,1411.05,0.0,paid,0,
360,474,2024-09-20,2024-11-04,EUR,sepa,2517.85,402.01,2517.85,0.0,paid,0,
361,476,2025-12-16,2025-12-30,CHF,invoice,336.03,53.65,134.41,201.62,open,1,
362,477,2026-03-05,2026-04-04,USD,paypal,1842.66,294.21,1842.66,0.0,paid,0,
363,479,2024-05-25,2024-06-24,EUR,prepay,269.7,43.06,269.7,0.0,paid,0,
364,480,2024-03-13,2024-03-27,EUR,card,2493.2,398.07,0.0,2493.2,cancelled,0,2024-03-16
365,481,2025-08-25,2025-10-09,CHF,paypal,1579.26,252.15,0.0,1579.26,cancelled,0,2025-08-28
366,483,2024-02-01,2024-03-17,USD,prepay,716.42,114.39,716.42,0.0,paid,0,
367,484,2024-10-30,2024-11-13,EUR,sepa,757.77,120.99,757.77,0.0,paid,0,
368,485,2025-09-24,2025-10-08,EUR,paypal,2262.05,361.17,2262.05,0.0,paid,0,
369,486,2024-10-11,2024-10-25,EUR,sepa,2116.71,337.96,2116.71,0.0,paid,0,
370,489,2024-09-22,2024-10-22,USD,invoice,4996.68,797.79,4996.68,0.0,paid,0,
371,490,2026-02-18,2026-03-20,CHF,card,1903.88,303.98,1903.88,0.0,paid,0,
372,491,2024-10-21,2024-12-05,EUR,card,319.92,51.08,319.92,0.0,paid,0,
373,492,2026-04-18,2026-06-02,EUR,invoice,464.9,74.23,464.9,0.0,paid,0,
374,494,2024-12-24,2025-01-23,EUR,paypal,1702.32,271.8,1702.32,0.0,paid,0,
375,496,2024-04-03,2024-05-18,USD,prepay,1100.44,175.7,1100.44,0.0,paid,0,
376,497,2024-02-19,2024-03-20,EUR,card,1616.15,258.04,1616.15,0.0,paid,0,
377,498,2025-06-24,2025-07-08,EUR,card,1267.73,202.41,1267.73,0.0,paid,0,
378,499,2024-05-20,2024-06-03,EUR,invoice,2863.58,457.21,0.0,2863.58,cancelled,0,2024-05-23
379,500,2025-02-12,2025-03-14,CHF,card,3123.64,498.73,1561.82,1561.82,open,1,
380,502,2025-03-02,2025-04-16,USD,paypal,615.58,98.29,615.58,0.0,paid,0,
381,503,2024-08-10,2024-09-24,EUR,invoice,2100.29,335.34,2100.29,0.0,paid,0,
382,504,2026-07-06,2026-08-20,EUR,sepa,1791.6,286.05,1791.6,0.0,paid,0,
383,505,2026-04-30,2026-06-14,EUR,invoice,615.52,98.28,615.52,0.0,paid,0,
384,507,2026-01-30,2026-03-16,EUR,card,1101.37,175.85,0.0,1101.37,cancelled,0,2026-02-02
385,508,2024-01-18,2024-02-01,EUR,invoice,1313.12,209.66,0.0,1313.12,open,1,
386,509,2025-05-04,2025-05-18,CHF,sepa,1250.76,199.7,1250.76,0.0,paid,0,
387,510,2025-06-19,2025-07-03,USD,sepa,1185.73,189.32,592.87,592.86,open,2,
388,511,2024-04-26,2024-05-26,CHF,paypal,1307.25,208.72,522.9,784.35,open,0,
389,512,2025-11-22,2025-12-06,CHF,invoice,3351.78,535.16,0.0,3351.78,cancelled,0,2025-11-25
390,514,2025-05-25,2025-06-08,EUR,sepa,1416.18,226.11,1416.18,0.0,paid,0,
391,517,2025-06-15,2025-07-30,EUR,paypal,1073.33,171.37,1073.33,0.0,paid,0,
392,518,2024-06-10,2024-06-24,CHF,paypal,1252.37,199.96,1252.37,0.0,paid,0,
393,520,2025-04-17,2025-05-17,EUR,paypal,1231.45,196.62,1231.45,0.0,paid,0,
394,521,2024-10-16,2024-10-30,EUR,invoice,1634.79,261.02,1634.79,0.0,paid,0,
395,522,2025-12-10,2026-01-24,USD,paypal,3246.0,518.27,3246.0,0.0,paid,0,
396,524,2024-05-08,2024-06-22,CHF,prepay,851.05,135.88,851.05,0.0,paid,0,
397,525,2025-07-30,2025-09-13,EUR,invoice,1953.6,311.92,1953.6,0.0,paid,0,
398,526,2024-06-28,2024-07-12,EUR,card,1400.03,223.53,1400.03,0.0,paid,0,
399,527,2024-07-11,2024-08-10,EUR,sepa,1414.95,225.92,1414.95,0.0,paid,0,
400,528,2024-03-05,2024-03-19,EUR,prepay,987.34,157.64,0.0,987.34,open,2,
401,529,2026-02-03,2026-03-20,EUR,paypal,590.51,94.28,0.0,590.51,open,0,
402,530,2026-02-18,2026-03-20,CHF,paypal,448.24,71.57,448.24,0.0,paid,0,
403,531,2026-04-26,2026-05-10,EUR,sepa,1873.49,299.13,1873.49,0.0,paid,0,
404,532,2025-01-24,2025-03-10,EUR,invoice,375.75,59.99,0.0,375.75,open,1,
405,533,2025-08-31,2025-09-14,EUR,paypal,893.29,142.63,893.29,0.0,paid,0,
406,535,2024-07-18,2024-08-01,CHF,invoice,2131.05,340.25,2131.05,0.0,paid,0,
407,536,2024-03-09,2024-04-23,USD,sepa,110.04,17.57,110.04,0.0,paid,0,
408,539,2025-03-09,2025-03-23,EUR,card,499.37,79.73,499.37,0.0,paid,0,
409,540,2024-08-09,2024-09-08,EUR,sepa,1040.38,166.11,1040.38,0.0,paid,0,
410,541,2024-03-19,2024-05-03,EUR,card,2837.73,453.08,2837.73,0.0,paid,0,
411,542,2025-02-08,2025-02-22,EUR,sepa,416.74,66.54,208.37,208.37,open,1,
412,543,2024-09-17,2024-10-01,USD,sepa,1050.57,167.74,0.0,1050.57,open,1,
413,544,2024-09-14,2024-10-14,EUR,sepa,2350.2,375.24,0.0,2350.2,open,0,
414,545,2024-08-29,2024-10-13,CHF,paypal,1680.09,268.25,1680.09,0.0,paid,0,
415,546,2026-01-25,2026-03-11,USD,paypal,1738.47,277.57,869.24,869.23,open,2,
416,547,2026-03-25,2026-04-08,EUR,paypal,886.56,141.55,886.56,0.0,paid,0,
417,548,2024-08-23,2024-09-22,EUR,invoice,4126.43,658.84,4126.43,0.0,paid,0,
418,550,2026-05-06,2026-06-20,EUR,prepay,2952.65,471.43,2952.65,0.0,paid,0,
419,551,2024-08-06,2024-08-20,CHF,card,1510.82,241.22,0.0,1510.82,open,2,
420,552,2025-09-26,2025-10-10,EUR,prepay,2655.9,424.05,2655.9,0.0,paid,0,
421,553,2026-06-03,2026-07-03,EUR,prepay,1867.25,298.13,1867.25,0.0,paid,0,
422,554,2024-09-24,2024-10-08,EUR,prepay,2243.76,358.25,2243.76,0.0,paid,0,
423,555,2025-04-26,2025-05-26,EUR,invoice,2518.33,402.09,2518.33,0.0,paid,0,
424,556,2025-05-14,2025-06-28,EUR,paypal,2491.48,397.8,2491.48,0.0,paid,0,
425,557,2024-06-16,2024-07-31,EUR,prepay,687.25,109.73,687.25,0.0,paid,0,
426,558,2025-09-15,2025-09-29,EUR,prepay,1365.48,218.02,1365.48,0.0,paid,0,
427,560,2025-04-24,2025-06-08,EUR,paypal,1048.29,167.37,1048.29,0.0,paid,0,
428,562,2025-10-06,2025-11-05,EUR,sepa,1373.75,219.34,0.0,1373.75,open,2,
429,563,2026-04-27,2026-05-11,EUR,paypal,3283.04,524.18,3283.04,0.0,paid,0,
430,565,2025-12-04,2026-01-18,EUR,prepay,3738.59,596.92,3738.59,0.0,paid,0,
431,566,2026-04-16,2026-04-30,USD,card,1701.03,271.59,1701.03,0.0,paid,0,
432,567,2025-02-27,2025-04-13,EUR,paypal,1956.15,312.33,1956.15,0.0,paid,0,
433,568,2026-07-04,2026-07-18,CHF,invoice,2387.35,381.17,2387.35,0.0,paid,0,
434,569,2024-12-16,2025-01-15,CHF,sepa,880.24,140.54,0.0,880.24,cancelled,1,2024-12-19
435,570,2026-06-13,2026-07-28,EUR,invoice,3471.68,554.3,3471.68,0.0,paid,0,
436,571,2024-08-11,2024-09-25,EUR,invoice,1418.65,226.51,1418.65,0.0,paid,0,
437,572,2025-02-23,2025-03-09,CHF,paypal,762.99,121.82,762.99,0.0,paid,0,
438,573,2024-02-19,2024-03-04,EUR,paypal,1823.64,291.17,0.0,1823.64,cancelled,0,2024-02-22
439,574,2026-03-10,2026-04-24,CHF,paypal,858.69,137.1,858.69,0.0,paid,0,
440,575,2026-05-01,2026-05-31,EUR,sepa,1554.79,248.24,1554.79,0.0,paid,0,
441,577,2024-01-25,2024-03-10,EUR,prepay,753.86,120.36,753.86,0.0,paid,0,
442,579,2026-03-12,2026-04-11,CHF,invoice,1461.19,233.3,0.0,1461.19,open,2,
443,580,2026-02-09,2026-03-11,USD,invoice,832.17,132.87,0.0,832.17,cancelled,0,2026-02-12
444,582,2025-02-27,2025-04-13,EUR,prepay,805.42,128.6,805.42,0.0,paid,0,
445,585,2026-05-28,2026-07-12,EUR,sepa,1162.32,185.58,1162.32,0.0,paid,0,
446,586,2025-02-18,2025-04-04,EUR,invoice,2497.16,398.71,2497.16,0.0,paid,0,
447,587,2024-06-20,2024-07-20,EUR,card,1502.07,239.83,0.0,1502.07,open,0,
448,589,2025-11-22,2025-12-22,USD,sepa,2495.29,398.41,2495.29,0.0,paid,0,
449,590,2024-02-25,2024-04-10,CHF,card,1024.34,163.55,1024.34,0.0,paid,0,
450,591,2026-01-31,2026-03-02,USD,prepay,689.61,110.11,689.61,0.0,paid,0,
451,592,2024-12-28,2025-01-11,USD,sepa,2711.34,432.9,2711.34,0.0,paid,0,
452,593,2025-05-26,2025-07-10,CHF,card,888.03,141.79,355.21,532.82,open,0,
453,594,2025-01-27,2025-03-13,EUR,paypal,2112.62,337.31,2112.62,0.0,paid,0,
454,595,2025-03-03,2025-04-02,USD,prepay,938.33,149.82,0.0,938.33,open,0,
455,596,2024-06-13,2024-07-28,USD,sepa,1984.62,316.87,1984.62,0.0,paid,0,
456,598,2024-08-31,2024-09-14,USD,prepay,1589.08,253.72,635.63,953.45,open,0,
457,599,2024-12-06,2024-12-20,EUR,sepa,1665.44,265.91,0.0,1665.44,open,0,
458,602,2026-01-09,2026-01-23,USD,card,845.28,134.96,0.0,845.28,open,0,
459,603,2024-04-27,2024-06-11,EUR,prepay,1392.61,222.35,1392.61,0.0,paid,0,
460,604,2024-01-10,2024-02-09,EUR,prepay,855.44,136.58,855.44,0.0,paid,0,
461,608,2025-03-02,2025-03-16,EUR,paypal,842.58,134.53,842.58,0.0,paid,0,
462,611,2025-07-23,2025-08-06,EUR,paypal,482.97,77.11,482.97,0.0,paid,0,
463,612,2025-11-02,2025-11-16,USD,card,1000.91,159.81,0.0,1000.91,open,1,
464,614,2025-04-25,2025-05-09,EUR,paypal,2351.98,375.53,2351.98,0.0,paid,0,
465,616,2025-11-01,2025-12-16,EUR,sepa,4142.07,661.34,4142.07,0.0,paid,0,
466,617,2024-04-20,2024-06-04,EUR,sepa,926.53,147.93,463.26,463.27,open,0,
467,618,2024-10-09,2024-10-23,EUR,prepay,665.36,106.23,0.0,665.36,cancelled,0,2024-10-12
468,619,2024-07-12,2024-08-26,EUR,invoice,474.02,75.68,474.02,0.0,paid,0,
469,621,2024-02-13,2024-02-27,EUR,card,2048.37,327.05,2048.37,0.0,paid,0,
470,622,2024-11-05,2024-12-20,EUR,prepay,4947.19,789.89,4947.19,0.0,paid,0,
471,623,2026-02-18,2026-03-20,EUR,prepay,1743.14,278.32,1743.14,0.0,paid,0,
472,624,2024-05-30,2024-06-29,CHF,card,423.09,67.55,0.0,423.09,cancelled,0,2024-06-02
473,625,2025-02-18,2025-04-04,EUR,card,1613.25,257.58,1613.25,0.0,paid,0,
474,626,2025-07-11,2025-07-25,EUR,invoice,1636.92,261.36,1636.92,0.0,paid,0,
475,627,2024-12-16,2024-12-30,EUR,prepay,2885.21,460.66,2885.21,0.0,paid,0,
476,628,2026-04-20,2026-05-20,EUR,paypal,2243.98,358.28,0.0,2243.98,open,1,
477,629,2025-01-24,2025-02-23,EUR,paypal,2479.67,395.91,991.87,1487.8,open,1,
478,631,2026-06-17,2026-07-17,EUR,prepay,443.89,70.87,443.89,0.0,paid,0,
479,632,2025-10-02,2025-10-16,EUR,paypal,1376.56,219.79,0.0,1376.56,cancelled,0,2025-10-05
480,633,2024-02-27,2024-04-12,EUR,paypal,1838.28,293.51,1838.28,0.0,paid,0,
481,634,2024-02-20,2024-03-21,EUR,paypal,1641.7,262.12,0.0,1641.7,open,1,
482,635,2025-04-22,2025-05-22,EUR,paypal,1007.41,160.85,1007.41,0.0,paid,0,
483,636,2026-06-07,2026-07-22,USD,invoice,2061.43,329.14,2061.43,0.0,paid,0,
484,637,2026-05-05,2026-05-19,USD,invoice,1502.52,239.9,0.0,1502.52,open,2,
485,638,2024-05-22,2024-06-05,CHF,prepay,1684.2,268.91,1684.2,0.0,paid,0,
486,639,2024-05-14,2024-06-28,EUR,invoice,381.48,60.91,381.48,0.0,paid,0,
487,640,2026-07-24,2026-09-07,EUR,paypal,466.42,74.47,466.42,0.0,paid,0,
488,641,2024-04-22,2024-05-06,EUR,sepa,2523.89,402.97,2523.89,0.0,paid,0,
489,642,2025-09-26,2025-10-26,CHF,invoice,2236.25,357.05,2236.25,0.0,paid,0,
490,643,2024-03-01,2024-03-31,USD,prepay,942.34,150.46,942.34,0.0,paid,0,
491,644,2025-06-09,2025-06-23,EUR,invoice,1703.7,272.02,1703.7,0.0,paid,0,
492,645,2025-06-10,2025-06-24,EUR,paypal,1192.13,190.34,1192.13,0.0,paid,0,
493,646,2024-11-11,2024-11-25,USD,prepay,1436.7,229.39,1436.7,0.0,paid,0,
494,647,2024-10-11,2024-10-25,EUR,sepa,1355.6,216.44,1355.6,0.0,paid,0,
495,649,2025-02-03,2025-03-20,CHF,invoice,1775.72,283.52,1775.72,0.0,paid,0,
496,650,2025-08-26,2025-10-10,USD,prepay,1081.76,172.72,1081.76,0.0,paid,0,
497,651,2025-05-06,2025-05-20,EUR,card,910.41,145.36,910.41,0.0,paid,0,
498,652,2026-04-22,2026-05-22,EUR,card,1412.21,225.48,706.11,706.1,open,2,
499,653,2026-07-27,2026-08-26,CHF,sepa,838.34,133.85,0.0,838.34,open,2,
500,658,2026-02-22,2026-03-08,USD,prepay,854.85,136.49,854.85,0.0,paid,0,
501,659,2024-01-26,2024-02-09,EUR,paypal,1925.68,307.46,0.0,1925.68,open,0,
502,660,2024-02-29,2024-03-14,CHF,sepa,2526.16,403.34,0.0,2526.16,open,0,
503,661,2026-04-05,2026-04-19,EUR,paypal,993.04,158.55,993.04,0.0,paid,0,
504,663,2026-03-01,2026-03-31,EUR,prepay,2053.58,327.88,2053.58,0.0,paid,0,
505,664,2026-03-03,2026-04-02,EUR,invoice,1545.76,246.8,1545.76,0.0,paid,0,
506,666,2024-12-26,2025-01-25,USD,card,1760.41,281.07,1760.41,0.0,paid,0,
507,667,2025-01-06,2025-01-20,EUR,sepa,2145.12,342.5,1072.56,1072.56,open,1,
508,668,2024-05-08,2024-06-22,CHF,card,2603.27,415.65,2603.27,0.0,paid,0,
509,669,2024-07-18,2024-09-01,EUR,prepay,1582.13,252.61,1582.13,0.0,paid,0,
510,670,2024-02-12,2024-02-26,EUR,invoice,654.55,104.51,654.55,0.0,paid,0,
511,671,2025-03-29,2025-05-13,EUR,sepa,1403.57,224.1,1403.57,0.0,paid,0,
512,672,2025-12-13,2025-12-27,USD,invoice,2290.23,365.67,0.0,2290.23,open,0,
513,673,2026-04-17,2026-06-01,CHF,invoice,1940.91,309.89,1940.91,0.0,paid,0,
514,674,2026-04-13,2026-05-28,USD,paypal,1937.43,309.34,1937.43,0.0,paid,0,
515,675,2025-11-05,2025-11-19,EUR,card,496.25,79.23,496.25,0.0,paid,0,
516,676,2024-01-23,2024-02-22,USD,prepay,1157.76,184.85,1157.76,0.0,paid,0,
517,678,2025-03-02,2025-04-01,EUR,invoice,2166.97,345.99,2166.97,0.0,paid,0,
518,680,2025-12-21,2026-01-04,EUR,paypal,3200.84,511.06,3200.84,0.0,paid,0,
519,682,2026-03-12,2026-03-26,CHF,invoice,1671.05,266.81,1671.05,0.0,paid,0,
520,683,2025-04-10,2025-05-25,USD,sepa,744.27,118.83,744.27,0.0,paid,0,
521,684,2025-04-22,2025-06-06,EUR,invoice,1424.87,227.5,712.43,712.44,open,0,
522,685,2024-10-01,2024-10-31,EUR,card,1035.57,165.34,1035.57,0.0,paid,0,
523,687,2025-04-18,2025-05-18,EUR,invoice,2925.84,467.15,2925.84,0.0,paid,0,
524,689,2025-01-19,2025-02-02,EUR,invoice,792.4,126.52,0.0,792.4,open,0,
525,690,2024-03-11,2024-04-10,EUR,invoice,1490.07,237.91,1490.07,0.0,paid,0,
526,692,2026-04-18,2026-05-02,EUR,prepay,1791.95,286.11,1791.95,0.0,paid,0,
527,693,2026-06-25,2026-07-09,CHF,sepa,616.9,98.5,616.9,0.0,paid,0,
528,694,2026-01-05,2026-02-04,EUR,paypal,938.54,149.85,938.54,0.0,paid,0,
529,696,2026-07-15,2026-08-29,EUR,invoice,144.76,23.11,144.76,0.0,paid,0,
530,697,2024-05-30,2024-06-13,CHF,prepay,1628.54,260.02,1628.54,0.0,paid,0,
531,698,2025-12-10,2026-01-24,EUR,invoice,2896.19,462.42,2896.19,0.0,paid,0,
532,699,2024-06-26,2024-07-26,EUR,invoice,2130.14,340.11,852.06,1278.08,open,0,
533,700,2025-09-09,2025-10-09,CHF,sepa,1179.0,188.24,1179.0,0.0,paid,0,
534,701,2024-05-13,2024-06-12,EUR,invoice,2085.68,333.01,0.0,2085.68,open,0,
535,702,2026-06-21,2026-08-05,EUR,paypal,401.6,64.12,401.6,0.0,paid,0,
536,704,2025-11-19,2025-12-19,CHF,paypal,2514.07,401.41,2514.07,0.0,paid,0,
537,705,2024-03-22,2024-05-06,CHF,prepay,2443.81,390.19,2443.81,0.0,paid,0,
538,706,2025-12-29,2026-01-28,USD,invoice,1895.27,302.61,1895.27,0.0,paid,0,
539,707,2024-10-16,2024-11-15,CHF,card,933.56,149.06,373.42,560.14,open,0,
540,708,2024-12-20,2025-02-03,EUR,card,3326.51,531.12,3326.51,0.0,paid,0,
541,709,2026-03-28,2026-05-12,EUR,paypal,1450.68,231.62,1450.68,0.0,paid,0,
542,712,2025-12-13,2026-01-27,EUR,paypal,782.57,124.95,782.57,0.0,paid,0,
543,713,2025-05-14,2025-05-28,EUR,paypal,2156.72,344.35,1078.36,1078.36,open,0,
544,714,2024-05-14,2024-06-13,EUR,paypal,1981.73,316.41,1981.73,0.0,paid,0,
545,715,2024-10-22,2024-12-06,EUR,card,3786.46,604.56,3786.46,0.0,paid,0,
546,716,2025-12-21,2026-02-04,EUR,paypal,4057.31,647.81,4057.31,0.0,paid,0,
547,717,2024-09-03,2024-09-17,EUR,invoice,1334.42,213.06,1334.42,0.0,paid,0,
548,718,2025-04-29,2025-05-13,USD,sepa,1796.63,286.86,1796.63,0.0,paid,0,
549,720,2026-04-17,2026-06-01,CHF,card,741.16,118.34,741.16,0.0,paid,0,
550,721,2024-01-17,2024-02-16,CHF,invoice,1292.79,206.41,1292.79,0.0,paid,0,
551,722,2026-08-04,2026-09-18,USD,prepay,2302.25,367.59,2302.25,0.0,paid,0,
552,723,2026-07-28,2026-08-27,EUR,paypal,1971.29,314.74,1971.29,0.0,paid,0,
553,724,2024-07-31,2024-09-14,CHF,invoice,902.35,144.07,902.35,0.0,paid,0,
554,725,2026-08-09,2026-08-23,EUR,card,1875.84,299.5,1875.84,0.0,paid,0,
555,726,2026-03-09,2026-04-23,EUR,sepa,2319.21,370.29,2319.21,0.0,paid,0,
556,727,2025-06-05,2025-07-20,CHF,sepa,2417.06,385.92,2417.06,0.0,paid,0,
557,730,2024-05-14,2024-06-28,EUR,sepa,2080.05,332.11,832.02,1248.03,open,2,
558,731,2024-02-23,2024-03-08,CHF,paypal,1245.76,198.9,0.0,1245.76,open,0,
559,732,2025-04-26,2025-05-10,EUR,sepa,1729.8,276.19,1729.8,0.0,paid,0,
560,733,2024-09-16,2024-10-31,EUR,paypal,1204.48,192.31,0.0,1204.48,cancelled,0,2024-09-19
561,735,2025-09-17,2025-10-17,EUR,card,562.55,89.82,562.55,0.0,paid,0,
562,736,2026-07-12,2026-08-26,EUR,card,3532.41,564.0,3532.41,0.0,paid,0,
563,737,2026-07-31,2026-08-14,USD,card,2356.14,376.19,2356.14,0.0,paid,0,
564,738,2024-04-26,2024-06-10,CHF,paypal,813.89,129.95,813.89,0.0,paid,0,
565,739,2025-12-19,2026-01-02,EUR,card,1357.28,216.71,1357.28,0.0,paid,0,
566,744,2025-08-31,2025-09-30,CHF,invoice,1303.84,208.18,1303.84,0.0,paid,0,
567,745,2025-10-13,2025-11-12,CHF,prepay,1645.2,262.68,1645.2,0.0,paid,0,
568,747,2025-07-13,2025-08-12,EUR,invoice,1225.12,195.61,1225.12,0.0,paid,0,
569,749,2024-10-06,2024-10-20,EUR,paypal,154.12,24.61,154.12,0.0,paid,0,
570,750,2025-08-17,2025-08-31,EUR,sepa,1745.98,278.77,1745.98,0.0,paid,0,
571,751,2025-05-02,2025-06-16,EUR,invoice,926.87,147.99,926.87,0.0,paid,0,
572,753,2026-08-01,2026-09-15,EUR,sepa,1850.52,295.46,925.26,925.26,open,2,
573,754,2026-03-31,2026-04-14,EUR,card,1068.12,170.54,534.06,534.06,open,0,
574,755,2025-09-11,2025-10-26,EUR,prepay,2254.55,359.97,901.82,1352.73,open,0,
575,756,2025-05-12,2025-05-26,CHF,prepay,3869.2,617.77,0.0,3869.2,cancelled,0,2025-05-15
576,758,2026-06-10,2026-06-24,USD,paypal,575.29,91.85,575.29,0.0,paid,0,
577,759,2025-07-30,2025-09-13,USD,prepay,925.64,147.79,462.82,462.82,open,0,
578,760,2024-06-21,2024-08-05,EUR,paypal,1563.6,249.65,1563.6,0.0,paid,0,
579,761,2025-03-12,2025-03-26,CHF,prepay,1029.36,164.35,0.0,1029.36,cancelled,2,2025-03-15
580,762,2025-03-29,2025-05-13,EUR,card,1769.79,282.57,1769.79,0.0,paid,0,
581,763,2024-07-16,2024-07-30,EUR,card,579.51,92.53,579.51,0.0,paid,0,
582,764,2024-08-27,2024-09-10,CHF,sepa,2457.61,392.39,2457.61,0.0,paid,0,
583,765,2026-02-07,2026-03-24,EUR,card,1491.72,238.17,1491.72,0.0,paid,0,
584,767,2024-10-31,2024-11-14,EUR,paypal,3839.77,613.07,3839.77,0.0,paid,0,
585,768,2024-10-11,2024-11-10,EUR,prepay,1472.86,235.16,1472.86,0.0,paid,0,
586,769,2026-03-23,2026-04-06,CHF,prepay,1447.18,231.06,1447.18,0.0,paid,0,
587,770,2024-05-02,2024-05-16,EUR,paypal,2553.24,407.66,2553.24,0.0,paid,0,
588,772,2024-08-23,2024-09-06,EUR,paypal,1770.49,282.68,1770.49,0.0,paid,0,
589,773,2026-07-31,2026-08-14,EUR,prepay,2383.08,380.49,0.0,2383.08,open,1,
590,775,2025-03-08,2025-04-22,USD,card,1654.92,264.23,1654.92,0.0,paid,0,
591,776,2026-04-19,2026-05-03,EUR,paypal,1273.97,203.41,1273.97,0.0,paid,0,
592,778,2024-12-24,2025-02-07,EUR,invoice,2732.93,436.35,2732.93,0.0,paid,0,
593,779,2026-02-10,2026-03-12,CHF,sepa,354.44,56.59,354.44,0.0,paid,0,
594,780,2024-03-14,2024-03-28,CHF,prepay,1821.64,290.85,1821.64,0.0,paid,0,
595,782,2024-03-29,2024-04-28,EUR,sepa,1757.49,280.61,0.0,1757.49,open,0,
596,783,2024-06-13,2024-07-28,EUR,card,1556.62,248.54,1556.62,0.0,paid,0,
597,784,2024-01-20,2024-02-19,EUR,sepa,700.21,111.8,700.21,0.0,paid,0,
598,785,2025-07-17,2025-07-31,CHF,prepay,3197.66,510.55,3197.66,0.0,paid,0,
599,786,2024-07-10,2024-08-24,USD,sepa,2784.16,444.53,2784.16,0.0,paid,0,
600,788,2025-04-21,2025-05-21,CHF,paypal,909.34,145.19,0.0,909.34,open,1,
601,789,2024-01-19,2024-03-04,CHF,prepay,881.17,140.69,881.17,0.0,paid,0,
602,790,2025-03-07,2025-03-21,EUR,paypal,2907.04,464.15,0.0,2907.04,open,1,
603,791,2025-08-25,2025-09-08,EUR,prepay,3252.77,519.35,3252.77,0.0,paid,0,
604,793,2024-01-06,2024-02-20,CHF,sepa,1375.97,219.69,1375.97,0.0,paid,0,
605,794,2024-09-16,2024-09-30,USD,prepay,1196.27,191.0,1196.27,0.0,paid,0,
606,795,2026-04-19,2026-05-03,EUR,paypal,755.61,120.64,755.61,0.0,paid,0,
607,796,2024-04-08,2024-04-22,CHF,sepa,1710.97,273.18,1710.97,0.0,paid,0,
608,798,2025-01-13,2025-02-12,CHF,prepay,1975.11,315.35,790.04,1185.07,open,1,
609,802,2024-11-18,2025-01-02,EUR,card,2564.56,409.47,2564.56,0.0,paid,0,
610,803,2024-12-11,2025-01-25,EUR,invoice,1728.52,275.98,1728.52,0.0,paid,0,
611,806,2024-10-03,2024-11-02,EUR,paypal,2296.27,366.63,2296.27,0.0,paid,0,
612,807,2024-11-14,2024-11-28,EUR,paypal,1548.11,247.18,1548.11,0.0,paid,0,
613,808,2025-12-08,2026-01-22,USD,invoice,814.44,130.04,814.44,0.0,paid,0,
614,809,2026-05-02,2026-06-01,EUR,card,1193.89,190.62,1193.89,0.0,paid,0,
615,810,2026-06-09,2026-06-23,CHF,paypal,1077.85,172.09,0.0,1077.85,cancelled,0,2026-06-12
616,811,2024-08-05,2024-08-19,EUR,invoice,1950.29,311.39,1950.29,0.0,paid,0,
617,812,2025-07-02,2025-07-16,USD,sepa,692.77,110.61,692.77,0.0,paid,0,
618,813,2026-03-13,2026-03-27,USD,sepa,1110.54,177.31,1110.54,0.0,paid,0,
619,814,2025-04-07,2025-04-21,EUR,paypal,1130.96,180.57,1130.96,0.0,paid,0,
620,815,2024-12-05,2025-01-19,USD,invoice,3665.93,585.32,3665.93,0.0,paid,0,
621,816,2024-12-16,2025-01-15,EUR,sepa,1055.7,168.56,1055.7,0.0,paid,0,
622,817,2025-04-30,2025-06-14,EUR,sepa,1274.04,203.42,0.0,1274.04,open,0,
623,819,2026-01-24,2026-03-10,EUR,sepa,1234.59,197.12,617.29,617.3,open,0,
624,820,2025-05-25,2025-06-08,USD,card,1620.17,258.68,1620.17,0.0,paid,0,
625,821,2025-07-22,2025-09-05,EUR,sepa,882.94,140.97,882.94,0.0,paid,0,
626,822,2025-01-03,2025-01-17,CHF,paypal,1298.93,207.39,1298.93,0.0,paid,0,
627,823,2025-03-01,2025-03-31,EUR,paypal,754.51,120.47,0.0,754.51,open,1,
628,824,2025-10-19,2025-12-03,EUR,prepay,2264.26,361.52,905.7,1358.56,open,0,
629,827,2026-05-05,2026-05-19,EUR,paypal,418.84,66.87,418.84,0.0,paid,0,
630,829,2024-04-14,2024-05-29,USD,card,2159.48,344.79,2159.48,0.0,paid,0,
631,830,2024-03-23,2024-05-07,EUR,invoice,2334.2,372.69,1167.1,1167.1,open,2,
632,831,2025-12-14,2026-01-28,EUR,prepay,4784.45,763.9,0.0,4784.45,cancelled,0,2025-12-17
633,832,2025-07-13,2025-08-12,EUR,card,1970.83,314.67,0.0,1970.83,open,1,
634,834,2024-01-26,2024-02-09,EUR,paypal,1275.55,203.66,637.77,637.78,open,1,
635,835,2025-08-22,2025-09-05,EUR,card,1039.3,165.94,0.0,1039.3,open,0,
636,836,2025-09-29,2025-10-13,USD,paypal,1364.97,217.94,1364.97,0.0,paid,0,
637,837,2024-05-30,2024-07-14,EUR,prepay,3061.82,488.86,3061.82,0.0,paid,0,
638,839,2026-07-30,2026-08-13,CHF,prepay,370.95,59.23,370.95,0.0,paid,0,
639,840,2024-05-25,2024-06-08,EUR,prepay,2033.46,324.67,2033.46,0.0,paid,0,
640,842,2025-02-05,2025-03-07,CHF,prepay,302.77,48.34,302.77,0.0,paid,0,
641,843,2024-05-17,2024-07-01,EUR,sepa,1199.78,191.56,1199.78,0.0,paid,0,
642,844,2024-08-19,2024-09-02,EUR,card,396.12,63.25,396.12,0.0,paid,0,
643,845,2026-07-24,2026-09-07,EUR,sepa,861.21,137.5,861.21,0.0,paid,0,
644,846,2024-10-26,2024-11-09,USD,invoice,5456.14,871.15,5456.14,0.0,paid,0,
645,847,2025-12-02,2026-01-01,USD,paypal,7485.03,1195.09,7485.03,0.0,paid,0,
646,848,2024-11-06,2024-11-20,EUR,prepay,3719.3,593.84,3719.3,0.0,paid,0,
647,850,2024-07-19,2024-09-02,EUR,invoice,1270.46,202.85,1270.46,0.0,paid,0,
648,851,2026-08-04,2026-09-18,CHF,card,997.99,159.34,997.99,0.0,paid,0,
649,852,2026-07-17,2026-07-31,CHF,invoice,2000.09,319.34,2000.09,0.0,paid,0,
650,853,2024-05-31,2024-07-15,USD,invoice,1181.42,188.63,1181.42,0.0,paid,0,
651,854,2025-04-29,2025-05-29,USD,card,369.0,58.92,369.0,0.0,paid,0,
652,855,2025-08-04,2025-09-03,USD,sepa,1800.78,287.52,1800.78,0.0,paid,0,
653,856,2024-11-28,2024-12-12,CHF,invoice,1229.92,196.37,1229.92,0.0,paid,0,
654,857,2026-01-23,2026-02-06,CHF,prepay,2170.08,346.48,2170.08,0.0,paid,0,
655,858,2026-05-07,2026-06-21,EUR,paypal,751.72,120.02,751.72,0.0,paid,0,
656,859,2026-05-22,2026-06-21,EUR,sepa,482.58,77.05,482.58,0.0,paid,0,
657,860,2025-06-05,2025-07-05,EUR,sepa,3093.41,493.91,3093.41,0.0,paid,0,
658,861,2024-04-12,2024-04-26,EUR,paypal,982.9,156.93,0.0,982.9,open,2,
659,863,2026-04-17,2026-06-01,EUR,invoice,643.35,102.72,643.35,0.0,paid,0,
660,865,2024-04-16,2024-04-30,EUR,invoice,700.52,111.85,700.52,0.0,paid,0,
661,866,2024-05-02,2024-05-16,EUR,prepay,1855.11,296.19,1855.11,0.0,paid,0,
662,867,2026-04-26,2026-06-10,EUR,prepay,3169.08,505.99,3169.08,0.0,paid,0,
663,869,2025-11-27,2025-12-27,CHF,sepa,1389.18,221.8,1389.18,0.0,paid,0,
664,870,2024-07-11,2024-07-25,EUR,sepa,699.01,111.61,699.01,0.0,paid,0,
665,871,2026-05-03,2026-05-17,EUR,paypal,225.14,35.95,225.14,0.0,paid,0,
666,874,2024-11-07,2024-12-22,EUR,invoice,976.57,155.92,976.57,0.0,paid,0,
667,877,2026-04-11,2026-04-25,CHF,invoice,2258.88,360.66,2258.88,0.0,paid,0,
668,878,2025-03-30,2025-04-29,EUR,sepa,405.55,64.75,405.55,0.0,paid,0,
669,879,2024-09-07,2024-10-22,CHF,sepa,1385.89,221.28,1385.89,0.0,paid,0,
670,880,2026-05-05,2026-05-19,USD,card,1809.09,288.85,1809.09,0.0,paid,0,
671,881,2024-07-14,2024-08-13,CHF,paypal,2078.76,331.9,2078.76,0.0,paid,0,
672,882,2026-01-21,2026-03-07,USD,paypal,116.35,18.58,116.35,0.0,paid,0,
673,883,2026-08-09,2026-09-08,EUR,invoice,1026.65,163.92,1026.65,0.0,paid,0,
674,884,2025-03-04,2025-04-03,EUR,paypal,424.0,67.7,424.0,0.0,paid,0,
675,885,2024-12-29,2025-02-12,CHF,card,1599.01,255.3,1599.01,0.0,paid,0,
676,887,2025-10-03,2025-11-17,EUR,invoice,1770.92,282.75,0.0,1770.92,open,1,
677,888,2026-02-10,2026-02-24,EUR,invoice,460.39,73.51,460.39,0.0,paid,0,
678,889,2024-08-10,2024-08-24,USD,card,735.12,117.37,735.12,0.0,paid,0,
679,890,2025-01-27,2025-03-13,USD,invoice,1862.02,297.3,0.0,1862.02,open,1,
680,891,2026-06-27,2026-08-11,EUR,paypal,906.79,144.78,906.79,0.0,paid,0,
681,892,2024-12-26,2025-02-09,EUR,card,2470.92,394.52,0.0,2470.92,cancelled,2,2024-12-29
682,893,2025-05-24,2025-06-07,EUR,invoice,2031.93,324.43,2031.93,0.0,paid,0,
683,894,2024-06-28,2024-08-12,EUR,sepa,1079.88,172.42,1079.88,0.0,paid,0,
684,895,2026-07-19,2026-09-02,EUR,invoice,1603.14,255.96,0.0,1603.14,open,1,
685,896,2024-05-01,2024-06-15,USD,prepay,1618.01,258.34,1618.01,0.0,paid,0,
686,897,2024-07-16,2024-08-30,USD,invoice,1752.11,279.75,1752.11,0.0,paid,0,
687,898,2026-02-13,2026-03-15,EUR,invoice,505.17,80.66,505.17,0.0,paid,0,
688,900,2024-02-25,2024-04-10,USD,paypal,977.31,156.04,977.31,0.0,paid,0,
689,901,2024-05-04,2024-06-18,EUR,invoice,2234.27,356.73,2234.27,0.0,paid,0,
690,902,2025-01-03,2025-01-17,EUR,invoice,2924.2,466.89,2924.2,0.0,paid,0,
691,903,2025-01-27,2025-03-13,USD,invoice,1645.88,262.79,1645.88,0.0,paid,0,
692,904,2025-05-29,2025-07-13,EUR,invoice,1408.37,224.87,1408.37,0.0,paid,0,
693,905,2025-03-27,2025-04-26,CHF,card,389.73,62.23,0.0,389.73,open,2,
694,906,2025-11-15,2025-11-29,EUR,prepay,887.51,141.7,887.51,0.0,paid,0,
695,908,2024-10-07,2024-11-21,CHF,invoice,1757.93,280.68,0.0,1757.93,open,1,
696,909,2025-08-19,2025-10-03,USD,invoice,452.26,72.21,452.26,0.0,paid,0,
697,911,2025-02-23,2025-03-09,EUR,prepay,1639.18,261.72,0.0,1639.18,open,0,
698,912,2024-10-18,2024-12-02,CHF,invoice,3512.93,560.89,0.0,3512.93,open,0,
699,913,2025-04-01,2025-05-01,CHF,card,1312.69,209.59,1312.69,0.0,paid,0,
700,915,2024-09-12,2024-10-12,CHF,sepa,590.16,94.23,590.16,0.0,paid,0,
701,918,2026-01-21,2026-03-07,EUR,sepa,793.85,126.75,793.85,0.0,paid,0,
702,920,2026-07-18,2026-08-17,EUR,prepay,1033.62,165.03,1033.62,0.0,paid,0,
703,922,2024-05-05,2024-06-19,EUR,invoice,374.99,59.87,374.99,0.0,paid,0,
704,923,2024-07-15,2024-08-14,USD,prepay,1633.51,260.81,1633.51,0.0,paid,0,
705,924,2025-08-21,2025-09-04,EUR,prepay,904.03,144.34,904.03,0.0,paid,0,
706,925,2024-10-22,2024-12-06,EUR,invoice,2519.71,402.31,2519.71,0.0,paid,0,
707,926,2025-08-20,2025-10-04,EUR,card,454.87,72.63,454.87,0.0,paid,0,
708,928,2025-09-11,2025-10-11,EUR,card,1279.71,204.32,0.0,1279.71,cancelled,1,2025-09-14
709,930,2026-01-21,2026-02-04,CHF,invoice,1004.34,160.36,1004.34,0.0,paid,0,
710,933,2025-09-10,2025-10-25,EUR,invoice,825.62,131.82,825.62,0.0,paid,0,
711,934,2024-03-02,2024-04-01,USD,paypal,534.85,85.4,534.85,0.0,paid,0,
712,935,2024-07-06,2024-08-20,CHF,prepay,1979.71,316.09,0.0,1979.71,cancelled,1,2024-07-09
713,938,2025-04-21,2025-06-05,EUR,card,442.42,70.64,442.42,0.0,paid,0,
714,939,2025-03-02,2025-04-16,EUR,card,1321.96,211.07,1321.96,0.0,paid,0,
715,941,2025-08-01,2025-08-15,EUR,card,2804.78,447.82,2804.78,0.0,paid,0,
716,942,2024-04-07,2024-05-22,EUR,invoice,1163.02,185.69,1163.02,0.0,paid,0,
717,943,2026-05-21,2026-06-04,EUR,sepa,2159.18,344.74,2159.18,0.0,paid,0,
718,944,2025-05-03,2025-06-02,EUR,sepa,2008.57,320.7,2008.57,0.0,paid,0,
719,946,2025-04-10,2025-04-24,EUR,sepa,566.86,90.51,566.86,0.0,paid,0,
720,947,2025-11-13,2025-12-13,CHF,card,2735.7,436.79,2735.7,0.0,paid,0,
721,948,2024-02-14,2024-02-28,USD,card,569.31,90.9,0.0,569.31,open,0,
722,949,2026-04-13,2026-04-27,CHF,invoice,778.78,124.34,778.78,0.0,paid,0,
723,950,2024-03-10,2024-03-24,USD,sepa,1837.19,293.33,1837.19,0.0,paid,0,
724,951,2024-12-21,2025-01-04,USD,invoice,2292.11,365.97,2292.11,0.0,paid,0,
725,952,2024-09-25,2024-10-09,CHF,paypal,3120.11,498.17,3120.11,0.0,paid,0,
726,953,2026-01-06,2026-02-05,EUR,invoice,1898.99,303.2,1898.99,0.0,paid,0,
727,954,2024-09-12,2024-10-12,EUR,paypal,3071.01,490.33,3071.01,0.0,paid,0,
728,955,2024-10-21,2024-12-05,EUR,card,3900.77,622.81,0.0,3900.77,open,0,
729,956,2025-05-14,2025-06-28,USD,sepa,668.76,106.78,668.76,0.0,paid,0,
730,959,2026-04-30,2026-05-14,EUR,paypal,993.91,158.69,0.0,993.91,cancelled,2,2026-05-03
731,960,2024-08-28,2024-09-11,CHF,prepay,379.21,60.55,379.21,0.0,paid,0,
732,961,2024-07-27,2024-09-10,CHF,sepa,1547.36,247.06,0.0,1547.36,cancelled,0,2024-07-30
733,962,2024-02-16,2024-03-01,USD,sepa,420.65,67.16,0.0,420.65,cancelled,1,2024-02-19
734,963,2025-05-01,2025-05-15,EUR,card,1870.67,298.68,1870.67,0.0,paid,0,
735,964,2024-09-23,2024-10-23,EUR,prepay,1091.17,174.22,1091.17,0.0,paid,0,
736,965,2025-02-10,2025-03-12,EUR,card,729.72,116.51,729.72,0.0,paid,0,
737,967,2024-01-20,2024-02-19,EUR,invoice,3273.44,522.65,1636.72,1636.72,open,0,
738,968,2024-11-23,2025-01-07,EUR,card,2286.01,364.99,914.4,1371.61,open,1,
739,971,2025-01-30,2025-02-13,EUR,invoice,1059.55,169.17,1059.55,0.0,paid,0,
740,973,2025-01-30,2025-03-16,EUR,prepay,159.27,25.43,159.27,0.0,paid,0,
741,975,2026-04-09,2026-05-24,EUR,paypal,1246.42,199.01,1246.42,0.0,paid,0,
742,976,2024-05-08,2024-06-22,CHF,card,1786.44,285.23,0.0,1786.44,open,0,
743,977,2025-03-14,2025-03-28,EUR,card,1954.49,312.06,1954.49,0.0,paid,0,
744,978,2024-06-30,2024-08-14,EUR,card,1278.32,204.1,1278.32,0.0,paid,0,
745,979,2025-06-03,2025-07-18,EUR,paypal,2494.01,398.2,2494.01,0.0,paid,0,
746,981,2025-12-03,2025-12-17,EUR,invoice,1749.45,279.32,1749.45,0.0,paid,0,
747,982,2026-03-08,2026-03-22,EUR,invoice,1629.35,260.15,1629.35,0.0,paid,0,
748,984,2024-07-05,2024-08-04,EUR,prepay,2570.04,410.34,2570.04,0.0,paid,0,
749,986,2025-06-25,2025-07-09,EUR,card,1068.87,170.66,0.0,1068.87,cancelled,0,2025-06-28
750,987,2025-03-09,2025-04-23,USD,paypal,2590.5,413.61,2590.5,0.0,paid,0,
751,989,2024-10-30,2024-11-29,EUR,sepa,2985.58,476.69,2985.58,0.0,paid,0,
752,991,2024-06-12,2024-07-12,USD,prepay,1179.1,188.26,1179.1,0.0,paid,0,
753,992,2024-10-08,2024-11-22,EUR,sepa,943.79,150.69,471.89,471.9,open,0,
754,994,2026-07-04,2026-07-18,EUR,card,888.17,141.81,888.17,0.0,paid,0,
755,995,2024-12-15,2024-12-29,EUR,prepay,5556.86,887.23,5556.86,0.0,paid,0,
756,996,2024-05-06,2024-06-05,USD,sepa,2673.16,426.81,2673.16,0.0,paid,0,
757,997,2024-06-16,2024-07-31,USD,sepa,2130.56,340.17,2130.56,0.0,paid,0,
758,998,2024-04-19,2024-05-03,EUR,prepay,1974.81,315.31,1974.81,0.0,paid,0,
759,999,2026-04-23,2026-06-07,CHF,card,362.47,57.87,362.47,0.0,paid,0,
760,1000,2024-09-03,2024-10-03,EUR,prepay,3417.06,545.58,0.0,3417.06,open,0,
761,1001,2025-10-12,2025-11-26,CHF,card,1911.66,305.22,1911.66,0.0,paid,0,
762,1002,2025-07-25,2025-08-08,USD,prepay,1836.67,293.25,1836.67,0.0,paid,0,
763,1005,2025-02-06,2025-02-20,EUR,card,640.18,102.21,640.18,0.0,paid,0,
764,1007,2024-12-19,2025-01-02,USD,prepay,1880.85,300.3,1880.85,0.0,paid,0,
765,1009,2025-04-06,2025-04-20,USD,invoice,904.96,144.49,904.96,0.0,paid,0,
766,1011,2025-06-11,2025-07-11,CHF,card,1655.67,264.35,1655.67,0.0,paid,0,
767,1014,2025-10-17,2025-10-31,EUR,card,1782.87,284.66,1782.87,0.0,paid,0,
768,1017,2025-04-15,2025-05-15,CHF,card,1390.07,221.94,556.03,834.04,open,2,
769,1018,2024-05-16,2024-05-30,CHF,paypal,1478.92,236.13,0.0,1478.92,open,0,
770,1019,2024-12-14,2025-01-28,EUR,card,4446.99,710.02,4446.99,0.0,paid,0,
771,1022,2025-01-15,2025-01-29,CHF,card,1584.37,252.97,633.75,950.62,open,0,
772,1023,2024-09-09,2024-10-09,USD,card,718.68,114.75,718.68,0.0,paid,0,
773,1024,2025-09-02,2025-09-16,CHF,paypal,1450.5,231.59,1450.5,0.0,paid,0,
774,1025,2025-06-03,2025-07-18,EUR,invoice,2361.17,376.99,2361.17,0.0,paid,0,
775,1026,2026-04-13,2026-05-13,USD,sepa,354.3,56.57,354.3,0.0,paid,0,
776,1029,2024-09-27,2024-10-27,USD,card,1942.29,310.11,1942.29,0.0,paid,0,
777,1030,2024-05-02,2024-05-16,EUR,prepay,1814.99,289.79,1814.99,0.0,paid,0,
778,1031,2024-08-18,2024-10-02,EUR,card,278.56,44.48,278.56,0.0,paid,0,
779,1032,2024-11-19,2024-12-19,USD,prepay,2437.5,389.18,975.0,1462.5,open,2,
780,1033,2025-01-13,2025-02-12,EUR,sepa,6298.65,1005.67,0.0,6298.65,open,0,
781,1036,2025-07-29,2025-08-28,EUR,invoice,1603.13,255.96,1603.13,0.0,paid,0,
782,1037,2024-07-28,2024-08-27,USD,paypal,2353.17,375.72,941.27,1411.9,open,0,
783,1038,2024-06-06,2024-07-21,EUR,paypal,667.27,106.54,667.27,0.0,paid,0,
784,1039,2024-09-07,2024-10-07,USD,card,529.16,84.49,0.0,529.16,open,0,
785,1040,2024-10-26,2024-11-09,USD,card,1251.82,199.87,1251.82,0.0,paid,0,
786,1041,2025-09-14,2025-10-29,EUR,card,1681.49,268.47,1681.49,0.0,paid,0,
787,1042,2025-10-02,2025-10-16,EUR,invoice,2325.88,371.36,930.35,1395.53,open,0,
788,1043,2025-08-17,2025-08-31,EUR,paypal,1220.58,194.88,1220.58,0.0,paid,0,
789,1044,2025-07-01,2025-07-31,EUR,invoice,395.12,63.09,0.0,395.12,open,0,
790,1045,2025-11-02,2025-12-17,USD,prepay,3451.88,551.14,3451.88,0.0,paid,0,
791,1046,2026-06-28,2026-08-12,EUR,prepay,954.31,152.37,954.31,0.0,paid,0,
792,1047,2025-01-03,2025-02-17,EUR,paypal,3898.34,622.42,1949.17,1949.17,open,1,
793,1049,2024-11-26,2024-12-10,EUR,paypal,3334.86,532.46,3334.86,0.0,paid,0,
794,1050,2024-09-25,2024-11-09,EUR,sepa,494.94,79.02,494.94,0.0,paid,0,
795,1051,2025-03-09,2025-03-23,EUR,sepa,615.24,98.23,0.0,615.24,open,1,
796,1052,2024-05-26,2024-06-25,USD,sepa,4027.1,642.98,4027.1,0.0,paid,0,
797,1053,2025-11-17,2025-12-17,EUR,paypal,3619.71,577.94,3619.71,0.0,paid,0,
798,1054,2025-02-03,2025-03-20,EUR,paypal,994.45,158.78,994.45,0.0,paid,0,
799,1055,2026-06-28,2026-08-12,CHF,card,716.89,114.46,716.89,0.0,paid,0,
800,1056,2024-05-04,2024-06-18,USD,card,332.59,53.1,332.59,0.0,paid,0,
801,1058,2024-12-22,2025-01-21,USD,prepay,1534.96,245.08,0.0,1534.96,open,2,
802,1059,2025-05-17,2025-05-31,EUR,invoice,956.59,152.73,956.59,0.0,paid,0,
803,1060,2026-06-23,2026-07-07,EUR,prepay,1889.92,301.75,1889.92,0.0,paid,0,
804,1061,2025-02-03,2025-02-17,EUR,prepay,1471.01,234.87,735.5,735.51,open,1,
805,1064,2024-03-25,2024-04-24,EUR,sepa,1889.99,301.76,1889.99,0.0,paid,0,
806,1065,2025-09-24,2025-10-24,EUR,invoice,1149.93,183.6,1149.93,0.0,paid,0,
807,1068,2025-10-11,2025-11-10,USD,paypal,3954.74,631.43,3954.74,0.0,paid,0,
808,1069,2024-07-18,2024-08-01,USD,card,751.26,119.95,751.26,0.0,paid,0,
809,1070,2026-07-27,2026-08-26,CHF,card,144.31,23.04,144.31,0.0,paid,0,
810,1075,2024-08-02,2024-09-16,EUR,invoice,2442.53,389.98,2442.53,0.0,paid,0,
811,1077,2024-02-06,2024-03-22,CHF,invoice,486.36,77.65,486.36,0.0,paid,0,
812,1078,2026-01-19,2026-02-18,USD,sepa,130.89,20.9,130.89,0.0,paid,0,
813,1079,2026-03-05,2026-04-04,EUR,prepay,1634.86,261.03,1634.86,0.0,paid,0,
814,1080,2026-01-07,2026-01-21,USD,card,2793.8,446.07,2793.8,0.0,paid,0,
815,1081,2024-06-16,2024-07-16,EUR,paypal,1800.95,287.55,1800.95,0.0,paid,0,
816,1082,2025-11-23,2025-12-07,USD,paypal,2542.86,406.0,0.0,2542.86,cancelled,0,2025-11-26
817,1084,2026-02-12,2026-03-14,USD,card,876.36,139.92,876.36,0.0,paid,0,
818,1086,2026-05-30,2026-07-14,EUR,sepa,1969.16,314.4,1969.16,0.0,paid,0,
819,1087,2025-04-04,2025-05-04,CHF,invoice,2549.4,407.05,2549.4,0.0,paid,0,
820,1088,2025-03-14,2025-04-13,EUR,paypal,1437.4,229.5,1437.4,0.0,paid,0,
821,1089,2025-03-12,2025-04-11,EUR,paypal,2057.47,328.5,2057.47,0.0,paid,0,
822,1090,2024-02-03,2024-03-19,USD,sepa,1075.75,171.76,1075.75,0.0,paid,0,
823,1091,2024-06-01,2024-07-01,EUR,invoice,1657.1,264.58,1657.1,0.0,paid,0,
824,1092,2024-12-28,2025-01-27,CHF,sepa,4123.91,658.44,4123.91,0.0,paid,0,
825,1093,2024-04-18,2024-06-02,USD,sepa,2233.48,356.61,0.0,2233.48,open,2,
826,1094,2026-03-26,2026-05-10,USD,paypal,850.15,135.74,850.15,0.0,paid,0,
827,1095,2025-04-28,2025-06-12,EUR,sepa,908.95,145.13,908.95,0.0,paid,0,
828,1096,2025-01-08,2025-02-22,EUR,sepa,1721.75,274.9,0.0,1721.75,open,1,
829,1097,2025-02-19,2025-03-05,CHF,paypal,1408.21,224.84,1408.21,0.0,paid,0,
830,1099,2026-06-17,2026-07-17,USD,prepay,2508.13,400.46,0.0,2508.13,cancelled,0,2026-06-20
831,1103,2025-09-14,2025-10-29,USD,sepa,1161.25,185.41,0.0,1161.25,cancelled,0,2025-09-17
832,1108,2025-12-18,2026-02-01,USD,sepa,4972.74,793.97,4972.74,0.0,paid,0,
833,1109,2024-01-09,2024-02-08,EUR,paypal,745.5,119.03,745.5,0.0,paid,0,
834,1110,2025-05-25,2025-06-24,CHF,prepay,2443.75,390.18,2443.75,0.0,paid,0,
835,1111,2024-11-02,2024-12-17,EUR,prepay,2200.7,351.37,0.0,2200.7,open,0,
836,1113,2025-06-08,2025-06-22,CHF,invoice,1301.34,207.78,520.54,780.8,open,2,
837,1115,2025-11-18,2025-12-02,CHF,paypal,2450.58,391.27,2450.58,0.0,paid,0,
838,1116,2026-04-13,2026-05-28,EUR,paypal,2108.32,336.62,2108.32,0.0,paid,0,
839,1117,2025-06-23,2025-08-07,EUR,prepay,1569.38,250.57,1569.38,0.0,paid,0,
840,1118,2025-07-06,2025-08-05,CHF,sepa,1027.53,164.06,1027.53,0.0,paid,0,
841,1122,2024-07-28,2024-08-27,EUR,card,447.26,71.41,0.0,447.26,open,0,
842,1123,2025-01-30,2025-03-16,CHF,card,905.47,144.57,452.74,452.73,open,0,
843,1124,2024-02-03,2024-02-17,EUR,invoice,1206.06,192.56,603.03,603.03,open,0,
844,1125,2024-09-20,2024-10-20,EUR,prepay,1238.75,197.78,1238.75,0.0,paid,0,
845,1126,2026-02-10,2026-03-12,CHF,sepa,513.93,82.06,513.93,0.0,paid,0,
846,1128,2025-01-01,2025-02-15,USD,sepa,1612.66,257.48,1612.66,0.0,paid,0,
847,1129,2024-05-27,2024-07-11,USD,sepa,2688.28,429.22,0.0,2688.28,cancelled,1,2024-05-30
848,1130,2024-03-12,2024-04-26,EUR,invoice,1192.28,190.36,1192.28,0.0,paid,0,
849,1132,2025-02-24,2025-03-26,EUR,invoice,1016.21,162.25,1016.21,0.0,paid,0,
850,1133,2024-03-31,2024-04-14,EUR,sepa,1632.66,260.68,1632.66,0.0,paid,0,
851,1134,2024-05-22,2024-06-05,CHF,invoice,933.23,149.0,0.0,933.23,cancelled,2,2024-05-25
852,1136,2025-09-09,2025-10-09,EUR,paypal,1784.93,284.99,1784.93,0.0,paid,0,
853,1137,2025-07-06,2025-08-20,EUR,card,2494.36,398.26,1247.18,1247.18,open,0,
854,1140,2026-06-26,2026-07-26,EUR,paypal,1399.38,223.43,1399.38,0.0,paid,0,
855,1141,2026-07-24,2026-08-23,USD,invoice,3626.41,579.01,3626.41,0.0,paid,0,
856,1142,2025-07-29,2025-09-12,EUR,invoice,2146.15,342.66,0.0,2146.15,cancelled,0,2025-08-01
857,1143,2024-06-07,2024-07-22,EUR,invoice,2561.68,409.01,2561.68,0.0,paid,0,
858,1144,2024-09-16,2024-09-30,USD,sepa,1922.28,306.92,0.0,1922.28,open,0,
859,1145,2024-10-10,2024-11-24,EUR,invoice,1051.77,167.93,1051.77,0.0,paid,0,
860,1146,2024-10-09,2024-10-23,CHF,invoice,1494.01,238.54,1494.01,0.0,paid,0,
861,1147,2025-11-17,2025-12-01,USD,invoice,1601.94,255.77,1601.94,0.0,paid,0,
862,1150,2025-04-23,2025-05-23,EUR,sepa,598.83,95.61,598.83,0.0,paid,0,
863,1151,2026-04-23,2026-05-23,USD,prepay,636.84,101.68,0.0,636.84,open,0,
864,1153,2024-06-19,2024-08-03,EUR,paypal,436.29,69.66,218.15,218.14,open,0,
865,1154,2024-03-28,2024-04-27,EUR,prepay,1059.77,169.21,1059.77,0.0,paid,0,
866,1156,2024-10-11,2024-11-10,EUR,prepay,632.58,101.0,0.0,632.58,open,2,
867,1157,2024-10-13,2024-10-27,USD,paypal,2342.74,374.05,2342.74,0.0,paid,0,
868,1158,2024-01-22,2024-02-05,USD,paypal,863.76,137.91,863.76,0.0,paid,0,
869,1159,2024-04-26,2024-05-10,EUR,paypal,1485.2,237.13,0.0,1485.2,open,2,
870,1160,2024-04-20,2024-06-04,EUR,paypal,1231.16,196.57,1231.16,0.0,paid,0,
871,1161,2025-06-04,2025-06-18,EUR,card,2184.01,348.71,2184.01,0.0,paid,0,
872,1162,2024-05-05,2024-06-19,USD,prepay,1328.22,212.07,1328.22,0.0,paid,0,
873,1163,2024-09-15,2024-10-30,EUR,paypal,912.62,145.71,912.62,0.0,paid,0,
874,1164,2026-01-23,2026-02-06,USD,card,348.69,55.67,348.69,0.0,paid,0,
875,1165,2026-07-13,2026-08-12,EUR,prepay,917.04,146.42,0.0,917.04,cancelled,0,2026-07-16
876,1166,2024-09-20,2024-11-04,USD,paypal,1068.95,170.67,1068.95,0.0,paid,0,
877,1167,2025-01-16,2025-01-30,EUR,paypal,677.15,108.12,677.15,0.0,paid,0,
878,1168,2025-03-18,2025-04-01,CHF,card,510.43,81.5,510.43,0.0,paid,0,
879,1169,2024-11-19,2024-12-19,EUR,card,3868.59,617.67,3868.59,0.0,paid,0,
880,1170,2024-04-26,2024-05-10,EUR,sepa,909.89,145.28,363.96,545.93,open,1,
881,1172,2026-07-09,2026-08-08,USD,card,1422.2,227.07,1422.2,0.0,paid,0,
882,1174,2025-08-18,2025-10-02,USD,invoice,1134.95,181.21,0.0,1134.95,cancelled,2,2025-08-21
883,1175,2024-11-03,2024-12-18,EUR,prepay,1659.49,264.96,1659.49,0.0,paid,0,
884,1176,2025-02-02,2025-03-04,EUR,prepay,683.48,109.13,683.48,0.0,paid,0,
885,1177,2024-01-22,2024-02-05,CHF,invoice,274.44,43.82,274.44,0.0,paid,0,
886,1178,2024-12-04,2024-12-18,USD,prepay,3549.2,566.68,3549.2,0.0,paid,0,
887,1179,2025-06-08,2025-06-22,CHF,paypal,1961.2,313.13,0.0,1961.2,cancelled,0,2025-06-11
888,1180,2026-06-22,2026-07-22,EUR,card,821.35,131.14,821.35,0.0,paid,0,
889,1181,2025-05-20,2025-06-03,CHF,paypal,335.7,53.6,167.85,167.85,open,0,
890,1182,2025-01-11,2025-01-25,CHF,paypal,494.73,78.99,494.73,0.0,paid,0,
891,1185,2025-01-04,2025-02-03,USD,sepa,1897.41,302.95,1897.41,0.0,paid,0,
892,1187,2024-09-26,2024-11-10,USD,invoice,968.2,154.59,484.1,484.1,open,1,
893,1188,2025-04-06,2025-05-06,EUR,paypal,2044.56,326.44,817.82,1226.74,open,2,
894,1190,2025-04-15,2025-04-29,EUR,invoice,936.63,149.55,936.63,0.0,paid,0,
895,1191,2024-03-26,2024-04-09,EUR,invoice,644.39,102.89,0.0,644.39,open,0,
896,1193,2026-07-29,2026-08-28,CHF,invoice,1079.06,172.29,1079.06,0.0,paid,0,
897,1195,2024-04-18,2024-06-02,CHF,paypal,1111.44,177.46,0.0,1111.44,open,1,
898,1196,2025-02-19,2025-04-05,EUR,card,349.72,55.84,349.72,0.0,paid,0,
899,1197,2025-12-09,2026-01-23,EUR,invoice,4184.9,668.18,0.0,4184.9,open,2,
900,1198,2024-08-11,2024-09-25,EUR,card,780.38,124.6,780.38,0.0,paid,0,
901,1199,2026-07-30,2026-08-29,CHF,paypal,1646.4,262.87,1646.4,0.0,paid,0,
902,1200,2025-06-05,2025-07-20,EUR,card,1188.92,189.83,1188.92,0.0,paid,0,
903,1201,2024-12-23,2025-01-06,USD,invoice,2683.76,428.5,2683.76,0.0,paid,0,
904,1202,2026-05-30,2026-06-29,EUR,sepa,1618.92,258.48,0.0,1618.92,cancelled,2,2026-06-02
905,1204,2026-01-22,2026-02-21,EUR,card,2098.15,335.0,2098.15,0.0,paid,0,
906,1205,2024-10-02,2024-11-01,CHF,paypal,1058.18,168.95,1058.18,0.0,paid,0,
907,1206,2024-05-09,2024-06-08,EUR,paypal,1079.39,172.34,1079.39,0.0,paid,0,
908,1208,2025-10-18,2025-11-01,USD,card,2405.16,384.02,2405.16,0.0,paid,0,
909,1210,2025-08-01,2025-09-15,USD,sepa,877.49,140.1,877.49,0.0,paid,0,
910,1211,2026-06-30,2026-07-14,USD,invoice,1847.84,295.03,1847.84,0.0,paid,0,
911,1212,2024-06-13,2024-06-27,USD,prepay,3663.3,584.9,3663.3,0.0,paid,0,
912,1214,2024-12-13,2024-12-27,USD,paypal,933.59,149.06,933.59,0.0,paid,0,
913,1215,2026-07-13,2026-08-27,USD,prepay,1404.63,224.27,561.85,842.78,open,0,
914,1216,2026-01-12,2026-02-26,USD,sepa,6249.15,997.76,0.0,6249.15,cancelled,0,2026-01-15
915,1218,2025-11-16,2025-12-31,EUR,card,1187.26,189.56,1187.26,0.0,paid,0,
916,1220,2025-05-07,2025-06-21,USD,card,819.85,130.9,0.0,819.85,open,0,
917,1221,2025-12-24,2026-01-23,USD,prepay,2450.67,391.28,2450.67,0.0,paid,0,
918,1222,2026-03-19,2026-04-02,EUR,invoice,550.42,87.88,550.42,0.0,paid,0,
919,1225,2026-02-09,2026-03-26,EUR,paypal,259.94,41.5,259.94,0.0,paid,0,
920,1226,2024-09-16,2024-10-31,CHF,sepa,1915.1,305.77,1915.1,0.0,paid,0,
921,1227,2026-04-02,2026-05-02,EUR,paypal,3716.7,593.42,3716.7,0.0,paid,0,
922,1230,2025-03-17,2025-04-16,CHF,paypal,985.91,157.41,985.91,0.0,paid,0,
923,1232,2024-10-08,2024-10-22,EUR,card,560.72,89.53,560.72,0.0,paid,0,
924,1233,2024-05-14,2024-06-13,EUR,invoice,1191.42,190.23,1191.42,0.0,paid,0,
925,1235,2024-06-18,2024-07-02,CHF,prepay,2943.01,469.89,2943.01,0.0,paid,0,
926,1236,2024-02-28,2024-03-29,EUR,paypal,844.2,134.79,844.2,0.0,paid,0,
927,1237,2025-04-12,2025-04-26,EUR,prepay,1368.65,218.52,1368.65,0.0,paid,0,
928,1238,2024-02-14,2024-03-15,EUR,invoice,1331.46,212.59,0.0,1331.46,open,2,
929,1239,2025-08-15,2025-09-14,EUR,invoice,1498.11,239.19,1498.11,0.0,paid,0,
930,1240,2025-01-06,2025-02-20,EUR,paypal,4345.87,693.88,4345.87,0.0,paid,0,
931,1241,2024-08-13,2024-08-27,USD,paypal,2196.47,350.7,2196.47,0.0,paid,0,
932,1245,2025-08-04,2025-09-03,EUR,paypal,1695.43,270.7,0.0,1695.43,open,0,
933,1246,2024-04-23,2024-05-07,EUR,card,1870.08,298.58,1870.08,0.0,paid,0,
934,1247,2025-04-02,2025-05-17,EUR,card,972.74,155.31,972.74,0.0,paid,0,
935,1248,2024-10-13,2024-11-12,CHF,invoice,1302.37,207.94,1302.37,0.0,paid,0,
936,1249,2026-07-30,2026-08-13,CHF,paypal,1892.2,302.12,1892.2,0.0,paid,0,
937,1250,2025-12-20,2026-01-03,USD,invoice,1042.08,166.38,416.83,625.25,open,1,
938,1251,2024-03-27,2024-04-10,EUR,prepay,597.81,95.45,597.81,0.0,paid,0,
939,1253,2025-07-30,2025-08-13,EUR,sepa,638.04,101.87,638.04,0.0,paid,0,
940,1254,2024-07-08,2024-07-22,EUR,sepa,1345.47,214.82,1345.47,0.0,paid,0,
941,1255,2025-07-17,2025-07-31,EUR,sepa,1231.6,196.64,1231.6,0.0,paid,0,
942,1256,2026-03-12,2026-04-26,USD,card,1656.88,264.54,662.75,994.13,open,0,
943,1259,2025-04-21,2025-05-05,EUR,sepa,1293.45,206.52,0.0,1293.45,open,1,
944,1260,2026-02-22,2026-03-24,EUR,sepa,1141.96,182.33,1141.96,0.0,paid,0,
945,1261,2025-09-01,2025-09-15,EUR,sepa,1736.75,277.3,1736.75,0.0,paid,0,
946,1262,2026-04-07,2026-05-22,CHF,sepa,2948.8,470.82,0.0,2948.8,cancelled,1,2026-04-10
947,1264,2026-02-04,2026-03-21,CHF,prepay,728.57,116.33,0.0,728.57,cancelled,0,2026-02-07
948,1265,2025-04-01,2025-04-15,USD,card,1703.0,271.91,1703.0,0.0,paid,0,
949,1268,2024-12-17,2024-12-31,EUR,paypal,926.84,147.98,370.74,556.1,open,2,
950,1269,2024-12-13,2024-12-27,EUR,sepa,3972.05,634.19,3972.05,0.0,paid,0,
951,1271,2024-03-17,2024-05-01,CHF,card,2405.68,384.1,2405.68,0.0,paid,0,
952,1272,2025-06-04,2025-07-04,CHF,card,1917.19,306.11,1917.19,0.0,paid,0,
953,1274,2024-06-01,2024-07-16,EUR,paypal,1130.5,180.5,0.0,1130.5,open,0,
954,1275,2024-08-02,2024-09-16,EUR,sepa,1712.24,273.38,1712.24,0.0,paid,0,
955,1276,2025-02-03,2025-03-20,EUR,card,474.16,75.71,474.16,0.0,paid,0,
956,1281,2025-08-10,2025-09-09,USD,prepay,1026.92,163.96,1026.92,0.0,paid,0,
957,1282,2026-02-26,2026-04-12,EUR,card,1667.06,266.17,1667.06,0.0,paid,0,
958,1283,2025-01-14,2025-02-28,EUR,sepa,1011.95,161.57,1011.95,0.0,paid,0,
959,1285,2024-05-17,2024-07-01,EUR,invoice,1410.59,225.22,705.29,705.3,open,0,
960,1286,2026-02-11,2026-03-28,USD,invoice,404.66,64.61,161.86,242.8,open,2,
961,1287,2024-08-24,2024-09-07,EUR,prepay,834.96,133.31,417.48,417.48,open,1,
962,1288,2025-01-10,2025-01-24,EUR,paypal,2315.04,369.63,2315.04,0.0,paid,0,
963,1289,2025-08-19,2025-09-02,EUR,sepa,1490.08,237.91,596.03,894.05,open,0,
964,1290,2026-01-08,2026-02-07,EUR,paypal,825.16,131.75,825.16,0.0,paid,0,
965,1292,2024-02-04,2024-03-20,EUR,invoice,2139.08,341.53,2139.08,0.0,paid,0,
966,1293,2024-10-10,2024-10-24,EUR,invoice,261.37,41.73,0.0,261.37,open,1,
967,1296,2026-01-03,2026-01-17,CHF,sepa,937.83,149.74,937.83,0.0,paid,0,
968,1298,2024-09-04,2024-09-18,EUR,invoice,202.29,32.3,202.29,0.0,paid,0,
969,1299,2025-09-02,2025-10-17,USD,invoice,1590.39,253.93,1590.39,0.0,paid,0,
970,1300,2026-01-26,2026-03-12,EUR,prepay,2243.72,358.24,2243.72,0.0,paid,0,
971,1301,2025-03-06,2025-04-05,CHF,paypal,1110.07,177.24,0.0,1110.07,cancelled,0,2025-03-09
972,1302,2026-04-30,2026-06-14,EUR,sepa,1588.23,253.58,0.0,1588.23,cancelled,2,2026-05-03
973,1307,2025-07-16,2025-08-30,EUR,sepa,949.47,151.6,949.47,0.0,paid,0,
974,1309,2026-04-10,2026-05-25,EUR,card,1763.75,281.61,0.0,1763.75,open,0,
975,1310,2024-04-25,2024-05-25,EUR,sepa,2248.67,359.03,2248.67,0.0,paid,0,
976,1312,2024-07-17,2024-08-16,EUR,invoice,1140.19,182.05,1140.19,0.0,paid,0,
977,1313,2025-08-19,2025-09-02,EUR,paypal,486.15,77.62,486.15,0.0,paid,0,
978,1314,2024-11-11,2024-11-25,EUR,paypal,2776.1,443.24,2776.1,0.0,paid,0,
979,1315,2026-05-12,2026-06-11,EUR,invoice,1345.97,214.9,1345.97,0.0,paid,0,
980,1316,2025-04-13,2025-05-28,EUR,paypal,1411.19,225.32,0.0,1411.19,cancelled,0,2025-04-16
981,1317,2024-08-20,2024-09-19,EUR,invoice,1221.88,195.09,0.0,1221.88,open,2,
982,1318,2024-11-24,2025-01-08,CHF,invoice,1663.24,265.56,1663.24,0.0,paid,0,
983,1319,2024-02-28,2024-04-13,EUR,paypal,1258.69,200.97,1258.69,0.0,paid,0,
984,1320,2024-08-21,2024-09-04,USD,sepa,411.69,65.73,0.0,411.69,cancelled,1,2024-08-24
985,1321,2024-01-16,2024-01-30,CHF,card,393.53,62.83,393.53,0.0,paid,0,
986,1322,2025-11-01,2025-11-15,EUR,invoice,1096.82,175.12,1096.82,0.0,paid,0,
987,1326,2024-09-08,2024-10-23,CHF,invoice,1366.86,218.24,1366.86,0.0,paid,0,
988,1327,2024-11-25,2025-01-09,USD,paypal,1967.2,314.09,1967.2,0.0,paid,0,
989,1328,2026-02-21,2026-03-23,EUR,card,612.33,97.77,612.33,0.0,paid,0,
990,1329,2025-12-23,2026-02-06,USD,paypal,3534.3,564.3,3534.3,0.0,paid,0,
991,1330,2025-05-14,2025-06-28,EUR,invoice,74.05,11.82,74.05,0.0,paid,0,
992,1331,2026-02-19,2026-03-05,CHF,invoice,1124.53,179.55,1124.53,0.0,paid,0,
993,1332,2026-01-15,2026-02-14,USD,card,1449.98,231.51,1449.98,0.0,paid,0,
994,1333,2025-11-17,2025-12-17,EUR,prepay,3044.71,486.13,3044.71,0.0,paid,0,
995,1334,2026-06-06,2026-06-20,USD,paypal,2135.51,340.96,2135.51,0.0,paid,0,
996,1335,2024-12-13,2024-12-27,USD,card,2032.02,324.44,2032.02,0.0,paid,0,
997,1336,2025-02-24,2025-03-10,EUR,card,1856.85,296.47,1856.85,0.0,paid,0,
998,1337,2025-06-04,2025-06-18,EUR,card,1380.53,220.42,1380.53,0.0,paid,0,
999,1338,2026-03-18,2026-05-02,CHF,prepay,2156.22,344.27,2156.22,0.0,paid,0,
1000,1340,2024-09-24,2024-10-24,EUR,sepa,3729.95,595.54,3729.95,0.0,paid,0,
1001,1341,2025-05-18,2025-06-01,CHF,card,2287.63,365.25,2287.63,0.0,paid,0,
1002,1342,2024-08-21,2024-10-05,CHF,card,1594.14,254.53,1594.14,0.0,paid,0,
1003,1343,2024-11-26,2024-12-10,CHF,card,219.91,35.11,219.91,0.0,paid,0,
1004,1344,2025-02-09,2025-02-23,EUR,card,773.2,123.45,773.2,0.0,paid,0,
1005,1345,2024-02-12,2024-02-26,EUR,card,885.79,141.43,885.79,0.0,paid,0,
1006,1346,2024-09-04,2024-10-19,EUR,invoice,2032.23,324.47,2032.23,0.0,paid,0,
1007,1347,2026-05-12,2026-06-11,EUR,card,308.4,49.24,308.4,0.0,paid,0,
1008,1348,2024-02-13,2024-03-29,EUR,invoice,2687.67,429.12,2687.67,0.0,paid,0,
1009,1349,2024-12-05,2025-01-19,EUR,card,1711.61,273.28,684.64,1026.97,open,1,
1010,1350,2024-05-26,2024-07-10,USD,paypal,2987.02,476.92,2987.02,0.0,paid,0,
1011,1351,2024-09-26,2024-10-26,USD,paypal,2948.95,470.84,2948.95,0.0,paid,0,
1012,1352,2025-07-26,2025-08-25,EUR,prepay,739.31,118.04,739.31,0.0,paid,0,
1013,1353,2026-04-28,2026-06-12,EUR,card,2097.67,334.92,2097.67,0.0,paid,0,
1014,1354,2024-02-20,2024-03-05,EUR,invoice,310.14,49.52,310.14,0.0,paid,0,
1015,1355,2025-09-14,2025-09-28,USD,paypal,1288.42,205.71,644.21,644.21,open,0,
1016,1356,2024-04-06,2024-05-21,USD,paypal,3088.23,493.08,3088.23,0.0,paid,0,
1017,1357,2024-07-04,2024-07-18,EUR,sepa,1203.79,192.2,1203.79,0.0,paid,0,
1018,1358,2024-04-23,2024-06-07,EUR,paypal,4666.49,745.07,4666.49,0.0,paid,0,
1019,1359,2024-07-14,2024-08-13,EUR,card,1993.24,318.25,1993.24,0.0,paid,0,
1020,1360,2024-04-23,2024-05-23,EUR,invoice,2291.14,365.81,2291.14,0.0,paid,0,
1021,1361,2024-05-19,2024-06-18,USD,prepay,1034.25,165.13,1034.25,0.0,paid,0,
1022,1362,2025-07-15,2025-08-29,EUR,paypal,2013.34,321.46,2013.34,0.0,paid,0,
1023,1364,2024-11-12,2024-11-26,USD,prepay,1453.32,232.04,581.33,871.99,open,0,
1024,1365,2025-03-16,2025-03-30,CHF,paypal,1299.15,207.43,1299.15,0.0,paid,0,
1025,1366,2024-03-10,2024-04-24,EUR,invoice,1429.54,228.25,1429.54,0.0,paid,0,
1026,1367,2024-07-26,2024-09-09,EUR,prepay,2311.8,369.11,2311.8,0.0,paid,0,
1027,1368,2026-04-30,2026-05-30,EUR,prepay,2238.57,357.42,2238.57,0.0,paid,0,
1028,1370,2024-03-01,2024-03-31,CHF,paypal,1928.53,307.92,1928.53,0.0,paid,0,
1029,1371,2024-04-15,2024-05-15,EUR,card,1466.82,234.2,1466.82,0.0,paid,0,
1030,1373,2025-06-08,2025-07-08,EUR,prepay,880.6,140.6,880.6,0.0,paid,0,
1031,1374,2024-12-26,2025-02-09,EUR,invoice,2475.28,395.21,2475.28,0.0,paid,0,
1032,1375,2026-03-03,2026-04-02,EUR,card,1241.17,198.17,1241.17,0.0,paid,0,
1033,1376,2026-07-06,2026-07-20,USD,card,2006.32,320.34,802.53,1203.79,open,1,
1034,1377,2024-05-01,2024-05-31,EUR,prepay,1549.68,247.43,1549.68,0.0,paid,0,
1035,1378,2024-11-30,2024-12-30,EUR,card,1746.46,278.85,698.58,1047.88,open,0,
1036,1379,2025-03-16,2025-03-30,USD,prepay,1000.64,159.77,1000.64,0.0,paid,0,
1037,1380,2025-03-10,2025-04-09,EUR,paypal,308.66,49.28,154.33,154.33,open,0,
1038,1381,2026-07-24,2026-08-07,EUR,paypal,1641.22,262.04,1641.22,0.0,paid,0,
1039,1383,2024-08-11,2024-09-25,EUR,paypal,193.2,30.85,193.2,0.0,paid,0,
1040,1385,2025-12-22,2026-01-21,CHF,invoice,8441.59,1347.82,8441.59,0.0,paid,0,
1041,1386,2025-07-17,2025-07-31,EUR,sepa,2625.13,419.14,2625.13,0.0,paid,0,
1042,1387,2024-02-08,2024-03-09,EUR,sepa,954.83,152.45,0.0,954.83,open,0,
1043,1388,2024-02-17,2024-04-02,EUR,card,423.85,67.67,423.85,0.0,paid,0,
1044,1389,2026-05-08,2026-06-07,EUR,invoice,1939.57,309.68,1939.57,0.0,paid,0,
1045,1391,2026-05-12,2026-06-11,USD,paypal,2154.84,344.05,0.0,2154.84,open,2,
1046,1393,2025-01-20,2025-03-06,EUR,prepay,922.81,147.34,922.81,0.0,paid,0,
1047,1394,2024-03-24,2024-05-08,USD,invoice,1834.62,292.92,1834.62,0.0,paid,0,
1048,1395,2025-10-06,2025-11-20,USD,prepay,1240.85,198.12,1240.85,0.0,paid,0,
1049,1397,2024-03-29,2024-04-28,EUR,prepay,2622.19,418.67,0.0,2622.19,open,0,
1050,1398,2025-06-25,2025-07-25,CHF,sepa,348.48,55.64,348.48,0.0,paid,0,
1051,1399,2025-12-21,2026-02-04,EUR,prepay,1733.41,276.76,1733.41,0.0,paid,0,
1052,1400,2026-05-20,2026-07-04,EUR,invoice,19098.25,3049.3,19098.25,0.0,paid,0,
1053,1401,2026-06-21,2026-07-21,EUR,card,800.03,127.74,800.03,0.0,paid,0,
1054,1402,2024-09-11,2024-10-11,EUR,paypal,2584.67,412.68,0.0,2584.67,cancelled,0,2024-09-14
1055,1403,2024-08-15,2024-09-14,EUR,sepa,1696.29,270.84,1696.29,0.0,paid,0,
1056,1404,2024-04-05,2024-05-20,CHF,prepay,1250.9,199.72,1250.9,0.0,paid,0,
1057,1405,2026-03-01,2026-04-15,EUR,invoice,2083.02,332.58,2083.02,0.0,paid,0,
1058,1406,2024-08-12,2024-08-26,CHF,paypal,954.94,152.47,954.94,0.0,paid,0,
1059,1407,2025-07-05,2025-08-19,EUR,paypal,2910.89,464.76,2910.89,0.0,paid,0,
1060,1409,2024-12-21,2025-01-20,EUR,prepay,1055.66,168.55,1055.66,0.0,paid,0,
1061,1410,2026-03-20,2026-05-04,USD,paypal,1446.97,231.03,1446.97,0.0,paid,0,
1062,1411,2025-07-12,2025-08-26,EUR,paypal,2273.76,363.04,2273.76,0.0,paid,0,
1063,1412,2025-05-26,2025-06-25,CHF,invoice,2600.88,415.27,2600.88,0.0,paid,0,
1064,1413,2024-11-23,2024-12-23,EUR,prepay,291.35,46.52,291.35,0.0,paid,0,
1065,1414,2025-08-25,2025-09-24,EUR,sepa,578.49,92.36,0.0,578.49,open,1,
1066,1415,2024-01-11,2024-02-10,CHF,paypal,1857.6,296.59,1857.6,0.0,paid,0,
1067,1416,2024-03-14,2024-04-13,EUR,paypal,1532.9,244.75,1532.9,0.0,paid,0,
1068,1417,2024-06-22,2024-07-22,EUR,invoice,2575.74,411.25,2575.74,0.0,paid,0,
1069,1418,2024-06-02,2024-06-16,USD,card,3106.86,496.05,1242.74,1864.12,open,2,
1070,1419,2024-11-27,2025-01-11,CHF,card,982.14,156.81,982.14,0.0,paid,0,
1071,1420,2024-07-13,2024-07-27,EUR,card,921.27,147.09,921.27,0.0,paid,0,
1072,1421,2024-07-11,2024-07-25,USD,prepay,2197.37,350.84,2197.37,0.0,paid,0,
1073,1423,2024-09-29,2024-10-29,CHF,prepay,992.89,158.53,992.89,0.0,paid,0,
1074,1424,2026-03-02,2026-04-01,EUR,sepa,863.27,137.83,863.27,0.0,paid,0,
1075,1425,2025-12-29,2026-01-12,USD,invoice,1491.11,238.08,745.55,745.56,open,0,
1076,1426,2025-07-31,2025-08-14,EUR,sepa,1153.03,184.1,1153.03,0.0,paid,0,
1077,1431,2026-06-14,2026-07-29,EUR,prepay,2507.03,400.28,2507.03,0.0,paid,0,
1078,1432,2025-07-30,2025-09-13,EUR,sepa,714.54,114.09,714.54,0.0,paid,0,
1079,1433,2026-05-20,2026-06-19,EUR,invoice,1661.24,265.24,0.0,1661.24,open,0,
1080,1434,2026-07-30,2026-08-13,EUR,paypal,1626.56,259.7,0.0,1626.56,cancelled,0,2026-08-02
1081,1435,2024-08-03,2024-08-17,CHF,sepa,2513.21,401.27,2513.21,0.0,paid,0,
1082,1436,2024-08-29,2024-10-13,EUR,prepay,588.8,94.01,588.8,0.0,paid,0,
1083,1439,2025-05-28,2025-06-27,EUR,prepay,1395.07,222.74,0.0,1395.07,cancelled,0,2025-05-31
1084,1440,2024-02-28,2024-03-29,USD,paypal,970.53,154.96,970.53,0.0,paid,0,
1085,1441,2025-02-05,2025-03-07,EUR,invoice,1943.01,310.23,1943.01,0.0,paid,0,
1086,1443,2024-12-16,2024-12-30,USD,paypal,2563.27,409.26,2563.27,0.0,paid,0,
1087,1444,2026-05-20,2026-07-04,EUR,invoice,2292.8,366.08,917.12,1375.68,open,1,
1088,1446,2024-02-24,2024-03-25,EUR,card,1074.76,171.6,0.0,1074.76,open,0,
1089,1447,2025-12-24,2026-02-07,EUR,paypal,3662.28,584.73,3662.28,0.0,paid,0,
1090,1448,2025-08-14,2025-09-28,EUR,paypal,432.97,69.13,432.97,0.0,paid,0,
1091,1449,2026-05-18,2026-06-17,EUR,paypal,171.41,27.37,171.41,0.0,paid,0,
1092,1450,2024-04-25,2024-06-09,EUR,paypal,1709.46,272.94,1709.46,0.0,paid,0,
1093,1451,2024-09-09,2024-10-24,USD,prepay,458.8,73.25,458.8,0.0,paid,0,
1094,1452,2024-06-19,2024-07-03,USD,paypal,346.98,55.4,346.98,0.0,paid,0,
1095,1454,2024-01-11,2024-02-10,USD,prepay,925.65,147.79,925.65,0.0,paid,0,
1096,1455,2026-04-05,2026-05-05,CHF,paypal,308.52,49.26,308.52,0.0,paid,0,
1097,1456,2024-03-07,2024-04-06,CHF,paypal,908.99,145.13,908.99,0.0,paid,0,
1098,1458,2025-01-23,2025-03-09,EUR,prepay,1176.46,187.84,0.0,1176.46,open,2,
1099,1459,2026-02-01,2026-03-03,CHF,paypal,728.71,116.35,728.71,0.0,paid,0,
1100,1460,2025-09-01,2025-10-01,EUR,card,431.62,68.91,431.62,0.0,paid,0,
1101,1461,2025-01-06,2025-02-05,EUR,sepa,2414.84,385.56,2414.84,0.0,paid,0,
1102,1463,2025-02-18,2025-03-04,EUR,paypal,982.17,156.82,982.17,0.0,paid,0,
1103,1464,2025-05-07,2025-06-21,EUR,sepa,186.44,29.77,186.44,0.0,paid,0,
1104,1465,2025-03-23,2025-04-22,USD,card,1771.93,282.91,1771.93,0.0,paid,0,
1105,1467,2026-03-10,2026-04-09,USD,paypal,1050.42,167.71,1050.42,0.0,paid,0,
1106,1468,2024-04-08,2024-04-22,EUR,card,1653.09,263.94,1653.09,0.0,paid,0,
1107,1469,2024-04-25,2024-05-25,EUR,prepay,3112.34,496.93,1244.94,1867.4,open,0,
1108,1470,2024-10-15,2024-10-29,CHF,invoice,1422.78,227.17,1422.78,0.0,paid,0,
1109,1473,2026-02-04,2026-02-18,CHF,prepay,1396.57,222.98,1396.57,0.0,paid,0,
1110,1474,2026-04-08,2026-04-22,EUR,prepay,1427.43,227.91,1427.43,0.0,paid,0,
1111,1475,2025-03-25,2025-04-08,USD,invoice,1952.84,311.8,1952.84,0.0,paid,0,
1112,1478,2024-11-10,2024-12-25,EUR,paypal,3979.36,635.36,3979.36,0.0,paid,0,
1113,1480,2024-05-18,2024-06-01,EUR,prepay,2656.76,424.19,2656.76,0.0,paid,0,
1114,1481,2025-10-21,2025-12-05,EUR,card,1061.6,169.5,1061.6,0.0,paid,0,
1115,1482,2025-06-14,2025-07-14,EUR,invoice,3586.22,572.59,3586.22,0.0,paid,0,
1116,1483,2025-07-11,2025-08-10,EUR,paypal,2681.26,428.1,2681.26,0.0,paid,0,
1117,1484,2024-08-17,2024-10-01,EUR,prepay,578.15,92.31,578.15,0.0,paid,0,
1118,1485,2026-07-26,2026-08-25,EUR,card,2307.77,368.47,0.0,2307.77,cancelled,0,2026-07-29
1119,1487,2025-02-01,2025-02-15,CHF,prepay,656.86,104.88,656.86,0.0,paid,0,
1120,1489,2024-03-12,2024-04-26,EUR,prepay,938.12,149.78,938.12,0.0,paid,0,
1121,1490,2024-02-13,2024-03-29,CHF,sepa,526.59,84.08,526.59,0.0,paid,0,
1122,1491,2026-05-11,2026-05-25,EUR,paypal,668.04,106.66,668.04,0.0,paid,0,
1123,1492,2024-01-13,2024-02-27,CHF,paypal,978.39,156.21,978.39,0.0,paid,0,
1124,1493,2025-05-15,2025-05-29,CHF,paypal,960.98,153.43,0.0,960.98,open,1,
1125,1494,2025-09-14,2025-10-29,EUR,prepay,4952.8,790.78,0.0,4952.8,cancelled,0,2025-09-17
1126,1495,2025-08-23,2025-09-22,CHF,card,1607.84,256.71,0.0,1607.84,open,2,
1127,1496,2024-10-14,2024-11-13,EUR,paypal,2915.56,465.51,0.0,2915.56,open,0,
1128,1497,2024-09-20,2024-10-04,EUR,card,2042.96,326.19,2042.96,0.0,paid,0,
1129,1498,2025-01-19,2025-02-18,EUR,sepa,656.87,104.88,656.87,0.0,paid,0,
1130,1501,2026-06-25,2026-07-09,CHF,prepay,1480.3,236.35,0.0,1480.3,open,0,
1131,1502,2024-02-27,2024-03-28,EUR,sepa,1113.47,177.78,1113.47,0.0,paid,0,
1132,1503,2026-06-12,2026-07-27,EUR,sepa,1052.78,168.09,0.0,1052.78,open,1,
1133,1505,2025-02-11,2025-02-25,USD,paypal,764.0,121.98,764.0,0.0,paid,0,
1134,1506,2025-12-10,2026-01-09,EUR,invoice,3413.11,544.95,3413.11,0.0,paid,0,
1135,1507,2024-08-23,2024-10-07,EUR,prepay,1034.15,165.12,0.0,1034.15,open,2,
1136,1509,2024-02-08,2024-02-22,EUR,prepay,420.51,67.14,0.0,420.51,cancelled,0,2024-02-11
1137,1510,2025-06-08,2025-06-22,CHF,prepay,866.87,138.41,866.87,0.0,paid,0,
1138,1512,2024-04-16,2024-05-16,EUR,invoice,1425.33,227.57,1425.33,0.0,paid,0,
1139,1513,2025-02-24,2025-03-26,EUR,card,1778.94,284.03,1778.94,0.0,paid,0,
1140,1514,2024-07-01,2024-08-15,EUR,invoice,2625.2,419.15,2625.2,0.0,paid,0,
1141,1515,2026-07-17,2026-08-31,EUR,card,2695.41,430.36,2695.41,0.0,paid,0,
1142,1517,2024-11-15,2024-12-15,EUR,prepay,4083.12,651.93,4083.12,0.0,paid,0,
1143,1518,2024-06-30,2024-08-14,CHF,sepa,964.52,154.0,964.52,0.0,paid,0,
1144,1519,2025-05-15,2025-06-14,EUR,prepay,2299.07,367.08,2299.07,0.0,paid,0,
1145,1520,2026-04-09,2026-04-23,EUR,sepa,1032.32,164.82,1032.32,0.0,paid,0,
1146,1521,2024-11-25,2024-12-09,EUR,sepa,3095.51,494.24,3095.51,0.0,paid,0,
1147,1522,2026-03-20,2026-05-04,EUR,prepay,1003.31,160.19,1003.31,0.0,paid,0,
1148,1523,2025-02-01,2025-03-18,EUR,paypal,1592.41,254.25,1592.41,0.0,paid,0,
1149,1525,2024-11-11,2024-12-26,USD,paypal,2590.9,413.67,2590.9,0.0,paid,0,
1150,1526,2026-02-20,2026-04-06,EUR,card,785.29,125.38,785.29,0.0,paid,0,
1151,1527,2024-06-06,2024-06-20,CHF,paypal,1813.45,289.54,1813.45,0.0,paid,0,
1152,1528,2024-12-29,2025-01-28,EUR,invoice,2472.5,394.77,2472.5,0.0,paid,0,
1153,1529,2025-12-03,2026-01-02,EUR,paypal,2577.22,411.49,0.0,2577.22,cancelled,2,2025-12-06
1154,1530,2025-07-04,2025-08-18,EUR,prepay,2241.57,357.9,1120.79,1120.78,open,2,
1155,1531,2024-02-20,2024-04-05,EUR,sepa,1267.35,202.35,1267.35,0.0,paid,0,
1156,1532,2026-05-13,2026-05-27,USD,paypal,1939.72,309.7,1939.72,0.0,paid,0,
1157,1534,2024-10-19,2024-11-18,CHF,prepay,1698.92,271.26,0.0,1698.92,open,1,
1158,1535,2024-09-28,2024-10-28,EUR,sepa,1573.18,251.18,1573.18,0.0,paid,0,
1159,1536,2025-07-03,2025-08-02,EUR,paypal,1667.27,266.2,1667.27,0.0,paid,0,
1160,1537,2025-11-30,2025-12-14,EUR,card,556.28,88.82,556.28,0.0,paid,0,
1161,1538,2025-12-20,2026-01-03,USD,invoice,3416.0,545.41,3416.0,0.0,paid,0,
1162,1540,2024-09-19,2024-10-03,EUR,prepay,3469.29,553.92,3469.29,0.0,paid,0,
1163,1542,2024-08-18,2024-09-01,EUR,paypal,414.13,66.12,414.13,0.0,paid,0,
1164,1543,2026-07-20,2026-09-03,EUR,sepa,1955.24,312.18,1955.24,0.0,paid,0,
1165,1544,2024-11-30,2025-01-14,EUR,invoice,1443.18,230.42,0.0,1443.18,cancelled,0,2024-12-03
1166,1545,2024-01-05,2024-02-19,EUR,sepa,1005.15,160.49,0.0,1005.15,cancelled,2,2024-01-08
1167,1546,2026-08-01,2026-08-15,CHF,prepay,347.47,55.48,347.47,0.0,paid,0,
1168,1548,2025-06-08,2025-07-23,USD,invoice,950.33,151.73,0.0,950.33,open,2,
1169,1550,2025-08-08,2025-08-22,CHF,prepay,1138.33,181.75,1138.33,0.0,paid,0,
1170,1551,2025-06-12,2025-07-27,CHF,paypal,795.03,126.94,795.03,0.0,paid,0,
1171,1552,2024-05-12,2024-05-26,EUR,paypal,989.75,158.03,0.0,989.75,open,0,
1172,1553,2025-07-14,2025-07-28,EUR,card,1073.5,171.4,1073.5,0.0,paid,0,
1173,1555,2025-02-23,2025-03-09,CHF,invoice,1759.9,280.99,0.0,1759.9,cancelled,0,2025-02-26
1174,1556,2025-01-03,2025-01-17,EUR,sepa,1915.22,305.79,1915.22,0.0,paid,0,
1175,1557,2025-08-10,2025-09-09,EUR,invoice,1869.78,298.54,1869.78,0.0,paid,0,
1176,1558,2025-10-15,2025-11-14,EUR,paypal,2023.75,323.12,2023.75,0.0,paid,0,
1177,1559,2024-04-06,2024-05-21,EUR,invoice,1133.26,180.94,1133.26,0.0,paid,0,
1178,1561,2025-06-19,2025-08-03,USD,card,997.55,159.27,0.0,997.55,open,0,
1179,1562,2025-03-31,2025-05-15,EUR,paypal,2950.76,471.13,2950.76,0.0,paid,0,
1180,1563,2025-05-13,2025-05-27,EUR,paypal,1321.28,210.96,1321.28,0.0,paid,0,
1181,1564,2024-12-04,2024-12-18,USD,prepay,1942.22,310.1,1942.22,0.0,paid,0,
1182,1565,2024-03-07,2024-04-21,CHF,prepay,96.29,15.37,96.29,0.0,paid,0,
1183,1566,2025-05-15,2025-06-14,USD,sepa,2534.93,404.74,2534.93,0.0,paid,0,
1184,1567,2025-08-23,2025-09-06,USD,invoice,1388.68,221.72,1388.68,0.0,paid,0,
1185,1569,2024-07-12,2024-07-26,EUR,card,1979.05,315.98,0.0,1979.05,cancelled,1,2024-07-15
1186,1570,2024-12-30,2025-01-29,EUR,prepay,2954.31,471.7,2954.31,0.0,paid,0,
1187,1571,2026-05-07,2026-05-21,USD,invoice,1004.99,160.46,0.0,1004.99,open,1,
1188,1572,2025-01-15,2025-01-29,USD,invoice,2069.2,330.38,2069.2,0.0,paid,0,
1189,1575,2026-05-04,2026-06-03,USD,card,837.68,133.75,837.68,0.0,paid,0,
1190,1576,2024-12-26,2025-01-25,USD,invoice,3905.88,623.63,0.0,3905.88,open,1,
1191,1578,2025-07-27,2025-08-26,USD,invoice,2899.76,462.99,2899.76,0.0,paid,0,
1192,1579,2025-01-11,2025-02-10,USD,sepa,1919.34,306.45,959.67,959.67,open,0,
1193,1580,2024-11-04,2024-12-19,CHF,prepay,1116.99,178.34,1116.99,0.0,paid,0,
1194,1581,2026-01-18,2026-02-17,EUR,invoice,560.37,89.47,0.0,560.37,open,1,
1195,1583,2024-09-03,2024-10-03,EUR,card,1723.38,275.16,1723.38,0.0,paid,0,
1196,1584,2026-06-10,2026-07-25,CHF,paypal,791.49,126.37,791.49,0.0,paid,0,
1197,1585,2025-12-16,2026-01-30,CHF,prepay,701.08,111.94,701.08,0.0,paid,0,
1198,1586,2024-10-24,2024-12-08,EUR,sepa,970.12,154.89,970.12,0.0,paid,0,
1199,1587,2026-06-07,2026-07-22,EUR,paypal,2389.81,381.57,2389.81,0.0,paid,0,
1200,1589,2024-01-06,2024-02-20,EUR,prepay,1280.39,204.43,640.2,640.19,open,0,
1201,1590,2026-06-04,2026-07-19,EUR,invoice,1572.93,251.14,1572.93,0.0,paid,0,
1202,1591,2025-05-22,2025-06-21,EUR,invoice,1850.85,295.51,0.0,1850.85,open,0,
1203,1592,2026-03-14,2026-03-28,EUR,prepay,2726.3,435.29,2726.3,0.0,paid,0,
1204,1594,2024-12-26,2025-01-09,USD,invoice,1570.17,250.7,1570.17,0.0,paid,0,
1205,1595,2025-08-17,2025-08-31,EUR,sepa,880.25,140.54,880.25,0.0,paid,0,
1206,1596,2024-12-08,2024-12-22,EUR,paypal,4412.16,704.46,2206.08,2206.08,open,1,
1207,1597,2024-08-02,2024-08-16,EUR,paypal,400.38,63.93,400.38,0.0,paid,0,
1208,1598,2025-11-10,2025-11-24,CHF,prepay,3832.2,611.86,3832.2,0.0,paid,0,
1209,1600,2025-01-31,2025-03-17,USD,invoice,1302.98,208.04,1302.98,0.0,paid,0,
1210,1601,2025-07-04,2025-08-18,EUR,sepa,1260.58,201.27,1260.58,0.0,paid,0,
1211,1602,2025-01-06,2025-02-05,USD,prepay,2341.25,373.81,2341.25,0.0,paid,0,
1212,1604,2025-02-05,2025-02-19,EUR,card,2315.81,369.75,0.0,2315.81,open,1,
1213,1607,2025-01-25,2025-03-11,CHF,invoice,943.86,150.7,943.86,0.0,paid,0,
1214,1608,2025-07-07,2025-08-21,EUR,invoice,1154.54,184.34,1154.54,0.0,paid,0,
1215,1609,2025-12-21,2026-01-20,USD,invoice,3328.03,531.37,3328.03,0.0,paid,0,
1216,1610,2026-06-13,2026-06-27,EUR,invoice,2962.84,473.06,2962.84,0.0,paid,0,
1217,1611,2026-07-14,2026-07-28,EUR,card,651.79,104.07,0.0,651.79,cancelled,1,2026-07-17
1218,1612,2025-11-07,2025-11-21,USD,card,2707.7,432.32,2707.7,0.0,paid,0,
1219,1613,2025-04-27,2025-06-11,EUR,invoice,496.52,79.28,496.52,0.0,paid,0,
1220,1614,2024-04-19,2024-05-03,EUR,sepa,1169.45,186.72,467.78,701.67,open,2,
1221,1615,2024-01-22,2024-03-07,EUR,paypal,858.34,137.05,858.34,0.0,paid,0,
1222,1616,2025-10-31,2025-12-15,USD,paypal,2156.07,344.25,2156.07,0.0,paid,0,
1223,1619,2025-11-26,2025-12-10,EUR,sepa,3834.2,612.18,3834.2,0.0,paid,0,
1224,1620,2026-05-03,2026-06-02,EUR,sepa,749.85,119.72,749.85,0.0,paid,0,
1225,1622,2025-01-10,2025-02-09,EUR,prepay,538.55,85.99,538.55,0.0,paid,0,
1226,1623,2025-09-21,2025-10-05,USD,paypal,794.06,126.78,794.06,0.0,paid,0,
1227,1624,2024-09-04,2024-10-04,CHF,card,2026.5,323.56,2026.5,0.0,paid,0,
1228,1625,2026-06-08,2026-07-08,EUR,prepay,461.37,73.66,461.37,0.0,paid,0,
1229,1626,2025-12-03,2026-01-02,USD,paypal,4122.27,658.18,2061.14,2061.13,open,0,
1230,1627,2024-11-19,2024-12-19,EUR,prepay,1325.28,211.6,1325.28,0.0,paid,0,
1231,1629,2024-02-19,2024-03-20,EUR,card,1550.86,247.62,1550.86,0.0,paid,0,
1232,1630,2024-08-09,2024-09-08,EUR,sepa,646.18,103.17,646.18,0.0,paid,0,
1233,1631,2024-01-22,2024-02-21,EUR,sepa,588.72,94.0,294.36,294.36,open,1,
1234,1633,2025-05-18,2025-07-02,EUR,card,1901.27,303.56,0.0,1901.27,cancelled,0,2025-05-21
1235,1634,2024-02-25,2024-03-26,USD,paypal,1346.59,215.0,1346.59,0.0,paid,0,
1236,1635,2025-08-01,2025-08-31,EUR,prepay,1344.68,214.7,0.0,1344.68,cancelled,1,2025-08-04
1237,1636,2025-10-21,2025-12-05,EUR,prepay,2875.19,459.06,2875.19,0.0,paid,0,
1238,1637,2024-08-22,2024-09-21,EUR,paypal,1563.92,249.7,1563.92,0.0,paid,0,
1239,1638,2026-01-20,2026-03-06,CHF,paypal,1213.36,193.73,1213.36,0.0,paid,0,
1240,1639,2026-03-04,2026-04-18,CHF,invoice,203.69,32.52,203.69,0.0,paid,0,
1241,1640,2025-11-26,2026-01-10,CHF,paypal,2062.82,329.36,2062.82,0.0,paid,0,
1242,1641,2024-05-14,2024-06-13,EUR,invoice,349.99,55.88,0.0,349.99,cancelled,2,2024-05-17
1243,1643,2025-09-21,2025-10-05,CHF,paypal,1591.04,254.03,0.0,1591.04,open,1,
1244,1645,2025-06-13,2025-06-27,EUR,paypal,1892.61,302.18,946.3,946.31,open,0,
1245,1647,2025-09-02,2025-10-17,CHF,prepay,1157.61,184.83,1157.61,0.0,paid,0,
1246,1650,2024-03-10,2024-04-24,EUR,prepay,787.27,125.7,393.63,393.64,open,2,
1247,1651,2026-06-22,2026-07-06,CHF,prepay,908.97,145.13,908.97,0.0,paid,0,
1248,1653,2024-09-17,2024-10-17,CHF,sepa,807.47,128.92,807.47,0.0,paid,0,
1249,1655,2026-04-12,2026-05-27,USD,prepay,1975.78,315.46,1975.78,0.0,paid,0,
1250,1656,2025-08-05,2025-09-19,EUR,card,3219.54,514.04,3219.54,0.0,paid,0,
1251,1657,2024-11-04,2024-12-04,CHF,invoice,343.48,54.84,343.48,0.0,paid,0,
1252,1659,2025-07-09,2025-08-23,CHF,paypal,1541.05,246.05,0.0,1541.05,open,1,
1253,1660,2024-02-16,2024-03-01,EUR,prepay,1088.56,173.8,1088.56,0.0,paid,0,
1254,1661,2025-07-09,2025-07-23,CHF,paypal,1078.16,172.14,1078.16,0.0,paid,0,
1255,1662,2025-12-20,2026-02-03,USD,paypal,2818.41,450.0,2818.41,0.0,paid,0,
1256,1663,2024-07-24,2024-08-23,USD,paypal,3954.04,631.32,3954.04,0.0,paid,0,
1257,1666,2025-07-25,2025-08-08,EUR,card,999.87,159.64,999.87,0.0,paid,0,
1258,1667,2025-08-19,2025-10-03,CHF,sepa,1328.1,212.05,664.05,664.05,open,0,
1259,1668,2025-06-26,2025-08-10,EUR,invoice,1982.35,316.51,1982.35,0.0,paid,0,
1260,1670,2025-02-09,2025-03-26,USD,invoice,691.29,110.37,691.29,0.0,paid,0,
1261,1671,2025-11-09,2025-11-23,CHF,sepa,595.33,95.05,595.33,0.0,paid,0,
1262,1672,2025-04-17,2025-05-01,EUR,invoice,1087.21,173.59,543.61,543.6,open,1,
1263,1673,2024-11-03,2024-12-03,EUR,invoice,1274.74,203.53,1274.74,0.0,paid,0,
1264,1674,2025-01-03,2025-01-17,EUR,sepa,1494.33,238.59,1494.33,0.0,paid,0,
1265,1675,2026-05-17,2026-07-01,CHF,card,875.88,139.85,875.88,0.0,paid,0,
1266,1676,2024-03-15,2024-04-29,EUR,card,1501.88,239.8,1501.88,0.0,paid,0,
1267,1677,2025-08-17,2025-09-16,EUR,invoice,731.36,116.77,292.54,438.82,open,2,
1268,1678,2024-12-25,2025-02-08,CHF,invoice,2595.69,414.44,2595.69,0.0,paid,0,
1269,1679,2026-03-28,2026-05-12,EUR,card,719.83,114.93,359.92,359.91,open,0,
1270,1680,2025-04-04,2025-05-04,EUR,sepa,2541.22,405.74,2541.22,0.0,paid,0,
1271,1681,2024-11-24,2024-12-08,EUR,paypal,2161.08,345.05,2161.08,0.0,paid,0,
1272,1682,2024-05-23,2024-07-07,EUR,card,717.32,114.53,0.0,717.32,open,0,
1273,1683,2026-03-22,2026-05-06,CHF,paypal,1654.42,264.15,827.21,827.21,open,0,
1274,1684,2025-02-20,2025-03-22,CHF,paypal,1225.81,195.72,1225.81,0.0,paid,0,
1275,1685,2024-03-16,2024-04-30,EUR,invoice,380.18,60.7,380.18,0.0,paid,0,
1276,1688,2024-09-24,2024-11-08,USD,sepa,1515.31,241.94,1515.31,0.0,paid,0,
1277,1690,2025-08-20,2025-10-04,USD,paypal,1888.98,301.6,1888.98,0.0,paid,0,
1278,1692,2025-09-01,2025-09-15,USD,paypal,305.33,48.75,305.33,0.0,paid,0,
1279,1693,2024-05-21,2024-06-04,EUR,prepay,880.84,140.64,880.84,0.0,paid,0,
1280,1694,2025-10-27,2025-12-11,CHF,card,3359.0,536.31,3359.0,0.0,paid,0,
1281,1696,2026-02-15,2026-03-17,EUR,sepa,965.38,154.14,0.0,965.38,cancelled,2,2026-02-18
1282,1698,2024-09-07,2024-09-21,EUR,sepa,542.63,86.64,542.63,0.0,paid,0,
1283,1700,2025-04-29,2025-05-29,EUR,card,1727.56,275.83,1727.56,0.0,paid,0,
1284,1701,2026-04-18,2026-06-02,EUR,paypal,839.75,134.08,419.88,419.87,open,2,
1285,1702,2024-10-27,2024-11-26,USD,invoice,989.66,158.01,989.66,0.0,paid,0,
1286,1704,2025-10-20,2025-12-04,USD,paypal,2023.07,323.01,2023.07,0.0,paid,0,
1287,1705,2024-08-22,2024-09-21,USD,paypal,2172.48,346.87,2172.48,0.0,paid,0,
1288,1707,2024-10-25,2024-12-09,CHF,sepa,2086.87,333.2,0.0,2086.87,open,0,
1289,1708,2025-01-19,2025-03-05,EUR,paypal,2457.15,392.32,2457.15,0.0,paid,0,
1290,1709,2026-02-02,2026-03-19,USD,card,412.39,65.84,412.39,0.0,paid,0,
1291,1710,2026-08-09,2026-09-08,EUR,sepa,564.45,90.12,564.45,0.0,paid,0,
1292,1711,2025-09-30,2025-11-14,EUR,invoice,279.39,44.61,279.39,0.0,paid,0,
1293,1712,2025-09-23,2025-10-23,EUR,prepay,385.83,61.6,0.0,385.83,open,1,
1294,1713,2025-07-22,2025-09-05,USD,card,1450.54,231.6,1450.54,0.0,paid,0,
1295,1714,2024-08-19,2024-10-03,EUR,invoice,2527.12,403.49,2527.12,0.0,paid,0,
1296,1715,2026-04-03,2026-04-17,EUR,sepa,2628.4,419.66,2628.4,0.0,paid,0,
1297,1716,2026-01-15,2026-01-29,CHF,invoice,1705.07,272.24,0.0,1705.07,open,2,
1298,1717,2024-04-08,2024-05-08,EUR,sepa,2039.8,325.68,0.0,2039.8,open,1,
1299,1718,2025-10-01,2025-11-15,EUR,invoice,1493.85,238.51,1493.85,0.0,paid,0,
1300,1720,2024-07-09,2024-08-23,EUR,card,1085.11,173.25,1085.11,0.0,paid,0,
1301,1721,2025-09-12,2025-10-27,CHF,card,275.1,43.92,0.0,275.1,cancelled,0,2025-09-15
1302,1722,2024-04-17,2024-06-01,CHF,paypal,1631.34,260.47,1631.34,0.0,paid,0,
1303,1724,2025-04-11,2025-05-26,USD,invoice,1759.64,280.95,1759.64,0.0,paid,0,
1304,1726,2025-02-07,2025-03-09,CHF,prepay,3232.0,516.03,3232.0,0.0,paid,0,
1305,1727,2025-05-27,2025-06-10,CHF,prepay,2148.25,343.0,2148.25,0.0,paid,0,
1306,1728,2024-12-16,2025-01-15,EUR,invoice,943.3,150.61,471.65,471.65,open,2,
1307,1729,2024-10-18,2024-11-17,EUR,invoice,2436.58,389.03,1218.29,1218.29,open,1,
1308,1730,2025-07-14,2025-08-13,CHF,paypal,1167.47,186.4,1167.47,0.0,paid,0,
1309,1733,2026-06-26,2026-07-26,EUR,paypal,1008.26,160.98,1008.26,0.0,paid,0,
1310,1734,2024-10-13,2024-10-27,EUR,paypal,2046.73,326.79,2046.73,0.0,paid,0,
1311,1735,2025-11-14,2025-12-14,CHF,paypal,2953.34,471.54,2953.34,0.0,paid,0,
1312,1737,2024-01-07,2024-02-06,EUR,sepa,1024.58,163.59,1024.58,0.0,paid,0,
1313,1739,2024-06-26,2024-07-26,USD,sepa,1191.67,190.27,1191.67,0.0,paid,0,
1314,1740,2026-04-02,2026-05-17,EUR,paypal,1184.34,189.1,1184.34,0.0,paid,0,
1315,1741,2026-07-05,2026-08-04,EUR,sepa,228.55,36.49,228.55,0.0,paid,0,
1316,1742,2025-12-07,2026-01-21,EUR,card,580.78,92.73,580.78,0.0,paid,0,
1317,1743,2026-04-02,2026-05-17,EUR,paypal,2197.29,350.83,0.0,2197.29,open,2,
1318,1744,2025-05-07,2025-05-21,USD,invoice,2817.54,449.86,2817.54,0.0,paid,0,
1319,1745,2024-10-20,2024-11-19,EUR,sepa,2102.53,335.7,2102.53,0.0,paid,0,
1320,1746,2026-04-15,2026-04-29,EUR,prepay,2381.11,380.18,2381.11,0.0,paid,0,
1321,1747,2024-02-19,2024-03-04,USD,invoice,1320.96,210.91,528.38,792.58,open,0,
1322,1748,2025-10-26,2025-12-10,CHF,invoice,1231.96,196.7,1231.96,0.0,paid,0,
1323,1749,2025-01-26,2025-03-12,USD,paypal,1508.0,240.77,1508.0,0.0,paid,0,
1324,1750,2025-04-07,2025-05-07,EUR,paypal,1255.81,200.51,627.9,627.91,open,1,
1325,1751,2024-06-22,2024-08-06,EUR,sepa,1326.92,211.86,1326.92,0.0,paid,0,
1326,1752,2025-09-27,2025-10-11,EUR,sepa,1533.08,244.78,766.54,766.54,open,2,
1327,1753,2024-06-26,2024-07-10,USD,prepay,2668.48,426.06,2668.48,0.0,paid,0,
1328,1754,2026-07-14,2026-08-28,USD,paypal,268.34,42.84,268.34,0.0,paid,0,
1329,1755,2024-02-14,2024-02-28,EUR,sepa,332.68,53.12,332.68,0.0,paid,0,
1330,1756,2025-09-27,2025-11-11,EUR,paypal,844.26,134.8,844.26,0.0,paid,0,
1331,1757,2024-06-10,2024-07-10,EUR,sepa,320.47,51.17,320.47,0.0,paid,0,
1332,1759,2025-05-20,2025-07-04,USD,sepa,1696.71,270.9,1696.71,0.0,paid,0,
1333,1760,2026-04-15,2026-05-30,EUR,card,1240.61,198.08,1240.61,0.0,paid,0,
1334,1762,2025-08-09,2025-09-23,CHF,card,730.68,116.66,730.68,0.0,paid,0,
1335,1763,2026-02-18,2026-04-04,CHF,invoice,904.42,144.4,904.42,0.0,paid,0,
1336,1764,2025-06-19,2025-07-19,USD,invoice,480.32,76.69,192.13,288.19,open,2,
1337,1766,2024-12-24,2025-01-07,EUR,invoice,3343.7,533.87,3343.7,0.0,paid,0,
1338,1767,2025-06-05,2025-07-05,EUR,sepa,747.3,119.32,747.3,0.0,paid,0,
1339,1768,2024-05-04,2024-06-03,EUR,paypal,1094.68,174.78,1094.68,0.0,paid,0,
1340,1770,2024-01-21,2024-03-06,EUR,sepa,742.57,118.56,742.57,0.0,paid,0,
1341,1771,2024-10-25,2024-12-09,EUR,prepay,1272.73,203.21,1272.73,0.0,paid,0,
1342,1772,2024-06-20,2024-07-20,USD,card,2074.79,331.27,2074.79,0.0,paid,0,
1343,1773,2024-11-15,2024-12-30,EUR,paypal,4412.45,704.51,4412.45,0.0,paid,0,
1344,1774,2024-01-19,2024-02-18,CHF,prepay,1809.91,288.98,0.0,1809.91,open,1,
1345,1775,2025-08-26,2025-09-09,EUR,prepay,359.55,57.41,0.0,359.55,open,0,
1346,1776,2026-07-26,2026-08-25,EUR,paypal,1849.94,295.37,1849.94,0.0,paid,0,
1347,1777,2024-01-24,2024-03-09,EUR,paypal,1275.41,203.64,0.0,1275.41,open,1,
1348,1778,2026-02-17,2026-03-03,USD,prepay,2128.96,339.92,851.58,1277.38,open,1,
1349,1779,2026-05-06,2026-05-20,CHF,sepa,3140.89,501.49,1570.44,1570.45,open,0,
1350,1780,2024-04-30,2024-05-14,EUR,invoice,3103.09,495.45,0.0,3103.09,open,2,
1351,1782,2024-12-23,2025-01-06,USD,invoice,2587.54,413.14,0.0,2587.54,open,0,
1352,1783,2025-02-28,2025-03-30,USD,prepay,1719.78,274.59,1719.78,0.0,paid,0,
1353,1784,2025-11-25,2025-12-25,EUR,sepa,1910.7,305.07,1910.7,0.0,paid,0,
1354,1785,2025-02-07,2025-02-21,EUR,card,495.03,79.04,495.03,0.0,paid,0,
1355,1786,2024-07-02,2024-08-01,EUR,invoice,1423.45,227.27,1423.45,0.0,paid,0,
1356,1787,2026-06-06,2026-07-06,EUR,invoice,1337.81,213.6,1337.81,0.0,paid,0,
1357,1789,2024-12-12,2025-01-11,EUR,card,3322.59,530.5,0.0,3322.59,cancelled,1,2024-12-15
1358,1790,2025-11-17,2025-12-01,EUR,prepay,739.69,118.1,0.0,739.69,cancelled,1,2025-11-20
1359,1791,2024-09-24,2024-11-08,USD,prepay,2555.08,407.95,2555.08,0.0,paid,0,
1360,1792,2026-07-28,2026-08-11,CHF,paypal,233.29,37.25,233.29,0.0,paid,0,
1361,1794,2026-02-06,2026-03-23,EUR,sepa,858.8,137.12,858.8,0.0,paid,0,
1362,1795,2026-05-28,2026-06-27,USD,sepa,2850.69,455.15,2850.69,0.0,paid,0,
1363,1796,2024-03-31,2024-05-15,EUR,prepay,1823.97,291.22,0.0,1823.97,cancelled,0,2024-04-03
1364,1797,2024-02-07,2024-03-23,CHF,paypal,1934.55,308.88,1934.55,0.0,paid,0,
1365,1798,2024-08-23,2024-10-07,EUR,prepay,769.76,122.9,307.9,461.86,open,0,
1366,1800,2024-10-06,2024-11-20,USD,invoice,2731.11,436.06,2731.11,0.0,paid,0,
1367,1802,2024-05-17,2024-07-01,EUR,paypal,1115.39,178.09,1115.39,0.0,paid,0,
1368,1805,2026-06-01,2026-07-16,USD,prepay,1130.74,180.54,1130.74,0.0,paid,0,
1369,1806,2025-12-27,2026-02-10,EUR,card,2753.87,439.69,1376.93,1376.94,open,0,
1370,1808,2025-02-09,2025-03-26,USD,sepa,1100.89,175.77,1100.89,0.0,paid,0,
1371,1809,2024-09-27,2024-11-11,USD,prepay,1034.97,165.25,1034.97,0.0,paid,0,
1372,1810,2025-04-09,2025-05-24,EUR,paypal,1813.67,289.58,1813.67,0.0,paid,0,
1373,1811,2025-05-01,2025-05-15,USD,paypal,1311.65,209.42,1311.65,0.0,paid,0,
1374,1812,2025-01-12,2025-02-11,EUR,prepay,736.35,117.57,0.0,736.35,cancelled,0,2025-01-15
1375,1813,2025-05-03,2025-05-17,CHF,invoice,665.14,106.2,665.14,0.0,paid,0,
1376,1814,2024-08-01,2024-09-15,CHF,sepa,1875.74,299.49,1875.74,0.0,paid,0,
1377,1815,2025-01-22,2025-02-05,EUR,paypal,1997.12,318.87,1997.12,0.0,paid,0,
1378,1816,2025-10-16,2025-11-30,CHF,invoice,1298.06,207.25,1298.06,0.0,paid,0,
1379,1818,2026-06-17,2026-08-01,USD,invoice,1922.6,306.97,1922.6,0.0,paid,0,
1380,1819,2026-07-29,2026-09-12,EUR,sepa,1123.04,179.31,1123.04,0.0,paid,0,
1381,1820,2024-09-15,2024-10-15,EUR,paypal,2572.29,410.7,2572.29,0.0,paid,0,
1382,1822,2024-07-02,2024-08-16,EUR,paypal,820.2,130.96,820.2,0.0,paid,0,
1383,1823,2025-05-09,2025-05-23,USD,sepa,1224.84,195.56,1224.84,0.0,paid,0,
1384,1826,2025-03-15,2025-03-29,EUR,paypal,1825.91,291.53,0.0,1825.91,cancelled,1,2025-03-18
1385,1827,2026-07-29,2026-09-12,CHF,prepay,1930.18,308.18,1930.18,0.0,paid,0,
1386,1828,2026-07-30,2026-09-13,EUR,sepa,2099.62,335.23,0.0,2099.62,open,0,
1387,1830,2026-03-06,2026-04-05,USD,prepay,607.91,97.06,607.91,0.0,paid,0,
1388,1831,2025-06-08,2025-07-08,EUR,invoice,2261.39,361.06,0.0,2261.39,open,1,
1389,1833,2025-05-16,2025-05-30,EUR,paypal,1101.11,175.81,1101.11,0.0,paid,0,
1390,1835,2024-12-20,2025-01-03,EUR,invoice,801.64,127.99,801.64,0.0,paid,0,
1391,1836,2024-09-12,2024-10-12,EUR,invoice,710.39,113.42,710.39,0.0,paid,0,
1392,1839,2025-10-13,2025-11-12,USD,sepa,3777.02,603.05,3777.02,0.0,paid,0,
1393,1840,2025-08-05,2025-09-19,CHF,sepa,846.83,135.21,846.83,0.0,paid,0,
1394,1841,2025-05-24,2025-06-23,EUR,paypal,535.71,85.53,535.71,0.0,paid,0,
1395,1842,2026-05-09,2026-05-23,EUR,sepa,2719.42,434.19,2719.42,0.0,paid,0,
1396,1843,2024-10-12,2024-11-26,EUR,paypal,1669.31,266.53,0.0,1669.31,open,0,
1397,1844,2026-03-11,2026-03-25,EUR,prepay,226.46,36.16,226.46,0.0,paid,0,
1398,1845,2025-03-26,2025-04-25,CHF,invoice,1450.21,231.55,1450.21,0.0,paid,0,
1399,1846,2024-07-17,2024-07-31,CHF,invoice,3112.1,496.89,3112.1,0.0,paid,0,
1400,1849,2025-05-25,2025-06-24,EUR,invoice,562.31,89.78,562.31,0.0,paid,0,
1401,1850,2025-03-04,2025-04-18,USD,paypal,1060.56,169.33,1060.56,0.0,paid,0,
1402,1851,2025-11-18,2025-12-02,USD,prepay,3211.04,512.69,3211.04,0.0,paid,0,
1403,1852,2025-03-03,2025-03-17,CHF,invoice,599.21,95.67,299.61,299.6,open,1,
1404,1853,2024-02-26,2024-03-27,EUR,invoice,287.53,45.91,287.53,0.0,paid,0,
1405,1854,2024-12-31,2025-01-14,CHF,paypal,1578.17,251.98,1578.17,0.0,paid,0,
1406,1856,2025-06-08,2025-07-08,EUR,sepa,2053.3,327.84,2053.3,0.0,paid,0,
1407,1857,2025-06-17,2025-08-01,CHF,prepay,2022.13,322.86,2022.13,0.0,paid,0,
1408,1858,2025-12-25,2026-01-24,EUR,prepay,1867.62,298.19,0.0,1867.62,open,0,
1409,1859,2026-04-19,2026-05-03,EUR,card,2678.49,427.66,1071.4,1607.09,open,1,
1410,1860,2025-08-15,2025-08-29,EUR,prepay,2061.69,329.18,2061.69,0.0,paid,0,
1411,1862,2024-01-13,2024-02-27,EUR,card,1100.4,175.69,1100.4,0.0,paid,0,
1412,1863,2025-08-09,2025-08-23,EUR,sepa,2061.0,329.07,2061.0,0.0,paid,0,
1413,1864,2024-03-18,2024-04-17,EUR,sepa,1339.75,213.91,1339.75,0.0,paid,0,
1414,1865,2025-03-20,2025-04-03,EUR,card,1219.96,194.78,1219.96,0.0,paid,0,
1415,1866,2026-07-18,2026-08-01,EUR,prepay,3122.35,498.53,3122.35,0.0,paid,0,
1416,1867,2025-08-02,2025-09-16,EUR,invoice,1011.49,161.5,1011.49,0.0,paid,0,
1417,1868,2024-02-26,2024-04-11,USD,invoice,317.16,50.64,317.16,0.0,paid,0,
1418,1869,2025-08-31,2025-10-15,USD,sepa,287.81,45.95,287.81,0.0,paid,0,
1419,1870,2026-07-24,2026-08-07,USD,prepay,836.15,133.5,836.15,0.0,paid,0,
1420,1872,2025-05-31,2025-07-15,EUR,prepay,2450.56,391.27,2450.56,0.0,paid,0,
1421,1873,2025-02-14,2025-03-31,EUR,paypal,2487.49,397.16,2487.49,0.0,paid,0,
1422,1874,2026-07-28,2026-09-11,EUR,prepay,1449.81,231.48,0.0,1449.81,open,2,
1423,1875,2025-06-16,2025-07-31,USD,card,2448.96,391.01,979.58,1469.38,open,1,
1424,1876,2025-01-23,2025-02-22,CHF,prepay,532.12,84.96,532.12,0.0,paid,0,
1425,1877,2024-05-18,2024-06-17,USD,invoice,354.64,56.62,354.64,0.0,paid,0,
1426,1878,2024-11-01,2024-11-15,EUR,sepa,4264.34,680.86,4264.34,0.0,paid,0,
1427,1879,2026-02-04,2026-02-18,CHF,sepa,2371.49,378.64,2371.49,0.0,paid,0,
1428,1881,2025-11-04,2025-11-18,USD,card,1594.87,254.64,0.0,1594.87,open,1,
1429,1882,2025-04-22,2025-06-06,EUR,sepa,1054.48,168.36,1054.48,0.0,paid,0,
1430,1883,2025-08-21,2025-10-05,EUR,prepay,2503.3,399.69,2503.3,0.0,paid,0,
1431,1885,2025-03-01,2025-03-15,USD,sepa,1815.06,289.8,1815.06,0.0,paid,0,
1432,1886,2024-05-05,2024-06-19,USD,sepa,1360.36,217.2,1360.36,0.0,paid,0,
1433,1887,2025-06-04,2025-07-04,CHF,prepay,846.78,135.2,846.78,0.0,paid,0,
1434,1888,2024-03-10,2024-04-09,CHF,card,676.76,108.05,676.76,0.0,paid,0,
1435,1889,2026-03-08,2026-04-07,EUR,sepa,2998.51,478.75,2998.51,0.0,paid,0,
1436,1890,2025-05-16,2025-06-15,USD,card,1203.73,192.19,1203.73,0.0,paid,0,
1437,1892,2026-07-22,2026-08-21,EUR,sepa,402.89,64.33,402.89,0.0,paid,0,
1438,1893,2025-10-13,2025-11-12,CHF,paypal,2154.07,343.93,2154.07,0.0,paid,0,
1439,1894,2025-04-20,2025-05-20,EUR,card,1103.43,176.18,1103.43,0.0,paid,0,
1440,1895,2024-12-08,2025-01-07,EUR,paypal,1772.29,282.97,1772.29,0.0,paid,0,
1441,1896,2024-10-01,2024-10-15,CHF,card,1310.32,209.21,0.0,1310.32,open,1,
1442,1897,2024-09-24,2024-10-08,EUR,invoice,1246.55,199.03,1246.55,0.0,paid,0,
1443,1898,2026-03-28,2026-04-11,EUR,sepa,1954.23,312.02,977.12,977.11,open,0,
1444,1899,2026-06-27,2026-07-27,USD,prepay,1754.43,280.12,877.22,877.21,open,2,
1445,1901,2026-03-07,2026-03-21,EUR,invoice,1178.74,188.2,1178.74,0.0,paid,0,
1446,1903,2024-06-20,2024-07-04,EUR,card,1115.07,178.04,0.0,1115.07,open,2,
1447,1905,2025-12-07,2025-12-21,EUR,prepay,1758.27,280.73,1758.27,0.0,paid,0,
1448,1907,2024-03-29,2024-04-28,EUR,card,840.63,134.22,0.0,840.63,open,0,
1449,1908,2024-08-29,2024-09-28,EUR,invoice,650.41,103.85,650.41,0.0,paid,0,
1450,1910,2024-10-03,2024-10-17,USD,invoice,1438.69,229.71,1438.69,0.0,paid,0,
1451,1914,2026-04-19,2026-06-03,EUR,invoice,2115.57,337.78,0.0,2115.57,cancelled,1,2026-04-22
1452,1915,2026-01-23,2026-03-09,EUR,card,1333.0,212.83,0.0,1333.0,cancelled,2,2026-01-26
1453,1916,2024-12-14,2025-01-28,EUR,prepay,3305.33,527.74,3305.33,0.0,paid,0,
1454,1917,2025-05-26,2025-06-25,CHF,card,107.9,17.23,0.0,107.9,open,1,
1455,1918,2026-01-22,2026-03-08,USD,sepa,297.39,47.48,297.39,0.0,paid,0,
1456,1919,2024-10-16,2024-10-30,EUR,invoice,1286.49,205.41,1286.49,0.0,paid,0,
1457,1920,2025-04-05,2025-05-05,CHF,paypal,1366.58,218.19,1366.58,0.0,paid,0,
1458,1921,2024-06-27,2024-08-11,EUR,sepa,1201.21,191.79,0.0,1201.21,cancelled,0,2024-06-30
1459,1922,2024-12-19,2025-01-18,EUR,card,2444.08,390.23,977.63,1466.45,open,0,
1460,1923,2024-10-12,2024-11-11,EUR,paypal,2700.09,431.11,2700.09,0.0,paid,0,
1461,1924,2025-05-07,2025-05-21,EUR,paypal,614.42,98.1,614.42,0.0,paid,0,
1462,1925,2024-05-15,2024-06-29,CHF,paypal,1803.14,287.9,1803.14,0.0,paid,0,
1463,1926,2024-10-31,2024-11-14,EUR,sepa,480.17,76.67,480.17,0.0,paid,0,
1464,1927,2025-04-16,2025-05-31,EUR,sepa,991.73,158.34,991.73,0.0,paid,0,
1465,1928,2025-01-23,2025-03-09,CHF,invoice,2196.73,350.74,2196.73,0.0,paid,0,
1466,1929,2024-09-06,2024-10-06,EUR,prepay,2842.23,453.8,2842.23,0.0,paid,0,
1467,1930,2024-01-27,2024-02-10,EUR,paypal,584.47,93.32,584.47,0.0,paid,0,
1468,1931,2026-03-20,2026-04-19,EUR,sepa,1642.56,262.26,1642.56,0.0,paid,0,
1469,1933,2024-02-01,2024-02-15,USD,paypal,677.66,108.2,677.66,0.0,paid,0,
1470,1934,2026-04-24,2026-05-24,EUR,invoice,1801.2,287.59,1801.2,0.0,paid,0,
1471,1935,2024-04-09,2024-05-24,CHF,card,978.85,156.29,0.0,978.85,cancelled,0,2024-04-12
1472,1936,2025-02-21,2025-03-07,EUR,invoice,2326.25,371.42,2326.25,0.0,paid,0,
1473,1938,2024-05-19,2024-07-03,USD,sepa,1070.1,170.86,1070.1,0.0,paid,0,
1474,1940,2026-07-16,2026-07-30,EUR,sepa,1961.91,313.25,1961.91,0.0,paid,0,
1475,1941,2024-10-29,2024-11-28,EUR,prepay,1199.96,191.59,1199.96,0.0,paid,0,
1476,1942,2024-11-02,2024-12-17,CHF,prepay,1832.98,292.66,1832.98,0.0,paid,0,
1477,1943,2024-06-22,2024-07-22,CHF,prepay,1076.62,171.9,1076.62,0.0,paid,0,
1478,1944,2024-09-10,2024-10-25,CHF,prepay,1815.92,289.94,0.0,1815.92,cancelled,2,2024-09-13
1479,1945,2026-02-22,2026-04-08,EUR,card,948.61,151.46,948.61,0.0,paid,0,
1480,1947,2025-04-18,2025-05-02,EUR,sepa,2067.73,330.14,0.0,2067.73,open,0,
1481,1948,2024-06-19,2024-08-03,EUR,sepa,2004.36,320.02,2004.36,0.0,paid,0,
1482,1949,2026-07-29,2026-08-28,CHF,invoice,4952.91,790.8,0.0,4952.91,open,0,
1483,1950,2025-02-19,2025-04-05,EUR,sepa,174.5,27.86,174.5,0.0,paid,0,
1484,1951,2025-10-26,2025-12-10,USD,sepa,2516.01,401.72,2516.01,0.0,paid,0,
1485,1952,2025-02-21,2025-04-07,USD,paypal,423.33,67.59,423.33,0.0,paid,0,
1486,1953,2026-03-02,2026-03-16,EUR,invoice,270.34,43.16,270.34,0.0,paid,0,
1487,1954,2025-09-27,2025-10-27,CHF,invoice,825.35,131.78,825.35,0.0,paid,0,
1488,1955,2026-04-30,2026-05-14,EUR,card,1490.38,237.96,1490.38,0.0,paid,0,
1489,1956,2025-11-23,2025-12-07,USD,sepa,1479.69,236.25,1479.69,0.0,paid,0,
1490,1957,2025-07-14,2025-07-28,EUR,paypal,1794.52,286.52,1794.52,0.0,paid,0,
1491,1959,2026-01-24,2026-02-23,EUR,card,834.36,133.22,834.36,0.0,paid,0,
1492,1960,2024-02-20,2024-03-05,EUR,card,1690.89,269.97,1690.89,0.0,paid,0,
1493,1961,2024-05-15,2024-06-29,USD,card,2098.46,335.05,2098.46,0.0,paid,0,
1494,1962,2025-09-15,2025-10-15,EUR,prepay,2907.07,464.15,2907.07,0.0,paid,0,
1495,1963,2025-03-02,2025-04-16,USD,sepa,1496.52,238.94,1496.52,0.0,paid,0,
1496,1965,2025-03-30,2025-04-13,EUR,card,494.04,78.88,0.0,494.04,open,1,
1497,1966,2024-06-23,2024-08-07,EUR,sepa,1293.49,206.52,0.0,1293.49,open,0,
1498,1968,2025-09-06,2025-09-20,EUR,invoice,434.47,69.37,434.47,0.0,paid,0,
1499,1969,2024-04-16,2024-05-31,EUR,prepay,2225.78,355.38,2225.78,0.0,paid,0,
1500,1970,2025-09-03,2025-10-03,EUR,sepa,408.79,65.27,408.79,0.0,paid,0,
1501,1971,2026-05-26,2026-07-10,EUR,sepa,1195.14,190.82,1195.14,0.0,paid,0,
1502,1974,2024-04-13,2024-04-27,EUR,invoice,1586.33,253.28,1586.33,0.0,paid,0,
1503,1975,2025-10-22,2025-11-05,USD,sepa,1040.85,166.19,1040.85,0.0,paid,0,
1504,1976,2024-04-28,2024-05-12,EUR,card,2605.74,416.04,0.0,2605.74,open,0,
1505,1977,2024-02-13,2024-03-29,EUR,sepa,2326.68,371.49,2326.68,0.0,paid,0,
1506,1979,2024-10-06,2024-10-20,CHF,invoice,1706.7,272.5,1706.7,0.0,paid,0,
1507,1980,2024-07-14,2024-08-13,EUR,invoice,3961.37,632.49,0.0,3961.37,open,2,
1508,1981,2024-08-13,2024-08-27,EUR,prepay,1834.54,292.91,0.0,1834.54,cancelled,1,2024-08-16
1509,1982,2024-09-26,2024-10-10,CHF,card,3288.74,525.09,3288.74,0.0,paid,0,
1510,1983,2026-01-17,2026-01-31,EUR,sepa,2018.06,322.21,2018.06,0.0,paid,0,
1511,1984,2026-06-06,2026-06-20,EUR,prepay,3278.45,523.45,3278.45,0.0,paid,0,
1512,1985,2025-05-22,2025-06-21,EUR,prepay,576.63,92.07,576.63,0.0,paid,0,
1513,1986,2024-09-03,2024-09-17,EUR,paypal,807.01,128.85,807.01,0.0,paid,0,
1514,1988,2024-11-08,2024-11-22,USD,card,489.51,78.16,489.51,0.0,paid,0,
1515,1989,2024-07-10,2024-08-24,EUR,paypal,1853.69,295.97,0.0,1853.69,open,1,
1516,1990,2025-04-08,2025-05-23,EUR,sepa,2324.08,371.07,2324.08,0.0,paid,0,
1517,1992,2025-08-05,2025-08-19,USD,prepay,1805.99,288.35,1805.99,0.0,paid,0,
1518,1993,2025-01-26,2025-02-09,CHF,paypal,640.83,102.32,640.83,0.0,paid,0,
1519,1994,2024-04-03,2024-05-03,EUR,prepay,882.43,140.89,882.43,0.0,paid,0,
1520,1995,2024-09-06,2024-10-06,EUR,prepay,201.73,32.21,80.69,121.04,open,2,
1521,1996,2025-05-10,2025-05-24,CHF,prepay,151.53,24.19,151.53,0.0,paid,0,
1522,1997,2024-06-23,2024-07-23,EUR,invoice,2392.22,381.95,2392.22,0.0,paid,0,
1523,1998,2026-05-30,2026-06-13,EUR,sepa,1940.57,309.84,0.0,1940.57,open,0,
1524,1999,2024-10-06,2024-11-20,EUR,paypal,635.15,101.41,635.15,0.0,paid,0,
1525,2000,2024-11-26,2024-12-10,EUR,invoice,36612.67,5845.72,36612.67,0.0,paid,0,
1526,2003,2025-03-20,2025-04-19,EUR,invoice,371.89,59.38,371.89,0.0,paid,0,
1527,2004,2024-03-10,2024-03-24,CHF,invoice,2128.98,339.92,1064.49,1064.49,open,0,
1528,2005,2026-06-01,2026-07-01,EUR,invoice,1793.54,286.36,1793.54,0.0,paid,0,
1529,2006,2024-04-17,2024-05-17,USD,prepay,3068.34,489.9,0.0,3068.34,cancelled,0,2024-04-20
1530,2007,2026-06-13,2026-07-13,USD,paypal,2908.25,464.34,2908.25,0.0,paid,0,
1531,2008,2025-06-29,2025-07-13,USD,sepa,1999.56,319.26,1999.56,0.0,paid,0,
1532,2010,2024-09-17,2024-10-17,EUR,paypal,2690.7,429.61,2690.7,0.0,paid,0,
1533,2011,2025-09-01,2025-09-15,EUR,paypal,884.56,141.23,884.56,0.0,paid,0,
1534,2012,2025-03-16,2025-04-30,CHF,invoice,1210.19,193.22,1210.19,0.0,paid,0,
1535,2016,2024-12-06,2025-01-05,EUR,paypal,1096.89,175.13,438.76,658.13,open,0,
1536,2017,2025-12-08,2026-01-22,CHF,prepay,2109.06,336.74,2109.06,0.0,paid,0,
1537,2018,2025-12-01,2026-01-15,CHF,card,2021.63,322.78,0.0,2021.63,open,1,
1538,2022,2024-10-05,2024-10-19,EUR,prepay,2745.62,438.38,0.0,2745.62,open,2,
1539,2024,2025-10-10,2025-11-09,CHF,prepay,2224.38,355.15,2224.38,0.0,paid,0,
1540,2025,2024-07-08,2024-08-22,CHF,prepay,1492.09,238.23,1492.09,0.0,paid,0,
1541,2027,2024-08-16,2024-08-30,EUR,paypal,885.69,141.41,0.0,885.69,open,0,
1542,2028,2024-05-15,2024-05-29,EUR,card,904.27,144.38,904.27,0.0,paid,0,
1543,2029,2024-04-14,2024-04-28,EUR,invoice,807.46,128.92,807.46,0.0,paid,0,
1544,2030,2026-05-21,2026-07-05,EUR,prepay,801.82,128.02,801.82,0.0,paid,0,
1545,2031,2026-04-05,2026-05-05,USD,paypal,1545.81,246.81,1545.81,0.0,paid,0,
1546,2033,2024-07-07,2024-08-06,EUR,invoice,1940.57,309.84,1940.57,0.0,paid,0,
1547,2034,2024-03-20,2024-04-19,EUR,paypal,1713.0,273.5,1713.0,0.0,paid,0,
1548,2036,2025-03-08,2025-03-22,EUR,invoice,779.32,124.43,779.32,0.0,paid,0,
1549,2038,2024-04-08,2024-05-23,EUR,prepay,695.51,111.05,0.0,695.51,open,1,
1550,2039,2024-08-29,2024-10-13,EUR,sepa,1219.99,194.79,1219.99,0.0,paid,0,
1551,2040,2025-04-12,2025-04-26,EUR,card,1812.2,289.34,1812.2,0.0,paid,0,
1552,2042,2026-01-11,2026-01-25,EUR,sepa,1156.92,184.72,1156.92,0.0,paid,0,
1553,2043,2026-03-31,2026-05-15,EUR,prepay,1141.15,182.2,1141.15,0.0,paid,0,
1554,2044,2025-04-20,2025-05-04,EUR,prepay,1503.37,240.03,1503.37,0.0,paid,0,
1555,2046,2026-04-29,2026-05-29,EUR,card,155.26,24.79,0.0,155.26,open,0,
1556,2047,2025-03-30,2025-04-13,EUR,paypal,346.69,55.35,346.69,0.0,paid,0,
1557,2048,2024-06-04,2024-06-18,CHF,prepay,3742.75,597.58,1871.38,1871.37,open,0,
1558,2049,2025-06-05,2025-07-20,CHF,paypal,1723.07,275.11,1723.07,0.0,paid,0,
1559,2050,2024-09-06,2024-09-20,EUR,prepay,2891.49,461.67,2891.49,0.0,paid,0,
1560,2051,2024-10-30,2024-11-13,EUR,paypal,1354.65,216.29,1354.65,0.0,paid,0,
1561,2052,2024-01-08,2024-01-22,EUR,paypal,1715.97,273.98,1715.97,0.0,paid,0,
1562,2053,2024-02-07,2024-03-23,EUR,invoice,2131.68,340.35,0.0,2131.68,cancelled,0,2024-02-10
1563,2054,2024-02-11,2024-03-12,EUR,invoice,2781.77,444.15,1112.71,1669.06,open,0,
1564,2055,2024-04-04,2024-05-19,EUR,invoice,1541.32,246.09,1541.32,0.0,paid,0,
1565,2056,2024-08-23,2024-09-06,USD,paypal,543.57,86.79,543.57,0.0,paid,0,
1566,2057,2025-09-12,2025-10-12,EUR,card,1988.39,317.47,795.36,1193.03,open,2,
1567,2059,2025-12-13,2025-12-27,EUR,prepay,8413.69,1343.36,0.0,8413.69,open,2,
1568,2060,2025-07-03,2025-08-17,EUR,sepa,918.91,146.72,367.56,551.35,open,0,
1569,2061,2025-10-21,2025-11-04,CHF,invoice,406.28,64.87,406.28,0.0,paid,0,
1570,2063,2025-03-11,2025-04-10,EUR,prepay,920.29,146.94,920.29,0.0,paid,0,
1571,2065,2026-06-22,2026-07-06,EUR,paypal,1080.25,172.48,432.1,648.15,open,0,
1572,2066,2025-01-23,2025-02-06,EUR,prepay,1058.99,169.08,0.0,1058.99,cancelled,2,2025-01-26
1573,2067,2024-09-29,2024-10-13,EUR,prepay,3549.26,566.69,0.0,3549.26,cancelled,2,2024-10-02
1574,2068,2026-07-27,2026-08-10,CHF,paypal,1888.49,301.52,1888.49,0.0,paid,0,
1575,2069,2024-08-23,2024-09-06,CHF,invoice,2864.4,457.34,2864.4,0.0,paid,0,
1576,2072,2025-06-25,2025-07-25,CHF,paypal,618.36,98.73,618.36,0.0,paid,0,
1577,2073,2026-05-14,2026-06-13,CHF,paypal,1140.6,182.11,0.0,1140.6,cancelled,0,2026-05-17
1578,2074,2024-05-19,2024-06-02,EUR,sepa,1184.45,189.11,1184.45,0.0,paid,0,
1579,2075,2025-07-05,2025-08-19,CHF,prepay,2183.1,348.56,873.24,1309.86,open,2,
1580,2076,2024-08-27,2024-09-26,USD,card,1504.34,240.19,1504.34,0.0,paid,0,
1581,2077,2024-01-30,2024-03-15,EUR,sepa,1090.36,174.09,0.0,1090.36,open,0,
1582,2078,2024-08-20,2024-09-03,EUR,paypal,1709.15,272.89,1709.15,0.0,paid,0,
1583,2080,2025-08-08,2025-09-07,EUR,card,568.77,90.81,568.77,0.0,paid,0,
1584,2081,2024-10-09,2024-11-23,EUR,paypal,1316.45,210.19,1316.45,0.0,paid,0,
1585,2082,2025-11-21,2026-01-05,EUR,prepay,491.48,78.47,491.48,0.0,paid,0,
1586,2083,2026-01-27,2026-02-26,EUR,paypal,132.63,21.18,132.63,0.0,paid,0,
1587,2084,2025-09-17,2025-10-01,USD,sepa,2233.05,356.54,0.0,2233.05,open,0,
1588,2087,2024-05-16,2024-06-15,EUR,paypal,1737.8,277.46,1737.8,0.0,paid,0,
1589,2088,2026-07-10,2026-08-09,CHF,invoice,892.17,142.45,0.0,892.17,open,0,
1590,2090,2025-02-18,2025-03-20,CHF,paypal,2117.39,338.07,2117.39,0.0,paid,0,
1591,2091,2025-11-05,2025-12-20,EUR,card,3228.15,515.42,3228.15,0.0,paid,0,
1592,2092,2024-09-29,2024-10-29,USD,prepay,321.69,51.36,321.69,0.0,paid,0,
1593,2093,2025-01-16,2025-01-30,CHF,card,836.78,133.6,836.78,0.0,paid,0,
1594,2094,2024-11-27,2025-01-11,EUR,invoice,1516.55,242.14,1516.55,0.0,paid,0,
1595,2095,2025-10-23,2025-12-07,EUR,invoice,2282.1,364.37,2282.1,0.0,paid,0,
1596,2096,2025-06-04,2025-06-18,EUR,sepa,1784.98,285.0,1784.98,0.0,paid,0,
1597,2097,2024-12-08,2024-12-22,CHF,sepa,4809.12,767.84,4809.12,0.0,paid,0,
1598,2099,2026-04-10,2026-04-24,EUR,prepay,860.87,137.45,860.87,0.0,paid,0,
1599,2100,2025-11-15,2025-12-30,EUR,invoice,727.99,116.23,0.0,727.99,open,0,
1600,2101,2024-04-11,2024-04-25,EUR,paypal,447.95,71.52,447.95,0.0,paid,0,
