item_id,order_id,product_sku,quantity,unit_price,line_discount,line_total,warehouse,line_status,gift_wrap,weight_g
1,1,SKU-0013,2,361.65,2.5,720.8,MUC2,invoiced,false,34292.0
2,1,SKU-0116,2,182.28,2.5,362.05,MUC2,picked,false,30592.0
3,1,SKU-0001,2,190.29,2.5,378.09,MUC2,picked,false,49180.0
4,2,SKU-0047,4,26.48,5.0,100.91,HH1,shipped,false,13444.0
5,2,SKU-0087,3,76.8,2.5,227.91,HH1,open,false,65289.0
6,2,SKU-0070,3,267.92,0,803.76,HH1,shipped,false,81264.0
7,3,SKU-0100,1,185.18,2.5,182.68,BER3,invoiced,false,25673.0
8,3,SKU-0081,1,105.14,0,105.14,BER3,picked,false,2822.0
9,3,SKU-0066,5,251.34,0,1256.71,BER3,picked,false,96720.0
10,4,SKU-0058,4,105.4,0,421.6,MUC2,shipped,false,86584.0
11,4,SKU-0044,5,125.33,0,626.64,MUC2,picked,false,101510.0
12,4,SKU-0116,3,172.88,0,518.63,MUC2,open,false,45888.0
13,5,SKU-0064,3,262.48,0,787.43,HH1,shipped,false,47604.0
14,5,SKU-0044,5,129.43,0,647.15,HH1,picked,false,101510.0
15,5,SKU-0024,5,112.38,0,561.89,HH1,picked,false,65230.0
16,6,SKU-0044,5,128.27,0,641.37,HH1,open,false,101510.0
17,6,SKU-0086,3,294.71,2.5,881.62,HH1,open,false,5985.0
18,6,SKU-0052,2,196.15,0,392.29,HH1,open,false,5206.0
19,7,SKU-0001,2,189.24,0,378.47,BER3,open,false,49180.0
20,7,SKU-0106,2,267.05,2.5,531.6,BER3,shipped,false,15350.0
21,7,SKU-0021,4,386.44,0,1545.76,BER3,shipped,false,48988.0
22,8,SKU-0027,6,277.05,0,1662.3,MUC2,shipped,false,8724.0
23,8,SKU-0022,2,69.36,0,138.72,MUC2,open,false,53142.0
24,8,SKU-0087,5,77.13,5.0,380.63,MUC2,open,false,108815.0
25,9,SKU-0057,3,441.47,0,1324.4,CGN1,shipped,false,42819.0
26,9,SKU-0083,4,236.45,5.0,940.8,CGN1,invoiced,false,90956.0
27,9,SKU-0016,6,187.94,0,1127.61,CGN1,picked,false,72378.0
28,10,SKU-0010,6,244.68,0,1468.07,BER3,open,false,100086.0
29,10,SKU-0085,1,232.97,0,232.97,BER3,open,false,17071.0
30,10,SKU-0061,3,16.35,5.0,44.04,BER3,picked,false,1437.0
31,11,SKU-0072,6,303.64,0,1821.86,HH1,invoiced,false,4494.0
32,11,SKU-0062,4,329.46,2.5,1315.34,HH1,open,false,106872.0
33,11,SKU-0114,3,354.38,2.5,1060.63,HH1,picked,false,21390.0
34,12,SKU-0038,1,167.18,0,167.18,MUC2,shipped,false,404.0
35,12,SKU-0055,5,94.86,0,474.3,MUC2,picked,false,72700.0
36,12,SKU-0009,6,234.5,5.0,1402.01,MUC2,picked,false,97428.0
37,13,SKU-0037,1,280.19,0,280.19,MUC2,invoiced,false,2898.0
38,13,SKU-0089,3,47.9,5.0,138.7,MUC2,open,false,3957.0
39,13,SKU-0069,6,366.83,0,2200.96,MUC2,picked,false,152844.0
40,14,SKU-0013,2,350.07,0,700.14,HH1,shipped,false,34292.0
41,14,SKU-0012,6,53.98,0,323.87,HH1,shipped,false,12588.0
42,14,SKU-0026,3,110.4,2.5,328.71,HH1,picked,false,60384.0
43,15,SKU-0020,2,160.57,0,321.15,CGN1,picked,false,52604.0
44,15,SKU-0102,1,88.23,5.0,83.23,CGN1,shipped,false,2207.0
45,15,SKU-0107,2,324.33,5.0,643.66,CGN1,open,false,13280.0
46,16,SKU-0016,2,183.97,5.0,362.94,HH1,picked,false,24126.0
47,16,SKU-0001,6,201.92,5.0,1206.54,HH1,invoiced,false,147540.0
48,16,SKU-0019,6,290.31,2.5,1739.38,HH1,open,false,58938.0
49,17,SKU-0041,4,281.03,0,1124.11,CGN1,invoiced,false,62336.0
50,17,SKU-0007,2,100.71,5.0,196.43,CGN1,invoiced,false,54266.0
51,17,SKU-0071,1,28.02,5.0,23.02,CGN1,open,false,439.0
52,18,SKU-0071,6,28.28,0,169.66,HH1,shipped,false,2634.0
53,18,SKU-0120,1,161.88,0,161.88,HH1,picked,false,13998.0
54,18,SKU-0027,3,279.74,0,839.22,HH1,invoiced,false,4362.0
55,19,SKU-0006,1,231.61,0,231.61,BER3,shipped,true,15039.0
56,19,SKU-0021,1,393.11,0,393.11,BER3,open,false,12247.0
57,19,SKU-0025,2,296.27,2.5,590.05,BER3,picked,false,37710.0
58,20,SKU-0093,6,116.24,0,697.42,CGN1,picked,false,89280.0
59,20,SKU-0081,4,101.46,2.5,403.34,CGN1,shipped,false,11288.0
60,20,SKU-0106,6,264.96,0,1589.77,CGN1,picked,false,46050.0
61,21,SKU-0005,6,284.74,5.0,1703.45,MUC2,picked,false,110814.0
62,21,SKU-0059,2,100.35,0,200.7,MUC2,open,false,19392.0
63,21,SKU-0088,5,286.83,0,1434.16,MUC2,shipped,false,85090.0
64,22,SKU-0092,1,11.51,2.5,9.01,CGN1,shipped,false,6851.0
65,22,SKU-0029,4,187.85,0,751.4,CGN1,picked,false,49376.0
66,22,SKU-0091,3,349.85,0,1049.56,CGN1,open,false,48231.0
67,23,SKU-0035,3,299.04,0,897.11,HH1,shipped,false,16866.0
68,23,SKU-0032,4,331.99,2.5,1325.44,HH1,picked,false,48928.0
69,23,SKU-0108,5,385.36,0,1926.79,HH1,open,false,97525.0
70,24,SKU-0105,2,256.31,0,512.61,BER3,shipped,false,44890.0
71,24,SKU-0027,5,275.24,0,1376.22,BER3,open,false,7270.0
72,24,SKU-0085,4,229.23,2.5,914.43,BER3,shipped,false,68284.0
73,25,SKU-0025,3,288.84,0,866.53,MUC2,picked,false,56565.0
74,25,SKU-0021,4,402.76,0,1611.04,MUC2,shipped,false,48988.0
75,25,SKU-0093,1,120.37,5.0,115.37,MUC2,picked,false,14880.0
76,26,SKU-0077,3,228.84,2.5,684.01,HH1,shipped,false,23400.0
77,26,SKU-0018,1,388.73,0,388.73,HH1,picked,false,22472.0
78,26,SKU-0039,5,152.28,0,761.39,HH1,open,false,86325.0
79,27,SKU-0031,1,191.97,2.5,189.47,HH1,shipped,false,13382.0
80,27,SKU-0007,6,103.48,2.5,618.38,HH1,shipped,false,162798.0
81,27,SKU-0074,2,205.48,0,410.97,HH1,open,false,49594.0
82,28,SKU-0095,6,258.15,0,1548.92,CGN1,shipped,false,25614.0
83,28,SKU-0086,2,307.88,0,615.76,CGN1,picked,false,3990.0
84,28,SKU-0030,1,117.02,0,117.02,CGN1,open,false,19794.0
85,29,SKU-0023,4,126.31,0,505.25,CGN1,open,false,21648.0
86,29,SKU-0031,3,194.45,0,583.36,CGN1,open,false,40146.0
87,29,SKU-0057,4,439.36,0,1757.45,CGN1,open,false,57092.0
88,30,SKU-0023,4,122.6,0,490.39,MUC2,open,false,21648.0
89,30,SKU-0118,4,356.63,2.5,1424.01,MUC2,picked,false,95080.0
90,30,SKU-0011,2,324.21,2.5,645.92,MUC2,picked,false,52350.0
91,31,SKU-0093,1,116.79,0,116.79,HH1,invoiced,false,14880.0
92,31,SKU-0104,3,91.46,0,274.39,HH1,open,false,81114.0
93,31,SKU-0072,5,301.35,2.5,1504.25,HH1,shipped,false,3745.0
94,32,SKU-0066,3,254.91,2.5,762.22,HH1,invoiced,false,58032.0
95,32,SKU-0087,5,77.27,2.5,383.85,HH1,invoiced,false,108815.0
96,32,SKU-0027,5,267.45,2.5,1334.74,HH1,invoiced,true,7270.0
97,33,SKU-0052,6,186.09,2.5,1114.03,MUC2,open,false,15618.0
98,33,SKU-0031,5,195.25,0,976.26,MUC2,invoiced,false,66910.0
99,33,SKU-0072,6,305.15,0,1830.91,MUC2,invoiced,false,4494.0
100,34,SKU-0008,2,208.51,0,417.02,HH1,invoiced,false,51892.0
101,34,SKU-0083,5,242.41,0,1212.07,HH1,shipped,false,113695.0
102,34,SKU-0023,3,124.33,0,373.0,HH1,picked,false,16236.0
103,35,SKU-0010,1,243.43,5.0,238.43,HH1,open,false,16681.0
104,35,SKU-0025,5,280.07,2.5,1397.87,HH1,invoiced,false,94275.0
105,35,SKU-0090,2,262.83,5.0,520.65,HH1,open,false,9922.0
106,36,SKU-0017,2,267.22,0,534.44,HH1,shipped,false,54538.0
107,36,SKU-0008,3,212.27,0,636.82,HH1,invoiced,false,77838.0
108,36,SKU-0085,2,229.48,0,458.97,HH1,shipped,false,34142.0
109,37,SKU-0023,4,122.06,0,488.24,HH1,open,false,21648.0
110,37,SKU-0010,2,235.79,2.5,469.09,HH1,shipped,false,33362.0
111,37,SKU-0021,2,378.97,5.0,752.94,HH1,picked,false,24494.0
112,38,SKU-0031,5,201.28,0,1006.42,HH1,shipped,false,66910.0
113,38,SKU-0078,6,47.27,5.0,278.64,HH1,shipped,false,29520.0
114,38,SKU-0035,4,292.94,2.5,1169.27,HH1,picked,false,22488.0
115,39,SKU-0066,3,262.52,0,787.57,CGN1,invoiced,false,58032.0
116,39,SKU-0099,1,243.92,0,243.92,CGN1,invoiced,false,22109.0
117,39,SKU-0009,4,242.82,0,971.27,CGN1,picked,false,64952.0
118,40,SKU-0043,5,132.52,0,662.58,BER3,invoiced,false,38110.0
119,40,SKU-0012,1,51.68,0,51.68,BER3,shipped,false,2098.0
120,40,SKU-0018,3,390.0,2.5,1167.51,BER3,open,false,67416.0
121,41,SKU-0001,6,188.34,2.5,1127.55,CGN1,shipped,false,147540.0
122,41,SKU-0002,4,318.35,0,1273.39,CGN1,invoiced,false,108016.0
123,41,SKU-0048,6,142.75,0,856.53,CGN1,invoiced,false,102534.0
124,42,SKU-0025,2,282.72,5.0,560.44,HH1,shipped,false,37710.0
125,42,SKU-0058,2,110.74,0,221.48,HH1,picked,false,43292.0
126,42,SKU-0115,5,331.45,2.5,1654.77,HH1,open,false,125275.0
127,43,SKU-0116,2,175.49,2.5,348.49,CGN1,invoiced,false,30592.0
128,43,SKU-0074,1,210.24,0,210.24,CGN1,open,false,24797.0
129,43,SKU-0004,1,215.56,0,215.56,CGN1,invoiced,false,7833.0
130,44,SKU-0052,6,196.19,0,1177.12,MUC2,picked,false,15618.0
131,44,SKU-0009,3,245.56,0,736.69,MUC2,open,false,48714.0
132,44,SKU-0005,4,291.1,0,1164.38,MUC2,shipped,false,73876.0
133,45,SKU-0011,2,321.48,5.0,637.97,CGN1,open,false,52350.0
134,45,SKU-0015,3,257.48,5.0,767.45,CGN1,shipped,true,53571.0
135,45,SKU-0022,2,67.0,5.0,128.99,CGN1,picked,false,53142.0
136,46,SKU-0118,4,335.58,0,1342.31,BER3,invoiced,false,95080.0
137,46,SKU-0002,2,325.79,0,651.58,BER3,invoiced,false,54008.0
138,46,SKU-0057,4,429.37,5.0,1712.46,BER3,invoiced,false,57092.0
139,47,SKU-0030,2,111.83,2.5,221.16,MUC2,shipped,false,39588.0
140,47,SKU-0092,1,11.24,0,11.24,MUC2,open,false,6851.0
141,47,SKU-0077,5,228.29,0,1141.47,MUC2,picked,true,39000.0
142,48,SKU-0097,4,350.45,5.0,1396.81,MUC2,invoiced,false,50480.0
143,48,SKU-0081,2,104.62,0,209.24,MUC2,open,false,5644.0
144,48,SKU-0001,4,189.12,5.0,751.47,MUC2,open,false,98360.0
145,49,SKU-0114,2,359.23,0,718.47,CGN1,invoiced,false,14260.0
146,49,SKU-0096,1,264.51,0,264.51,CGN1,shipped,false,1101.0
147,49,SKU-0019,5,279.13,0,1395.65,CGN1,picked,false,49115.0
148,50,SKU-0022,2,71.66,5.0,138.33,BER3,shipped,false,53142.0
149,50,SKU-0112,5,105.04,0,525.18,BER3,picked,false,108065.0
150,50,SKU-0029,4,179.99,5.0,714.95,BER3,invoiced,false,49376.0
151,51,SKU-0011,3,315.78,0,947.35,BER3,picked,false,78525.0
152,51,SKU-0038,3,169.05,5.0,502.14,BER3,shipped,false,1212.0
153,51,SKU-0119,5,95.34,0,476.7,BER3,invoiced,false,132850.0
154,52,SKU-0087,5,73.82,2.5,366.58,MUC2,open,false,108815.0
155,52,SKU-0011,5,312.63,0,1563.17,MUC2,open,false,130875.0
156,52,SKU-0014,1,38.24,5.0,33.24,MUC2,open,false,20107.0
157,53,SKU-0088,5,288.7,2.5,1441.01,HH1,invoiced,false,85090.0
158,53,SKU-0096,6,257.29,2.5,1541.23,HH1,open,false,6606.0
159,53,SKU-0090,5,264.06,0,1320.31,HH1,open,false,24805.0
160,54,SKU-0039,3,151.85,0,455.55,CGN1,invoiced,false,51795.0
161,54,SKU-0057,1,427.12,0,427.12,CGN1,invoiced,false,14273.0
162,54,SKU-0077,4,225.16,5.0,895.64,CGN1,open,false,31200.0
163,55,SKU-0036,1,217.12,5.0,212.12,MUC2,open,false,21789.0
164,55,SKU-0003,5,227.57,0,1137.84,MUC2,picked,false,47495.0
165,55,SKU-0071,4,26.94,0,107.77,MUC2,picked,false,1756.0
166,56,SKU-0029,6,188.59,2.5,1129.03,CGN1,open,false,74064.0
167,56,SKU-0044,5,132.82,0,664.08,CGN1,open,false,101510.0
168,56,SKU-0064,2,265.57,2.5,528.64,CGN1,picked,false,31736.0
169,57,SKU-0080,6,19.41,0,116.46,CGN1,invoiced,false,12624.0
170,57,SKU-0090,3,264.87,0,794.6,CGN1,invoiced,false,14883.0
171,57,SKU-0005,3,284.44,2.5,850.83,CGN1,open,false,55407.0
172,58,SKU-0046,6,9.05,0,54.3,BER3,shipped,false,42642.0
173,58,SKU-0105,4,244.57,0,978.28,BER3,picked,false,89780.0
174,58,SKU-0048,5,140.08,5.0,695.4,BER3,open,false,85445.0
175,59,SKU-0062,6,331.47,2.5,1986.34,BER3,picked,false,160308.0
176,59,SKU-0051,6,283.19,0,1699.17,BER3,shipped,false,115794.0
177,59,SKU-0112,2,102.81,0,205.63,BER3,shipped,false,43226.0
178,60,SKU-0089,3,47.0,0,141.01,CGN1,invoiced,false,3957.0
179,60,SKU-0055,2,96.01,2.5,189.51,CGN1,invoiced,false,29080.0
180,60,SKU-0024,3,108.75,0,326.24,CGN1,invoiced,false,39138.0
181,61,SKU-0089,5,46.62,2.5,230.62,CGN1,invoiced,false,6595.0
182,61,SKU-0076,5,82.76,2.5,411.29,CGN1,shipped,false,34290.0
183,61,SKU-0094,2,251.11,0,502.22,CGN1,picked,false,42596.0
184,62,SKU-0081,3,100.82,0,302.47,BER3,picked,false,8466.0
185,62,SKU-0012,2,52.22,5.0,99.43,BER3,shipped,false,4196.0
186,62,SKU-0087,1,77.58,0,77.58,BER3,shipped,true,21763.0
187,63,SKU-0043,2,132.16,2.5,261.82,CGN1,open,false,15244.0
188,63,SKU-0111,1,77.71,5.0,72.71,CGN1,open,false,10963.0
189,63,SKU-0037,5,281.81,0,1409.06,CGN1,shipped,false,14490.0
190,64,SKU-0036,5,211.78,0,1058.88,CGN1,picked,false,108945.0
191,64,SKU-0065,3,271.84,5.0,810.51,CGN1,invoiced,false,38685.0
192,64,SKU-0084,1,138.29,0,138.29,CGN1,open,false,4375.0
193,65,SKU-0053,4,237.62,0,950.47,HH1,invoiced,false,71168.0
194,65,SKU-0110,1,314.4,5.0,309.4,HH1,shipped,false,20133.0
195,65,SKU-0039,2,150.63,5.0,296.26,HH1,shipped,false,34530.0
196,66,SKU-0097,6,343.69,2.5,2059.64,CGN1,invoiced,false,75720.0
197,66,SKU-0079,2,271.52,2.5,540.54,CGN1,open,false,52948.0
198,66,SKU-0053,5,245.09,2.5,1222.94,CGN1,invoiced,false,88960.0
199,67,SKU-0047,6,25.92,0,155.53,HH1,picked,false,20166.0
200,67,SKU-0021,3,379.71,0,1139.12,HH1,invoiced,false,36741.0
201,67,SKU-0051,1,302.25,0,302.25,HH1,open,false,19299.0
202,68,SKU-0012,3,52.7,2.5,155.6,CGN1,shipped,false,6294.0
203,68,SKU-0116,5,182.08,0,910.41,CGN1,shipped,false,76480.0
204,68,SKU-0075,4,335.38,0,1341.54,CGN1,open,false,95840.0
205,69,SKU-0003,2,211.63,5.0,418.26,BER3,picked,false,18998.0
206,69,SKU-0026,5,110.06,0,550.28,BER3,shipped,false,100640.0
207,69,SKU-0006,6,233.34,0,1400.03,BER3,shipped,false,90234.0
208,70,SKU-0036,3,214.74,0,644.23,MUC2,picked,false,65367.0
209,70,SKU-0046,1,9.38,2.5,6.88,MUC2,picked,false,7107.0
210,70,SKU-0115,2,325.84,0,651.68,MUC2,picked,false,50110.0
211,71,SKU-0095,4,269.15,0,1076.6,HH1,picked,false,17076.0
212,71,SKU-0059,1,101.38,0,101.38,HH1,open,false,9696.0
213,71,SKU-0051,4,290.71,0,1162.84,HH1,shipped,false,77196.0
214,72,SKU-0044,1,126.87,2.5,124.37,HH1,picked,false,20302.0
215,72,SKU-0039,1,150.95,0,150.95,HH1,invoiced,true,17265.0
216,72,SKU-0035,1,298.48,0,298.48,HH1,shipped,false,5622.0
217,73,SKU-0098,3,190.77,0,572.32,HH1,invoiced,false,3432.0
218,73,SKU-0013,5,360.42,0,1802.09,HH1,shipped,false,85730.0
219,73,SKU-0002,6,330.84,0,1985.05,HH1,picked,false,162024.0
220,74,SKU-0065,2,276.06,0,552.12,BER3,shipped,false,25790.0
221,74,SKU-0092,4,11.56,0,46.25,BER3,picked,false,27404.0
222,74,SKU-0012,6,51.98,5.0,306.9,BER3,picked,false,12588.0
223,75,SKU-0036,2,207.26,5.0,409.51,HH1,invoiced,true,43578.0
224,75,SKU-0018,6,386.63,0,2319.78,HH1,shipped,false,134832.0
225,75,SKU-0017,3,274.65,0,823.94,HH1,picked,false,81807.0
226,76,SKU-0080,5,19.09,0,95.47,HH1,invoiced,false,10520.0
227,76,SKU-0058,3,108.92,2.5,324.27,HH1,picked,false,64938.0
228,76,SKU-0030,5,109.59,5.0,542.97,HH1,picked,false,98970.0
229,77,SKU-0019,6,284.67,0,1708.02,BER3,shipped,false,58938.0
230,77,SKU-0091,1,359.06,0,359.06,BER3,open,false,16077.0
231,77,SKU-0073,3,202.84,5.0,603.51,BER3,open,false,25671.0
232,78,SKU-0060,4,264.64,2.5,1056.04,BER3,picked,false,79044.0
233,78,SKU-0036,1,206.98,0,206.98,BER3,open,false,21789.0
234,78,SKU-0019,1,298.64,2.5,296.14,BER3,invoiced,false,9823.0
235,79,SKU-0058,2,105.94,0,211.88,HH1,shipped,false,43292.0
236,79,SKU-0026,1,111.41,0,111.41,HH1,open,false,20128.0
237,79,SKU-0043,1,125.35,0,125.35,HH1,picked,false,7622.0
238,80,SKU-0118,1,335.81,0,335.81,HH1,shipped,false,23770.0
239,80,SKU-0035,3,308.0,0,924.01,HH1,picked,false,16866.0
240,80,SKU-0038,6,165.74,0,994.47,HH1,open,true,2424.0
241,81,SKU-0105,5,259.05,0,1295.27,CGN1,picked,false,112225.0
242,81,SKU-0092,6,11.27,2.5,65.14,CGN1,open,false,41106.0
243,81,SKU-0098,2,186.91,2.5,371.32,CGN1,open,false,2288.0
244,82,SKU-0104,2,92.76,5.0,180.52,CGN1,shipped,false,54076.0
245,82,SKU-0103,3,248.05,5.0,739.14,CGN1,invoiced,false,60621.0
246,82,SKU-0067,4,308.65,0,1234.58,CGN1,open,false,2652.0
247,83,SKU-0105,1,251.96,2.5,249.46,CGN1,picked,false,22445.0
248,83,SKU-0092,2,11.18,0,22.36,CGN1,open,false,13702.0
249,83,SKU-0106,6,255.98,0,1535.88,CGN1,invoiced,false,46050.0
250,84,SKU-0097,4,340.23,0,1360.93,MUC2,shipped,false,50480.0
251,84,SKU-0078,5,46.81,2.5,231.55,MUC2,invoiced,false,24600.0
252,84,SKU-0036,6,207.83,5.0,1242.01,MUC2,picked,false,130734.0
253,85,SKU-0050,2,124.33,0,248.66,CGN1,picked,false,23866.0
254,85,SKU-0063,2,99.49,0,198.97,CGN1,picked,false,24902.0
255,85,SKU-0110,1,302.17,2.5,299.67,CGN1,open,false,20133.0
256,86,SKU-0070,1,266.07,0,266.07,CGN1,shipped,false,27088.0
257,86,SKU-0041,2,281.71,0,563.41,CGN1,shipped,false,31168.0
258,86,SKU-0052,1,190.42,5.0,185.42,CGN1,picked,false,2603.0
259,87,SKU-0088,6,297.18,0,1783.09,MUC2,shipped,false,102108.0
260,87,SKU-0080,6,18.18,2.5,106.57,MUC2,shipped,false,12624.0
261,87,SKU-0118,3,343.89,0,1031.67,MUC2,picked,false,71310.0
262,88,SKU-0021,5,386.3,5.0,1926.51,BER3,open,false,61235.0
263,88,SKU-0050,1,126.19,0,126.19,BER3,shipped,false,11933.0
264,88,SKU-0019,3,279.12,0,837.37,BER3,shipped,false,29469.0
265,89,SKU-0098,2,189.02,0,378.04,MUC2,open,true,2288.0
266,89,SKU-0044,1,130.95,5.0,125.95,MUC2,shipped,false,20302.0
267,89,SKU-0052,4,186.66,0,746.63,MUC2,picked,false,10412.0
268,90,SKU-0078,2,47.86,2.5,93.23,BER3,shipped,false,9840.0
269,90,SKU-0013,5,353.45,0,1767.24,BER3,invoiced,false,85730.0
270,90,SKU-0112,1,108.01,0,108.01,BER3,picked,false,21613.0
271,91,SKU-0086,6,300.14,0,1800.84,CGN1,open,false,11970.0
272,91,SKU-0032,3,340.42,2.5,1018.76,CGN1,picked,false,36696.0
273,91,SKU-0095,4,268.24,2.5,1070.47,CGN1,invoiced,false,17076.0
274,92,SKU-0086,6,306.69,0,1840.15,MUC2,open,false,11970.0
275,92,SKU-0070,4,247.97,0,991.86,MUC2,invoiced,false,108352.0
276,92,SKU-0010,3,250.92,0,752.77,MUC2,open,false,50043.0
277,93,SKU-0114,6,338.6,2.5,2029.08,HH1,open,false,42780.0
278,93,SKU-0118,1,347.96,0,347.96,HH1,invoiced,false,23770.0
279,93,SKU-0117,6,102.67,0,616.02,HH1,open,false,122184.0
280,94,SKU-0087,4,76.59,0,306.36,MUC2,shipped,false,87052.0
281,94,SKU-0093,6,122.03,0,732.17,MUC2,shipped,false,89280.0
282,94,SKU-0103,3,259.43,0,778.3,MUC2,invoiced,false,60621.0
283,95,SKU-0105,6,252.55,2.5,1512.81,BER3,shipped,false,134670.0
284,95,SKU-0051,2,282.13,0,564.26,BER3,invoiced,false,38598.0
285,95,SKU-0084,1,146.07,0,146.07,BER3,picked,false,4375.0
286,96,SKU-0040,5,315.92,0,1579.62,HH1,invoiced,false,105130.0
287,96,SKU-0065,1,272.68,5.0,267.68,HH1,invoiced,false,12895.0
288,96,SKU-0001,1,192.53,5.0,187.53,HH1,open,false,24590.0
289,97,SKU-0025,6,279.46,0,1676.77,HH1,picked,false,113130.0
290,97,SKU-0026,3,112.07,0,336.2,HH1,open,false,60384.0
291,97,SKU-0091,6,374.16,0,2244.94,HH1,open,false,96462.0
292,98,SKU-0063,1,99.14,0,99.14,MUC2,picked,false,12451.0
293,98,SKU-0042,1,165.35,0,165.35,MUC2,invoiced,false,8274.0
294,98,SKU-0074,1,209.61,2.5,207.11,MUC2,shipped,false,24797.0
295,99,SKU-0069,5,351.74,0,1758.68,BER3,shipped,false,127370.0
296,99,SKU-0004,3,216.71,2.5,647.64,BER3,invoiced,false,23499.0
297,99,SKU-0071,2,27.44,0,54.88,BER3,open,false,878.0
298,100,SKU-0003,6,218.96,2.5,1311.28,BER3,open,false,56994.0
299,100,SKU-0050,2,125.37,0,250.74,BER3,invoiced,false,23866.0
300,100,SKU-0101,1,368.69,2.5,366.19,BER3,picked,false,18106.0
301,101,SKU-0004,6,204.59,0,1227.56,CGN1,invoiced,false,46998.0
302,101,SKU-0001,4,190.34,0,761.34,CGN1,shipped,false,98360.0
303,101,SKU-0036,3,218.85,5.0,651.56,CGN1,invoiced,false,65367.0
304,102,SKU-0110,4,309.53,0,1238.11,CGN1,shipped,false,80532.0
305,102,SKU-0098,4,178.18,0,712.72,CGN1,picked,false,4576.0
306,102,SKU-0019,1,300.49,0,300.49,CGN1,open,true,9823.0
307,103,SKU-0022,5,67.49,5.0,332.46,CGN1,invoiced,false,132855.0
308,103,SKU-0086,5,287.01,0,1435.06,CGN1,invoiced,false,9975.0
309,103,SKU-0063,3,101.23,0,303.68,CGN1,picked,false,37353.0
310,104,SKU-0007,3,102.91,0,308.72,BER3,picked,false,81399.0
311,104,SKU-0006,4,233.48,2.5,931.4,BER3,invoiced,false,60156.0
312,104,SKU-0108,1,408.95,0,408.95,BER3,shipped,false,19505.0
313,105,SKU-0049,6,87.9,2.5,524.88,HH1,picked,false,75852.0
314,105,SKU-0084,4,143.2,2.5,570.31,HH1,picked,false,17500.0
315,105,SKU-0017,1,261.51,0,261.51,HH1,picked,false,27269.0
316,106,SKU-0050,2,129.31,0,258.62,BER3,picked,false,23866.0
317,106,SKU-0012,4,52.18,0,208.72,BER3,picked,false,8392.0
318,106,SKU-0013,1,374.47,2.5,371.97,BER3,picked,true,17146.0
319,107,SKU-0120,2,158.0,0,315.99,HH1,open,false,27996.0
320,107,SKU-0057,4,408.78,5.0,1630.13,HH1,invoiced,false,57092.0
321,107,SKU-0094,1,268.64,0,268.64,HH1,shipped,true,21298.0
322,108,SKU-0001,6,197.25,2.5,1180.99,HH1,invoiced,false,147540.0
323,108,SKU-0014,1,39.87,2.5,37.37,HH1,picked,false,20107.0
324,108,SKU-0027,5,272.44,0,1362.2,HH1,open,false,7270.0
325,109,SKU-0051,4,291.7,0,1166.79,HH1,shipped,true,77196.0
326,109,SKU-0081,1,100.82,0,100.82,HH1,open,false,2822.0
327,109,SKU-0021,5,380.49,0,1902.47,HH1,open,false,61235.0
328,110,SKU-0012,4,53.7,0,214.8,BER3,open,false,8392.0
329,110,SKU-0085,1,240.39,0,240.39,BER3,picked,false,17071.0
330,110,SKU-0042,1,172.15,5.0,167.15,BER3,open,false,8274.0
331,111,SKU-0034,6,109.59,0,657.53,MUC2,picked,false,46962.0
332,111,SKU-0110,1,298.41,0,298.41,MUC2,invoiced,false,20133.0
333,111,SKU-0113,1,235.67,2.5,233.17,MUC2,invoiced,false,20063.0
334,112,SKU-0083,6,249.97,0,1499.84,MUC2,picked,false,136434.0
335,112,SKU-0088,2,299.47,0,598.95,MUC2,shipped,false,34036.0
336,112,SKU-0082,2,365.13,5.0,725.26,MUC2,shipped,false,23956.0
337,113,SKU-0027,5,267.89,0,1339.46,CGN1,open,false,7270.0
338,113,SKU-0018,4,393.77,0,1575.1,CGN1,invoiced,false,89888.0
339,113,SKU-0007,3,104.89,0,314.66,CGN1,picked,false,81399.0
340,114,SKU-0076,3,83.0,0,249.0,MUC2,invoiced,true,20574.0
341,114,SKU-0092,4,11.24,0,44.94,MUC2,picked,false,27404.0
342,114,SKU-0091,1,345.49,0,345.49,MUC2,open,false,16077.0
343,115,SKU-0039,1,152.22,2.5,149.72,MUC2,open,false,17265.0
344,115,SKU-0079,4,263.35,5.0,1048.38,MUC2,shipped,false,105896.0
345,115,SKU-0003,5,211.33,2.5,1054.16,MUC2,shipped,false,47495.0
346,116,SKU-0062,3,318.76,5.0,951.29,MUC2,shipped,false,80154.0
347,116,SKU-0029,4,187.94,2.5,749.28,MUC2,picked,false,49376.0
348,116,SKU-0045,6,104.22,2.5,622.82,MUC2,picked,false,93096.0
349,117,SKU-0039,6,151.95,0,911.72,CGN1,picked,false,103590.0
350,117,SKU-0058,2,107.2,0,214.4,CGN1,invoiced,false,43292.0
351,117,SKU-0035,1,307.22,5.0,302.22,CGN1,shipped,false,5622.0
352,118,SKU-0073,3,204.35,5.0,608.05,BER3,picked,false,25671.0
353,118,SKU-0075,3,329.25,5.0,982.74,BER3,open,false,71880.0
354,118,SKU-0018,3,397.54,2.5,1190.13,BER3,open,false,67416.0
355,119,SKU-0069,2,366.85,0,733.7,HH1,invoiced,false,50948.0
356,119,SKU-0081,6,98.24,0,589.44,HH1,shipped,false,16932.0
357,119,SKU-0084,4,144.52,2.5,575.57,HH1,invoiced,false,17500.0
358,120,SKU-0083,2,247.2,0,494.4,MUC2,open,true,45478.0
359,120,SKU-0079,2,269.9,5.0,534.8,MUC2,shipped,false,52948.0
360,120,SKU-0073,6,205.62,0,1233.74,MUC2,shipped,false,51342.0
361,121,SKU-0066,1,267.64,2.5,265.14,CGN1,invoiced,false,19344.0
362,121,SKU-0047,5,26.71,0,133.57,CGN1,open,false,16805.0
363,121,SKU-0088,3,293.79,5.0,876.38,CGN1,invoiced,false,51054.0
364,122,SKU-0070,2,263.0,2.5,523.51,MUC2,shipped,false,54176.0
365,122,SKU-0037,5,285.83,0,1429.13,MUC2,open,false,14490.0
366,122,SKU-0070,6,254.44,0,1526.66,MUC2,invoiced,false,162528.0
367,123,SKU-0007,6,99.08,2.5,591.98,BER3,open,false,162798.0
368,123,SKU-0010,5,246.24,0,1231.21,BER3,picked,false,83405.0
369,123,SKU-0041,2,281.65,5.0,558.3,BER3,picked,false,31168.0
370,124,SKU-0090,2,262.72,0,525.45,MUC2,invoiced,false,9922.0
371,124,SKU-0034,5,105.37,0,526.84,MUC2,invoiced,false,39135.0
372,124,SKU-0093,3,112.98,0,338.95,MUC2,picked,false,44640.0
373,125,SKU-0011,1,304.58,5.0,299.58,CGN1,picked,false,26175.0
374,125,SKU-0069,3,353.1,0,1059.29,CGN1,picked,false,76422.0
375,125,SKU-0077,1,224.36,2.5,221.86,CGN1,shipped,false,7800.0
376,126,SKU-0015,3,256.41,0,769.23,HH1,open,false,53571.0
377,126,SKU-0087,6,73.57,0,441.45,HH1,invoiced,false,130578.0
378,126,SKU-0028,3,177.36,0,532.08,HH1,shipped,false,69792.0
379,127,SKU-0046,6,9.16,2.5,52.47,HH1,open,false,42642.0
380,127,SKU-0015,2,256.3,2.5,510.1,HH1,open,false,35714.0
381,127,SKU-0106,3,254.24,0,762.72,HH1,open,false,23025.0
382,128,SKU-0065,5,277.46,2.5,1384.79,CGN1,open,false,64475.0
383,128,SKU-0055,6,90.02,0,540.14,CGN1,picked,false,87240.0
384,128,SKU-0033,4,340.47,2.5,1359.4,CGN1,shipped,false,9584.0
385,129,SKU-0092,4,10.79,2.5,40.66,BER3,open,false,27404.0
386,129,SKU-0025,1,292.36,0,292.36,BER3,open,false,18855.0
387,129,SKU-0057,6,427.53,0,2565.21,BER3,invoiced,false,85638.0
388,130,SKU-0029,6,181.98,5.0,1086.9,MUC2,invoiced,false,74064.0
389,130,SKU-0098,6,190.04,5.0,1135.25,MUC2,invoiced,false,6864.0
390,130,SKU-0039,1,143.82,0,143.82,MUC2,invoiced,false,17265.0
391,131,SKU-0004,2,211.97,0,423.93,MUC2,picked,false,15666.0
392,131,SKU-0044,3,133.56,2.5,398.19,MUC2,shipped,false,60906.0
393,131,SKU-0022,4,69.61,2.5,275.94,MUC2,picked,false,106284.0
394,132,SKU-0011,6,321.41,0,1928.49,CGN1,picked,false,157050.0
395,132,SKU-0107,5,310.12,2.5,1548.08,CGN1,shipped,false,33200.0
396,132,SKU-0043,6,127.13,0,762.78,CGN1,picked,false,45732.0
397,133,SKU-0099,4,239.3,0,957.2,HH1,shipped,false,88436.0
398,133,SKU-0017,6,277.11,5.0,1657.64,HH1,open,false,163614.0
399,133,SKU-0081,4,101.2,5.0,399.82,HH1,picked,false,11288.0
400,134,SKU-0028,2,180.02,0,360.04,BER3,picked,false,46528.0
401,134,SKU-0063,3,101.72,5.0,300.15,BER3,picked,false,37353.0
402,134,SKU-0115,3,322.86,0,968.58,BER3,invoiced,false,75165.0
403,135,SKU-0101,3,357.7,0,1073.11,HH1,shipped,false,54318.0
404,135,SKU-0085,3,239.92,5.0,714.75,HH1,open,false,51213.0
405,135,SKU-0047,4,27.37,5.0,104.49,HH1,open,false,13444.0
406,136,SKU-0037,3,288.61,0,865.84,HH1,invoiced,false,8694.0
407,136,SKU-0045,1,98.07,2.5,95.57,HH1,invoiced,false,15516.0
408,136,SKU-0078,1,46.3,2.5,43.8,HH1,open,false,4920.0
409,137,SKU-0003,6,219.96,2.5,1317.26,HH1,invoiced,false,56994.0
410,137,SKU-0017,6,272.49,0,1634.96,HH1,shipped,true,163614.0
411,137,SKU-0067,1,321.99,0,321.99,HH1,invoiced,false,663.0
412,138,SKU-0113,1,225.28,0,225.28,BER3,invoiced,false,20063.0
413,138,SKU-0084,5,145.0,2.5,722.49,BER3,invoiced,false,21875.0
414,138,SKU-0030,6,110.29,0,661.72,BER3,picked,false,118764.0
415,139,SKU-0021,6,380.32,0,2281.9,BER3,invoiced,false,73482.0
416,139,SKU-0120,5,155.83,0,779.14,BER3,invoiced,false,69990.0
417,139,SKU-0033,6,333.12,5.0,1993.72,BER3,shipped,false,14376.0
418,140,SKU-0015,5,259.65,0,1298.26,MUC2,picked,false,89285.0
419,140,SKU-0110,5,293.79,0,1468.94,MUC2,picked,false,100665.0
420,140,SKU-0025,4,283.75,0,1135.0,MUC2,shipped,false,75420.0
421,141,SKU-0057,1,440.83,0,440.83,MUC2,shipped,false,14273.0
422,141,SKU-0036,1,212.35,5.0,207.35,MUC2,shipped,false,21789.0
423,141,SKU-0050,1,127.37,0,127.37,MUC2,invoiced,false,11933.0
424,142,SKU-0052,5,185.27,0,926.34,MUC2,picked,false,13015.0
425,142,SKU-0059,3,102.98,5.0,303.94,MUC2,picked,false,29088.0
426,142,SKU-0096,3,263.54,0,790.61,MUC2,picked,false,3303.0
427,143,SKU-0023,6,124.95,0,749.71,CGN1,open,true,32472.0
428,143,SKU-0010,6,243.63,0,1461.79,CGN1,open,false,100086.0
429,143,SKU-0080,3,19.21,2.5,55.12,CGN1,invoiced,false,6312.0
430,144,SKU-0026,4,103.8,2.5,412.71,HH1,picked,false,80512.0
431,144,SKU-0002,1,331.25,0,331.25,HH1,shipped,false,27004.0
432,144,SKU-0030,2,117.05,2.5,231.59,HH1,picked,false,39588.0
433,145,SKU-0104,6,94.78,0,568.69,MUC2,shipped,false,162228.0
434,145,SKU-0077,1,219.15,2.5,216.65,MUC2,picked,false,7800.0
435,145,SKU-0028,4,183.76,5.0,730.05,MUC2,picked,false,93056.0
436,146,SKU-0023,1,120.13,5.0,115.13,HH1,shipped,false,5412.0
437,146,SKU-0065,1,272.14,0,272.14,HH1,shipped,false,12895.0
438,146,SKU-0111,6,74.5,2.5,444.47,HH1,invoiced,false,65778.0
439,147,SKU-0079,5,272.02,5.0,1355.12,MUC2,invoiced,false,132370.0
440,147,SKU-0065,1,275.1,0,275.1,MUC2,picked,false,12895.0
441,147,SKU-0050,1,123.68,0,123.68,MUC2,shipped,false,11933.0
442,148,SKU-0106,4,254.11,5.0,1011.44,CGN1,open,false,30700.0
443,148,SKU-0107,1,328.68,0,328.68,CGN1,shipped,false,6640.0
444,148,SKU-0091,3,365.88,0,1097.65,CGN1,invoiced,false,48231.0
445,149,SKU-0053,2,234.07,0,468.14,MUC2,picked,false,35584.0
446,149,SKU-0120,3,156.74,0,470.23,MUC2,picked,false,41994.0
447,149,SKU-0064,3,254.45,0,763.34,MUC2,picked,false,47604.0
448,150,SKU-0076,5,86.78,0,433.92,BER3,invoiced,false,34290.0
449,150,SKU-0020,6,153.21,0,919.25,BER3,picked,false,157812.0
450,150,SKU-0111,4,74.34,5.0,292.37,BER3,picked,true,43852.0
451,151,SKU-0042,5,166.56,0,832.79,BER3,invoiced,true,41370.0
452,151,SKU-0061,1,15.97,5.0,10.97,BER3,open,false,479.0
453,151,SKU-0029,6,180.24,2.5,1078.94,BER3,open,false,74064.0
454,152,SKU-0020,3,157.41,0,472.23,CGN1,shipped,false,78906.0
455,152,SKU-0065,1,270.11,5.0,265.11,CGN1,invoiced,true,12895.0
456,152,SKU-0007,3,98.64,0,295.92,CGN1,shipped,false,81399.0
457,153,SKU-0012,4,52.91,0,211.63,BER3,open,false,8392.0
458,153,SKU-0050,4,123.02,2.5,489.59,BER3,shipped,false,47732.0
459,153,SKU-0011,3,325.5,0,976.5,BER3,invoiced,false,78525.0
460,154,SKU-0023,3,117.65,0,352.95,BER3,invoiced,false,16236.0
461,154,SKU-0086,3,286.12,5.0,853.37,BER3,picked,false,5985.0
462,154,SKU-0081,1,99.92,5.0,94.92,BER3,open,false,2822.0
463,155,SKU-0043,4,128.66,0,514.65,HH1,shipped,false,30488.0
464,155,SKU-0120,3,159.13,2.5,474.89,HH1,open,false,41994.0
465,155,SKU-0110,3,296.06,0,888.17,HH1,open,false,60399.0
466,156,SKU-0052,5,191.44,0,957.19,MUC2,shipped,false,13015.0
467,156,SKU-0087,6,75.26,5.0,446.56,MUC2,picked,false,130578.0
468,156,SKU-0018,1,385.52,0,385.52,MUC2,picked,false,22472.0
469,157,SKU-0033,2,327.01,5.0,649.01,CGN1,invoiced,false,4792.0
470,157,SKU-0017,3,265.91,0,797.72,CGN1,invoiced,false,81807.0
471,157,SKU-0108,1,406.48,0,406.48,CGN1,open,false,19505.0
472,158,SKU-0081,1,105.79,0,105.79,MUC2,shipped,false,2822.0
473,158,SKU-0064,2,264.06,2.5,525.62,MUC2,open,false,31736.0
474,158,SKU-0062,3,326.68,0,980.05,MUC2,shipped,false,80154.0
475,159,SKU-0088,6,284.73,0,1708.36,CGN1,shipped,false,102108.0
476,159,SKU-0088,6,295.68,0,1774.06,CGN1,picked,false,102108.0
477,159,SKU-0113,5,224.54,0,1122.72,CGN1,shipped,false,100315.0
478,160,SKU-0064,2,263.04,5.0,521.07,MUC2,invoiced,false,31736.0
479,160,SKU-0092,5,10.91,0,54.53,MUC2,open,false,34255.0
480,160,SKU-0004,4,218.25,0,873.02,MUC2,open,false,31332.0
481,161,SKU-0077,2,221.57,0,443.14,HH1,invoiced,false,15600.0
482,161,SKU-0065,6,279.7,0,1678.18,HH1,picked,false,77370.0
483,161,SKU-0014,6,39.18,5.0,230.09,HH1,open,false,120642.0
484,162,SKU-0032,1,332.44,0,332.44,HH1,picked,false,12232.0
485,162,SKU-0064,4,258.53,2.5,1031.62,HH1,shipped,false,63472.0
486,162,SKU-0073,6,197.6,0,1185.6,HH1,picked,false,51342.0
487,163,SKU-0086,2,293.24,0,586.48,MUC2,open,false,3990.0
488,163,SKU-0103,2,250.61,5.0,496.21,MUC2,open,false,40414.0
489,163,SKU-0110,6,293.8,0,1762.82,MUC2,open,false,120798.0
490,164,SKU-0061,5,16.43,0,82.16,HH1,picked,false,2395.0
491,164,SKU-0018,2,392.3,0,784.59,HH1,invoiced,false,44944.0
492,164,SKU-0023,5,122.33,2.5,609.16,HH1,shipped,false,27060.0
493,165,SKU-0062,3,328.54,0,985.63,BER3,invoiced,false,80154.0
494,165,SKU-0024,6,113.59,0,681.57,BER3,shipped,false,78276.0
495,165,SKU-0019,3,295.03,0,885.1,BER3,picked,false,29469.0
496,166,SKU-0081,3,99.12,0,297.37,MUC2,invoiced,false,8466.0
497,166,SKU-0005,3,286.37,2.5,856.6,MUC2,picked,false,55407.0
498,166,SKU-0066,1,270.6,5.0,265.6,MUC2,open,false,19344.0
499,167,SKU-0066,4,258.01,0,1032.03,MUC2,picked,false,77376.0
500,167,SKU-0010,6,242.24,2.5,1450.95,MUC2,open,false,100086.0
501,167,SKU-0010,3,255.0,2.5,762.49,MUC2,picked,false,50043.0
502,168,SKU-0097,1,360.51,0,360.51,CGN1,open,false,12620.0
503,168,SKU-0094,2,251.56,2.5,500.63,CGN1,shipped,false,42596.0
504,168,SKU-0100,2,190.48,2.5,378.46,CGN1,open,false,51346.0
505,169,SKU-0052,5,184.33,0,921.64,BER3,invoiced,false,13015.0
506,169,SKU-0112,2,105.2,0,210.4,BER3,invoiced,false,43226.0
507,169,SKU-0016,5,181.83,5.0,904.13,BER3,invoiced,false,60315.0
508,170,SKU-0052,5,189.05,0,945.24,MUC2,open,false,13015.0
509,170,SKU-0118,4,347.83,0,1391.33,MUC2,invoiced,false,95080.0
510,170,SKU-0083,4,237.77,5.0,946.06,MUC2,invoiced,false,90956.0
511,171,SKU-0075,1,344.76,5.0,339.76,HH1,shipped,false,23960.0
512,171,SKU-0055,3,93.72,0,281.16,HH1,open,false,43620.0
513,171,SKU-0057,4,435.54,0,1742.17,HH1,shipped,false,57092.0
514,172,SKU-0102,5,86.48,0,432.42,BER3,picked,false,11035.0
515,172,SKU-0056,3,64.91,0,194.74,BER3,invoiced,false,59664.0
516,172,SKU-0104,4,93.91,5.0,370.66,BER3,invoiced,false,108152.0
517,173,SKU-0089,4,47.5,0,189.99,BER3,invoiced,false,5276.0
518,173,SKU-0017,6,274.42,0,1646.52,BER3,open,false,163614.0
519,173,SKU-0029,4,178.88,5.0,710.53,BER3,open,false,49376.0
520,174,SKU-0011,6,309.52,5.0,1852.14,HH1,invoiced,true,157050.0
521,174,SKU-0005,2,277.65,0,555.3,HH1,shipped,false,36938.0
522,174,SKU-0024,3,112.09,5.0,331.27,HH1,picked,false,39138.0
523,175,SKU-0045,6,101.78,0,610.69,MUC2,open,false,93096.0
524,175,SKU-0021,6,389.37,0,2336.24,MUC2,open,false,73482.0
525,175,SKU-0046,5,8.88,0,44.4,MUC2,shipped,false,35535.0
526,176,SKU-0106,3,269.37,5.0,803.1,CGN1,shipped,false,23025.0
527,176,SKU-0098,4,186.96,0,747.83,CGN1,invoiced,false,4576.0
528,176,SKU-0010,3,246.4,2.5,736.7,CGN1,invoiced,false,50043.0
529,177,SKU-0093,4,113.04,0,452.16,BER3,invoiced,false,59520.0
530,177,SKU-0100,4,190.46,5.0,756.85,BER3,invoiced,false,102692.0
531,177,SKU-0100,3,194.23,2.5,580.18,BER3,picked,false,77019.0
532,178,SKU-0051,6,283.73,5.0,1697.37,HH1,open,false,115794.0
533,178,SKU-0118,3,331.57,0,994.7,HH1,shipped,false,71310.0
534,178,SKU-0021,3,385.6,2.5,1154.29,HH1,invoiced,false,36741.0
535,179,SKU-0015,5,268.69,0,1343.44,MUC2,invoiced,false,89285.0
536,179,SKU-0087,3,77.21,0,231.63,MUC2,shipped,false,65289.0
537,179,SKU-0001,1,195.89,0,195.89,MUC2,shipped,false,24590.0
538,180,SKU-0102,5,82.6,0,412.98,BER3,shipped,false,11035.0
539,180,SKU-0009,1,241.63,0,241.63,BER3,picked,false,16238.0
540,180,SKU-0016,4,177.39,5.0,704.55,BER3,shipped,false,48252.0
541,181,SKU-0021,4,384.44,0,1537.77,HH1,shipped,false,48988.0
542,181,SKU-0017,6,264.32,0,1585.89,HH1,open,false,163614.0
543,181,SKU-0003,1,218.67,5.0,213.67,HH1,invoiced,false,9499.0
544,182,SKU-0041,2,294.45,0,588.89,MUC2,shipped,false,31168.0
545,182,SKU-0110,4,303.86,0,1215.45,MUC2,invoiced,false,80532.0
546,182,SKU-0049,2,89.78,0,179.56,MUC2,shipped,false,25284.0
547,183,SKU-0050,2,130.97,0,261.95,MUC2,shipped,false,23866.0
548,183,SKU-0012,1,51.4,5.0,46.4,MUC2,invoiced,false,2098.0
549,183,SKU-0024,3,113.96,5.0,336.89,MUC2,shipped,false,39138.0
550,184,SKU-0037,4,272.65,0,1090.59,BER3,open,false,11592.0
551,184,SKU-0086,1,303.27,0,303.27,BER3,open,false,1995.0
552,184,SKU-0043,6,124.28,0,745.69,BER3,invoiced,false,45732.0
553,185,SKU-0004,3,206.08,2.5,615.74,MUC2,shipped,false,23499.0
554,185,SKU-0049,2,89.05,2.5,175.61,MUC2,open,false,25284.0
555,185,SKU-0038,1,177.4,0,177.4,MUC2,shipped,false,404.0
556,186,SKU-0016,1,186.62,0,186.62,MUC2,open,false,12063.0
557,186,SKU-0015,4,255.23,0,1020.92,MUC2,invoiced,false,71428.0
558,186,SKU-0110,3,315.59,5.0,941.76,MUC2,picked,false,60399.0
559,187,SKU-0040,2,309.99,2.5,617.47,MUC2,open,false,42052.0
560,187,SKU-0089,6,47.73,5.0,281.38,MUC2,invoiced,false,7914.0
561,187,SKU-0025,5,279.36,0,1396.78,MUC2,open,false,94275.0
562,188,SKU-0042,2,171.98,5.0,338.97,HH1,picked,false,16548.0
563,188,SKU-0102,2,82.4,2.5,162.3,HH1,invoiced,false,4414.0
564,188,SKU-0056,5,68.06,2.5,337.82,HH1,picked,false,99440.0
565,189,SKU-0078,6,47.35,5.0,279.12,BER3,shipped,false,29520.0
566,189,SKU-0064,6,252.36,0,1514.14,BER3,invoiced,false,95208.0
567,189,SKU-0081,3,99.03,5.0,292.09,BER3,picked,false,8466.0
568,190,SKU-0106,1,255.29,0,255.29,HH1,invoiced,false,7675.0
569,190,SKU-0057,6,433.54,0,2601.22,HH1,invoiced,false,85638.0
570,190,SKU-0035,5,311.0,0,1554.99,HH1,shipped,false,28110.0
571,191,SKU-0032,3,335.92,2.5,1005.27,CGN1,open,false,36696.0
572,191,SKU-0075,1,328.63,0,328.63,CGN1,shipped,false,23960.0
573,191,SKU-0006,2,247.52,0,495.05,CGN1,shipped,false,30078.0
574,192,SKU-0011,4,300.15,5.0,1195.61,MUC2,shipped,false,104700.0
575,192,SKU-0019,1,299.7,0,299.7,MUC2,invoiced,false,9823.0
576,192,SKU-0006,6,236.69,5.0,1415.11,MUC2,open,false,90234.0
577,193,SKU-0046,5,8.94,0,44.7,MUC2,shipped,false,35535.0
578,193,SKU-0045,2,103.85,5.0,202.7,MUC2,open,false,31032.0
579,193,SKU-0035,2,292.71,5.0,580.43,MUC2,picked,false,11244.0
580,194,SKU-0009,1,245.4,0,245.4,HH1,invoiced,false,16238.0
581,194,SKU-0016,4,178.68,2.5,712.2,HH1,picked,false,48252.0
582,194,SKU-0030,3,117.57,5.0,347.72,HH1,picked,false,59382.0
583,195,SKU-0079,5,260.43,0,1302.15,HH1,open,false,132370.0
584,195,SKU-0056,2,66.24,0,132.48,HH1,invoiced,false,39776.0
585,195,SKU-0087,6,76.86,2.5,458.68,HH1,invoiced,false,130578.0
586,196,SKU-0047,1,27.01,0,27.01,CGN1,invoiced,false,3361.0
587,196,SKU-0098,1,177.97,0,177.97,CGN1,picked,false,1144.0
588,196,SKU-0050,2,129.94,0,259.87,CGN1,shipped,false,23866.0
589,197,SKU-0035,5,290.32,0,1451.6,CGN1,invoiced,false,28110.0
590,197,SKU-0052,1,185.56,2.5,183.06,CGN1,shipped,false,2603.0
591,197,SKU-0057,5,414.78,0,2073.92,CGN1,picked,false,71365.0
592,198,SKU-0023,5,123.67,5.0,613.37,MUC2,shipped,false,27060.0
593,198,SKU-0044,6,134.41,5.0,801.48,MUC2,picked,false,121812.0
594,198,SKU-0073,6,199.41,5.0,1191.44,MUC2,picked,false,51342.0
595,199,SKU-0112,4,102.96,5.0,406.85,MUC2,open,false,86452.0
596,199,SKU-0072,5,293.11,2.5,1463.03,MUC2,open,false,3745.0
597,199,SKU-0116,5,183.07,0,915.34,MUC2,open,false,76480.0
598,200,SKU-0068,4,334.76,2.5,1336.53,CGN1,picked,false,24684.0
599,200,SKU-0041,2,281.71,0,563.42,CGN1,shipped,false,31168.0
600,200,SKU-0086,2,300.67,2.5,598.84,CGN1,picked,false,3990.0
601,201,SKU-0056,3,69.14,0,207.42,MUC2,picked,false,59664.0
602,201,SKU-0013,5,375.58,0,1877.91,MUC2,picked,false,85730.0
603,201,SKU-0069,3,347.8,2.5,1040.89,MUC2,shipped,false,76422.0
604,202,SKU-0116,1,177.17,5.0,172.17,CGN1,invoiced,false,15296.0
605,202,SKU-0117,5,107.18,0,535.89,CGN1,picked,false,101820.0
606,202,SKU-0027,6,259.13,0,1554.78,CGN1,invoiced,false,8724.0
607,203,SKU-0079,4,264.4,0,1057.62,HH1,invoiced,false,105896.0
608,203,SKU-0047,1,26.27,0,26.27,HH1,open,false,3361.0
609,203,SKU-0079,1,268.58,0,268.58,HH1,shipped,false,26474.0
610,204,SKU-0012,1,53.04,0,53.04,BER3,invoiced,false,2098.0
611,204,SKU-0047,3,28.03,0,84.1,BER3,invoiced,false,10083.0
612,204,SKU-0044,6,134.39,0,806.35,BER3,open,false,121812.0
613,205,SKU-0057,4,427.43,2.5,1707.23,HH1,open,false,57092.0
614,205,SKU-0013,3,379.18,5.0,1132.53,HH1,shipped,false,51438.0
615,205,SKU-0068,4,333.21,0,1332.84,HH1,picked,false,24684.0
616,206,SKU-0035,3,304.7,2.5,911.61,BER3,picked,false,16866.0
617,206,SKU-0045,4,103.58,0,414.31,BER3,picked,false,62064.0
618,206,SKU-0036,6,207.85,0,1247.09,BER3,invoiced,false,130734.0
619,207,SKU-0052,6,195.98,5.0,1170.89,BER3,open,false,15618.0
620,207,SKU-0097,1,348.0,0,348.0,BER3,open,false,12620.0
621,207,SKU-0042,5,165.62,5.0,823.12,BER3,shipped,true,41370.0
622,208,SKU-0038,2,170.62,0,341.25,HH1,shipped,false,808.0
623,208,SKU-0041,1,300.5,0,300.5,HH1,invoiced,false,15584.0
624,208,SKU-0113,3,236.09,0,708.27,HH1,invoiced,false,60189.0
625,209,SKU-0081,1,105.54,2.5,103.04,CGN1,picked,false,2822.0
626,209,SKU-0102,3,84.51,0,253.54,CGN1,shipped,false,6621.0
627,209,SKU-0007,2,104.84,5.0,204.67,CGN1,picked,false,54266.0
628,210,SKU-0116,4,178.99,0,715.96,MUC2,picked,true,61184.0
629,210,SKU-0005,5,290.32,5.0,1446.62,MUC2,shipped,false,92345.0
630,210,SKU-0032,2,356.91,0,713.82,MUC2,shipped,false,24464.0
631,211,SKU-0074,5,212.75,0,1063.73,BER3,open,false,123985.0
632,211,SKU-0010,5,247.76,0,1238.78,BER3,shipped,false,83405.0
633,211,SKU-0041,1,282.06,5.0,277.06,BER3,invoiced,false,15584.0
634,212,SKU-0045,6,99.58,2.5,594.98,BER3,open,false,93096.0
635,212,SKU-0091,3,353.59,0,1060.76,BER3,invoiced,false,48231.0
636,212,SKU-0112,6,108.76,2.5,650.07,BER3,invoiced,false,129678.0
637,213,SKU-0069,4,345.02,5.0,1375.08,HH1,shipped,false,101896.0
638,213,SKU-0036,1,210.52,5.0,205.52,HH1,shipped,false,21789.0
639,213,SKU-0073,5,202.64,0,1013.18,HH1,invoiced,false,42785.0
640,214,SKU-0032,3,332.78,2.5,995.85,HH1,picked,false,36696.0
641,214,SKU-0055,1,93.8,2.5,91.3,HH1,invoiced,false,14540.0
642,214,SKU-0018,4,401.96,2.5,1605.33,HH1,shipped,true,89888.0
643,215,SKU-0034,5,112.47,0,562.36,BER3,shipped,false,39135.0
644,215,SKU-0071,3,28.03,0,84.1,BER3,invoiced,false,1317.0
645,215,SKU-0010,6,240.16,0,1440.97,BER3,open,false,100086.0
646,216,SKU-0095,4,264.21,0,1056.83,BER3,shipped,false,17076.0
647,216,SKU-0051,1,295.45,0,295.45,BER3,shipped,false,19299.0
648,216,SKU-0115,1,333.65,2.5,331.15,BER3,picked,false,25055.0
649,217,SKU-0037,5,274.51,0,1372.53,HH1,picked,false,14490.0
650,217,SKU-0067,1,331.89,0,331.89,HH1,invoiced,false,663.0
651,217,SKU-0027,3,263.59,0,790.77,HH1,shipped,false,4362.0
652,218,SKU-0050,4,131.96,2.5,525.35,HH1,invoiced,false,47732.0
653,218,SKU-0060,4,261.13,5.0,1039.51,HH1,picked,false,79044.0
654,218,SKU-0023,3,119.64,2.5,356.42,HH1,picked,false,16236.0
655,219,SKU-0016,1,174.2,0,174.2,MUC2,invoiced,false,12063.0
656,219,SKU-0021,3,393.85,0,1181.54,MUC2,shipped,false,36741.0
657,219,SKU-0090,3,280.61,2.5,839.34,MUC2,shipped,false,14883.0
658,220,SKU-0080,3,18.72,0,56.17,MUC2,open,false,6312.0
659,220,SKU-0053,2,242.17,0,484.34,MUC2,shipped,false,35584.0
660,220,SKU-0083,5,239.99,0,1199.93,MUC2,open,false,113695.0
661,221,SKU-0064,3,252.13,0,756.39,BER3,shipped,false,47604.0
662,221,SKU-0058,1,107.7,2.5,105.2,BER3,invoiced,false,21646.0
663,221,SKU-0108,3,396.26,0,1188.79,BER3,shipped,true,58515.0
664,222,SKU-0066,6,265.77,2.5,1592.11,HH1,invoiced,false,116064.0
665,222,SKU-0067,3,313.51,2.5,938.03,HH1,invoiced,false,1989.0
666,222,SKU-0087,2,73.51,2.5,144.53,HH1,invoiced,false,43526.0
667,223,SKU-0071,1,27.73,0,27.73,BER3,open,false,439.0
668,223,SKU-0085,1,236.05,0,236.05,BER3,open,false,17071.0
669,223,SKU-0008,3,221.44,2.5,661.82,BER3,open,false,77838.0
670,224,SKU-0004,6,217.09,2.5,1300.02,CGN1,open,false,46998.0
671,224,SKU-0065,1,283.83,0,283.83,CGN1,open,false,12895.0
672,224,SKU-0001,1,190.9,0,190.9,CGN1,open,false,24590.0
673,225,SKU-0070,4,252.72,2.5,1008.39,MUC2,picked,false,108352.0
674,225,SKU-0102,3,83.63,0,250.9,MUC2,invoiced,false,6621.0
675,225,SKU-0061,3,16.23,2.5,46.2,MUC2,shipped,false,1437.0
676,226,SKU-0071,4,28.33,0,113.31,HH1,shipped,false,1756.0
677,226,SKU-0007,2,103.88,0,207.76,HH1,shipped,false,54266.0
678,226,SKU-0071,1,27.51,0,27.51,HH1,picked,false,439.0
679,227,SKU-0116,1,179.21,0,179.21,BER3,open,false,15296.0
680,227,SKU-0056,1,65.87,0,65.87,BER3,shipped,false,19888.0
681,227,SKU-0042,6,172.79,0,1036.75,BER3,shipped,false,49644.0
682,228,SKU-0046,6,9.05,0,54.3,HH1,picked,false,42642.0
683,228,SKU-0008,6,215.75,2.5,1291.99,HH1,open,false,155676.0
684,228,SKU-0027,1,273.12,5.0,268.12,HH1,picked,false,1454.0
685,229,SKU-0001,4,198.84,5.0,790.35,HH1,picked,false,98360.0
686,229,SKU-0030,4,113.96,5.0,450.83,HH1,open,false,79176.0
687,229,SKU-0087,1,76.66,0,76.66,HH1,picked,false,21763.0
688,230,SKU-0018,5,387.14,2.5,1933.21,CGN1,invoiced,false,112360.0
689,230,SKU-0065,6,288.66,2.5,1729.47,CGN1,shipped,false,77370.0
690,230,SKU-0010,3,248.87,0,746.6,CGN1,picked,false,50043.0
691,231,SKU-0105,6,243.36,2.5,1457.67,BER3,picked,false,134670.0
692,231,SKU-0073,2,194.98,0,389.96,BER3,picked,false,17114.0
693,231,SKU-0050,2,123.18,0,246.35,BER3,invoiced,false,23866.0
694,232,SKU-0099,3,238.81,0,716.43,CGN1,open,false,66327.0
695,232,SKU-0102,4,82.33,2.5,326.84,CGN1,picked,false,8828.0
696,232,SKU-0051,1,281.83,2.5,279.33,CGN1,picked,false,19299.0
697,233,SKU-0066,4,259.53,0,1038.11,BER3,picked,false,77376.0
698,233,SKU-0052,1,195.75,0,195.75,BER3,invoiced,false,2603.0
699,233,SKU-0113,2,221.72,5.0,438.43,BER3,shipped,false,40126.0
700,234,SKU-0054,2,109.56,0,219.13,MUC2,open,false,45578.0
701,234,SKU-0059,6,108.31,0,649.88,MUC2,shipped,false,58176.0
702,234,SKU-0088,3,293.44,0,880.32,MUC2,open,false,51054.0
703,235,SKU-0004,6,218.56,5.0,1306.37,BER3,invoiced,true,46998.0
704,235,SKU-0005,2,270.64,2.5,538.78,BER3,invoiced,false,36938.0
705,235,SKU-0065,3,288.29,5.0,859.88,BER3,picked,false,38685.0
706,236,SKU-0097,2,334.97,0,669.94,BER3,open,false,25240.0
707,236,SKU-0106,2,263.54,0,527.07,BER3,open,false,15350.0
708,236,SKU-0029,5,183.89,5.0,914.44,BER3,shipped,false,61720.0
709,237,SKU-0012,1,50.36,0,50.36,HH1,invoiced,false,2098.0
710,237,SKU-0085,5,232.25,0,1161.24,HH1,picked,false,85355.0
711,237,SKU-0036,3,204.36,2.5,610.58,HH1,invoiced,false,65367.0
712,238,SKU-0080,2,18.07,0,36.14,BER3,invoiced,false,4208.0
713,238,SKU-0028,2,175.56,0,351.12,BER3,shipped,false,46528.0
714,238,SKU-0072,4,303.72,2.5,1212.36,BER3,picked,false,2996.0
715,239,SKU-0110,6,300.68,5.0,1799.07,CGN1,open,false,120798.0
716,239,SKU-0040,3,298.0,0,893.99,CGN1,invoiced,false,63078.0
717,239,SKU-0075,4,342.96,2.5,1369.34,CGN1,picked,false,95840.0
718,240,SKU-0100,5,188.71,2.5,941.07,MUC2,shipped,false,128365.0
719,240,SKU-0109,3,285.63,0,856.88,MUC2,invoiced,false,20076.0
720,240,SKU-0034,5,108.7,0,543.48,MUC2,open,false,39135.0
721,241,SKU-0055,5,92.01,0,460.05,MUC2,shipped,false,72700.0
722,241,SKU-0051,1,288.88,0,288.88,MUC2,shipped,false,19299.0
723,241,SKU-0040,2,307.0,2.5,611.5,MUC2,invoiced,false,42052.0
724,242,SKU-0024,5,105.99,0,529.97,MUC2,invoiced,false,65230.0
725,242,SKU-0021,4,381.59,0,1526.35,MUC2,shipped,true,48988.0
726,242,SKU-0014,2,39.83,0,79.66,MUC2,open,false,40214.0
727,243,SKU-0036,1,213.8,0,213.8,HH1,picked,false,21789.0
728,243,SKU-0025,2,291.53,0,583.06,HH1,shipped,false,37710.0
729,243,SKU-0089,2,48.74,2.5,94.98,HH1,picked,false,2638.0
730,244,SKU-0059,3,104.71,0,314.13,BER3,invoiced,false,29088.0
731,244,SKU-0004,2,215.89,0,431.78,BER3,shipped,false,15666.0
732,244,SKU-0080,2,19.02,5.0,33.04,BER3,shipped,false,4208.0
733,245,SKU-0088,2,289.53,0,579.06,MUC2,open,false,34036.0
734,245,SKU-0012,6,52.49,0,314.93,MUC2,picked,false,12588.0
735,245,SKU-0051,6,289.09,0,1734.55,MUC2,open,false,115794.0
736,246,SKU-0048,1,145.75,0,145.75,HH1,invoiced,false,17089.0
737,246,SKU-0033,3,350.84,2.5,1050.02,HH1,picked,false,7188.0
738,246,SKU-0079,5,269.18,0,1345.92,HH1,open,false,132370.0
739,247,SKU-0112,3,106.77,2.5,317.8,HH1,open,false,64839.0
740,247,SKU-0051,3,282.73,0,848.2,HH1,invoiced,false,57897.0
741,247,SKU-0039,6,154.43,0,926.59,HH1,shipped,false,103590.0
742,248,SKU-0040,2,296.5,5.0,587.99,MUC2,shipped,false,42052.0
743,248,SKU-0066,5,264.84,2.5,1321.69,MUC2,shipped,false,96720.0
744,248,SKU-0045,5,100.87,0,504.33,MUC2,shipped,true,77580.0
745,249,SKU-0004,3,221.56,0,664.68,MUC2,open,false,23499.0
746,249,SKU-0087,4,78.03,0,312.11,MUC2,invoiced,false,87052.0
747,249,SKU-0073,6,204.83,2.5,1226.5,MUC2,open,false,51342.0
748,250,SKU-0009,1,238.46,0,238.46,BER3,open,false,16238.0
749,250,SKU-0026,5,105.64,5.0,523.18,BER3,shipped,false,100640.0
750,250,SKU-0079,3,267.58,0,802.75,BER3,invoiced,false,79422.0
751,251,SKU-0104,5,93.0,0,465.0,BER3,picked,false,135190.0
752,251,SKU-0004,3,210.85,0,632.54,BER3,open,false,23499.0
753,251,SKU-0107,6,308.3,2.5,1847.31,BER3,open,true,39840.0
754,252,SKU-0038,3,175.47,0,526.42,CGN1,open,false,1212.0
755,252,SKU-0009,3,254.37,2.5,760.61,CGN1,open,false,48714.0
756,252,SKU-0007,6,99.14,0,594.84,CGN1,picked,false,162798.0
757,253,SKU-0112,4,103.2,2.5,410.29,CGN1,shipped,false,86452.0
758,253,SKU-0084,3,144.39,0,433.17,CGN1,picked,false,13125.0
759,253,SKU-0059,6,104.86,0,629.17,CGN1,open,false,58176.0
760,254,SKU-0026,6,110.0,0,659.99,CGN1,open,false,120768.0
761,254,SKU-0016,5,177.95,0,889.73,CGN1,picked,false,60315.0
762,254,SKU-0006,3,230.27,2.5,688.31,CGN1,open,false,45117.0
763,255,SKU-0115,1,320.65,5.0,315.65,BER3,invoiced,false,25055.0
764,255,SKU-0008,6,213.6,5.0,1276.62,BER3,open,false,155676.0
765,255,SKU-0037,6,288.83,0,1732.99,BER3,open,false,17388.0
766,256,SKU-0096,1,263.15,5.0,258.15,HH1,shipped,false,1101.0
767,256,SKU-0058,3,103.53,2.5,308.1,HH1,open,false,64938.0
768,256,SKU-0012,4,50.17,0,200.68,HH1,shipped,false,8392.0
769,257,SKU-0011,5,315.32,0,1576.6,BER3,picked,false,130875.0
770,257,SKU-0039,1,148.33,0,148.33,BER3,picked,false,17265.0
771,257,SKU-0008,4,213.29,0,853.15,BER3,picked,false,103784.0
772,258,SKU-0089,1,48.51,2.5,46.01,HH1,picked,false,1319.0
773,258,SKU-0033,4,331.86,0,1327.44,HH1,shipped,false,9584.0
774,258,SKU-0077,2,233.02,0,466.04,HH1,open,false,15600.0
775,259,SKU-0005,5,290.54,2.5,1450.22,HH1,invoiced,false,92345.0
776,259,SKU-0103,2,248.59,2.5,494.68,HH1,invoiced,true,40414.0
777,259,SKU-0006,1,238.87,0,238.87,HH1,picked,false,15039.0
778,260,SKU-0025,6,287.09,0,1722.56,HH1,shipped,false,113130.0
779,260,SKU-0065,5,273.04,0,1365.2,HH1,shipped,false,64475.0
780,260,SKU-0094,2,256.02,5.0,507.04,HH1,invoiced,false,42596.0
781,261,SKU-0089,5,46.49,5.0,227.46,HH1,picked,false,6595.0
782,261,SKU-0117,5,102.83,5.0,509.17,HH1,shipped,false,101820.0
783,261,SKU-0084,5,140.64,5.0,698.19,HH1,invoiced,false,21875.0
784,262,SKU-0087,2,77.39,0,154.78,BER3,shipped,false,43526.0
785,262,SKU-0040,2,313.54,2.5,624.59,BER3,shipped,false,42052.0
786,262,SKU-0019,1,300.42,2.5,297.92,BER3,shipped,false,9823.0
787,263,SKU-0009,3,242.72,0,728.17,MUC2,invoiced,false,48714.0
788,263,SKU-0010,6,241.89,0,1451.31,MUC2,picked,false,100086.0
789,263,SKU-0077,5,231.24,2.5,1153.69,MUC2,shipped,false,39000.0
790,264,SKU-0029,5,186.3,0,931.48,CGN1,shipped,false,61720.0
791,264,SKU-0120,5,154.13,0,770.65,CGN1,picked,false,69990.0
792,264,SKU-0115,4,336.03,5.0,1339.12,CGN1,invoiced,false,100220.0
793,265,SKU-0080,2,18.64,2.5,34.79,BER3,picked,false,4208.0
794,265,SKU-0114,1,360.94,0,360.94,BER3,picked,false,7130.0
795,265,SKU-0011,1,318.59,5.0,313.59,BER3,picked,false,26175.0
796,266,SKU-0010,4,238.19,0,952.74,CGN1,invoiced,false,66724.0
797,266,SKU-0010,1,247.64,0,247.64,CGN1,picked,false,16681.0
798,266,SKU-0022,1,71.8,0,71.8,CGN1,picked,false,26571.0
799,267,SKU-0080,5,18.92,5.0,89.59,MUC2,invoiced,false,10520.0
800,267,SKU-0042,2,163.66,0,327.31,MUC2,shipped,false,16548.0
801,267,SKU-0051,4,290.17,5.0,1155.67,MUC2,picked,false,77196.0
802,268,SKU-0096,1,268.11,0,268.11,CGN1,shipped,false,1101.0
803,268,SKU-0048,5,143.93,5.0,714.66,CGN1,open,false,85445.0
804,268,SKU-0116,5,180.12,0,900.59,CGN1,open,false,76480.0
805,269,SKU-0108,2,389.35,0,778.7,HH1,invoiced,false,39010.0
806,269,SKU-0090,5,279.21,0,1396.05,HH1,shipped,false,24805.0
807,269,SKU-0067,3,321.84,2.5,963.03,HH1,open,false,1989.0
808,270,SKU-0111,1,74.05,5.0,69.05,CGN1,picked,false,10963.0
809,270,SKU-0055,2,95.21,0,190.42,CGN1,open,false,29080.0
810,270,SKU-0054,4,111.44,2.5,443.27,CGN1,picked,false,91156.0
811,271,SKU-0008,1,216.23,2.5,213.73,HH1,picked,false,25946.0
812,271,SKU-0008,5,217.64,2.5,1085.69,HH1,open,false,129730.0
813,271,SKU-0029,2,182.53,5.0,360.07,HH1,invoiced,false,24688.0
814,272,SKU-0002,2,315.34,0,630.67,HH1,picked,false,54008.0
815,272,SKU-0099,3,252.12,0,756.35,HH1,picked,false,66327.0
816,272,SKU-0049,5,87.17,0,435.85,HH1,shipped,false,63210.0
817,273,SKU-0097,1,337.41,5.0,332.41,BER3,invoiced,false,12620.0
818,273,SKU-0064,4,257.47,0,1029.87,BER3,open,false,63472.0
819,273,SKU-0012,3,50.97,0,152.91,BER3,picked,false,6294.0
820,274,SKU-0034,6,112.88,0,677.28,HH1,open,false,46962.0
821,274,SKU-0046,3,8.75,0,26.26,HH1,open,false,21321.0
822,274,SKU-0085,5,230.74,0,1153.7,HH1,picked,false,85355.0
823,275,SKU-0106,6,257.58,0,1545.48,MUC2,invoiced,false,46050.0
824,275,SKU-0033,6,345.16,0,2070.99,MUC2,shipped,false,14376.0
825,275,SKU-0098,1,191.88,0,191.88,MUC2,picked,false,1144.0
826,276,SKU-0036,2,209.71,2.5,416.91,CGN1,picked,false,43578.0
827,276,SKU-0035,5,306.13,0,1530.64,CGN1,picked,false,28110.0
828,276,SKU-0002,2,317.4,0,634.81,CGN1,invoiced,true,54008.0
829,277,SKU-0056,4,67.35,5.0,264.41,HH1,picked,false,79552.0
830,277,SKU-0035,5,293.44,0,1467.21,HH1,invoiced,false,28110.0
831,277,SKU-0023,6,120.17,2.5,718.52,HH1,picked,false,32472.0
832,278,SKU-0003,3,217.79,5.0,648.38,HH1,open,false,28497.0
833,278,SKU-0072,6,303.44,0,1820.63,HH1,picked,false,4494.0
834,278,SKU-0066,3,260.68,2.5,779.55,HH1,invoiced,false,58032.0
835,279,SKU-0104,6,91.94,0,551.66,HH1,invoiced,false,162228.0
836,279,SKU-0031,3,202.69,0,608.08,HH1,picked,false,40146.0
837,279,SKU-0115,2,335.73,0,671.46,HH1,invoiced,false,50110.0
838,280,SKU-0102,3,85.63,5.0,251.89,BER3,open,false,6621.0
839,280,SKU-0003,5,226.44,2.5,1129.7,BER3,open,false,47495.0
840,280,SKU-0028,5,181.68,0,908.4,BER3,open,false,116320.0
841,281,SKU-0102,4,87.34,0,349.36,CGN1,shipped,false,8828.0
842,281,SKU-0115,6,334.27,0,2005.65,CGN1,shipped,false,150330.0
843,281,SKU-0093,3,112.6,0,337.81,CGN1,picked,false,44640.0
844,282,SKU-0056,1,67.52,2.5,65.02,HH1,open,false,19888.0
845,282,SKU-0041,5,294.55,0,1472.74,HH1,shipped,false,77920.0
846,282,SKU-0068,4,322.1,0,1288.39,HH1,invoiced,false,24684.0
847,283,SKU-0079,5,272.78,2.5,1361.4,BER3,shipped,false,132370.0
848,283,SKU-0090,2,276.63,0,553.26,BER3,shipped,false,9922.0
849,283,SKU-0056,4,65.43,5.0,256.74,BER3,shipped,false,79552.0
850,284,SKU-0022,5,68.73,2.5,341.17,CGN1,invoiced,false,132855.0
851,284,SKU-0006,3,233.27,5.0,694.81,CGN1,open,false,45117.0
852,284,SKU-0028,4,186.79,5.0,742.17,CGN1,shipped,false,93056.0
853,285,SKU-0059,5,108.12,0,540.62,MUC2,shipped,false,48480.0
854,285,SKU-0053,6,243.02,5.0,1453.12,MUC2,picked,false,106752.0
855,285,SKU-0045,1,97.3,0,97.3,MUC2,picked,false,15516.0
856,286,SKU-0026,3,111.62,2.5,332.37,HH1,picked,false,60384.0
857,286,SKU-0048,4,143.98,0,575.93,HH1,shipped,false,68356.0
858,286,SKU-0079,6,261.08,0,1566.5,HH1,picked,false,158844.0
859,287,SKU-0070,3,264.55,0,793.65,HH1,open,false,81264.0
860,287,SKU-0023,5,125.81,0,629.04,HH1,open,false,27060.0
861,287,SKU-0076,3,85.33,0,255.99,HH1,invoiced,false,20574.0
862,288,SKU-0035,6,307.79,5.0,1841.77,BER3,shipped,true,33732.0
863,288,SKU-0105,1,256.85,0,256.85,BER3,picked,false,22445.0
864,288,SKU-0080,4,18.04,0,72.17,BER3,invoiced,false,8416.0
865,289,SKU-0048,4,145.5,0,582.02,CGN1,invoiced,false,68356.0
866,289,SKU-0074,5,210.02,2.5,1047.61,CGN1,shipped,false,123985.0
867,289,SKU-0044,1,125.82,0,125.82,CGN1,invoiced,false,20302.0
868,290,SKU-0117,4,104.45,0,417.8,BER3,open,false,81456.0
869,290,SKU-0003,5,214.95,0,1074.73,BER3,invoiced,false,47495.0
870,290,SKU-0108,1,392.41,0,392.41,BER3,shipped,false,19505.0
871,291,SKU-0002,1,320.58,0,320.58,CGN1,open,true,27004.0
872,291,SKU-0035,2,307.67,0,615.33,CGN1,invoiced,false,11244.0
873,291,SKU-0050,1,125.96,0,125.96,CGN1,open,false,11933.0
874,292,SKU-0025,5,299.93,2.5,1497.16,HH1,picked,false,94275.0
875,292,SKU-0004,1,217.84,2.5,215.34,HH1,invoiced,false,7833.0
876,292,SKU-0087,1,73.45,0,73.45,HH1,shipped,false,21763.0
877,293,SKU-0026,4,105.86,0,423.42,BER3,picked,false,80512.0
878,293,SKU-0019,4,283.91,0,1135.62,BER3,shipped,false,39292.0
879,293,SKU-0014,4,37.83,0,151.3,BER3,invoiced,true,80428.0
880,294,SKU-0087,3,74.81,0,224.42,CGN1,invoiced,false,65289.0
881,294,SKU-0096,6,262.49,0,1574.93,CGN1,open,false,6606.0
882,294,SKU-0086,2,306.26,0,612.51,CGN1,open,false,3990.0
883,295,SKU-0012,5,53.31,0,266.53,HH1,open,false,10490.0
884,295,SKU-0065,3,285.32,0,855.96,HH1,invoiced,false,38685.0
885,295,SKU-0096,2,258.92,2.5,515.34,HH1,shipped,false,2202.0
886,296,SKU-0004,6,221.01,0,1326.06,BER3,open,false,46998.0
887,296,SKU-0023,2,123.61,0,247.22,BER3,open,false,10824.0
888,296,SKU-0044,4,129.52,2.5,515.57,BER3,shipped,false,81208.0
889,297,SKU-0096,5,272.97,5.0,1359.84,CGN1,open,false,5505.0
890,297,SKU-0062,1,337.74,0,337.74,CGN1,invoiced,false,26718.0
891,297,SKU-0060,4,255.0,2.5,1017.52,CGN1,invoiced,false,79044.0
892,298,SKU-0081,2,105.99,5.0,206.98,MUC2,invoiced,false,5644.0
893,298,SKU-0080,5,17.99,0,89.97,MUC2,shipped,false,10520.0
894,298,SKU-0014,3,40.02,5.0,115.06,MUC2,shipped,false,60321.0
895,299,SKU-0071,6,27.36,0,164.13,BER3,shipped,false,2634.0
896,299,SKU-0045,6,105.12,0,630.71,BER3,invoiced,false,93096.0
897,299,SKU-0036,4,211.38,5.0,840.52,BER3,picked,false,87156.0
898,300,SKU-0120,4,160.35,0,641.4,BER3,picked,false,55992.0
899,300,SKU-0074,3,200.84,5.0,597.52,BER3,shipped,false,74391.0
900,300,SKU-0025,5,296.59,0,1482.96,BER3,invoiced,false,94275.0
901,301,SKU-0039,6,142.89,0,857.35,BER3,open,false,103590.0
902,301,SKU-0040,2,305.97,0,611.94,BER3,shipped,false,42052.0
903,301,SKU-0078,5,45.64,0,228.21,BER3,picked,false,24600.0
904,302,SKU-0101,6,356.93,0,2141.56,BER3,invoiced,false,108636.0
905,302,SKU-0005,5,282.21,2.5,1408.54,BER3,shipped,false,92345.0
906,302,SKU-0070,5,266.59,0,1332.93,BER3,open,false,135440.0
907,303,SKU-0087,6,77.11,0,462.65,HH1,open,false,130578.0
908,303,SKU-0015,6,260.22,5.0,1556.34,HH1,open,false,107142.0
909,303,SKU-0016,1,174.54,0,174.54,HH1,open,false,12063.0
910,304,SKU-0054,5,110.33,2.5,549.16,MUC2,picked,false,113945.0
911,304,SKU-0050,3,124.27,0,372.82,MUC2,open,false,35799.0
912,304,SKU-0114,4,341.86,5.0,1362.44,MUC2,open,false,28520.0
913,305,SKU-0105,6,247.1,0,1482.6,MUC2,invoiced,false,134670.0
914,305,SKU-0086,2,286.64,0,573.28,MUC2,open,true,3990.0
915,305,SKU-0108,1,381.98,5.0,376.98,MUC2,shipped,false,19505.0
916,306,SKU-0065,4,281.5,0,1126.0,MUC2,open,false,51580.0
917,306,SKU-0079,3,258.87,2.5,774.1,MUC2,picked,false,79422.0
918,306,SKU-0047,2,26.66,0,53.31,MUC2,picked,false,6722.0
919,307,SKU-0074,6,200.31,0,1201.88,BER3,open,false,148782.0
920,307,SKU-0002,4,316.31,5.0,1260.24,BER3,invoiced,false,108016.0
921,307,SKU-0009,2,242.95,0,485.9,BER3,picked,false,32476.0
922,308,SKU-0103,6,268.2,0,1609.19,HH1,invoiced,false,121242.0
923,308,SKU-0097,5,356.15,5.0,1775.74,HH1,open,false,63100.0
924,308,SKU-0114,2,352.04,5.0,699.09,HH1,shipped,false,14260.0
925,309,SKU-0072,5,287.78,2.5,1436.42,BER3,shipped,false,3745.0
926,309,SKU-0070,4,266.06,0,1064.23,BER3,invoiced,false,108352.0
927,309,SKU-0010,3,252.09,2.5,753.77,BER3,picked,false,50043.0
928,310,SKU-0071,3,27.79,0,83.36,BER3,shipped,false,1317.0
929,310,SKU-0094,3,263.97,5.0,786.9,BER3,invoiced,false,63894.0
930,310,SKU-0087,4,76.03,0,304.12,BER3,shipped,false,87052.0
931,311,SKU-0057,6,407.84,0,2447.04,HH1,invoiced,false,85638.0
932,311,SKU-0043,2,134.44,2.5,266.37,HH1,picked,false,15244.0
933,311,SKU-0109,3,283.38,0,850.14,HH1,open,false,20076.0
934,312,SKU-0065,6,278.17,0,1669.04,CGN1,picked,false,77370.0
935,312,SKU-0006,6,235.99,0,1415.93,CGN1,invoiced,false,90234.0
936,312,SKU-0054,2,110.31,0,220.62,CGN1,picked,false,45578.0
937,313,SKU-0117,4,107.38,0,429.53,BER3,picked,false,81456.0
938,313,SKU-0004,1,211.85,0,211.85,BER3,invoiced,false,7833.0
939,313,SKU-0048,2,144.72,0,289.43,BER3,picked,false,34178.0
940,314,SKU-0104,5,90.62,0,453.09,HH1,invoiced,false,135190.0
941,314,SKU-0045,1,99.08,5.0,94.08,HH1,picked,false,15516.0
942,314,SKU-0077,6,229.68,0,1378.09,HH1,shipped,false,46800.0
943,315,SKU-0089,2,46.51,0,93.02,MUC2,invoiced,false,2638.0
944,315,SKU-0009,2,247.87,0,495.74,MUC2,open,false,32476.0
945,315,SKU-0031,6,199.31,0,1195.87,MUC2,invoiced,false,80292.0
946,316,SKU-0053,4,242.93,0,971.73,MUC2,invoiced,false,71168.0
947,316,SKU-0068,4,332.95,0,1331.82,MUC2,open,false,24684.0
948,316,SKU-0024,3,105.89,2.5,315.18,MUC2,invoiced,false,39138.0
949,317,SKU-0060,6,248.82,5.0,1487.92,HH1,shipped,false,118566.0
950,317,SKU-0017,3,274.09,0,822.26,HH1,shipped,false,81807.0
951,317,SKU-0049,2,84.13,0,168.26,HH1,open,false,25284.0
952,318,SKU-0053,5,238.08,0,1190.42,BER3,picked,false,88960.0
953,318,SKU-0034,5,105.36,0,526.79,BER3,picked,false,39135.0
954,318,SKU-0006,2,242.26,0,484.52,BER3,shipped,false,30078.0
955,319,SKU-0082,1,351.41,0,351.41,MUC2,invoiced,false,11978.0
956,319,SKU-0032,4,351.32,0,1405.28,MUC2,invoiced,false,48928.0
957,319,SKU-0047,3,27.33,0,81.98,MUC2,shipped,false,10083.0
958,320,SKU-0091,4,364.79,0,1459.16,HH1,invoiced,false,64308.0
959,320,SKU-0040,1,312.75,0,312.75,HH1,invoiced,false,21026.0
960,320,SKU-0086,3,305.07,5.0,910.21,HH1,picked,false,5985.0
961,321,SKU-0115,2,341.06,0,682.12,MUC2,picked,false,50110.0
962,321,SKU-0101,4,371.81,2.5,1484.76,MUC2,invoiced,false,72424.0
963,321,SKU-0092,2,11.5,0,23.0,MUC2,open,false,13702.0
964,322,SKU-0014,4,37.5,2.5,147.49,CGN1,shipped,true,80428.0
965,322,SKU-0023,2,121.68,0,243.36,CGN1,invoiced,false,10824.0
966,322,SKU-0042,6,165.24,2.5,988.94,CGN1,shipped,false,49644.0
967,323,SKU-0021,6,382.87,0,2297.2,BER3,shipped,true,73482.0
968,323,SKU-0069,2,361.96,5.0,718.92,BER3,shipped,false,50948.0
969,323,SKU-0109,4,266.08,0,1064.31,BER3,open,false,26768.0
970,324,SKU-0031,5,197.48,2.5,984.9,HH1,picked,false,66910.0
971,324,SKU-0019,2,294.86,5.0,584.72,HH1,picked,false,19646.0
972,324,SKU-0017,5,274.32,0,1371.61,HH1,open,false,136345.0
973,325,SKU-0029,5,178.88,2.5,891.92,MUC2,shipped,true,61720.0
974,325,SKU-0033,4,346.41,2.5,1383.12,MUC2,invoiced,false,9584.0
975,325,SKU-0062,5,324.41,2.5,1619.55,MUC2,shipped,false,133590.0
976,326,SKU-0005,3,282.17,0,846.52,BER3,shipped,false,55407.0
977,326,SKU-0068,2,328.93,2.5,655.36,BER3,invoiced,false,12342.0
978,326,SKU-0046,4,8.84,0,35.35,BER3,open,false,28428.0
979,327,SKU-0075,3,335.28,0,1005.83,MUC2,picked,false,71880.0
980,327,SKU-0086,6,295.72,2.5,1771.84,MUC2,picked,false,11970.0
981,327,SKU-0110,2,316.6,2.5,630.7,MUC2,shipped,false,40266.0
982,328,SKU-0119,2,92.76,2.5,183.02,CGN1,shipped,false,53140.0
983,328,SKU-0064,4,252.36,0,1009.44,CGN1,shipped,false,63472.0
984,328,SKU-0044,2,130.71,0,261.42,CGN1,shipped,false,40604.0
985,329,SKU-0061,2,15.68,2.5,28.86,MUC2,open,false,958.0
986,329,SKU-0109,4,284.4,5.0,1132.61,MUC2,invoiced,false,26768.0
987,329,SKU-0114,3,344.46,0,1033.38,MUC2,shipped,false,21390.0
988,330,SKU-0094,5,268.56,2.5,1340.3,MUC2,picked,false,106490.0
989,330,SKU-0096,1,273.25,0,273.25,MUC2,shipped,false,1101.0
990,330,SKU-0076,3,87.39,0,262.18,MUC2,open,false,20574.0
991,331,SKU-0063,2,97.91,2.5,193.32,BER3,shipped,false,24902.0
992,331,SKU-0044,3,132.43,5.0,392.29,BER3,invoiced,false,60906.0
993,331,SKU-0076,3,83.65,2.5,248.44,BER3,open,false,20574.0
994,332,SKU-0011,6,306.12,5.0,1831.71,HH1,picked,false,157050.0
995,332,SKU-0061,4,15.9,2.5,61.12,HH1,picked,false,1916.0
996,332,SKU-0050,4,127.06,2.5,505.72,HH1,shipped,false,47732.0
997,333,SKU-0053,1,249.35,2.5,246.85,BER3,open,false,17792.0
998,333,SKU-0068,2,341.76,2.5,681.03,BER3,invoiced,false,12342.0
999,333,SKU-0034,1,112.85,5.0,107.85,BER3,shipped,false,7827.0
1000,334,SKU-0094,6,266.92,0,1601.53,MUC2,picked,false,127788.0
1001,334,SKU-0031,2,200.49,0,400.99,MUC2,open,false,26764.0
1002,334,SKU-0054,5,111.05,0,555.23,MUC2,invoiced,false,113945.0
1003,335,SKU-0035,1,294.74,0,294.74,BER3,invoiced,false,5622.0
1004,335,SKU-0014,6,38.52,5.0,226.12,BER3,shipped,false,120642.0
1005,335,SKU-0046,6,9.37,5.0,51.21,BER3,invoiced,false,42642.0
1006,336,SKU-0040,3,318.04,2.5,951.62,BER3,shipped,false,63078.0
1007,336,SKU-0033,1,333.82,5.0,328.82,BER3,open,false,2396.0
1008,336,SKU-0027,3,268.41,5.0,800.24,BER3,open,false,4362.0
1009,337,SKU-0090,2,280.46,5.0,555.92,CGN1,shipped,false,9922.0
1010,337,SKU-0081,6,104.58,0,627.46,CGN1,picked,false,16932.0
1011,337,SKU-0073,4,198.52,2.5,791.57,CGN1,shipped,false,34228.0
1012,338,SKU-0006,4,247.32,0,989.29,CGN1,open,false,60156.0
1013,338,SKU-0119,3,97.43,0,292.29,CGN1,open,false,79710.0
1014,338,SKU-0032,6,342.95,2.5,2055.17,CGN1,shipped,false,73392.0
1015,339,SKU-0098,2,182.79,5.0,360.57,HH1,shipped,false,2288.0
1016,339,SKU-0062,2,332.05,5.0,659.1,HH1,invoiced,false,53436.0
1017,339,SKU-0001,5,192.39,5.0,956.93,HH1,picked,false,122950.0
1018,340,SKU-0062,3,333.7,0,1001.1,HH1,invoiced,false,80154.0
1019,340,SKU-0005,6,285.76,2.5,1712.08,HH1,invoiced,false,110814.0
1020,340,SKU-0021,2,385.33,0,770.66,HH1,invoiced,false,24494.0
1021,341,SKU-0114,2,360.61,0,721.22,MUC2,shipped,false,14260.0
1022,341,SKU-0120,5,158.48,0,792.42,MUC2,shipped,false,69990.0
1023,341,SKU-0096,1,257.06,0,257.06,MUC2,open,false,1101.0
1024,342,SKU-0061,2,15.78,2.5,29.07,HH1,open,false,958.0
1025,342,SKU-0006,2,244.52,0,489.04,HH1,picked,false,30078.0
1026,342,SKU-0051,2,288.84,0,577.68,HH1,invoiced,false,38598.0
1027,343,SKU-0089,4,48.63,2.5,192.03,CGN1,picked,false,5276.0
1028,343,SKU-0056,4,66.98,0,267.91,CGN1,picked,false,79552.0
1029,343,SKU-0066,1,251.91,0,251.91,CGN1,invoiced,false,19344.0
1030,344,SKU-0078,2,45.29,0,90.57,HH1,open,false,9840.0
1031,344,SKU-0061,6,16.66,5.0,94.96,HH1,invoiced,false,2874.0
1032,344,SKU-0009,6,235.39,0,1412.33,HH1,invoiced,false,97428.0
1033,345,SKU-0014,6,39.44,0,236.66,BER3,open,false,120642.0
1034,345,SKU-0076,1,83.53,2.5,81.03,BER3,open,false,6858.0
1035,345,SKU-0083,5,252.24,2.5,1258.71,BER3,invoiced,false,113695.0
1036,346,SKU-0028,2,178.97,0,357.95,MUC2,invoiced,false,46528.0
1037,346,SKU-0015,1,255.44,5.0,250.44,MUC2,picked,false,17857.0
1038,346,SKU-0020,1,159.12,2.5,156.62,MUC2,open,false,26302.0
1039,347,SKU-0046,6,8.69,0,52.16,BER3,picked,false,42642.0
1040,347,SKU-0074,2,209.03,0,418.06,BER3,shipped,false,49594.0
1041,347,SKU-0088,3,304.64,0,913.93,BER3,open,false,51054.0
1042,348,SKU-0107,6,323.52,2.5,1938.65,MUC2,shipped,false,39840.0
1043,348,SKU-0087,5,75.15,5.0,370.76,MUC2,open,false,108815.0
1044,348,SKU-0074,5,207.47,0,1037.37,MUC2,invoiced,false,123985.0
1045,349,SKU-0097,6,339.98,0,2039.89,BER3,picked,false,75720.0
1046,349,SKU-0120,4,156.84,0,627.37,BER3,picked,false,55992.0
1047,349,SKU-0054,4,114.36,0,457.42,BER3,shipped,false,91156.0
1048,350,SKU-0013,3,355.82,5.0,1062.45,BER3,picked,false,51438.0
1049,350,SKU-0070,2,247.59,5.0,490.18,BER3,open,false,54176.0
1050,350,SKU-0042,4,167.52,0,670.07,BER3,open,false,33096.0
1051,351,SKU-0010,2,249.54,0,499.08,BER3,open,false,33362.0
1052,351,SKU-0041,3,300.56,2.5,899.18,BER3,picked,false,46752.0
1053,351,SKU-0035,6,313.51,2.5,1878.58,BER3,picked,false,33732.0
1054,352,SKU-0046,4,9.01,0,36.03,BER3,picked,false,28428.0
1055,352,SKU-0092,4,11.62,0,46.5,BER3,open,false,27404.0
1056,352,SKU-0085,6,234.23,2.5,1402.89,BER3,shipped,false,102426.0
1057,353,SKU-0019,2,292.13,2.5,581.76,CGN1,invoiced,false,19646.0
1058,353,SKU-0055,6,90.55,5.0,538.27,CGN1,picked,false,87240.0
1059,353,SKU-0067,5,318.7,2.5,1591.02,CGN1,picked,false,3315.0
1060,354,SKU-0017,5,279.21,0,1396.05,MUC2,shipped,false,136345.0
1061,354,SKU-0067,5,330.03,2.5,1647.63,MUC2,open,false,3315.0
1062,354,SKU-0036,6,205.04,0,1230.24,MUC2,open,false,130734.0
1063,355,SKU-0080,6,18.87,0,113.2,CGN1,invoiced,false,12624.0
1064,355,SKU-0024,6,108.86,0,653.19,CGN1,open,false,78276.0
1065,355,SKU-0030,5,113.41,0,567.05,CGN1,picked,false,98970.0
1066,356,SKU-0030,5,116.47,0,582.34,CGN1,invoiced,false,98970.0
1067,356,SKU-0095,4,268.31,2.5,1070.73,CGN1,picked,false,17076.0
1068,356,SKU-0105,4,248.68,2.5,992.24,CGN1,invoiced,false,89780.0
1069,357,SKU-0038,6,172.45,0,1034.67,HH1,open,false,2424.0
1070,357,SKU-0081,5,101.65,2.5,505.77,HH1,picked,false,14110.0
1071,357,SKU-0083,4,239.61,2.5,955.93,HH1,picked,false,90956.0
1072,358,SKU-0004,1,216.53,0,216.53,HH1,picked,false,7833.0
1073,358,SKU-0076,4,82.9,0,331.6,HH1,open,false,27432.0
1074,358,SKU-0020,1,160.73,2.5,158.23,HH1,invoiced,false,26302.0
1075,359,SKU-0070,1,255.81,0,255.81,CGN1,invoiced,false,27088.0
1076,359,SKU-0028,2,181.34,0,362.67,CGN1,invoiced,false,46528.0
1077,359,SKU-0052,6,190.43,0,1142.59,CGN1,open,false,15618.0
1078,360,SKU-0112,6,104.07,0,624.41,HH1,shipped,false,129678.0
1079,360,SKU-0061,1,16.19,5.0,11.19,HH1,invoiced,false,479.0
1080,360,SKU-0023,5,118.97,0,594.85,HH1,shipped,false,27060.0
1081,361,SKU-0093,3,118.4,0,355.2,BER3,invoiced,false,44640.0
1082,361,SKU-0020,4,157.55,0,630.21,BER3,shipped,false,105208.0
1083,361,SKU-0013,3,368.1,2.5,1101.79,BER3,open,false,51438.0
1084,362,SKU-0054,5,115.06,2.5,572.79,HH1,invoiced,false,113945.0
1085,362,SKU-0113,4,223.08,2.5,889.81,HH1,open,false,80252.0
1086,362,SKU-0098,2,192.24,0,384.49,HH1,picked,false,2288.0
1087,363,SKU-0055,3,94.55,2.5,281.15,CGN1,invoiced,false,43620.0
1088,363,SKU-0080,4,19.07,2.5,73.79,CGN1,picked,false,8416.0
1089,363,SKU-0029,3,178.57,0,535.72,CGN1,picked,false,37032.0
1090,364,SKU-0020,6,152.71,2.5,913.77,CGN1,open,false,157812.0
1091,364,SKU-0092,4,11.05,0,44.19,CGN1,open,true,27404.0
1092,364,SKU-0055,5,94.1,0,470.5,CGN1,shipped,false,72700.0
1093,365,SKU-0030,5,111.65,5.0,553.25,BER3,picked,false,98970.0
1094,365,SKU-0009,3,241.41,2.5,721.72,BER3,shipped,false,48714.0
1095,365,SKU-0094,3,266.29,5.0,793.87,BER3,shipped,false,63894.0
1096,366,SKU-0050,5,128.69,0,643.43,HH1,invoiced,false,59665.0
1097,366,SKU-0097,1,341.73,0,341.73,HH1,shipped,false,12620.0
1098,366,SKU-0060,1,256.38,0,256.38,HH1,invoiced,false,19761.0
1099,367,SKU-0031,4,202.98,0,811.93,HH1,invoiced,false,53528.0
1100,367,SKU-0063,2,99.64,2.5,196.78,HH1,shipped,false,24902.0
1101,367,SKU-0051,1,282.79,0,282.79,HH1,open,false,19299.0
1102,368,SKU-0080,2,19.18,0,38.36,HH1,open,false,4208.0
1103,368,SKU-0015,5,264.3,5.0,1316.49,HH1,invoiced,false,89285.0
1104,368,SKU-0068,1,336.34,0,336.34,HH1,shipped,false,6171.0
1105,369,SKU-0017,3,262.32,2.5,784.46,HH1,open,false,81807.0
1106,369,SKU-0004,5,205.66,2.5,1025.78,HH1,open,false,39165.0
1107,369,SKU-0042,6,176.38,5.0,1053.3,HH1,invoiced,false,49644.0
1108,370,SKU-0078,1,47.11,0,47.11,CGN1,shipped,false,4920.0
1109,370,SKU-0068,5,340.8,2.5,1701.5,CGN1,shipped,false,30855.0
1110,370,SKU-0080,2,19.29,0,38.58,CGN1,shipped,false,4208.0
1111,371,SKU-0047,4,25.88,2.5,101.02,CGN1,invoiced,false,13444.0
1112,371,SKU-0116,6,171.6,0,1029.61,CGN1,invoiced,false,91776.0
1113,371,SKU-0040,3,312.19,0,936.56,CGN1,shipped,true,63078.0
1114,372,SKU-0087,6,78.15,0,468.91,MUC2,shipped,false,130578.0
1115,372,SKU-0072,4,291.41,0,1165.63,MUC2,shipped,true,2996.0
1116,372,SKU-0061,5,16.55,0,82.76,MUC2,invoiced,false,2395.0
1117,373,SKU-0089,5,46.05,2.5,227.73,CGN1,picked,false,6595.0
1118,373,SKU-0100,4,187.32,2.5,746.79,CGN1,picked,false,102692.0
1119,373,SKU-0032,6,335.7,0,2014.2,CGN1,open,false,73392.0
1120,374,SKU-0049,6,89.32,2.5,533.43,HH1,open,false,75852.0
1121,374,SKU-0015,4,271.38,0,1085.5,HH1,invoiced,false,71428.0
1122,374,SKU-0058,3,104.2,0,312.61,HH1,picked,false,64938.0
1123,375,SKU-0021,5,376.01,2.5,1877.57,HH1,invoiced,false,61235.0
1124,375,SKU-0016,4,175.93,5.0,698.74,HH1,open,false,48252.0
1125,375,SKU-0116,2,171.01,5.0,337.02,HH1,picked,false,30592.0
1126,376,SKU-0006,2,238.41,0,476.81,HH1,picked,false,30078.0
1127,376,SKU-0007,6,104.38,5.0,621.25,HH1,invoiced,false,162798.0
1128,376,SKU-0012,4,51.07,5.0,199.29,HH1,invoiced,false,8392.0
1129,377,SKU-0054,6,118.41,5.0,705.49,HH1,open,true,136734.0
1130,377,SKU-0090,5,275.35,0,1376.73,HH1,picked,false,24805.0
1131,377,SKU-0117,3,107.89,0,323.68,HH1,open,false,61092.0
1132,378,SKU-0082,5,367.91,0,1839.56,CGN1,invoiced,false,59890.0
1133,378,SKU-0002,4,319.37,0,1277.46,CGN1,open,false,108016.0
1134,378,SKU-0107,1,312.78,0,312.78,CGN1,shipped,false,6640.0
1135,379,SKU-0029,5,187.03,0,935.13,MUC2,shipped,false,61720.0
1136,379,SKU-0001,4,202.98,2.5,809.43,MUC2,picked,false,98360.0
1137,379,SKU-0018,5,391.13,0,1955.67,MUC2,shipped,false,112360.0
1138,380,SKU-0112,4,103.37,2.5,410.98,CGN1,invoiced,false,86452.0
1139,380,SKU-0089,3,47.64,0,142.92,CGN1,picked,false,3957.0
1140,380,SKU-0030,2,111.78,5.0,218.57,CGN1,open,false,39588.0
1141,381,SKU-0043,4,134.39,5.0,532.57,BER3,shipped,false,30488.0
1142,381,SKU-0051,4,283.59,2.5,1131.86,BER3,picked,false,77196.0
1143,381,SKU-0037,6,274.62,0,1647.74,BER3,shipped,false,17388.0
1144,382,SKU-0052,3,183.44,0,550.32,HH1,open,false,7809.0
1145,382,SKU-0044,1,133.75,2.5,131.25,HH1,open,false,20302.0
1146,382,SKU-0106,2,258.9,2.5,515.31,HH1,picked,false,15350.0
1147,383,SKU-0068,5,339.3,0,1696.48,CGN1,invoiced,false,30855.0
1148,383,SKU-0113,4,227.8,0,911.2,CGN1,shipped,false,80252.0
1149,383,SKU-0107,3,321.06,0,963.19,CGN1,picked,false,19920.0
1150,384,SKU-0023,6,124.27,0,745.64,MUC2,open,false,32472.0
1151,384,SKU-0039,1,152.86,0,152.86,MUC2,invoiced,false,17265.0
1152,384,SKU-0094,6,260.72,2.5,1561.85,MUC2,shipped,false,127788.0
1153,385,SKU-0056,1,65.76,5.0,60.76,CGN1,picked,false,19888.0
1154,385,SKU-0101,1,352.11,0,352.11,CGN1,shipped,false,18106.0
1155,385,SKU-0109,6,267.83,0,1606.96,CGN1,shipped,false,40152.0
1156,386,SKU-0104,2,90.64,0,181.27,HH1,open,false,54076.0
1157,386,SKU-0115,1,335.15,0,335.15,HH1,invoiced,false,25055.0
1158,386,SKU-0070,3,254.2,0,762.6,HH1,invoiced,false,81264.0
1159,387,SKU-0036,1,204.24,0,204.24,CGN1,invoiced,false,21789.0
1160,387,SKU-0052,1,188.15,0,188.15,CGN1,open,false,2603.0
1161,387,SKU-0097,4,347.17,5.0,1383.7,CGN1,shipped,true,50480.0
1162,388,SKU-0007,3,97.54,2.5,290.13,BER3,open,true,81399.0
1163,388,SKU-0064,5,256.79,0,1283.95,BER3,shipped,false,79340.0
1164,388,SKU-0079,3,257.81,5.0,768.44,BER3,shipped,false,79422.0
1165,389,SKU-0048,4,150.14,2.5,598.05,HH1,open,false,68356.0
1166,389,SKU-0020,4,158.24,0,632.95,HH1,open,false,105208.0
1167,389,SKU-0077,5,235.39,2.5,1174.46,HH1,shipped,false,39000.0
1168,390,SKU-0113,2,235.76,0,471.53,MUC2,open,false,40126.0
1169,390,SKU-0010,6,254.55,0,1527.31,MUC2,shipped,false,100086.0
1170,390,SKU-0022,1,69.02,0,69.02,MUC2,shipped,false,26571.0
1171,391,SKU-0022,5,70.4,5.0,347.0,CGN1,open,false,132855.0
1172,391,SKU-0097,1,335.62,2.5,333.12,CGN1,invoiced,false,12620.0
1173,391,SKU-0086,4,288.19,0,1152.74,CGN1,invoiced,false,7980.0
1174,392,SKU-0118,3,329.81,0,989.43,HH1,picked,false,71310.0
1175,392,SKU-0032,3,347.03,0,1041.08,HH1,invoiced,false,36696.0
1176,392,SKU-0057,2,412.54,0,825.09,HH1,shipped,false,28546.0
1177,393,SKU-0056,3,68.39,5.0,200.18,CGN1,invoiced,false,59664.0
1178,393,SKU-0027,3,261.2,0,783.6,CGN1,invoiced,false,4362.0
1179,393,SKU-0111,4,77.53,0,310.13,CGN1,invoiced,false,43852.0
1180,394,SKU-0001,6,193.1,0,1158.61,BER3,picked,false,147540.0
1181,394,SKU-0100,1,195.67,5.0,190.67,BER3,open,false,25673.0
1182,394,SKU-0014,3,39.68,0,119.04,BER3,shipped,false,60321.0
1183,395,SKU-0096,4,257.26,2.5,1026.53,CGN1,picked,false,4404.0
1184,395,SKU-0022,2,67.8,5.0,130.6,CGN1,shipped,false,53142.0
1185,395,SKU-0110,5,297.16,5.0,1480.78,CGN1,shipped,false,100665.0
1186,396,SKU-0029,5,185.6,0,928.01,HH1,shipped,false,61720.0
1187,396,SKU-0028,4,177.18,5.0,703.72,HH1,shipped,false,93056.0
1188,396,SKU-0013,3,358.86,0,1076.59,HH1,shipped,false,51438.0
1189,397,SKU-0007,4,101.07,2.5,401.8,CGN1,shipped,false,108532.0
1190,397,SKU-0003,6,211.05,0,1266.31,CGN1,picked,false,56994.0
1191,397,SKU-0021,6,405.85,2.5,2432.6,CGN1,shipped,false,73482.0
1192,398,SKU-0082,3,344.08,0,1032.23,BER3,shipped,false,35934.0
1193,398,SKU-0026,3,106.39,0,319.17,BER3,invoiced,false,60384.0
1194,398,SKU-0083,6,238.6,2.5,1429.1,BER3,picked,false,136434.0
1195,399,SKU-0035,3,311.26,0,933.77,MUC2,open,false,16866.0
1196,399,SKU-0041,6,283.23,0,1699.4,MUC2,picked,false,93504.0
1197,399,SKU-0046,2,9.2,0,18.4,MUC2,invoiced,false,14214.0
1198,400,SKU-0056,4,68.9,5.0,270.6,CGN1,picked,false,79552.0
1199,400,SKU-0064,3,258.98,0,776.95,CGN1,invoiced,false,47604.0
1200,400,SKU-0062,6,337.43,0,2024.6,CGN1,picked,false,160308.0
1201,401,SKU-0089,1,48.02,0,48.02,MUC2,shipped,false,1319.0
1202,401,SKU-0064,4,261.59,0,1046.36,MUC2,picked,false,63472.0
1203,402,SKU-0120,3,151.58,0,454.74,BER3,picked,false,41994.0
1204,402,SKU-0035,4,308.14,0,1232.57,BER3,open,false,22488.0
1205,403,SKU-0030,4,110.58,0,442.31,MUC2,shipped,false,79176.0
1206,403,SKU-0043,4,129.77,2.5,516.59,MUC2,invoiced,false,30488.0
1207,404,SKU-0055,1,94.06,0,94.06,BER3,open,false,14540.0
1208,404,SKU-0010,2,239.38,0,478.76,BER3,invoiced,false,33362.0
1209,405,SKU-0039,4,149.72,0,598.88,BER3,picked,false,69060.0
1210,405,SKU-0054,5,116.01,0,580.06,BER3,open,false,113945.0
1211,406,SKU-0105,1,251.33,0,251.33,HH1,picked,false,22445.0
1212,406,SKU-0072,3,289.16,0,867.48,HH1,invoiced,false,2247.0
1213,407,SKU-0084,4,142.54,0,570.15,HH1,invoiced,true,17500.0
1214,407,SKU-0037,3,276.81,0,830.44,HH1,picked,true,8694.0
1215,408,SKU-0080,5,18.56,5.0,87.8,BER3,open,false,10520.0
1216,408,SKU-0046,6,9.11,2.5,52.15,BER3,invoiced,false,42642.0
1217,409,SKU-0037,6,279.02,0,1674.11,HH1,open,false,17388.0
1218,409,SKU-0040,5,321.04,2.5,1602.69,HH1,shipped,false,105130.0
1219,410,SKU-0082,1,356.45,0,356.45,CGN1,open,false,11978.0
1220,410,SKU-0071,1,27.34,0,27.34,CGN1,invoiced,false,439.0
1221,411,SKU-0030,4,111.57,0,446.28,MUC2,picked,false,79176.0
1222,411,SKU-0035,5,308.93,5.0,1539.66,MUC2,invoiced,false,28110.0
1223,412,SKU-0104,5,91.08,5.0,450.39,BER3,shipped,false,135190.0
1224,412,SKU-0036,1,203.58,2.5,201.08,BER3,shipped,false,21789.0
1225,413,SKU-0040,6,311.92,2.5,1869.01,BER3,picked,false,126156.0
1226,413,SKU-0114,3,351.87,0,1055.6,BER3,picked,false,21390.0
1227,414,SKU-0015,4,253.0,0,1011.99,CGN1,picked,false,71428.0
1228,414,SKU-0115,2,329.37,5.0,653.73,CGN1,invoiced,false,50110.0
1229,415,SKU-0108,5,405.14,5.0,2020.71,MUC2,invoiced,false,97525.0
1230,415,SKU-0011,5,307.71,0,1538.55,MUC2,picked,false,130875.0
1231,416,SKU-0009,3,237.56,0,712.68,MUC2,picked,false,48714.0
1232,416,SKU-0090,5,272.1,2.5,1357.98,MUC2,picked,false,24805.0
1233,417,SKU-0055,5,95.73,0,478.66,BER3,open,false,72700.0
1234,417,SKU-0079,6,271.82,5.0,1625.94,BER3,open,false,158844.0
1235,418,SKU-0040,6,298.74,0,1792.43,BER3,shipped,false,126156.0
1236,418,SKU-0061,6,15.52,0,93.1,BER3,shipped,false,2874.0
1237,419,SKU-0066,5,266.17,0,1330.84,CGN1,invoiced,false,96720.0
1238,419,SKU-0096,4,263.11,0,1052.43,CGN1,shipped,false,4404.0
1239,420,SKU-0023,5,124.88,0,624.38,MUC2,shipped,false,27060.0
1240,420,SKU-0114,4,332.48,0,1329.92,MUC2,picked,false,28520.0
1241,421,SKU-0093,4,115.15,0,460.58,CGN1,picked,false,59520.0
1242,421,SKU-0049,6,87.7,2.5,523.68,CGN1,shipped,false,75852.0
1243,422,SKU-0026,4,108.33,0,433.3,CGN1,open,false,80512.0
1244,422,SKU-0078,1,45.62,0,45.62,CGN1,invoiced,false,4920.0
1245,423,SKU-0119,2,96.36,5.0,187.72,HH1,open,false,53140.0
1246,423,SKU-0006,1,240.74,2.5,238.24,HH1,open,false,15039.0
1247,424,SKU-0072,1,301.13,0,301.13,CGN1,open,false,749.0
1248,424,SKU-0007,2,97.93,0,195.86,CGN1,picked,false,54266.0
1249,425,SKU-0007,2,101.15,2.5,199.79,CGN1,open,false,54266.0
1250,425,SKU-0029,6,180.53,2.5,1080.69,CGN1,shipped,false,74064.0
1251,426,SKU-0072,2,292.25,2.5,582.0,CGN1,picked,true,1498.0
1252,426,SKU-0068,2,321.17,0,642.35,CGN1,picked,false,12342.0
1253,427,SKU-0073,5,205.0,2.5,1022.49,HH1,shipped,false,42785.0
1254,427,SKU-0089,1,45.96,0,45.96,HH1,open,false,1319.0
1255,428,SKU-0050,4,127.92,5.0,506.7,CGN1,shipped,false,47732.0
1256,428,SKU-0023,3,118.94,2.5,354.32,CGN1,invoiced,false,16236.0
1257,429,SKU-0059,2,100.41,5.0,195.81,HH1,open,false,19392.0
1258,429,SKU-0111,3,76.7,0,230.1,HH1,picked,false,32889.0
1259,430,SKU-0051,3,286.02,2.5,855.55,BER3,invoiced,false,57897.0
1260,430,SKU-0010,4,253.42,0,1013.67,BER3,shipped,false,66724.0
1261,431,SKU-0101,2,355.07,0,710.15,BER3,picked,false,36212.0
1262,431,SKU-0067,3,320.45,0,961.34,BER3,picked,false,1989.0
1263,432,SKU-0085,5,235.01,0,1175.05,CGN1,invoiced,false,85355.0
1264,432,SKU-0011,5,306.16,0,1530.79,CGN1,shipped,false,130875.0
1265,433,SKU-0076,1,88.51,2.5,86.01,HH1,shipped,true,6858.0
1266,433,SKU-0033,2,331.1,0,662.2,HH1,shipped,false,4792.0
1267,434,SKU-0009,4,244.4,0,977.6,BER3,invoiced,false,64952.0
1268,434,SKU-0013,2,353.61,0,707.22,BER3,picked,false,34292.0
1269,435,SKU-0099,1,256.56,0,256.56,HH1,picked,false,22109.0
1270,435,SKU-0103,2,264.47,2.5,526.44,HH1,shipped,false,40414.0
1271,436,SKU-0114,1,337.52,2.5,335.02,CGN1,shipped,false,7130.0
1272,436,SKU-0097,4,348.95,5.0,1390.8,CGN1,invoiced,false,50480.0
1273,437,SKU-0022,3,69.09,0,207.28,MUC2,invoiced,false,79713.0
1274,437,SKU-0007,1,104.46,0,104.46,MUC2,picked,false,27133.0
1275,438,SKU-0110,5,311.11,5.0,1550.57,MUC2,picked,false,100665.0
1276,438,SKU-0001,2,198.44,2.5,394.38,MUC2,invoiced,false,49180.0
1277,439,SKU-0003,3,226.71,0,680.13,HH1,open,false,28497.0
1278,439,SKU-0070,6,257.08,2.5,1540.01,HH1,open,false,162528.0
1279,440,SKU-0026,2,108.7,5.0,212.4,CGN1,shipped,false,40256.0
1280,440,SKU-0031,4,197.93,0,791.71,CGN1,picked,false,53528.0
1281,441,SKU-0041,6,286.97,0,1721.83,CGN1,open,false,93504.0
1282,441,SKU-0043,4,124.67,0,498.67,CGN1,picked,false,30488.0
1283,442,SKU-0024,3,114.31,2.5,340.43,BER3,open,false,39138.0
1284,442,SKU-0086,1,294.11,0,294.11,BER3,picked,false,1995.0
1285,443,SKU-0055,2,91.02,2.5,179.55,MUC2,open,false,29080.0
1286,443,SKU-0076,2,81.74,0,163.48,MUC2,picked,false,13716.0
1287,444,SKU-0042,6,170.38,0,1022.27,MUC2,open,false,49644.0
1288,444,SKU-0021,2,406.37,0,812.74,MUC2,invoiced,false,24494.0
1289,445,SKU-0056,2,64.97,5.0,124.94,HH1,picked,false,39776.0
1290,445,SKU-0110,6,301.52,0,1809.13,HH1,open,false,120798.0
1291,446,SKU-0110,5,305.02,2.5,1522.62,BER3,picked,false,100665.0
1292,446,SKU-0020,2,158.41,2.5,314.31,BER3,invoiced,false,52604.0
1293,447,SKU-0087,2,74.76,0,149.52,MUC2,shipped,false,43526.0
1294,447,SKU-0103,4,253.91,0,1015.63,MUC2,shipped,false,80828.0
1295,448,SKU-0073,3,197.51,0,592.54,BER3,open,false,25671.0
1296,448,SKU-0091,4,361.25,0,1445.0,BER3,shipped,false,64308.0
1297,449,SKU-0004,5,212.92,2.5,1062.12,HH1,picked,false,39165.0
1298,449,SKU-0047,1,25.94,0,25.94,HH1,open,false,3361.0
1299,450,SKU-0111,2,76.03,0,152.06,MUC2,open,false,21926.0
1300,450,SKU-0055,1,94.23,2.5,91.73,MUC2,invoiced,false,14540.0
1301,451,SKU-0021,3,406.83,2.5,1217.99,BER3,shipped,false,36741.0
1302,451,SKU-0028,3,176.59,0,529.78,BER3,invoiced,false,69792.0
1303,452,SKU-0006,5,239.75,0,1198.75,MUC2,picked,false,75195.0
1304,452,SKU-0111,3,77.14,0,231.43,MUC2,invoiced,false,32889.0
1305,453,SKU-0067,6,332.45,0,1994.73,HH1,shipped,false,3978.0
1306,453,SKU-0017,3,283.55,0,850.64,HH1,invoiced,false,81807.0
1307,454,SKU-0064,2,259.29,0,518.58,CGN1,invoiced,false,31736.0
1308,454,SKU-0062,2,325.63,0,651.26,CGN1,picked,false,53436.0
1309,455,SKU-0020,3,154.2,0,462.61,MUC2,picked,false,78906.0
1310,455,SKU-0078,2,47.03,0,94.06,MUC2,invoiced,false,9840.0
1311,456,SKU-0063,1,98.75,0,98.75,HH1,invoiced,false,12451.0
1312,456,SKU-0086,4,286.29,0,1145.15,HH1,picked,false,7980.0
1313,457,SKU-0116,1,182.43,0,182.43,CGN1,open,false,15296.0
1314,457,SKU-0118,6,352.71,0,2116.29,CGN1,open,false,142620.0
1315,458,SKU-0120,1,161.09,0,161.09,CGN1,open,false,13998.0
1316,458,SKU-0037,6,275.45,0,1652.69,CGN1,invoiced,false,17388.0
1317,459,SKU-0001,1,200.79,0,200.79,MUC2,open,false,24590.0
1318,459,SKU-0041,4,282.72,0,1130.9,MUC2,invoiced,false,62336.0
1319,460,SKU-0002,2,319.34,2.5,636.17,MUC2,picked,false,54008.0
1320,460,SKU-0108,5,389.0,2.5,1942.48,MUC2,invoiced,false,97525.0
1321,461,SKU-0058,5,104.31,5.0,516.53,HH1,picked,false,108230.0
1322,461,SKU-0075,6,320.73,0,1924.38,HH1,open,false,143760.0
1323,462,SKU-0053,3,241.24,0,723.72,CGN1,open,false,53376.0
1324,462,SKU-0004,2,205.97,0,411.94,CGN1,shipped,false,15666.0
1325,463,SKU-0051,1,301.55,0,301.55,BER3,picked,true,19299.0
1326,463,SKU-0010,4,246.98,5.0,982.92,BER3,shipped,false,66724.0
1327,464,SKU-0014,2,38.33,0,76.65,BER3,open,false,40214.0
1328,464,SKU-0044,5,132.72,5.0,658.6,BER3,picked,false,101510.0
1329,465,SKU-0032,3,333.21,0,999.63,MUC2,open,false,36696.0
1330,465,SKU-0092,2,10.75,2.5,19.0,MUC2,invoiced,false,13702.0
1331,466,SKU-0083,1,241.79,2.5,239.29,MUC2,shipped,false,22739.0
1332,466,SKU-0083,5,247.62,0,1238.09,MUC2,open,false,113695.0
1333,467,SKU-0065,5,277.31,5.0,1381.53,HH1,open,false,64475.0
1334,467,SKU-0079,4,269.06,0,1076.22,HH1,shipped,false,105896.0
1335,468,SKU-0071,3,27.21,0,81.64,MUC2,invoiced,false,1317.0
1336,468,SKU-0086,2,302.92,2.5,603.33,MUC2,picked,false,3990.0
1337,469,SKU-0001,6,203.85,0,1223.11,CGN1,invoiced,true,147540.0
1338,469,SKU-0039,5,150.54,0,752.69,CGN1,open,false,86325.0
1339,470,SKU-0058,2,103.14,5.0,201.29,HH1,open,false,43292.0
1340,470,SKU-0026,4,107.61,5.0,425.43,HH1,invoiced,false,80512.0
1341,471,SKU-0004,6,213.63,0,1281.78,HH1,picked,false,46998.0
1342,471,SKU-0009,6,248.81,0,1492.87,HH1,shipped,false,97428.0
1343,472,SKU-0090,3,278.04,0,834.12,HH1,picked,false,14883.0
1344,472,SKU-0102,4,87.42,0,349.67,HH1,open,false,8828.0
1345,473,SKU-0103,4,256.67,0,1026.67,BER3,invoiced,false,80828.0
1346,473,SKU-0003,1,213.57,2.5,211.07,BER3,open,false,9499.0
1347,474,SKU-0001,6,193.48,5.0,1155.9,CGN1,picked,false,147540.0
1348,474,SKU-0106,6,265.33,0,1591.95,CGN1,invoiced,false,46050.0
1349,475,SKU-0071,2,27.0,2.5,51.5,BER3,open,false,878.0
1350,475,SKU-0090,2,266.49,5.0,527.99,BER3,shipped,false,9922.0
1351,476,SKU-0014,1,38.99,5.0,33.99,MUC2,picked,false,20107.0
1352,476,SKU-0007,3,104.98,0,314.94,MUC2,invoiced,false,81399.0
1353,477,SKU-0117,1,106.37,0,106.37,MUC2,open,false,20364.0
1354,477,SKU-0109,5,277.94,0,1389.72,MUC2,open,false,33460.0
1355,478,SKU-0002,2,320.32,2.5,638.15,BER3,shipped,false,54008.0
1356,478,SKU-0090,6,275.15,0,1650.92,BER3,open,false,29766.0
1357,479,SKU-0071,4,26.97,0,107.88,MUC2,picked,false,1756.0
1358,479,SKU-0016,1,183.16,5.0,178.16,MUC2,open,false,12063.0
1359,480,SKU-0065,6,291.57,5.0,1744.44,BER3,open,false,77370.0
1360,480,SKU-0020,1,162.9,5.0,157.9,BER3,open,false,26302.0
1361,481,SKU-0017,4,281.25,5.0,1120.02,MUC2,picked,false,109076.0
1362,481,SKU-0030,4,110.32,0,441.28,MUC2,invoiced,false,79176.0
1363,482,SKU-0076,1,84.8,2.5,82.3,CGN1,shipped,false,6858.0
1364,482,SKU-0030,6,115.0,0,689.99,CGN1,picked,false,118764.0
1365,483,SKU-0102,3,86.36,5.0,254.08,BER3,invoiced,false,6621.0
1366,483,SKU-0093,6,118.6,0,711.59,BER3,picked,false,89280.0
1367,484,SKU-0056,4,67.79,2.5,268.66,BER3,open,false,79552.0
1368,484,SKU-0056,4,65.5,0,261.99,BER3,open,false,79552.0
1369,485,SKU-0040,5,298.13,5.0,1485.67,CGN1,invoiced,false,105130.0
1370,485,SKU-0083,3,251.47,0,754.42,CGN1,picked,false,68217.0
1371,486,SKU-0109,2,277.03,0,554.06,BER3,invoiced,false,13384.0
1372,486,SKU-0003,3,227.06,0,681.18,BER3,open,false,28497.0
1373,487,SKU-0087,6,78.22,0,469.33,MUC2,picked,false,130578.0
1374,487,SKU-0066,5,265.64,0,1328.18,MUC2,shipped,true,96720.0
1375,488,SKU-0040,4,309.79,0,1239.14,BER3,shipped,false,84104.0
1376,488,SKU-0066,2,260.11,0,520.21,BER3,invoiced,false,38688.0
1377,489,SKU-0017,6,274.2,0,1645.21,BER3,shipped,false,163614.0
1378,489,SKU-0013,6,364.49,0,2186.96,BER3,picked,false,102876.0
1379,490,SKU-0092,5,11.03,5.0,50.14,HH1,invoiced,false,34255.0
1380,490,SKU-0075,6,337.94,0,2027.65,HH1,invoiced,false,143760.0
1381,491,SKU-0080,1,18.97,5.0,13.97,BER3,shipped,false,2104.0
1382,491,SKU-0015,1,264.6,0,264.6,BER3,open,false,17857.0
1383,492,SKU-0023,3,121.45,0,364.35,HH1,shipped,false,16236.0
1384,492,SKU-0003,1,228.96,5.0,223.96,HH1,open,false,9499.0
1385,493,SKU-0015,5,272.85,0,1364.25,CGN1,shipped,true,89285.0
1386,493,SKU-0055,3,91.12,0,273.35,CGN1,shipped,false,43620.0
1387,494,SKU-0055,4,94.07,0,376.27,MUC2,shipped,false,58160.0
1388,494,SKU-0106,3,261.9,0,785.71,MUC2,open,false,23025.0
1389,495,SKU-0108,5,385.83,5.0,1924.16,CGN1,picked,false,97525.0
1390,495,SKU-0037,4,267.52,0,1070.1,CGN1,invoiced,false,11592.0
1391,496,SKU-0031,6,196.96,0,1181.73,MUC2,picked,false,80292.0
1392,496,SKU-0047,5,26.23,0,131.15,MUC2,picked,false,16805.0
1393,497,SKU-0106,3,261.61,2.5,782.33,BER3,shipped,false,23025.0
1394,497,SKU-0018,3,385.94,0,1157.82,BER3,shipped,false,67416.0
1395,498,SKU-0047,3,26.15,5.0,73.44,HH1,open,false,10083.0
1396,498,SKU-0016,6,187.12,2.5,1120.2,HH1,shipped,false,72378.0
1397,499,SKU-0075,5,329.79,0,1648.93,CGN1,shipped,false,119800.0
1398,499,SKU-0066,3,254.15,5.0,757.44,CGN1,picked,false,58032.0
1399,500,SKU-0005,6,282.63,5.0,1690.81,BER3,shipped,false,110814.0
1400,500,SKU-0006,6,239.01,0,1434.08,BER3,shipped,false,90234.0
1401,501,SKU-0046,5,8.98,0,44.91,CGN1,open,false,35535.0
1402,501,SKU-0046,6,9.05,0,54.31,CGN1,invoiced,false,42642.0
1403,502,SKU-0049,4,87.39,0,349.55,BER3,open,false,50568.0
1404,502,SKU-0015,2,262.42,5.0,519.85,BER3,invoiced,false,35714.0
1405,503,SKU-0112,5,105.89,5.0,524.44,MUC2,invoiced,false,108065.0
1406,503,SKU-0040,6,319.73,0,1918.4,MUC2,shipped,false,126156.0
1407,504,SKU-0027,3,269.63,0,808.88,BER3,invoiced,false,4362.0
1408,504,SKU-0073,2,194.25,2.5,386.0,BER3,shipped,false,17114.0
1409,505,SKU-0058,3,109.42,0,328.25,MUC2,picked,false,64938.0
1410,505,SKU-0029,1,187.32,0,187.32,MUC2,picked,false,12344.0
1411,506,SKU-0117,4,105.79,5.0,418.14,HH1,invoiced,false,81456.0
1412,506,SKU-0116,1,184.58,0,184.58,HH1,invoiced,false,15296.0
1413,507,SKU-0026,1,108.24,0,108.24,HH1,picked,false,20128.0
1414,507,SKU-0094,6,257.41,0,1544.47,HH1,picked,false,127788.0
1415,508,SKU-0095,3,275.64,0,826.91,HH1,shipped,false,12807.0
1416,508,SKU-0084,5,141.63,2.5,705.67,HH1,invoiced,false,21875.0
1417,509,SKU-0097,3,338.13,5.0,1009.39,CGN1,picked,false,37860.0
1418,509,SKU-0096,2,274.14,2.5,545.78,CGN1,open,false,2202.0
1419,510,SKU-0077,1,219.71,0,219.71,BER3,shipped,false,7800.0
1420,510,SKU-0024,5,107.89,0,539.46,BER3,shipped,false,65230.0
1421,511,SKU-0068,3,333.76,0,1001.27,BER3,picked,false,18513.0
1422,511,SKU-0020,1,155.08,0,155.08,BER3,picked,false,26302.0
1423,512,SKU-0114,3,350.11,0,1050.34,CGN1,shipped,false,21390.0
1424,512,SKU-0107,3,313.9,5.0,936.69,CGN1,invoiced,false,19920.0
1425,513,SKU-0116,4,184.16,5.0,731.65,BER3,shipped,false,61184.0
1426,513,SKU-0106,1,272.15,0,272.15,BER3,invoiced,false,7675.0
1427,514,SKU-0030,3,113.3,5.0,334.9,CGN1,shipped,false,59382.0
1428,514,SKU-0020,6,152.97,0,917.81,CGN1,invoiced,false,157812.0
1429,515,SKU-0049,3,86.01,0,258.04,CGN1,open,false,37926.0
1430,515,SKU-0088,4,288.54,0,1154.16,CGN1,invoiced,false,68072.0
1431,516,SKU-0025,3,287.37,0,862.1,BER3,open,false,56565.0
1432,516,SKU-0069,2,365.51,0,731.03,BER3,picked,false,50948.0
1433,517,SKU-0052,5,195.24,5.0,971.22,MUC2,open,false,13015.0
1434,517,SKU-0092,2,11.62,0,23.24,MUC2,shipped,false,13702.0
1435,518,SKU-0081,6,102.25,0,613.49,BER3,picked,false,16932.0
1436,518,SKU-0041,3,297.49,2.5,889.96,BER3,shipped,false,46752.0
1437,519,SKU-0061,1,16.44,2.5,13.94,MUC2,invoiced,false,479.0
1438,519,SKU-0062,1,318.28,0,318.28,MUC2,invoiced,true,26718.0
1439,520,SKU-0055,4,92.75,0,371.01,CGN1,picked,false,58160.0
1440,520,SKU-0099,5,245.03,0,1225.13,CGN1,picked,false,110545.0
1441,521,SKU-0056,2,64.4,0,128.81,HH1,shipped,false,39776.0
1442,521,SKU-0053,4,251.0,2.5,1001.48,HH1,picked,false,71168.0
1443,522,SKU-0041,5,281.43,5.0,1402.14,HH1,invoiced,false,77920.0
1444,522,SKU-0041,5,300.37,2.5,1499.35,HH1,picked,false,77920.0
1445,523,SKU-0030,2,116.04,0,232.09,CGN1,picked,false,39588.0
1446,523,SKU-0107,5,319.79,0,1598.97,CGN1,picked,false,33200.0
1447,524,SKU-0018,1,388.01,0,388.01,MUC2,shipped,false,22472.0
1448,524,SKU-0075,1,332.16,5.0,327.16,MUC2,picked,false,23960.0
1449,525,SKU-0029,6,189.49,0,1136.95,MUC2,invoiced,false,74064.0
1450,525,SKU-0075,1,322.32,0,322.32,MUC2,shipped,false,23960.0
1451,526,SKU-0014,5,40.06,0,200.3,HH1,open,false,100535.0
1452,526,SKU-0036,4,216.7,0,866.82,HH1,invoiced,false,87156.0
1453,527,SKU-0069,4,360.74,0,1442.98,MUC2,picked,false,101896.0
1454,527,SKU-0056,5,63.71,0,318.54,MUC2,shipped,false,99440.0
1455,528,SKU-0013,2,370.0,2.5,737.5,BER3,shipped,true,34292.0
1456,528,SKU-0081,1,103.08,2.5,100.58,BER3,shipped,false,2822.0
1457,529,SKU-0036,2,212.22,2.5,421.94,MUC2,picked,false,43578.0
1458,529,SKU-0087,5,73.39,0,366.96,MUC2,invoiced,false,108815.0
1459,530,SKU-0089,6,47.71,5.0,281.29,CGN1,invoiced,false,7914.0
1460,530,SKU-0117,3,105.39,5.0,311.18,CGN1,open,false,61092.0
1461,531,SKU-0004,5,218.53,0,1092.64,CGN1,picked,false,39165.0
1462,531,SKU-0068,3,326.29,0,978.88,CGN1,shipped,false,18513.0
1463,532,SKU-0119,1,97.01,5.0,92.01,HH1,invoiced,true,26570.0
1464,532,SKU-0091,1,361.54,0,361.54,HH1,picked,false,16077.0
1465,533,SKU-0008,2,217.87,0,435.74,HH1,picked,false,51892.0
1466,533,SKU-0025,1,290.76,5.0,285.76,HH1,open,false,18855.0
1467,534,SKU-0058,4,103.57,0,414.29,HH1,open,false,86584.0
1468,534,SKU-0006,3,244.73,0,734.19,HH1,open,false,45117.0
1469,535,SKU-0097,5,336.07,2.5,1677.84,CGN1,invoiced,false,63100.0
1470,535,SKU-0047,5,27.21,5.0,131.05,CGN1,shipped,false,16805.0
1471,536,SKU-0092,2,11.16,0,22.32,CGN1,open,false,13702.0
1472,536,SKU-0042,1,164.46,0,164.46,CGN1,shipped,true,8274.0
1473,537,SKU-0007,2,103.2,0,206.39,MUC2,shipped,false,54266.0
1474,537,SKU-0090,1,277.29,2.5,274.79,MUC2,shipped,false,4961.0
1475,538,SKU-0101,4,376.76,2.5,1504.54,CGN1,invoiced,false,72424.0
1476,538,SKU-0051,6,299.13,0,1794.76,CGN1,invoiced,false,115794.0
1477,539,SKU-0099,2,253.42,0,506.84,MUC2,open,true,44218.0
1478,539,SKU-0117,1,107.65,0,107.65,MUC2,picked,false,20364.0
1479,540,SKU-0099,2,247.88,0,495.77,CGN1,invoiced,false,44218.0
1480,540,SKU-0016,2,180.68,0,361.36,CGN1,picked,false,24126.0
1481,541,SKU-0088,6,304.46,5.0,1821.76,BER3,picked,false,102108.0
1482,541,SKU-0025,2,293.49,0,586.98,BER3,picked,false,37710.0
1483,542,SKU-0062,1,322.0,0,322.0,CGN1,invoiced,false,26718.0
1484,542,SKU-0078,4,48.87,2.5,193.0,CGN1,open,false,19680.0
1485,543,SKU-0062,1,336.81,5.0,331.81,HH1,open,false,26718.0
1486,543,SKU-0119,4,91.52,0,366.08,HH1,invoiced,false,106280.0
1487,544,SKU-0007,6,104.99,0,629.92,HH1,open,false,162798.0
1488,544,SKU-0019,6,293.99,0,1763.97,HH1,open,false,58938.0
1489,545,SKU-0072,6,289.41,5.0,1731.46,HH1,open,false,4494.0
1490,545,SKU-0102,4,86.82,2.5,344.78,HH1,shipped,false,8828.0
1491,546,SKU-0004,5,220.43,0,1102.15,MUC2,picked,false,39165.0
1492,546,SKU-0112,6,106.17,0,637.02,MUC2,shipped,false,129678.0
1493,547,SKU-0011,1,302.65,0,302.65,MUC2,open,false,26175.0
1494,547,SKU-0059,6,102.85,0,617.12,MUC2,shipped,false,58176.0
1495,548,SKU-0013,6,357.81,0,2146.83,HH1,invoiced,false,102876.0
1496,548,SKU-0086,4,289.82,2.5,1156.78,HH1,open,false,7980.0
1497,549,SKU-0097,4,336.08,0,1344.3,HH1,invoiced,false,50480.0
1498,549,SKU-0098,1,187.26,5.0,182.26,HH1,picked,false,1144.0
1499,550,SKU-0021,4,389.65,2.5,1556.08,MUC2,open,false,48988.0
1500,550,SKU-0004,5,211.65,2.5,1055.73,MUC2,open,false,39165.0
1501,551,SKU-0013,1,351.89,5.0,346.89,MUC2,picked,false,17146.0
1502,551,SKU-0003,6,211.31,2.5,1265.37,MUC2,shipped,false,56994.0
1503,552,SKU-0072,5,300.59,0,1502.96,HH1,invoiced,false,3745.0
1504,552,SKU-0113,4,221.01,0,884.05,HH1,picked,false,80252.0
1505,553,SKU-0049,1,86.36,2.5,83.86,HH1,open,false,12642.0
1506,553,SKU-0103,5,256.12,0,1280.59,HH1,shipped,false,101035.0
1507,554,SKU-0073,3,200.95,0,602.85,MUC2,picked,true,25671.0
1508,554,SKU-0085,5,241.29,5.0,1201.47,MUC2,picked,false,85355.0
1509,555,SKU-0025,2,279.29,0,558.57,CGN1,shipped,false,37710.0
1510,555,SKU-0083,5,249.71,0,1248.53,CGN1,invoiced,false,113695.0
1511,556,SKU-0099,6,244.62,0,1467.69,HH1,open,false,132654.0
1512,556,SKU-0068,3,341.82,5.0,1020.46,HH1,picked,false,18513.0
1513,557,SKU-0117,2,104.19,0,208.38,HH1,invoiced,false,40728.0
1514,557,SKU-0045,5,103.74,0,518.7,HH1,open,false,77580.0
1515,558,SKU-0021,2,378.9,5.0,752.79,CGN1,open,false,24494.0
1516,558,SKU-0112,4,102.19,2.5,406.26,CGN1,invoiced,false,86452.0
1517,559,SKU-0098,3,178.25,0,534.75,HH1,invoiced,false,3432.0
1518,559,SKU-0046,3,8.93,0,26.78,HH1,open,false,21321.0
1519,560,SKU-0017,3,275.76,0,827.27,CGN1,open,false,81807.0
1520,560,SKU-0061,1,15.72,0,15.72,CGN1,picked,false,479.0
1521,561,SKU-0048,5,139.94,0,699.72,BER3,open,false,85445.0
1522,561,SKU-0008,6,214.68,0,1288.11,BER3,shipped,false,155676.0
1523,562,SKU-0084,1,144.25,2.5,141.75,BER3,invoiced,false,4375.0
1524,562,SKU-0008,6,212.51,2.5,1272.54,BER3,shipped,false,155676.0
1525,563,SKU-0024,6,113.66,0,681.93,MUC2,invoiced,false,78276.0
1526,563,SKU-0072,6,296.35,0,1778.12,MUC2,picked,false,4494.0
1527,564,SKU-0110,4,300.26,0,1201.02,MUC2,open,false,80532.0
1528,564,SKU-0083,1,246.17,5.0,241.17,MUC2,open,false,22739.0
1529,565,SKU-0068,5,339.27,2.5,1693.86,CGN1,shipped,false,30855.0
1530,565,SKU-0048,6,149.48,5.0,891.88,CGN1,invoiced,false,102534.0
1531,566,SKU-0043,4,128.35,5.0,508.39,MUC2,open,false,30488.0
1532,566,SKU-0028,5,185.43,2.5,924.63,MUC2,invoiced,false,116320.0
1533,567,SKU-0077,6,226.64,2.5,1357.33,HH1,shipped,false,46800.0
1534,567,SKU-0010,5,250.38,0,1251.91,HH1,invoiced,false,83405.0
1535,568,SKU-0110,4,304.85,2.5,1216.92,MUC2,picked,false,80532.0
1536,568,SKU-0051,5,281.61,2.5,1405.54,MUC2,shipped,true,96495.0
1537,569,SKU-0047,2,26.23,0,52.46,CGN1,invoiced,false,6722.0
1538,569,SKU-0109,2,271.35,0,542.7,CGN1,open,false,13384.0
1539,570,SKU-0044,4,131.01,2.5,521.53,MUC2,shipped,false,81208.0
1540,570,SKU-0021,5,403.87,0,2019.34,MUC2,shipped,false,61235.0
1541,571,SKU-0024,3,106.99,2.5,318.46,CGN1,picked,false,39138.0
1542,571,SKU-0001,6,193.4,2.5,1157.88,CGN1,picked,false,147540.0
1543,572,SKU-0119,1,97.96,0,97.96,HH1,shipped,false,26570.0
1544,572,SKU-0027,4,268.0,0,1071.99,HH1,open,false,5816.0
1545,573,SKU-0076,6,81.79,5.0,485.76,MUC2,open,false,41148.0
1546,573,SKU-0086,6,283.91,0,1703.48,MUC2,picked,false,11970.0
1547,574,SKU-0102,6,83.35,0,500.11,BER3,shipped,false,13242.0
1548,574,SKU-0106,3,271.98,2.5,813.44,BER3,open,false,23025.0
1549,575,SKU-0100,5,194.9,2.5,972.01,CGN1,open,false,128365.0
1550,575,SKU-0025,2,285.05,5.0,565.11,CGN1,shipped,false,37710.0
1551,576,SKU-0009,2,242.76,0,485.52,CGN1,shipped,false,32476.0
1552,576,SKU-0111,6,77.25,2.5,461.01,CGN1,invoiced,false,65778.0
1553,577,SKU-0050,4,124.31,2.5,494.74,BER3,open,false,47732.0
1554,577,SKU-0005,1,276.93,2.5,274.43,BER3,invoiced,false,18469.0
1555,578,SKU-0088,5,283.29,2.5,1413.97,MUC2,open,false,85090.0
1556,578,SKU-0086,3,301.32,5.0,898.96,MUC2,picked,false,5985.0
1557,579,SKU-0086,1,306.11,5.0,301.11,BER3,open,false,1995.0
1558,579,SKU-0064,5,261.29,2.5,1303.97,BER3,open,false,79340.0
1559,580,SKU-0040,4,298.87,0,1195.48,CGN1,invoiced,false,84104.0
1560,580,SKU-0046,6,8.88,0,53.27,CGN1,shipped,false,42642.0
1561,581,SKU-0072,3,288.84,0,866.52,BER3,picked,false,2247.0
1562,581,SKU-0071,3,27.55,2.5,80.15,BER3,shipped,false,1317.0
1563,582,SKU-0111,4,74.9,0,299.62,CGN1,picked,false,43852.0
1564,582,SKU-0104,6,90.61,2.5,541.15,CGN1,shipped,true,162228.0
1565,583,SKU-0010,3,239.65,0,718.94,HH1,shipped,false,50043.0
1566,583,SKU-0019,1,287.67,0,287.67,HH1,invoiced,false,9823.0
1567,584,SKU-0013,6,362.52,2.5,2172.64,HH1,invoiced,false,102876.0
1568,584,SKU-0087,2,74.88,0,149.76,HH1,shipped,false,43526.0
1569,585,SKU-0099,5,258.03,0,1290.16,MUC2,open,false,110545.0
1570,585,SKU-0012,1,52.16,0,52.16,MUC2,picked,false,2098.0
1571,586,SKU-0063,5,97.64,2.5,485.69,HH1,picked,false,62255.0
1572,586,SKU-0069,6,366.85,0,2201.08,HH1,open,false,152844.0
1573,587,SKU-0090,4,264.17,0,1056.7,BER3,shipped,false,19844.0
1574,587,SKU-0028,2,178.79,0,357.57,BER3,picked,false,46528.0
1575,588,SKU-0076,6,81.75,5.0,485.5,MUC2,open,false,41148.0
1576,588,SKU-0061,3,15.48,5.0,41.43,MUC2,open,false,1437.0
1577,589,SKU-0098,5,188.02,0,940.1,CGN1,picked,false,5720.0
1578,589,SKU-0035,3,304.08,0,912.25,CGN1,picked,false,16866.0
1579,590,SKU-0106,6,269.62,0,1617.72,CGN1,picked,false,46050.0
1580,590,SKU-0084,1,138.99,0,138.99,CGN1,open,false,4375.0
1581,591,SKU-0028,2,183.72,0,367.43,MUC2,picked,false,46528.0
1582,591,SKU-0110,2,299.21,0,598.41,MUC2,invoiced,false,40266.0
1583,592,SKU-0015,4,254.22,5.0,1011.89,BER3,invoiced,true,71428.0
1584,592,SKU-0033,1,338.91,5.0,333.91,BER3,picked,false,2396.0
1585,593,SKU-0113,3,227.94,0,683.82,BER3,picked,false,60189.0
1586,593,SKU-0012,2,51.21,0,102.42,BER3,invoiced,false,4196.0
1587,594,SKU-0072,6,301.08,0,1806.5,CGN1,shipped,false,4494.0
1588,594,SKU-0023,1,123.19,0,123.19,CGN1,shipped,false,5412.0
1589,595,SKU-0003,4,221.09,5.0,879.38,CGN1,picked,false,37996.0
1590,595,SKU-0010,3,243.28,0,729.83,CGN1,open,false,50043.0
1591,596,SKU-0080,4,17.89,5.0,66.56,MUC2,invoiced,false,8416.0
1592,596,SKU-0088,6,304.93,2.5,1827.07,MUC2,picked,false,102108.0
1593,597,SKU-0037,2,289.08,0,578.15,BER3,picked,false,5796.0
1594,597,SKU-0028,5,183.22,2.5,913.6,BER3,open,false,116320.0
1595,598,SKU-0010,3,255.82,5.0,762.47,BER3,invoiced,false,50043.0
1596,598,SKU-0016,3,182.24,0,546.71,BER3,shipped,false,36189.0
1597,599,SKU-0015,4,258.38,0,1033.5,HH1,shipped,false,71428.0
1598,599,SKU-0049,3,87.45,0,262.36,HH1,invoiced,false,37926.0
1599,600,SKU-0072,2,285.15,0,570.3,MUC2,picked,false,1498.0
1600,600,SKU-0052,5,194.1,0,970.48,MUC2,shipped,false,13015.0
1601,601,SKU-0102,3,87.86,5.0,258.57,HH1,invoiced,false,6621.0
1602,601,SKU-0099,4,241.43,5.0,960.72,HH1,open,false,88436.0
1603,602,SKU-0001,4,194.89,0,779.55,MUC2,open,false,98360.0
1604,602,SKU-0096,2,256.93,0,513.87,MUC2,invoiced,false,2202.0
1605,603,SKU-0080,3,18.74,2.5,53.71,CGN1,picked,false,6312.0
1606,603,SKU-0065,4,272.79,0,1091.16,CGN1,picked,true,51580.0
1607,604,SKU-0018,2,403.21,5.0,801.41,CGN1,open,false,44944.0
1608,604,SKU-0046,6,9.06,0,54.38,CGN1,picked,false,42642.0
1609,605,SKU-0027,2,267.05,0,534.11,CGN1,open,false,2908.0
1610,605,SKU-0039,2,144.58,0,289.17,CGN1,shipped,false,34530.0
1611,606,SKU-0062,6,316.95,5.0,1896.72,HH1,picked,false,160308.0
1612,606,SKU-0091,2,354.86,0,709.72,HH1,open,false,32154.0
1613,607,SKU-0096,4,269.67,0,1078.69,CGN1,shipped,false,4404.0
1614,607,SKU-0056,5,68.21,5.0,336.05,CGN1,picked,false,99440.0
1615,608,SKU-0056,6,67.32,0,403.92,CGN1,picked,false,119328.0
1616,608,SKU-0006,2,234.61,5.0,464.21,CGN1,open,false,30078.0
1617,609,SKU-0111,1,72.43,2.5,69.93,CGN1,open,false,10963.0
1618,609,SKU-0002,4,321.72,0,1286.87,CGN1,shipped,false,108016.0
1619,610,SKU-0059,5,107.19,0,535.97,MUC2,picked,false,48480.0
1620,610,SKU-0101,1,378.24,0,378.24,MUC2,picked,false,18106.0
1621,611,SKU-0104,4,95.63,0,382.52,MUC2,invoiced,false,108152.0
1622,611,SKU-0009,1,236.25,2.5,233.75,MUC2,open,false,16238.0
1623,612,SKU-0092,2,11.11,5.0,17.21,MUC2,invoiced,false,13702.0
1624,612,SKU-0042,5,171.79,0,858.94,MUC2,open,false,41370.0
1625,613,SKU-0014,5,38.26,0,191.3,HH1,shipped,false,100535.0
1626,613,SKU-0049,6,87.6,5.0,520.57,HH1,invoiced,false,75852.0
1627,614,SKU-0070,6,265.7,5.0,1589.19,BER3,shipped,false,162528.0
1628,614,SKU-0110,3,312.81,0,938.42,BER3,shipped,false,60399.0
1629,615,SKU-0106,1,253.36,0,253.36,MUC2,open,false,7675.0
1630,615,SKU-0060,1,251.04,0,251.04,MUC2,picked,false,19761.0
1631,616,SKU-0102,5,82.41,2.5,409.53,MUC2,picked,false,11035.0
1632,616,SKU-0101,6,352.12,0,2112.74,MUC2,invoiced,false,108636.0
1633,617,SKU-0034,6,110.91,0,665.44,MUC2,invoiced,false,46962.0
1634,617,SKU-0071,3,26.54,0,79.63,MUC2,open,false,1317.0
1635,618,SKU-0055,5,93.61,0,468.05,CGN1,shipped,false,72700.0
1636,618,SKU-0080,2,19.01,2.5,35.53,CGN1,shipped,false,4208.0
1637,619,SKU-0076,2,83.22,2.5,163.94,CGN1,invoiced,false,13716.0
1638,619,SKU-0068,1,320.92,2.5,318.42,CGN1,shipped,true,6171.0
1639,620,SKU-0001,6,189.48,5.0,1131.9,BER3,open,false,147540.0
1640,620,SKU-0001,4,192.02,0,768.08,BER3,picked,false,98360.0
1641,621,SKU-0096,4,264.09,0,1056.37,BER3,shipped,false,4404.0
1642,621,SKU-0051,6,293.48,5.0,1755.88,BER3,invoiced,false,115794.0
1643,622,SKU-0088,3,283.01,2.5,846.53,HH1,open,false,51054.0
1644,622,SKU-0013,5,366.26,0,1831.28,HH1,picked,false,85730.0
1645,623,SKU-0069,5,373.55,0,1867.76,BER3,open,false,127370.0
1646,623,SKU-0009,1,244.84,5.0,239.84,BER3,open,true,16238.0
1647,624,SKU-0049,3,85.53,5.0,251.6,HH1,open,false,37926.0
1648,624,SKU-0007,2,97.66,2.5,192.83,HH1,picked,false,54266.0
1649,625,SKU-0031,6,193.35,0,1160.11,MUC2,invoiced,false,80292.0
1650,625,SKU-0117,5,105.29,2.5,523.95,MUC2,shipped,true,101820.0
1651,626,SKU-0013,4,352.65,5.0,1405.62,CGN1,open,false,68584.0
1652,626,SKU-0004,1,218.22,0,218.22,CGN1,picked,false,7833.0
1653,627,SKU-0013,3,355.84,2.5,1065.02,MUC2,shipped,false,51438.0
1654,627,SKU-0012,6,51.99,5.0,306.95,MUC2,picked,false,12588.0
1655,628,SKU-0027,6,268.82,0,1612.89,HH1,shipped,false,8724.0
1656,628,SKU-0099,4,258.43,0,1033.7,HH1,picked,false,88436.0
1657,629,SKU-0018,5,403.34,0,2016.68,HH1,invoiced,false,112360.0
1658,629,SKU-0054,5,117.6,0,588.02,HH1,picked,false,113945.0
1659,630,SKU-0002,6,329.02,0,1974.12,MUC2,invoiced,false,162024.0
1660,630,SKU-0015,6,260.82,0,1564.9,MUC2,picked,false,107142.0
1661,631,SKU-0108,1,382.73,5.0,377.73,CGN1,open,false,19505.0
1662,631,SKU-0014,1,40.22,0,40.22,CGN1,open,false,20107.0
1663,632,SKU-0009,3,236.74,2.5,707.72,HH1,invoiced,false,48714.0
1664,632,SKU-0031,1,193.62,0,193.62,HH1,shipped,false,13382.0
1665,633,SKU-0011,4,302.31,0,1209.25,BER3,shipped,false,104700.0
1666,633,SKU-0040,4,310.69,0,1242.77,BER3,open,false,84104.0
1667,634,SKU-0079,5,256.02,0,1280.09,HH1,shipped,true,132370.0
1668,634,SKU-0091,3,354.51,0,1063.53,HH1,shipped,false,48231.0
1669,635,SKU-0111,6,78.16,0,468.96,MUC2,open,false,65778.0
1670,635,SKU-0059,5,104.23,0,521.17,MUC2,open,false,48480.0
1671,636,SKU-0114,4,346.14,0,1384.55,CGN1,shipped,false,28520.0
1672,636,SKU-0057,2,410.4,0,820.81,CGN1,invoiced,false,28546.0
1673,637,SKU-0013,3,373.11,0,1119.32,MUC2,open,false,51438.0
1674,637,SKU-0025,1,297.2,2.5,294.7,MUC2,picked,false,18855.0
1675,638,SKU-0022,5,69.28,5.0,341.39,BER3,open,false,132855.0
1676,638,SKU-0065,4,272.85,2.5,1088.9,BER3,invoiced,false,51580.0
1677,639,SKU-0080,6,18.24,0,109.45,CGN1,invoiced,true,12624.0
1678,639,SKU-0111,4,73.44,2.5,291.26,CGN1,shipped,false,43852.0
1679,640,SKU-0059,2,101.36,2.5,200.22,BER3,open,false,19392.0
1680,640,SKU-0009,2,250.96,0,501.92,BER3,open,false,32476.0
1681,641,SKU-0027,5,261.91,0,1309.55,BER3,picked,false,7270.0
1682,641,SKU-0002,2,315.9,0,631.8,BER3,open,false,54008.0
1683,642,SKU-0084,4,142.94,0,571.78,BER3,open,false,17500.0
1684,642,SKU-0060,6,263.11,0,1578.68,BER3,picked,false,118566.0
1685,643,SKU-0103,3,261.81,0,785.42,BER3,shipped,false,60621.0
1686,643,SKU-0117,6,105.19,2.5,628.65,BER3,shipped,false,122184.0
1687,644,SKU-0077,3,228.89,0,686.68,BER3,picked,false,23400.0
1688,644,SKU-0004,3,206.62,5.0,614.85,BER3,invoiced,false,23499.0
1689,645,SKU-0075,1,329.97,0,329.97,HH1,picked,false,23960.0
1690,645,SKU-0035,2,291.84,5.0,578.68,HH1,open,false,11244.0
1691,646,SKU-0005,1,287.65,0,287.65,MUC2,shipped,false,18469.0
1692,646,SKU-0117,6,101.11,0,606.65,MUC2,shipped,false,122184.0
1693,647,SKU-0018,2,410.94,0,821.88,BER3,shipped,true,44944.0
1694,647,SKU-0046,5,9.22,5.0,41.12,BER3,shipped,false,35535.0
1695,648,SKU-0071,6,27.04,2.5,159.77,HH1,invoiced,false,2634.0
1696,648,SKU-0115,6,327.05,0,1962.3,HH1,picked,false,150330.0
1697,649,SKU-0004,4,206.13,0,824.53,MUC2,open,false,31332.0
1698,649,SKU-0083,4,247.97,0,991.9,MUC2,invoiced,false,90956.0
1699,650,SKU-0028,5,183.16,0,915.8,MUC2,picked,false,116320.0
1700,650,SKU-0005,2,275.07,0,550.14,MUC2,picked,false,36938.0
1701,651,SKU-0063,4,103.56,0,414.23,HH1,picked,false,49804.0
1702,651,SKU-0007,6,103.68,0,622.08,HH1,open,false,162798.0
1703,652,SKU-0105,6,255.0,0,1530.01,HH1,open,false,134670.0
1704,652,SKU-0050,2,127.27,0,254.54,HH1,picked,false,23866.0
1705,653,SKU-0016,4,182.53,0,730.12,HH1,open,false,48252.0
1706,653,SKU-0056,1,67.65,0,67.65,HH1,invoiced,false,19888.0
1707,654,SKU-0058,2,103.2,0,206.41,HH1,open,false,43292.0
1708,654,SKU-0022,3,69.11,0,207.33,HH1,shipped,false,79713.0
1709,655,SKU-0100,5,188.5,2.5,940.0,BER3,invoiced,false,128365.0
1710,655,SKU-0012,1,49.78,5.0,44.78,BER3,shipped,false,2098.0
1711,656,SKU-0036,2,210.63,5.0,416.26,CGN1,picked,false,43578.0
1712,656,SKU-0114,5,332.34,0,1661.69,CGN1,picked,false,35650.0
1713,657,SKU-0018,5,407.78,0,2038.9,HH1,invoiced,false,112360.0
1714,657,SKU-0027,6,275.04,0,1650.22,HH1,invoiced,false,8724.0
1715,658,SKU-0070,2,259.49,5.0,513.99,CGN1,picked,false,54176.0
1716,658,SKU-0074,2,209.47,0,418.95,CGN1,shipped,false,49594.0
1717,659,SKU-0015,3,264.28,0,792.83,BER3,open,false,53571.0
1718,659,SKU-0039,6,152.14,5.0,907.82,BER3,open,false,103590.0
1719,660,SKU-0097,6,355.56,0,2133.39,HH1,shipped,false,75720.0
1720,660,SKU-0082,3,354.61,5.0,1058.82,HH1,shipped,false,35934.0
1721,661,SKU-0050,6,125.87,0,755.22,CGN1,open,false,71598.0
1722,661,SKU-0111,3,75.26,5.0,220.79,CGN1,open,false,32889.0
1723,662,SKU-0002,4,308.95,0,1235.8,BER3,open,false,108016.0
1724,662,SKU-0095,4,262.59,0,1050.34,BER3,invoiced,false,17076.0
1725,663,SKU-0067,6,322.84,0,1937.02,CGN1,shipped,false,3978.0
1726,663,SKU-0021,2,403.59,5.0,802.19,CGN1,open,false,24494.0
1727,664,SKU-0117,1,107.54,2.5,105.04,MUC2,invoiced,false,20364.0
1728,664,SKU-0002,5,332.95,2.5,1662.25,MUC2,open,false,135020.0
1729,665,SKU-0084,2,140.37,5.0,275.74,HH1,invoiced,false,8750.0
1730,665,SKU-0041,2,290.81,5.0,576.62,HH1,open,false,31168.0
1731,666,SKU-0049,2,86.6,0,173.2,CGN1,open,false,25284.0
1732,666,SKU-0059,6,103.05,2.5,615.78,CGN1,picked,false,58176.0
1733,667,SKU-0021,3,385.47,0,1156.42,BER3,open,false,36741.0
1734,667,SKU-0004,6,205.49,2.5,1230.45,BER3,picked,false,46998.0
1735,668,SKU-0103,6,255.58,0,1533.49,MUC2,invoiced,false,121242.0
1736,668,SKU-0013,2,369.81,0,739.61,MUC2,shipped,false,34292.0
1737,669,SKU-0034,3,107.44,0,322.31,BER3,invoiced,false,23481.0
1738,669,SKU-0003,6,226.51,0,1359.07,BER3,invoiced,false,56994.0
1739,670,SKU-0063,3,97.49,0,292.48,HH1,picked,false,37353.0
1740,670,SKU-0010,3,251.74,0,755.22,HH1,picked,false,50043.0
1741,671,SKU-0060,5,266.92,5.0,1329.58,CGN1,shipped,false,98805.0
1742,671,SKU-0035,1,313.57,5.0,308.57,CGN1,picked,false,5622.0
1743,672,SKU-0020,6,155.69,5.0,929.14,MUC2,picked,false,157812.0
1744,672,SKU-0083,1,237.26,0,237.26,MUC2,open,false,22739.0
1745,673,SKU-0120,5,156.02,2.5,777.62,CGN1,picked,false,69990.0
1746,673,SKU-0036,4,215.0,2.5,857.49,CGN1,shipped,false,87156.0
1747,674,SKU-0112,1,106.71,2.5,104.21,MUC2,invoiced,false,21613.0
1748,674,SKU-0070,5,261.36,0,1306.81,MUC2,shipped,false,135440.0
1749,675,SKU-0049,1,87.9,0,87.9,HH1,open,false,12642.0
1750,675,SKU-0097,1,338.23,0,338.23,HH1,picked,false,12620.0
1751,676,SKU-0014,6,38.19,2.5,226.65,BER3,picked,false,120642.0
1752,676,SKU-0051,3,303.62,0,910.86,BER3,shipped,true,57897.0
1753,677,SKU-0069,5,350.16,0,1750.81,BER3,open,false,127370.0
1754,677,SKU-0026,3,112.38,2.5,334.64,BER3,picked,true,60384.0
1755,678,SKU-0102,3,88.29,0,264.88,CGN1,open,false,6621.0
1756,678,SKU-0114,6,350.84,5.0,2100.03,CGN1,shipped,false,42780.0
1757,679,SKU-0001,2,194.3,5.0,383.6,HH1,shipped,false,49180.0
1758,679,SKU-0017,2,277.76,0,555.53,HH1,invoiced,false,54538.0
1759,680,SKU-0107,3,324.24,5.0,967.71,CGN1,picked,false,19920.0
1760,680,SKU-0026,6,111.24,5.0,662.46,CGN1,invoiced,false,120768.0
1761,681,SKU-0017,1,263.47,2.5,260.97,HH1,shipped,false,27269.0
1762,681,SKU-0114,2,347.41,0,694.83,HH1,shipped,false,14260.0
1763,682,SKU-0066,6,255.76,2.5,1532.04,MUC2,open,false,116064.0
1764,682,SKU-0115,1,328.57,0,328.57,MUC2,invoiced,true,25055.0
1765,683,SKU-0076,3,86.57,0,259.71,MUC2,open,false,20574.0
1766,683,SKU-0087,6,78.63,0,471.8,MUC2,picked,false,130578.0
1767,684,SKU-0056,1,68.53,2.5,66.03,MUC2,picked,false,19888.0
1768,684,SKU-0114,5,346.9,0,1734.52,MUC2,open,false,35650.0
1769,685,SKU-0109,1,286.54,5.0,281.54,HH1,open,false,6692.0
1770,685,SKU-0066,3,263.29,2.5,787.36,HH1,shipped,false,58032.0
1771,686,SKU-0055,3,92.67,0,278.02,BER3,shipped,true,43620.0
1772,686,SKU-0115,5,329.42,5.0,1642.11,BER3,shipped,false,125275.0
1773,687,SKU-0053,4,243.97,0,975.88,HH1,picked,false,71168.0
1774,687,SKU-0067,4,323.66,5.0,1289.64,HH1,open,false,2652.0
1775,688,SKU-0017,3,276.56,0,829.68,CGN1,invoiced,false,81807.0
1776,688,SKU-0068,1,336.33,5.0,331.33,CGN1,shipped,false,6171.0
1777,689,SKU-0094,3,252.36,0,757.08,CGN1,picked,false,63894.0
1778,689,SKU-0070,2,257.25,2.5,512.0,CGN1,invoiced,false,54176.0
1779,690,SKU-0064,4,255.96,2.5,1021.35,CGN1,shipped,false,63472.0
1780,690,SKU-0055,4,93.11,2.5,369.94,CGN1,picked,false,58160.0
1781,691,SKU-0070,2,255.74,0,511.48,HH1,open,false,54176.0
1782,691,SKU-0042,5,173.73,0,868.65,HH1,shipped,false,41370.0
1783,692,SKU-0104,5,92.04,2.5,457.68,BER3,picked,false,135190.0
1784,692,SKU-0099,6,253.95,0,1523.69,BER3,shipped,false,132654.0
1785,693,SKU-0003,1,214.03,5.0,209.03,BER3,picked,false,9499.0
1786,693,SKU-0049,6,88.21,0,529.26,BER3,open,false,75852.0
1787,694,SKU-0005,1,287.06,2.5,284.56,MUC2,shipped,false,18469.0
1788,694,SKU-0033,3,344.98,5.0,1029.93,MUC2,invoiced,false,7188.0
1789,695,SKU-0056,3,68.53,0,205.59,MUC2,open,false,59664.0
1790,695,SKU-0099,3,255.28,5.0,760.83,MUC2,picked,false,66327.0
1791,696,SKU-0024,1,110.23,0,110.23,BER3,invoiced,false,13046.0
1792,696,SKU-0047,6,27.56,2.5,162.87,BER3,shipped,false,20166.0
1793,697,SKU-0010,2,242.13,0,484.26,CGN1,shipped,false,33362.0
1794,697,SKU-0006,4,241.06,0,964.26,CGN1,shipped,false,60156.0
1795,698,SKU-0013,4,362.56,0,1450.24,MUC2,open,false,68584.0
1796,698,SKU-0019,4,281.29,0,1125.18,MUC2,open,false,39292.0
1797,699,SKU-0105,1,250.11,2.5,247.61,BER3,picked,false,22445.0
1798,699,SKU-0085,6,229.33,0,1376.0,BER3,invoiced,false,102426.0
1799,700,SKU-0092,5,10.89,0,54.44,MUC2,picked,false,34255.0
1800,700,SKU-0041,4,294.12,5.0,1171.48,MUC2,open,false,62336.0
1801,701,SKU-0039,1,153.71,0,153.71,CGN1,invoiced,false,17265.0
1802,701,SKU-0035,6,298.95,0,1793.7,CGN1,shipped,false,33732.0
1803,702,SKU-0089,3,48.38,2.5,142.65,HH1,open,false,3957.0
1804,702,SKU-0093,3,114.67,2.5,341.51,HH1,picked,false,44640.0
1805,703,SKU-0057,4,407.48,5.0,1624.91,MUC2,picked,false,57092.0
1806,703,SKU-0001,6,188.23,0,1129.39,MUC2,invoiced,false,147540.0
1807,704,SKU-0106,6,269.77,0,1618.63,MUC2,shipped,false,46050.0
1808,704,SKU-0097,1,352.54,0,352.54,MUC2,picked,false,12620.0
1809,705,SKU-0017,5,263.59,5.0,1312.97,CGN1,open,false,136345.0
1810,705,SKU-0117,5,107.49,0,537.47,CGN1,picked,false,101820.0
1811,706,SKU-0008,3,209.14,0,627.42,BER3,open,false,77838.0
1812,706,SKU-0118,1,342.83,5.0,337.83,BER3,open,false,23770.0
1813,707,SKU-0111,5,74.05,0,370.27,MUC2,picked,false,54815.0
1814,707,SKU-0065,2,281.83,0,563.66,MUC2,invoiced,false,25790.0
1815,708,SKU-0064,5,261.32,2.5,1304.09,BER3,open,false,79340.0
1816,708,SKU-0025,5,287.64,0,1438.19,BER3,open,false,94275.0
1817,709,SKU-0060,6,252.88,0,1517.26,BER3,open,false,118566.0
1818,709,SKU-0042,3,165.92,0,497.76,BER3,picked,false,24822.0
1819,710,SKU-0028,3,187.2,5.0,556.59,HH1,invoiced,false,69792.0
1820,710,SKU-0006,2,241.72,5.0,478.45,HH1,invoiced,false,30078.0
1821,711,SKU-0009,5,251.66,0,1258.31,CGN1,open,false,81190.0
1822,711,SKU-0075,3,342.98,0,1028.94,CGN1,open,false,71880.0
1823,712,SKU-0092,4,11.34,5.0,40.37,MUC2,picked,true,27404.0
1824,712,SKU-0106,2,273.34,2.5,544.18,MUC2,invoiced,false,15350.0
1825,713,SKU-0102,5,85.03,2.5,422.63,MUC2,open,false,11035.0
1826,713,SKU-0101,4,375.03,0,1500.13,MUC2,picked,false,72424.0
1827,714,SKU-0037,4,284.62,5.0,1133.47,CGN1,open,false,11592.0
1828,714,SKU-0120,6,158.03,0,948.18,CGN1,open,false,83988.0
1829,715,SKU-0070,6,265.08,2.5,1587.97,MUC2,open,false,162528.0
1830,715,SKU-0024,5,106.66,0,533.3,MUC2,invoiced,false,65230.0
1831,716,SKU-0009,5,234.89,5.0,1169.45,CGN1,shipped,false,81190.0
1832,716,SKU-0005,4,275.89,0,1103.55,CGN1,invoiced,false,73876.0
1833,717,SKU-0105,2,240.65,2.5,478.79,HH1,open,false,44890.0
1834,717,SKU-0021,3,385.25,2.5,1153.26,HH1,invoiced,false,36741.0
1835,718,SKU-0008,3,206.52,2.5,617.07,HH1,invoiced,false,77838.0
1836,718,SKU-0099,6,251.15,5.0,1501.91,HH1,open,false,132654.0
1837,719,SKU-0094,6,258.8,2.5,1550.29,BER3,open,false,127788.0
1838,719,SKU-0010,5,252.74,0,1263.72,BER3,open,false,83405.0
1839,720,SKU-0067,2,314.88,5.0,624.75,CGN1,invoiced,false,1326.0
1840,720,SKU-0071,6,26.92,0,161.54,CGN1,picked,false,2634.0
1841,721,SKU-0115,2,330.7,0,661.41,HH1,picked,false,50110.0
1842,721,SKU-0094,2,259.72,0,519.44,HH1,open,false,42596.0
1843,722,SKU-0072,6,281.54,0,1689.26,HH1,open,false,4494.0
1844,722,SKU-0053,3,243.07,5.0,724.21,HH1,invoiced,false,53376.0
1845,723,SKU-0051,5,284.48,2.5,1419.91,MUC2,open,false,96495.0
1846,723,SKU-0017,2,281.29,5.0,557.58,MUC2,invoiced,false,54538.0
1847,724,SKU-0021,1,388.07,0,388.07,CGN1,shipped,false,12247.0
1848,724,SKU-0048,4,150.78,0,603.14,CGN1,picked,false,68356.0
1849,725,SKU-0109,1,285.96,0,285.96,BER3,invoiced,false,6692.0
1850,725,SKU-0073,6,200.04,5.0,1195.23,BER3,invoiced,false,51342.0
1851,726,SKU-0039,3,149.42,0,448.26,CGN1,shipped,false,51795.0
1852,726,SKU-0069,6,349.89,0,2099.35,CGN1,shipped,false,152844.0
1853,727,SKU-0001,6,189.64,5.0,1132.84,BER3,open,false,147540.0
1854,727,SKU-0077,3,221.91,0,665.72,BER3,open,false,23400.0
1855,728,SKU-0106,2,263.02,0,526.05,MUC2,picked,false,15350.0
1856,728,SKU-0036,4,216.25,0,865.0,MUC2,picked,false,87156.0
1857,729,SKU-0039,2,145.72,2.5,288.94,HH1,invoiced,false,34530.0
1858,729,SKU-0036,4,210.67,0,842.7,HH1,invoiced,false,87156.0
1859,730,SKU-0004,6,214.1,0,1284.58,MUC2,invoiced,true,46998.0
1860,730,SKU-0090,3,283.94,0,851.82,MUC2,invoiced,false,14883.0
1861,731,SKU-0002,5,317.41,5.0,1582.06,BER3,picked,false,135020.0
1862,731,SKU-0104,6,92.82,2.5,554.39,BER3,open,false,162228.0
1863,732,SKU-0013,2,367.96,5.0,730.93,CGN1,open,false,34292.0
1864,732,SKU-0067,4,327.3,0,1309.22,CGN1,picked,false,2652.0
1865,733,SKU-0030,5,118.23,0,591.16,HH1,open,true,98970.0
1866,733,SKU-0023,4,122.84,0,491.37,HH1,picked,false,21648.0
1867,734,SKU-0051,3,282.95,5.0,843.86,CGN1,invoiced,false,57897.0
1868,734,SKU-0060,2,250.05,0,500.1,CGN1,open,false,39522.0
1869,735,SKU-0022,2,67.76,0,135.53,MUC2,shipped,false,53142.0
1870,735,SKU-0023,3,124.74,0,374.22,MUC2,shipped,false,16236.0
1871,736,SKU-0105,5,258.54,5.0,1287.71,BER3,picked,false,112225.0
1872,736,SKU-0057,6,432.51,2.5,2592.57,BER3,open,false,85638.0
1873,737,SKU-0090,4,274.94,2.5,1097.27,MUC2,shipped,false,19844.0
1874,737,SKU-0085,4,226.3,2.5,902.68,MUC2,invoiced,false,68284.0
1875,738,SKU-0096,2,266.44,0,532.88,MUC2,picked,false,2202.0
1876,738,SKU-0028,2,186.02,5.0,367.04,MUC2,invoiced,false,46528.0
1877,739,SKU-0049,1,86.97,0,86.97,CGN1,open,false,12642.0
1878,739,SKU-0006,4,232.97,5.0,926.87,CGN1,open,false,60156.0
1879,740,SKU-0032,2,357.79,2.5,713.09,MUC2,picked,false,24464.0
1880,740,SKU-0117,6,101.24,0,607.42,MUC2,picked,false,122184.0
1881,741,SKU-0025,5,298.88,0,1494.41,BER3,picked,false,94275.0
1882,741,SKU-0018,2,408.32,5.0,811.65,BER3,shipped,true,44944.0
1883,742,SKU-0118,2,338.24,0,676.48,BER3,open,false,47540.0
1884,742,SKU-0062,5,339.34,5.0,1691.72,BER3,picked,false,133590.0
1885,743,SKU-0095,3,264.31,5.0,787.93,CGN1,invoiced,false,12807.0
1886,743,SKU-0116,6,177.83,0,1066.99,CGN1,open,false,91776.0
1887,744,SKU-0036,5,215.67,0,1078.36,MUC2,picked,false,108945.0
1888,744,SKU-0093,2,117.14,5.0,229.27,MUC2,shipped,false,29760.0
1889,745,SKU-0051,1,298.66,2.5,296.16,BER3,invoiced,false,19299.0
1890,745,SKU-0064,5,254.98,0,1274.89,BER3,open,false,79340.0
1891,746,SKU-0084,3,149.16,2.5,444.99,BER3,shipped,false,13125.0
1892,746,SKU-0003,5,215.81,0,1079.03,BER3,invoiced,false,47495.0
1893,747,SKU-0042,6,173.67,5.0,1037.02,HH1,picked,false,49644.0
1894,747,SKU-0089,1,45.39,2.5,42.89,HH1,shipped,false,1319.0
1895,748,SKU-0023,5,123.62,0,618.12,HH1,picked,false,27060.0
1896,748,SKU-0106,6,266.84,0,1601.01,HH1,open,false,46050.0
1897,749,SKU-0080,2,19.28,0,38.55,BER3,picked,false,4208.0
1898,749,SKU-0076,2,84.21,0,168.42,BER3,shipped,false,13716.0
1899,750,SKU-0068,6,315.32,5.0,1886.91,CGN1,shipped,false,37026.0
1900,750,SKU-0026,4,108.02,2.5,429.59,CGN1,picked,false,80512.0
1901,751,SKU-0022,4,69.85,5.0,274.41,CGN1,open,false,106284.0
1902,751,SKU-0003,4,214.69,0,858.76,CGN1,invoiced,false,37996.0
1903,752,SKU-0016,5,186.92,0,934.59,MUC2,open,false,60315.0
1904,752,SKU-0005,2,282.64,0,565.29,MUC2,invoiced,false,36938.0
1905,753,SKU-0097,4,336.79,0,1347.18,CGN1,shipped,false,50480.0
1906,753,SKU-0006,5,230.23,5.0,1146.17,CGN1,shipped,false,75195.0
1907,754,SKU-0027,3,275.86,0,827.59,CGN1,shipped,false,4362.0
1908,754,SKU-0079,2,273.58,5.0,542.16,CGN1,picked,false,52948.0
1909,755,SKU-0032,6,334.07,5.0,1999.4,BER3,picked,false,73392.0
1910,755,SKU-0093,6,117.14,0,702.86,BER3,invoiced,false,89280.0
1911,756,SKU-0090,5,278.98,0,1394.92,MUC2,shipped,false,24805.0
1912,756,SKU-0091,6,373.8,0,2242.78,MUC2,picked,false,96462.0
1913,757,SKU-0016,3,182.16,0,546.49,MUC2,invoiced,false,36189.0
1914,757,SKU-0063,1,99.83,0,99.83,MUC2,shipped,false,12451.0
1915,758,SKU-0093,3,116.74,5.0,345.23,HH1,invoiced,false,44640.0
1916,758,SKU-0011,1,313.66,5.0,308.66,HH1,invoiced,false,26175.0
1917,759,SKU-0027,3,263.41,2.5,787.72,CGN1,invoiced,false,4362.0
1918,759,SKU-0117,1,104.06,2.5,101.56,CGN1,open,false,20364.0
1919,760,SKU-0064,5,260.57,5.0,1297.85,MUC2,invoiced,false,79340.0
1920,760,SKU-0076,2,87.18,0,174.36,MUC2,invoiced,false,13716.0
1921,761,SKU-0025,3,285.06,2.5,852.68,HH1,shipped,false,56565.0
1922,761,SKU-0015,1,260.23,5.0,255.23,HH1,shipped,false,17857.0
1923,762,SKU-0107,6,308.64,5.0,1846.82,CGN1,shipped,false,39840.0
1924,762,SKU-0054,2,118.13,2.5,233.77,CGN1,shipped,false,45578.0
1925,763,SKU-0063,6,102.17,2.5,610.54,HH1,shipped,false,74706.0
1926,763,SKU-0120,1,162.45,0,162.45,HH1,invoiced,false,13998.0
1927,764,SKU-0025,5,291.61,0,1458.07,HH1,open,false,94275.0
1928,764,SKU-0026,5,105.13,0,525.67,HH1,shipped,false,100640.0
1929,765,SKU-0004,4,216.71,0,866.83,MUC2,invoiced,true,31332.0
1930,765,SKU-0103,6,253.48,0,1520.88,MUC2,picked,false,121242.0
1931,766,SKU-0083,5,238.18,5.0,1185.92,HH1,picked,false,113695.0
1932,766,SKU-0081,1,100.17,0,100.17,HH1,picked,false,2822.0
1933,767,SKU-0041,5,293.77,5.0,1463.83,BER3,picked,false,77920.0
1934,767,SKU-0086,4,294.26,0,1177.04,BER3,picked,false,7980.0
1935,768,SKU-0120,6,160.34,0,962.04,HH1,open,true,83988.0
1936,768,SKU-0030,1,109.56,0,109.56,HH1,picked,false,19794.0
1937,769,SKU-0073,4,203.95,2.5,813.29,HH1,open,false,34228.0
1938,769,SKU-0043,3,127.24,5.0,376.71,HH1,open,false,22866.0
1939,770,SKU-0106,6,263.06,2.5,1575.83,HH1,shipped,true,46050.0
1940,770,SKU-0110,3,316.13,0,948.38,HH1,shipped,false,60399.0
1941,771,SKU-0095,5,256.26,0,1281.29,MUC2,shipped,false,21345.0
1942,771,SKU-0109,2,287.41,0,574.82,MUC2,invoiced,false,13384.0
1943,772,SKU-0060,1,254.12,0,254.12,CGN1,picked,false,19761.0
1944,772,SKU-0037,5,267.42,0,1337.12,CGN1,invoiced,false,14490.0
1945,773,SKU-0015,4,268.05,0,1072.2,BER3,shipped,false,71428.0
1946,773,SKU-0010,5,254.0,0,1270.01,BER3,open,false,83405.0
1947,774,SKU-0015,5,268.15,0,1340.75,MUC2,open,false,89285.0
1948,774,SKU-0098,1,190.81,0,190.81,MUC2,shipped,false,1144.0
1949,775,SKU-0004,4,209.04,0,836.16,HH1,picked,false,31332.0
1950,775,SKU-0004,4,208.92,2.5,833.2,HH1,invoiced,false,31332.0
1951,776,SKU-0006,2,240.77,2.5,479.03,MUC2,picked,false,30078.0
1952,776,SKU-0077,4,219.18,5.0,871.74,MUC2,shipped,false,31200.0
1953,777,SKU-0115,4,322.61,0,1290.42,HH1,shipped,false,100220.0
1954,777,SKU-0031,1,191.76,5.0,186.76,HH1,open,false,13382.0
1955,778,SKU-0053,5,238.69,0,1193.47,HH1,picked,false,88960.0
1956,778,SKU-0072,2,303.89,0,607.77,HH1,invoiced,false,1498.0
1957,779,SKU-0046,1,8.94,5.0,3.94,HH1,shipped,false,7107.0
1958,779,SKU-0022,5,70.13,0,350.64,HH1,shipped,false,132855.0
1959,780,SKU-0091,2,346.52,0,693.05,BER3,invoiced,true,32154.0
1960,780,SKU-0008,6,215.83,0,1294.99,BER3,shipped,false,155676.0
1961,781,SKU-0120,1,160.8,0,160.8,HH1,open,false,13998.0
1962,781,SKU-0050,4,126.33,0,505.33,HH1,open,false,47732.0
1963,782,SKU-0108,4,390.29,0,1561.15,BER3,shipped,false,78020.0
1964,782,SKU-0044,6,130.52,0,783.1,BER3,picked,false,121812.0
1965,783,SKU-0054,6,112.37,0,674.21,BER3,shipped,false,136734.0
1966,783,SKU-0091,3,374.33,2.5,1120.49,BER3,invoiced,false,48231.0
1967,784,SKU-0080,2,18.97,2.5,35.44,HH1,open,false,4208.0
1968,784,SKU-0103,3,261.43,2.5,781.79,HH1,picked,false,60621.0
1969,785,SKU-0107,6,308.56,5.0,1846.37,BER3,shipped,false,39840.0
1970,785,SKU-0021,2,376.18,2.5,749.87,BER3,invoiced,true,24494.0
1971,786,SKU-0067,6,307.0,2.5,1839.48,HH1,invoiced,false,3978.0
1972,786,SKU-0119,2,93.08,0,186.17,HH1,picked,false,53140.0
1973,787,SKU-0037,5,272.28,2.5,1358.91,MUC2,picked,false,14490.0
1974,787,SKU-0014,2,38.34,0,76.68,MUC2,invoiced,false,40214.0
1975,788,SKU-0054,2,117.82,0,235.63,HH1,open,false,45578.0
1976,788,SKU-0074,3,203.69,0,611.07,HH1,open,false,74391.0
1977,789,SKU-0080,3,19.04,0,57.11,BER3,shipped,false,6312.0
1978,789,SKU-0079,4,257.96,0,1031.83,BER3,open,false,105896.0
1979,790,SKU-0025,3,283.2,0,849.6,BER3,shipped,false,56565.0
1980,790,SKU-0032,5,347.09,0,1735.47,BER3,shipped,false,61160.0
1981,791,SKU-0074,6,196.78,5.0,1175.71,CGN1,invoiced,false,148782.0
1982,791,SKU-0010,6,246.15,0,1476.92,CGN1,shipped,false,100086.0
1983,792,SKU-0006,3,232.33,2.5,694.48,CGN1,invoiced,false,45117.0
1984,792,SKU-0011,3,317.98,0,953.93,CGN1,shipped,false,78525.0
1985,793,SKU-0016,4,178.18,0,712.71,HH1,picked,false,48252.0
1986,793,SKU-0083,4,250.68,0,1002.7,HH1,shipped,false,90956.0
1987,794,SKU-0088,2,283.63,2.5,564.75,HH1,open,false,34036.0
1988,794,SKU-0096,2,267.7,0,535.4,HH1,shipped,false,2202.0
1989,795,SKU-0053,3,235.34,0,706.03,BER3,picked,false,53376.0
1990,795,SKU-0046,4,9.16,0,36.62,BER3,picked,false,28428.0
1991,796,SKU-0038,5,169.33,0,846.66,MUC2,invoiced,false,2020.0
1992,796,SKU-0033,4,335.11,0,1340.43,MUC2,picked,false,9584.0
1993,797,SKU-0081,3,105.7,2.5,314.59,HH1,invoiced,false,8466.0
1994,797,SKU-0113,4,223.32,5.0,888.27,HH1,shipped,false,80252.0
1995,798,SKU-0086,4,308.11,0,1232.46,CGN1,invoiced,false,7980.0
1996,798,SKU-0109,1,272.88,5.0,267.88,CGN1,invoiced,false,6692.0
1997,799,SKU-0008,6,213.28,5.0,1274.67,MUC2,shipped,false,155676.0
1998,799,SKU-0120,3,159.04,0,477.12,MUC2,picked,false,41994.0
1999,800,SKU-0023,2,121.49,2.5,240.49,MUC2,invoiced,false,10824.0
2000,800,SKU-0071,1,26.93,0,26.93,MUC2,open,false,439.0
2001,801,SKU-0115,3,326.69,0,980.07,BER3,open,false,75165.0
2002,801,SKU-0110,6,306.24,5.0,1832.45,BER3,invoiced,false,120798.0
2003,802,SKU-0073,1,191.35,5.0,186.35,MUC2,open,false,8557.0
2004,802,SKU-0017,4,280.19,5.0,1115.74,MUC2,invoiced,false,109076.0
2005,803,SKU-0054,2,117.69,5.0,230.38,HH1,picked,false,45578.0
2006,803,SKU-0013,2,368.99,0,737.98,HH1,picked,false,34292.0
2007,804,SKU-0021,1,399.74,2.5,397.24,CGN1,invoiced,false,12247.0
2008,804,SKU-0009,2,240.95,0,481.91,CGN1,invoiced,false,32476.0
2009,805,SKU-0054,1,115.05,0,115.05,HH1,invoiced,false,22789.0
2010,805,SKU-0053,2,245.1,0,490.21,HH1,invoiced,false,35584.0
2011,806,SKU-0027,6,269.7,0,1618.19,CGN1,picked,false,8724.0
2012,806,SKU-0020,2,154.18,0,308.36,CGN1,picked,false,52604.0
2013,807,SKU-0067,3,320.37,5.0,956.12,HH1,open,false,1989.0
2014,807,SKU-0056,2,69.13,0,138.25,HH1,invoiced,false,39776.0
2015,808,SKU-0114,1,350.76,0,350.76,CGN1,invoiced,false,7130.0
2016,808,SKU-0056,1,66.53,2.5,64.03,CGN1,invoiced,false,19888.0
2017,809,SKU-0049,5,86.21,0,431.05,CGN1,shipped,true,63210.0
2018,809,SKU-0090,3,270.46,0,811.39,CGN1,open,false,14883.0
2019,810,SKU-0064,2,256.46,2.5,510.42,BER3,open,false,31736.0
2020,810,SKU-0016,2,176.89,0,353.79,BER3,picked,false,24126.0
2021,811,SKU-0001,3,192.51,0,577.54,HH1,invoiced,false,73770.0
2022,811,SKU-0115,4,319.69,5.0,1273.76,HH1,invoiced,false,100220.0
2023,812,SKU-0009,2,242.49,0,484.97,CGN1,picked,false,32476.0
2024,812,SKU-0119,2,96.16,0,192.31,CGN1,open,false,53140.0
2025,813,SKU-0025,1,297.75,2.5,295.25,MUC2,shipped,false,18855.0
2026,813,SKU-0107,3,312.29,0,936.88,MUC2,open,false,19920.0
2027,814,SKU-0054,4,118.61,0,474.46,HH1,picked,false,91156.0
2028,814,SKU-0074,4,211.38,0,845.53,HH1,shipped,false,99188.0
2029,815,SKU-0085,6,238.16,0,1428.98,HH1,shipped,false,102426.0
2030,815,SKU-0004,6,218.22,0,1309.34,HH1,invoiced,false,46998.0
2031,816,SKU-0035,1,307.86,0,307.86,HH1,picked,true,5622.0
2032,816,SKU-0039,3,144.64,2.5,431.42,HH1,open,true,51795.0
2033,817,SKU-0069,2,354.85,0,709.69,HH1,shipped,false,50948.0
2034,817,SKU-0098,3,180.83,0,542.5,HH1,invoiced,false,3432.0
2035,818,SKU-0017,4,273.06,5.0,1087.24,BER3,picked,false,109076.0
2036,818,SKU-0088,2,289.66,0,579.31,BER3,picked,false,34036.0
2037,819,SKU-0021,4,395.24,0,1580.96,MUC2,picked,false,48988.0
2038,819,SKU-0028,1,175.65,2.5,173.15,MUC2,open,false,23264.0
2039,820,SKU-0119,6,95.83,0,574.99,MUC2,picked,false,159420.0
2040,820,SKU-0058,6,110.45,0,662.73,MUC2,open,true,129876.0
2041,821,SKU-0051,2,286.48,0,572.96,BER3,picked,false,38598.0
2042,821,SKU-0067,2,324.89,5.0,644.77,BER3,invoiced,false,1326.0
2043,822,SKU-0072,2,289.6,0,579.21,MUC2,open,false,1498.0
2044,822,SKU-0024,4,107.76,0,431.05,MUC2,invoiced,false,52184.0
2045,823,SKU-0021,2,387.67,0,775.33,HH1,invoiced,false,24494.0
2046,823,SKU-0110,1,307.79,2.5,305.29,HH1,shipped,false,20133.0
2047,824,SKU-0038,6,173.04,0,1038.22,HH1,shipped,false,2424.0
2048,824,SKU-0008,6,207.41,2.5,1241.95,HH1,invoiced,false,155676.0
2049,825,SKU-0101,5,358.96,0,1794.8,MUC2,picked,false,90530.0
2050,825,SKU-0107,6,314.0,2.5,1881.49,MUC2,invoiced,false,39840.0
2051,826,SKU-0040,2,316.48,0,632.96,BER3,open,false,42052.0
2052,826,SKU-0034,4,109.64,0,438.57,BER3,invoiced,false,31308.0
2053,827,SKU-0022,3,70.7,0,212.11,HH1,open,false,79713.0
2054,827,SKU-0069,1,373.2,2.5,370.7,HH1,shipped,false,25474.0
2055,828,SKU-0073,3,191.5,0,574.51,MUC2,invoiced,false,25671.0
2056,828,SKU-0111,6,74.07,5.0,439.42,MUC2,open,false,65778.0
2057,829,SKU-0012,1,50.55,0,50.55,BER3,shipped,false,2098.0
2058,829,SKU-0057,5,414.38,0,2071.89,BER3,shipped,false,71365.0
2059,830,SKU-0011,6,313.77,0,1882.63,CGN1,picked,false,157050.0
2060,830,SKU-0070,4,255.83,0,1023.31,CGN1,invoiced,false,108352.0
2061,831,SKU-0087,3,77.46,2.5,229.88,BER3,open,false,65289.0
2062,831,SKU-0108,6,387.14,0,2322.85,BER3,shipped,false,117030.0
2063,832,SKU-0086,5,304.47,5.0,1517.33,MUC2,picked,false,9975.0
2064,832,SKU-0082,2,363.79,0,727.59,MUC2,shipped,false,23956.0
2065,833,SKU-0106,2,268.92,0,537.84,CGN1,open,false,15350.0
2066,833,SKU-0115,6,318.88,2.5,1910.8,CGN1,invoiced,false,150330.0
2067,834,SKU-0057,3,434.27,2.5,1300.31,BER3,invoiced,false,42819.0
2068,834,SKU-0067,2,306.89,0,613.78,BER3,open,false,1326.0
2069,835,SKU-0009,3,251.2,5.0,748.61,CGN1,picked,false,48714.0
2070,835,SKU-0052,1,190.13,2.5,187.63,CGN1,open,false,2603.0
2071,836,SKU-0024,5,110.67,2.5,550.83,HH1,shipped,false,65230.0
2072,836,SKU-0025,3,279.84,0,839.51,HH1,shipped,false,56565.0
2073,837,SKU-0018,6,389.69,0,2338.17,MUC2,open,false,134832.0
2074,837,SKU-0043,1,127.27,0,127.27,MUC2,invoiced,false,7622.0
2075,838,SKU-0033,2,349.17,5.0,693.34,MUC2,shipped,false,4792.0
2076,838,SKU-0017,5,275.86,0,1379.31,MUC2,invoiced,true,136345.0
2077,839,SKU-0024,2,108.73,0,217.47,HH1,picked,false,26092.0
2078,839,SKU-0064,1,249.33,5.0,244.33,HH1,picked,false,15868.0
2079,840,SKU-0115,1,341.15,0,341.15,CGN1,shipped,false,25055.0
2080,840,SKU-0079,6,273.34,2.5,1637.51,CGN1,picked,false,158844.0
2081,841,SKU-0004,6,209.9,5.0,1254.37,BER3,open,true,46998.0
2082,841,SKU-0045,1,99.39,0,99.39,BER3,shipped,false,15516.0
2083,842,SKU-0001,2,193.23,0,386.46,HH1,invoiced,false,49180.0
2084,842,SKU-0047,2,26.3,0,52.59,HH1,shipped,false,6722.0
2085,843,SKU-0016,4,187.31,0,749.23,CGN1,invoiced,false,48252.0
2086,843,SKU-0047,6,27.89,0,167.33,CGN1,picked,false,20166.0
2087,844,SKU-0049,4,82.9,5.0,326.62,MUC2,picked,false,50568.0
2088,844,SKU-0043,2,128.91,0,257.83,MUC2,shipped,false,15244.0
2089,845,SKU-0116,2,176.57,0,353.14,BER3,picked,false,30592.0
2090,845,SKU-0026,5,108.07,0,540.33,BER3,invoiced,false,100640.0
2091,846,SKU-0036,5,211.47,2.5,1054.83,BER3,shipped,false,108945.0
2092,846,SKU-0062,6,334.47,5.0,2001.83,BER3,invoiced,false,160308.0
2093,847,SKU-0013,5,367.83,5.0,1834.15,BER3,picked,false,85730.0
2094,847,SKU-0088,6,290.04,0,1740.26,BER3,open,false,102108.0
2095,848,SKU-0011,5,323.84,2.5,1616.71,HH1,invoiced,false,130875.0
2096,848,SKU-0020,3,155.64,0,466.93,HH1,shipped,false,78906.0
2097,849,SKU-0056,2,67.02,0,134.04,CGN1,picked,false,39776.0
2098,849,SKU-0118,5,344.4,0,1722.0,CGN1,picked,false,118850.0
2099,850,SKU-0026,5,112.14,2.5,558.19,HH1,open,false,100640.0
2100,850,SKU-0059,6,107.17,0,643.04,HH1,picked,false,58176.0
2101,851,SKU-0054,2,117.53,5.0,230.05,HH1,picked,false,45578.0
2102,851,SKU-0082,2,352.14,2.5,701.78,HH1,open,false,23956.0
2103,852,SKU-0029,5,177.24,0,886.18,HH1,invoiced,false,61720.0
2104,852,SKU-0062,3,335.44,0,1006.32,HH1,shipped,false,80154.0
2105,853,SKU-0103,2,261.66,0,523.33,CGN1,invoiced,false,40414.0
2106,853,SKU-0082,1,344.97,5.0,339.97,CGN1,picked,false,11978.0
2107,854,SKU-0029,2,180.15,0,360.3,MUC2,shipped,false,24688.0
2108,854,SKU-0092,2,11.19,5.0,17.37,MUC2,picked,false,13702.0
2109,855,SKU-0018,4,397.75,0,1591.02,HH1,invoiced,false,89888.0
2110,855,SKU-0093,2,114.64,0,229.29,HH1,invoiced,false,29760.0
2111,856,SKU-0120,6,153.14,2.5,916.32,HH1,invoiced,false,83988.0
2112,856,SKU-0031,1,192.38,0,192.38,HH1,picked,false,13382.0
2113,857,SKU-0093,2,114.42,0,228.84,MUC2,shipped,false,29760.0
2114,857,SKU-0069,6,345.11,5.0,2065.66,MUC2,shipped,false,152844.0
2115,858,SKU-0046,6,8.91,0,53.45,MUC2,open,false,42642.0
2116,858,SKU-0018,2,385.67,2.5,768.84,MUC2,invoiced,false,44944.0
2117,859,SKU-0078,2,47.99,5.0,90.99,HH1,picked,false,9840.0
2118,859,SKU-0083,1,248.43,0,248.43,HH1,picked,false,22739.0
2119,860,SKU-0060,4,262.11,0,1048.44,BER3,invoiced,false,79044.0
2120,860,SKU-0032,3,344.55,2.5,1031.16,BER3,open,false,36696.0
2121,861,SKU-0089,4,45.55,0,182.21,CGN1,open,false,5276.0
2122,861,SKU-0031,4,200.96,5.0,798.84,CGN1,shipped,false,53528.0
2123,862,SKU-0119,5,91.69,0,458.45,MUC2,open,false,132850.0
2124,862,SKU-0047,5,27.39,0,136.97,MUC2,picked,false,16805.0
2125,863,SKU-0033,1,353.73,5.0,348.73,HH1,open,false,2396.0
2126,863,SKU-0098,2,188.81,0,377.62,HH1,invoiced,false,2288.0
2127,864,SKU-0077,2,233.8,0,467.59,BER3,shipped,false,15600.0
2128,864,SKU-0108,2,390.07,0,780.13,BER3,shipped,false,39010.0
2129,865,SKU-0010,2,240.83,0,481.66,HH1,open,false,33362.0
2130,865,SKU-0078,3,46.83,2.5,137.99,HH1,open,false,14760.0
2131,866,SKU-0017,6,275.79,0,1654.72,HH1,open,false,163614.0
2132,866,SKU-0090,1,275.83,0,275.83,HH1,open,false,4961.0
2133,867,SKU-0079,4,272.72,0,1090.88,MUC2,picked,false,105896.0
2134,867,SKU-0091,6,367.84,0,2207.07,MUC2,shipped,false,96462.0
2135,868,SKU-0110,6,302.3,0,1813.81,HH1,open,false,120798.0
2136,868,SKU-0074,5,201.46,0,1007.3,HH1,invoiced,false,123985.0
2137,869,SKU-0104,6,95.31,5.0,566.88,MUC2,invoiced,false,162228.0
2138,869,SKU-0104,6,92.34,0,554.03,MUC2,invoiced,false,162228.0
2139,870,SKU-0070,2,263.72,2.5,524.94,MUC2,shipped,false,54176.0
2140,870,SKU-0093,1,121.65,0,121.65,MUC2,open,false,14880.0
2141,871,SKU-0054,2,112.58,5.0,220.15,BER3,picked,false,45578.0
2142,871,SKU-0034,1,109.35,5.0,104.35,BER3,picked,false,7827.0
2143,872,SKU-0034,3,113.08,5.0,334.25,BER3,open,false,23481.0
2144,872,SKU-0060,4,266.22,0,1064.88,BER3,shipped,false,79044.0
2145,873,SKU-0027,1,270.42,5.0,265.42,CGN1,shipped,false,1454.0
2146,873,SKU-0024,1,113.95,0,113.95,CGN1,open,false,13046.0
2147,874,SKU-0087,1,78.86,2.5,76.36,BER3,invoiced,false,21763.0
2148,874,SKU-0008,2,207.48,5.0,409.95,BER3,shipped,false,51892.0
2149,875,SKU-0112,2,104.27,0,208.53,HH1,picked,false,43226.0
2150,875,SKU-0097,4,356.57,0,1426.28,HH1,open,false,50480.0
2151,876,SKU-0041,5,280.59,0,1402.97,MUC2,open,false,77920.0
2152,876,SKU-0022,1,71.14,0,71.14,MUC2,invoiced,false,26571.0
2153,877,SKU-0118,5,333.87,5.0,1664.36,BER3,invoiced,false,118850.0
2154,877,SKU-0013,1,358.77,0,358.77,BER3,shipped,false,17146.0
2155,878,SKU-0019,1,294.96,5.0,289.96,HH1,picked,false,9823.0
2156,878,SKU-0022,3,69.46,0,208.38,HH1,invoiced,false,79713.0
2157,879,SKU-0007,2,97.42,0,194.83,CGN1,picked,false,54266.0
2158,879,SKU-0052,6,187.51,0,1125.06,CGN1,open,false,15618.0
2159,880,SKU-0102,2,83.78,2.5,165.07,CGN1,picked,false,4414.0
2160,880,SKU-0057,5,430.2,5.0,2146.01,CGN1,shipped,false,71365.0
2161,881,SKU-0111,3,77.22,2.5,229.15,MUC2,picked,false,32889.0
2162,881,SKU-0027,5,278.66,5.0,1388.31,MUC2,invoiced,false,7270.0
2163,882,SKU-0071,4,27.98,0,111.92,HH1,open,false,1756.0
2164,882,SKU-0061,6,16.12,0,96.73,HH1,picked,false,2874.0
2165,883,SKU-0076,6,86.36,0,518.14,CGN1,invoiced,false,41148.0
2166,883,SKU-0088,2,304.8,0,609.61,CGN1,invoiced,false,34036.0
2167,884,SKU-0022,3,71.93,5.0,210.8,BER3,open,false,79713.0
2168,884,SKU-0006,1,230.92,0,230.92,BER3,open,false,15039.0
2169,885,SKU-0107,2,310.85,0,621.7,BER3,invoiced,false,13280.0
2170,885,SKU-0026,6,109.67,0,658.02,BER3,open,false,120768.0
2171,886,SKU-0116,6,174.17,0,1045.05,HH1,invoiced,false,91776.0
2172,886,SKU-0050,6,128.58,0,771.5,HH1,picked,false,71598.0
2173,887,SKU-0021,2,402.08,2.5,801.66,BER3,shipped,false,24494.0
2174,887,SKU-0011,2,321.21,5.0,637.43,BER3,invoiced,false,52350.0
2175,888,SKU-0022,2,68.31,0,136.63,BER3,open,true,53142.0
2176,888,SKU-0007,4,104.01,0,416.06,BER3,open,false,108532.0
2177,889,SKU-0021,1,380.44,5.0,375.44,MUC2,invoiced,false,12247.0
2178,889,SKU-0022,5,70.26,0,351.32,MUC2,invoiced,false,132855.0
2179,890,SKU-0099,2,257.59,0,515.18,MUC2,open,false,44218.0
2180,890,SKU-0062,6,335.37,2.5,2009.7,MUC2,shipped,false,160308.0
2181,891,SKU-0049,2,88.92,5.0,172.84,MUC2,shipped,false,25284.0
2182,891,SKU-0059,6,102.68,0,616.08,MUC2,invoiced,false,58176.0
2183,892,SKU-0096,4,270.67,2.5,1080.19,BER3,picked,false,4404.0
2184,892,SKU-0065,1,278.16,0,278.16,BER3,shipped,false,12895.0
2185,893,SKU-0086,3,303.72,0,911.15,BER3,picked,true,5985.0
2186,893,SKU-0020,3,159.95,0,479.85,BER3,picked,false,78906.0
2187,894,SKU-0070,3,251.94,2.5,753.33,MUC2,picked,false,81264.0
2188,894,SKU-0030,1,110.92,0,110.92,MUC2,picked,false,19794.0
2189,895,SKU-0094,6,267.45,0,1604.69,MUC2,open,false,127788.0
2190,895,SKU-0061,4,15.87,5.0,58.49,MUC2,invoiced,false,1916.0
2191,896,SKU-0033,4,351.2,0,1404.79,CGN1,shipped,false,9584.0
2192,896,SKU-0008,1,210.47,0,210.47,CGN1,shipped,false,25946.0
2193,897,SKU-0076,3,87.9,0,263.69,CGN1,picked,false,20574.0
2194,897,SKU-0077,6,228.71,0,1372.26,CGN1,invoiced,false,46800.0
2195,898,SKU-0021,1,393.34,0,393.34,MUC2,open,false,12247.0
2196,898,SKU-0087,2,78.98,0,157.97,MUC2,shipped,false,43526.0
2197,899,SKU-0070,2,258.68,2.5,514.87,HH1,invoiced,false,54176.0
2198,899,SKU-0113,5,225.65,0,1128.27,HH1,picked,false,100315.0
2199,900,SKU-0017,2,278.61,0,557.21,CGN1,invoiced,false,54538.0
2200,900,SKU-0068,2,328.01,0,656.03,CGN1,open,false,12342.0
2201,901,SKU-0018,3,399.54,0,1198.63,MUC2,shipped,false,67416.0
2202,901,SKU-0008,6,217.46,0,1304.75,MUC2,open,false,155676.0
2203,902,SKU-0021,3,397.88,0,1193.64,BER3,shipped,false,36741.0
2204,902,SKU-0039,2,150.32,5.0,295.64,BER3,picked,false,34530.0
2205,903,SKU-0025,3,299.81,0,899.42,MUC2,shipped,false,56565.0
2206,903,SKU-0003,5,226.91,0,1134.54,MUC2,picked,false,47495.0
2207,904,SKU-0115,1,327.87,0,327.87,CGN1,shipped,false,25055.0
2208,904,SKU-0097,3,342.38,0,1027.13,CGN1,picked,false,37860.0
2209,905,SKU-0055,3,91.3,2.5,271.41,BER3,picked,false,43620.0
2210,905,SKU-0119,3,91.14,0,273.43,BER3,invoiced,false,79710.0
2211,906,SKU-0048,1,148.8,0,148.8,MUC2,picked,false,17089.0
2212,906,SKU-0060,2,259.32,2.5,516.14,MUC2,invoiced,false,39522.0
2213,907,SKU-0042,6,163.77,0,982.63,CGN1,open,false,49644.0
2214,907,SKU-0057,2,433.88,2.5,865.26,CGN1,shipped,false,28546.0
2215,908,SKU-0072,4,289.36,5.0,1152.45,MUC2,picked,false,2996.0
2216,908,SKU-0014,2,40.55,2.5,78.59,MUC2,picked,false,40214.0
2217,909,SKU-0007,3,103.31,0,309.93,HH1,invoiced,false,81399.0
2218,909,SKU-0043,2,124.49,0,248.97,HH1,open,false,15244.0
2219,910,SKU-0007,1,99.11,5.0,94.11,HH1,invoiced,false,27133.0
2220,910,SKU-0002,2,318.02,0,636.03,HH1,invoiced,false,54008.0
2221,911,SKU-0040,5,301.22,2.5,1503.58,CGN1,invoiced,false,105130.0
2222,911,SKU-0064,4,249.04,0,996.17,CGN1,shipped,false,63472.0
2223,912,SKU-0107,5,315.64,0,1578.2,HH1,open,false,33200.0
2224,912,SKU-0052,5,185.37,5.0,921.83,HH1,invoiced,false,13015.0
2225,913,SKU-0080,2,18.45,5.0,31.9,BER3,shipped,false,4208.0
2226,913,SKU-0004,6,209.71,0,1258.28,BER3,invoiced,false,46998.0
2227,914,SKU-0028,1,186.66,5.0,181.66,CGN1,picked,false,23264.0
2228,914,SKU-0032,1,336.21,0,336.21,CGN1,open,false,12232.0
2229,915,SKU-0006,2,231.04,2.5,459.58,CGN1,invoiced,false,30078.0
2230,915,SKU-0026,1,106.48,2.5,103.98,CGN1,invoiced,false,20128.0
2231,916,SKU-0099,3,243.28,0,729.85,CGN1,invoiced,false,66327.0
2232,916,SKU-0056,4,66.94,2.5,265.25,CGN1,picked,false,79552.0
2233,917,SKU-0087,3,74.75,2.5,221.76,CGN1,open,false,65289.0
2234,917,SKU-0062,4,328.72,0,1314.87,CGN1,picked,false,106872.0
2235,918,SKU-0117,6,105.19,0,631.15,BER3,invoiced,false,122184.0
2236,918,SKU-0022,6,68.95,2.5,411.2,BER3,picked,false,159426.0
2237,919,SKU-0047,4,27.04,0,108.16,BER3,invoiced,false,13444.0
2238,919,SKU-0118,5,343.12,2.5,1713.12,BER3,picked,false,118850.0
2239,920,SKU-0090,1,270.27,5.0,265.27,CGN1,invoiced,false,4961.0
2240,920,SKU-0029,4,184.96,0,739.83,CGN1,open,false,49376.0
2241,921,SKU-0052,3,189.37,5.0,563.12,MUC2,picked,false,7809.0
2242,921,SKU-0013,6,352.32,2.5,2111.41,MUC2,picked,false,102876.0
2243,922,SKU-0050,1,128.37,5.0,123.37,BER3,picked,false,11933.0
2244,922,SKU-0089,4,46.12,2.5,181.99,BER3,invoiced,false,5276.0
2245,923,SKU-0020,4,157.7,0,630.8,BER3,picked,false,105208.0
2246,923,SKU-0001,4,193.87,0,775.48,BER3,shipped,true,98360.0
2247,924,SKU-0034,6,106.77,5.0,635.61,MUC2,picked,false,46962.0
2248,924,SKU-0034,1,109.18,0,109.18,MUC2,picked,true,7827.0
2249,925,SKU-0081,4,103.01,2.5,409.54,HH1,invoiced,false,11288.0
2250,925,SKU-0082,5,360.22,5.0,1796.08,HH1,invoiced,false,59890.0
2251,926,SKU-0012,4,52.74,2.5,208.46,BER3,invoiced,false,8392.0
2252,926,SKU-0078,6,44.98,5.0,264.9,BER3,open,false,29520.0
2253,927,SKU-0096,6,263.06,2.5,1575.84,HH1,invoiced,false,6606.0
2254,927,SKU-0041,1,288.63,0,288.63,HH1,invoiced,false,15584.0
2255,928,SKU-0088,4,290.1,2.5,1157.91,CGN1,open,false,68072.0
2256,928,SKU-0056,5,64.74,5.0,318.7,CGN1,picked,false,99440.0
2257,929,SKU-0084,5,140.48,5.0,697.42,HH1,open,false,21875.0
2258,929,SKU-0050,1,127.41,0,127.41,HH1,shipped,false,11933.0
2259,930,SKU-0100,2,190.15,0,380.3,MUC2,shipped,false,51346.0
2260,930,SKU-0052,4,182.55,0,730.2,MUC2,shipped,false,10412.0
2261,931,SKU-0020,2,158.33,2.5,314.16,MUC2,shipped,false,52604.0
2262,931,SKU-0074,4,208.69,0,834.77,MUC2,invoiced,false,99188.0
2263,932,SKU-0090,1,278.22,2.5,275.72,BER3,open,false,4961.0
2264,932,SKU-0094,6,270.67,0,1624.02,BER3,open,false,127788.0
2265,933,SKU-0076,4,84.28,0,337.14,HH1,open,false,27432.0
2266,933,SKU-0021,2,396.84,2.5,791.18,HH1,shipped,false,24494.0
2267,934,SKU-0036,2,206.91,0,413.82,MUC2,picked,false,43578.0
2268,934,SKU-0094,2,271.71,0,543.43,MUC2,invoiced,false,42596.0
2269,935,SKU-0035,6,311.63,0,1869.78,HH1,picked,false,33732.0
2270,935,SKU-0111,1,75.98,0,75.98,HH1,open,false,10963.0
2271,936,SKU-0073,3,194.23,0,582.7,MUC2,shipped,false,25671.0
2272,936,SKU-0025,4,285.69,5.0,1137.77,MUC2,picked,false,75420.0
2273,937,SKU-0071,1,28.1,0,28.1,BER3,invoiced,false,439.0
2274,937,SKU-0116,4,176.41,2.5,703.13,BER3,picked,false,61184.0
2275,938,SKU-0054,2,116.07,0,232.14,BER3,shipped,false,45578.0
2276,938,SKU-0103,1,253.27,0,253.27,BER3,shipped,false,20207.0
2277,939,SKU-0010,4,236.17,5.0,939.69,BER3,open,false,66724.0
2278,939,SKU-0024,5,106.6,5.0,528.02,BER3,picked,false,65230.0
2279,940,SKU-0003,1,215.72,5.0,210.72,MUC2,open,false,9499.0
2280,940,SKU-0008,6,212.04,2.5,1269.76,MUC2,open,false,155676.0
2281,941,SKU-0018,5,394.6,0,1972.98,CGN1,open,false,112360.0
2282,941,SKU-0021,4,400.33,2.5,1598.81,CGN1,open,false,48988.0
2283,942,SKU-0078,6,46.92,0,281.54,CGN1,shipped,false,29520.0
2284,942,SKU-0006,5,237.63,0,1188.13,CGN1,picked,false,75195.0
2285,943,SKU-0114,4,337.97,5.0,1346.86,HH1,open,false,28520.0
2286,943,SKU-0063,3,100.88,0,302.63,HH1,picked,false,37353.0
2287,944,SKU-0113,4,231.04,5.0,919.15,MUC2,shipped,false,80252.0
2288,944,SKU-0001,3,200.48,0,601.44,MUC2,picked,false,73770.0
2289,945,SKU-0113,6,227.69,2.5,1363.63,MUC2,shipped,false,120378.0
2290,945,SKU-0120,6,152.77,0,916.64,MUC2,shipped,false,83988.0
2291,946,SKU-0050,2,125.74,0,251.48,BER3,open,false,23866.0
2292,946,SKU-0111,3,74.85,0,224.54,BER3,invoiced,false,32889.0
2293,947,SKU-0033,6,343.32,0,2059.93,MUC2,shipped,false,14376.0
2294,947,SKU-0030,2,117.8,0,235.6,MUC2,shipped,false,39588.0
2295,948,SKU-0049,4,86.77,0,347.07,BER3,shipped,false,50568.0
2296,948,SKU-0023,4,127.43,2.5,507.24,BER3,shipped,false,21648.0
2297,949,SKU-0113,2,230.64,0,461.28,BER3,shipped,false,40126.0
2298,949,SKU-0039,1,152.75,0,152.75,BER3,invoiced,false,17265.0
2299,950,SKU-0019,4,297.25,0,1189.01,HH1,open,false,39292.0
2300,950,SKU-0043,2,131.66,0,263.31,HH1,open,false,15244.0
2301,951,SKU-0090,1,282.99,5.0,277.99,CGN1,picked,false,4961.0
2302,951,SKU-0002,5,311.29,0,1556.43,CGN1,picked,false,135020.0
2303,952,SKU-0009,6,240.71,0,1444.28,HH1,picked,false,97428.0
2304,952,SKU-0001,4,190.65,0,762.61,HH1,picked,true,98360.0
2305,953,SKU-0015,2,268.42,0,536.85,HH1,open,false,35714.0
2306,953,SKU-0004,5,211.79,0,1058.94,HH1,shipped,false,39165.0
2307,954,SKU-0020,6,155.79,2.5,932.26,CGN1,open,false,157812.0
2308,954,SKU-0017,4,265.7,0,1062.8,CGN1,invoiced,false,109076.0
2309,955,SKU-0072,6,290.41,0,1742.48,BER3,picked,false,4494.0
2310,955,SKU-0120,4,158.21,0,632.85,BER3,shipped,false,55992.0
2311,956,SKU-0004,1,204.59,5.0,199.59,MUC2,shipped,false,7833.0
2312,956,SKU-0004,3,210.74,2.5,629.71,MUC2,invoiced,false,23499.0
2313,957,SKU-0050,4,130.6,0,522.41,BER3,shipped,false,47732.0
2314,957,SKU-0117,2,105.65,5.0,206.29,BER3,open,true,40728.0
2315,958,SKU-0007,5,102.25,0,511.25,MUC2,picked,false,135665.0
2316,958,SKU-0071,6,28.11,0,168.67,MUC2,shipped,false,2634.0
2317,959,SKU-0071,3,27.44,0,82.33,MUC2,open,false,1317.0
2318,959,SKU-0008,5,218.48,2.5,1089.91,MUC2,shipped,false,129730.0
2319,960,SKU-0058,3,109.38,0,328.13,BER3,invoiced,true,64938.0
2320,960,SKU-0049,1,86.76,0,86.76,BER3,shipped,false,12642.0
2321,961,SKU-0065,1,292.95,5.0,287.95,HH1,open,false,12895.0
2322,961,SKU-0025,4,289.21,0,1156.83,HH1,open,false,75420.0
2323,962,SKU-0119,1,92.83,0,92.83,CGN1,picked,false,26570.0
2324,962,SKU-0007,4,103.66,2.5,412.15,CGN1,invoiced,false,108532.0
2325,963,SKU-0076,5,82.54,0,412.68,BER3,shipped,false,34290.0
2326,963,SKU-0060,6,255.68,0,1534.06,BER3,picked,false,118566.0
2327,964,SKU-0008,2,217.03,5.0,429.07,HH1,shipped,false,51892.0
2328,964,SKU-0053,1,237.8,0,237.8,HH1,invoiced,false,17792.0
2329,965,SKU-0065,1,273.06,0,273.06,CGN1,open,false,12895.0
2330,965,SKU-0060,3,252.51,0,757.54,CGN1,shipped,false,59283.0
2331,966,SKU-0102,1,82.39,0,82.39,HH1,invoiced,false,2207.0
2332,966,SKU-0053,1,239.52,5.0,234.52,HH1,open,false,17792.0
2333,967,SKU-0038,4,170.78,5.0,678.1,BER3,invoiced,false,1616.0
2334,967,SKU-0021,6,385.31,0,2311.89,BER3,shipped,false,73482.0
2335,968,SKU-0031,4,192.57,2.5,767.79,MUC2,picked,false,53528.0
2336,968,SKU-0021,2,405.04,0,810.08,MUC2,open,false,24494.0
2337,969,SKU-0004,2,205.29,5.0,405.58,HH1,shipped,false,15666.0
2338,969,SKU-0021,2,403.72,0,807.43,HH1,picked,false,24494.0
2339,970,SKU-0012,1,50.06,5.0,45.06,CGN1,open,false,2098.0
2340,970,SKU-0006,5,248.07,5.0,1235.34,CGN1,invoiced,false,75195.0
2341,971,SKU-0103,3,255.42,5.0,761.25,HH1,picked,false,60621.0
2342,971,SKU-0035,1,303.73,5.0,298.73,HH1,open,false,5622.0
2343,972,SKU-0037,1,287.36,5.0,282.36,MUC2,open,false,2898.0
2344,972,SKU-0027,1,260.54,0,260.54,MUC2,invoiced,false,1454.0
2345,973,SKU-0029,1,188.97,0,188.97,CGN1,invoiced,false,12344.0
2346,973,SKU-0080,2,18.3,2.5,34.1,CGN1,invoiced,false,4208.0
2347,974,SKU-0010,6,251.4,0,1508.37,MUC2,picked,false,100086.0
2348,974,SKU-0026,5,110.41,0,552.05,MUC2,picked,false,100640.0
2349,975,SKU-0020,4,163.65,2.5,652.1,CGN1,shipped,false,105208.0
2350,975,SKU-0052,4,185.51,0,742.06,CGN1,picked,false,10412.0
2351,976,SKU-0059,5,106.47,0,532.36,MUC2,picked,false,48480.0
2352,976,SKU-0035,3,313.29,2.5,937.36,MUC2,open,false,16866.0
2353,977,SKU-0021,3,387.57,0,1162.72,CGN1,invoiced,false,36741.0
2354,977,SKU-0090,4,267.97,0,1071.88,CGN1,open,false,19844.0
2355,978,SKU-0044,5,128.79,5.0,638.97,BER3,picked,false,101510.0
2356,978,SKU-0119,4,96.02,0,384.1,BER3,picked,false,106280.0
2357,979,SKU-0085,5,237.1,0,1185.48,MUC2,picked,false,85355.0
2358,979,SKU-0002,2,315.78,2.5,629.07,MUC2,picked,false,54008.0
2359,980,SKU-0046,4,8.72,0,34.88,BER3,open,false,28428.0
2360,980,SKU-0100,2,194.11,2.5,385.72,BER3,shipped,false,51346.0
2361,981,SKU-0118,4,329.68,2.5,1316.23,CGN1,shipped,false,95080.0
2362,981,SKU-0061,4,15.62,2.5,60.0,CGN1,invoiced,false,1916.0
2363,982,SKU-0091,3,368.68,0,1106.05,MUC2,open,false,48231.0
2364,982,SKU-0076,5,83.06,0,415.28,MUC2,invoiced,false,34290.0
2365,983,SKU-0050,2,127.82,2.5,253.13,MUC2,picked,false,23866.0
2366,983,SKU-0059,3,101.72,5.0,300.17,MUC2,shipped,false,29088.0
2367,984,SKU-0028,5,182.35,2.5,909.25,MUC2,open,false,116320.0
2368,984,SKU-0035,4,313.97,0,1255.86,MUC2,shipped,false,22488.0
2369,985,SKU-0028,5,179.27,5.0,891.35,CGN1,shipped,false,116320.0
2370,985,SKU-0047,1,27.1,0,27.1,CGN1,invoiced,false,3361.0
2371,986,SKU-0028,4,177.55,0,710.21,BER3,open,false,93056.0
2372,986,SKU-0014,4,40.06,0,160.23,BER3,picked,false,80428.0
2373,987,SKU-0013,5,378.51,5.0,1887.54,CGN1,open,true,85730.0
2374,987,SKU-0099,4,240.14,2.5,958.07,CGN1,shipped,false,88436.0
2375,988,SKU-0081,6,104.61,5.0,622.64,BER3,invoiced,false,16932.0
2376,988,SKU-0096,1,263.85,0,263.85,BER3,shipped,false,1101.0
2377,989,SKU-0114,4,346.57,0,1386.3,CGN1,invoiced,false,28520.0
2378,989,SKU-0044,5,128.98,0,644.88,CGN1,open,false,101510.0
2379,990,SKU-0098,2,183.45,2.5,364.4,BER3,open,false,2288.0
2380,990,SKU-0082,5,340.94,2.5,1702.22,BER3,shipped,false,59890.0
2381,991,SKU-0060,2,253.09,0,506.17,MUC2,shipped,false,39522.0
2382,991,SKU-0019,1,285.21,5.0,280.21,MUC2,invoiced,false,9823.0
2383,992,SKU-0087,5,79.1,0,395.52,CGN1,shipped,false,108815.0
2384,992,SKU-0028,1,173.21,0,173.21,CGN1,open,false,23264.0
2385,993,SKU-0114,4,350.66,2.5,1400.14,HH1,open,false,28520.0
2386,993,SKU-0079,3,268.26,0,804.79,HH1,picked,false,79422.0
2387,994,SKU-0107,1,312.49,5.0,307.49,HH1,picked,false,6640.0
2388,994,SKU-0117,4,100.83,0,403.33,HH1,open,false,81456.0
2389,995,SKU-0043,6,132.73,0,796.38,BER3,picked,false,45732.0
2390,995,SKU-0069,5,360.07,2.5,1797.86,BER3,shipped,false,127370.0
2391,996,SKU-0109,6,284.57,2.5,1704.89,BER3,open,false,40152.0
2392,996,SKU-0120,3,163.24,5.0,484.73,BER3,picked,false,41994.0
2393,997,SKU-0054,1,112.31,5.0,107.31,MUC2,picked,false,22789.0
2394,997,SKU-0085,6,240.47,0,1442.81,MUC2,shipped,false,102426.0
2395,998,SKU-0083,3,238.55,0,715.66,HH1,shipped,false,68217.0
2396,998,SKU-0015,5,267.89,0,1339.45,HH1,shipped,false,89285.0
2397,999,SKU-0058,1,103.51,0,103.51,MUC2,shipped,false,21646.0
2398,999,SKU-0089,4,48.83,5.0,190.3,MUC2,invoiced,false,5276.0
2399,1000,SKU-0075,5,333.17,2.5,1663.33,CGN1,invoiced,true,119800.0
2400,1000,SKU-0033,4,351.94,0,1407.77,CGN1,invoiced,false,9584.0
2401,1001,SKU-0070,6,260.71,0,1564.27,BER3,open,false,162528.0
2402,1001,SKU-0084,1,139.1,5.0,134.1,BER3,invoiced,false,4375.0
2403,1002,SKU-0059,4,102.02,0,408.06,BER3,invoiced,false,38784.0
2404,1002,SKU-0070,4,265.26,0,1061.03,BER3,open,false,108352.0
2405,1003,SKU-0081,4,100.6,5.0,397.4,HH1,shipped,false,11288.0
2406,1003,SKU-0048,3,149.77,0,449.3,HH1,open,false,51267.0
2407,1004,SKU-0069,1,369.65,0,369.65,BER3,invoiced,false,25474.0
2408,1004,SKU-0012,6,53.2,2.5,316.69,BER3,picked,false,12588.0
2409,1005,SKU-0081,4,104.03,5.0,411.12,CGN1,invoiced,false,11288.0
2410,1005,SKU-0012,4,50.05,0,200.21,CGN1,picked,false,8392.0
2411,1006,SKU-0028,2,184.09,2.5,365.68,HH1,picked,false,46528.0
2412,1006,SKU-0083,6,249.7,0,1498.2,HH1,invoiced,false,136434.0
2413,1007,SKU-0049,4,85.48,2.5,339.42,MUC2,invoiced,false,50568.0
2414,1007,SKU-0100,4,184.82,0,739.28,MUC2,invoiced,false,102692.0
2415,1008,SKU-0002,5,318.78,5.0,1588.91,MUC2,invoiced,false,135020.0
2416,1008,SKU-0064,1,266.07,0,266.07,MUC2,invoiced,false,15868.0
2417,1009,SKU-0010,3,236.57,0,709.71,MUC2,picked,false,50043.0
2418,1009,SKU-0119,4,96.63,0,386.5,MUC2,invoiced,false,106280.0
2419,1010,SKU-0014,4,37.88,2.5,149.02,BER3,picked,false,80428.0
2420,1010,SKU-0036,4,218.78,2.5,872.64,BER3,picked,false,87156.0
2421,1011,SKU-0107,2,311.64,2.5,620.78,HH1,open,false,13280.0
2422,1011,SKU-0062,4,325.54,5.0,1297.17,HH1,invoiced,false,106872.0
2423,1012,SKU-0012,4,52.22,0,208.87,CGN1,invoiced,false,8392.0
2424,1012,SKU-0066,5,269.19,5.0,1340.97,CGN1,picked,false,96720.0
2425,1013,SKU-0054,3,115.82,0,347.47,HH1,open,false,68367.0
2426,1013,SKU-0013,1,364.11,0,364.11,HH1,shipped,false,17146.0
2427,1014,SKU-0113,6,224.7,0,1348.19,HH1,shipped,false,120378.0
2428,1014,SKU-0039,3,146.8,5.0,435.39,HH1,invoiced,false,51795.0
2429,1015,SKU-0050,2,124.16,0,248.32,BER3,open,true,23866.0
2430,1015,SKU-0086,3,301.45,5.0,899.35,BER3,invoiced,false,5985.0
2431,1016,SKU-0064,3,254.58,0,763.74,BER3,open,false,47604.0
2432,1016,SKU-0097,3,362.31,0,1086.93,BER3,invoiced,false,37860.0
2433,1017,SKU-0105,2,240.92,2.5,479.34,CGN1,open,false,44890.0
2434,1017,SKU-0044,5,135.7,0,678.49,CGN1,open,false,101510.0
2435,1018,SKU-0065,1,271.93,2.5,269.43,CGN1,invoiced,false,12895.0
2436,1018,SKU-0009,4,248.34,5.0,988.36,CGN1,picked,false,64952.0
2437,1019,SKU-0042,5,170.89,0,854.43,CGN1,open,false,41370.0
2438,1019,SKU-0108,6,383.29,0,2299.71,CGN1,invoiced,false,117030.0
2439,1020,SKU-0036,2,219.43,0,438.87,MUC2,invoiced,false,43578.0
2440,1020,SKU-0035,1,295.4,0,295.4,MUC2,shipped,true,5622.0
2441,1021,SKU-0043,2,130.4,0,260.81,HH1,invoiced,false,15244.0
2442,1021,SKU-0017,5,262.87,0,1314.37,HH1,invoiced,true,136345.0
2443,1022,SKU-0085,5,226.78,2.5,1131.39,MUC2,shipped,true,85355.0
2444,1022,SKU-0049,6,88.81,0,532.86,MUC2,shipped,false,75852.0
2445,1023,SKU-0052,4,195.17,2.5,778.19,MUC2,invoiced,false,10412.0
2446,1023,SKU-0080,4,18.17,0,72.7,MUC2,picked,false,8416.0
2447,1024,SKU-0090,2,276.37,0,552.74,BER3,open,false,9922.0
2448,1024,SKU-0109,4,283.58,0,1134.33,BER3,open,false,26768.0
2449,1025,SKU-0034,4,108.08,5.0,427.33,HH1,open,false,31308.0
2450,1025,SKU-0103,6,257.06,0,1542.37,HH1,shipped,false,121242.0
2451,1026,SKU-0050,2,131.57,5.0,258.14,BER3,picked,false,23866.0
2452,1026,SKU-0061,3,15.87,5.0,42.6,BER3,open,false,1437.0
2453,1027,SKU-0117,2,105.59,0,211.18,HH1,picked,true,40728.0
2454,1027,SKU-0062,1,338.76,0,338.76,HH1,open,false,26718.0
2455,1028,SKU-0038,1,164.98,5.0,159.98,MUC2,invoiced,false,404.0
2456,1028,SKU-0044,4,134.92,0,539.68,MUC2,shipped,false,81208.0
2457,1029,SKU-0120,3,159.8,0,479.4,MUC2,shipped,false,41994.0
2458,1029,SKU-0052,5,187.75,5.0,933.74,MUC2,picked,false,13015.0
2459,1030,SKU-0006,6,246.05,0,1476.32,HH1,shipped,true,90234.0
2460,1030,SKU-0044,1,134.15,5.0,129.15,HH1,picked,false,20302.0
2461,1031,SKU-0089,5,47.14,2.5,233.19,CGN1,shipped,false,6595.0
2462,1031,SKU-0078,2,47.9,5.0,90.79,CGN1,picked,false,9840.0
2463,1032,SKU-0113,5,219.51,0,1097.56,BER3,picked,false,100315.0
2464,1032,SKU-0053,4,235.12,0,940.47,BER3,invoiced,false,71168.0
2465,1033,SKU-0033,5,330.49,5.0,1647.46,BER3,open,false,11980.0
2466,1033,SKU-0015,5,251.59,2.5,1255.46,BER3,open,false,89285.0
2467,1034,SKU-0107,6,311.7,0,1870.22,HH1,picked,false,39840.0
2468,1034,SKU-0092,6,11.65,2.5,67.42,HH1,open,false,41106.0
2469,1035,SKU-0019,3,291.71,0,875.13,CGN1,invoiced,true,29469.0
2470,1035,SKU-0056,4,68.29,5.0,268.14,CGN1,picked,false,79552.0
2471,1036,SKU-0053,4,246.71,5.0,981.84,CGN1,open,false,71168.0
2472,1036,SKU-0063,6,98.97,0,593.8,CGN1,picked,false,74706.0
2473,1037,SKU-0074,6,197.67,2.5,1183.5,MUC2,open,false,148782.0
2474,1037,SKU-0036,4,203.48,0,813.92,MUC2,shipped,false,87156.0
2475,1038,SKU-0044,2,125.96,5.0,246.92,MUC2,picked,true,40604.0
2476,1038,SKU-0066,1,267.83,5.0,262.83,MUC2,open,false,19344.0
2477,1039,SKU-0034,5,107.15,0,535.76,BER3,open,false,39135.0
2478,1039,SKU-0008,1,216.58,5.0,211.58,BER3,picked,false,25946.0
2479,1040,SKU-0008,1,208.63,2.5,206.13,BER3,picked,false,25946.0
2480,1040,SKU-0027,2,270.94,2.5,539.39,BER3,open,false,2908.0
2481,1041,SKU-0114,1,340.84,0,340.84,BER3,invoiced,false,7130.0
2482,1041,SKU-0001,6,197.57,0,1185.41,BER3,invoiced,false,147540.0
2483,1042,SKU-0080,4,18.32,2.5,70.79,BER3,invoiced,false,8416.0
2484,1042,SKU-0075,5,341.21,0,1706.05,BER3,shipped,false,119800.0
2485,1043,SKU-0079,5,277.56,0,1387.82,BER3,shipped,false,132370.0
2486,1043,SKU-0068,1,338.55,2.5,336.05,BER3,shipped,false,6171.0
2487,1044,SKU-0071,6,26.49,5.0,153.93,CGN1,shipped,false,2634.0
2488,1044,SKU-0022,2,68.02,0,136.04,CGN1,open,false,53142.0
2489,1045,SKU-0081,5,106.05,0,530.24,BER3,open,true,14110.0
2490,1045,SKU-0035,6,309.95,2.5,1857.2,BER3,open,false,33732.0
2491,1046,SKU-0112,4,103.84,0,415.37,CGN1,picked,false,86452.0
2492,1046,SKU-0081,6,102.99,0,617.97,CGN1,invoiced,false,16932.0
2493,1047,SKU-0075,6,323.2,0,1939.22,HH1,shipped,false,143760.0
2494,1047,SKU-0076,3,83.24,5.0,244.73,HH1,open,false,20574.0
2495,1048,SKU-0048,2,144.2,0,288.4,HH1,shipped,false,34178.0
2496,1048,SKU-0087,6,73.91,0,443.45,HH1,invoiced,false,130578.0
2497,1049,SKU-0107,5,326.58,2.5,1630.38,MUC2,shipped,false,33200.0
2498,1049,SKU-0019,2,279.87,5.0,554.73,MUC2,open,false,19646.0
2499,1050,SKU-0087,6,75.39,0,452.34,HH1,invoiced,false,130578.0
2500,1050,SKU-0050,1,127.82,0,127.82,HH1,shipped,false,11933.0
2501,1051,SKU-0103,3,264.7,0,794.1,MUC2,picked,false,60621.0
2502,1051,SKU-0044,1,134.13,5.0,129.13,MUC2,open,false,20302.0
2503,1052,SKU-0086,5,307.3,0,1536.49,MUC2,picked,false,9975.0
2504,1052,SKU-0118,4,352.18,2.5,1406.22,MUC2,open,false,95080.0
2505,1053,SKU-0023,6,125.5,2.5,750.51,BER3,picked,false,32472.0
2506,1053,SKU-0017,4,269.26,0,1077.02,BER3,picked,false,109076.0
2507,1054,SKU-0037,3,282.32,0,846.96,BER3,open,false,8694.0
2508,1054,SKU-0059,6,108.39,5.0,645.31,BER3,shipped,false,58176.0
2509,1055,SKU-0068,2,322.51,5.0,640.02,MUC2,picked,false,12342.0
2510,1055,SKU-0080,4,18.74,0,74.97,MUC2,invoiced,false,8416.0
2511,1056,SKU-0056,2,67.83,0,135.67,CGN1,picked,false,39776.0
2512,1056,SKU-0028,1,179.88,5.0,174.88,CGN1,shipped,false,23264.0
2513,1057,SKU-0024,4,112.21,2.5,446.34,HH1,shipped,false,52184.0
2514,1057,SKU-0072,6,286.16,5.0,1711.97,HH1,picked,false,4494.0
2515,1058,SKU-0037,3,278.15,5.0,829.44,MUC2,invoiced,false,8694.0
2516,1058,SKU-0039,3,142.17,2.5,424.02,MUC2,shipped,false,51795.0
2517,1059,SKU-0017,2,270.26,0,540.52,CGN1,open,false,54538.0
2518,1059,SKU-0091,1,348.34,5.0,343.34,CGN1,invoiced,false,16077.0
2519,1060,SKU-0019,5,295.25,0,1476.23,HH1,picked,true,49115.0
2520,1060,SKU-0042,4,171.14,0,684.55,HH1,invoiced,false,33096.0
2521,1061,SKU-0007,5,100.56,0,502.78,BER3,invoiced,false,135665.0
2522,1061,SKU-0027,4,260.6,0,1042.4,BER3,picked,false,5816.0
2523,1062,SKU-0090,4,277.66,0,1110.64,CGN1,invoiced,false,19844.0
2524,1062,SKU-0002,3,327.14,0,981.42,CGN1,shipped,false,81012.0
2525,1063,SKU-0090,4,267.72,0,1070.88,BER3,picked,false,19844.0
2526,1063,SKU-0077,3,229.73,0,689.2,BER3,open,false,23400.0
2527,1064,SKU-0107,3,312.96,0,938.89,MUC2,picked,false,19920.0
2528,1064,SKU-0029,6,176.98,0,1061.89,MUC2,picked,false,74064.0
2529,1065,SKU-0114,1,346.48,5.0,341.48,CGN1,picked,false,7130.0
2530,1065,SKU-0028,5,174.97,5.0,869.83,CGN1,open,false,116320.0
2531,1066,SKU-0011,1,300.43,2.5,297.93,MUC2,open,false,26175.0
2532,1066,SKU-0051,5,283.37,2.5,1414.33,MUC2,invoiced,false,96495.0
2533,1067,SKU-0043,2,126.54,0,253.07,CGN1,open,false,15244.0
2534,1067,SKU-0084,6,148.86,2.5,890.66,CGN1,shipped,false,26250.0
2535,1068,SKU-0086,6,293.17,0,1759.03,MUC2,shipped,false,11970.0
2536,1068,SKU-0009,4,251.25,2.5,1002.51,MUC2,picked,false,64952.0
2537,1069,SKU-0062,2,332.5,0,665.0,MUC2,invoiced,false,53436.0
2538,1069,SKU-0026,2,105.91,0,211.82,MUC2,shipped,false,40256.0
2539,1070,SKU-0092,1,11.57,5.0,6.57,MUC2,open,false,6851.0
2540,1070,SKU-0031,1,190.92,5.0,185.92,MUC2,shipped,false,13382.0
2541,1071,SKU-0084,5,138.54,2.5,690.19,HH1,shipped,false,21875.0
2542,1071,SKU-0014,4,39.47,2.5,155.37,HH1,open,false,80428.0
2543,1072,SKU-0085,6,228.54,2.5,1368.72,BER3,picked,false,102426.0
2544,1072,SKU-0042,1,165.89,0,165.89,BER3,picked,false,8274.0
2545,1073,SKU-0039,4,151.32,0,605.29,CGN1,picked,false,69060.0
2546,1073,SKU-0070,4,263.6,2.5,1051.92,CGN1,invoiced,true,108352.0
2547,1074,SKU-0010,5,235.4,0,1177.01,CGN1,picked,false,83405.0
2548,1074,SKU-0012,5,50.11,0,250.57,CGN1,shipped,false,10490.0
2549,1075,SKU-0042,5,173.93,0,869.65,CGN1,open,false,41370.0
2550,1075,SKU-0110,4,300.91,0,1203.63,CGN1,shipped,false,80532.0
2551,1076,SKU-0082,3,356.42,0,1069.27,MUC2,invoiced,false,35934.0
2552,1076,SKU-0117,4,108.7,0,434.8,MUC2,shipped,false,81456.0
2553,1077,SKU-0003,2,215.5,0,431.01,CGN1,open,false,18998.0
2554,1077,SKU-0071,2,26.62,0,53.24,CGN1,shipped,true,878.0
2555,1078,SKU-0061,4,15.99,5.0,58.95,MUC2,shipped,false,1916.0
2556,1078,SKU-0084,1,142.8,0,142.8,MUC2,open,false,4375.0
2557,1079,SKU-0036,2,202.97,0,405.94,BER3,shipped,false,43578.0
2558,1079,SKU-0082,5,354.95,0,1774.75,BER3,invoiced,false,59890.0
2559,1080,SKU-0097,3,338.0,0,1014.0,HH1,invoiced,false,37860.0
2560,1080,SKU-0053,4,236.23,2.5,942.44,HH1,open,false,71168.0
2561,1081,SKU-0003,5,219.15,0,1095.75,MUC2,invoiced,false,47495.0
2562,1081,SKU-0042,2,172.79,0,345.58,MUC2,picked,false,16548.0
2563,1082,SKU-0068,3,323.82,5.0,966.45,MUC2,shipped,false,18513.0
2564,1082,SKU-0070,2,256.25,0,512.51,MUC2,shipped,false,54176.0
2565,1083,SKU-0059,3,102.3,5.0,301.91,CGN1,shipped,false,29088.0
2566,1083,SKU-0032,4,354.66,0,1418.66,CGN1,shipped,false,48928.0
2567,1084,SKU-0084,6,137.91,2.5,824.98,CGN1,picked,false,26250.0
2568,1084,SKU-0023,4,123.18,0,492.73,CGN1,open,false,21648.0
2569,1085,SKU-0001,5,196.89,2.5,981.93,HH1,picked,false,122950.0
2570,1085,SKU-0071,3,27.0,0,81.01,HH1,picked,false,1317.0
2571,1086,SKU-0072,2,292.63,0,585.25,BER3,invoiced,false,1498.0
2572,1086,SKU-0062,5,327.72,2.5,1636.1,BER3,picked,false,133590.0
2573,1087,SKU-0004,5,208.16,0,1040.81,BER3,open,false,39165.0
2574,1087,SKU-0009,6,244.14,0,1464.86,BER3,open,false,97428.0
2575,1088,SKU-0030,5,112.8,0,563.99,CGN1,picked,false,98970.0
2576,1088,SKU-0018,2,389.06,0,778.12,CGN1,open,false,44944.0
2577,1089,SKU-0010,5,246.01,0,1230.03,HH1,invoiced,true,83405.0
2578,1089,SKU-0030,3,115.61,0,346.83,HH1,open,false,59382.0
2579,1090,SKU-0044,2,128.26,0,256.53,HH1,invoiced,false,40604.0
2580,1090,SKU-0114,3,346.34,0,1039.01,HH1,open,false,21390.0
2581,1091,SKU-0070,2,256.15,0,512.3,CGN1,picked,false,54176.0
2582,1091,SKU-0021,2,376.82,0,753.63,CGN1,open,false,24494.0
2583,1092,SKU-0004,6,221.06,0,1326.33,BER3,picked,false,46998.0
2584,1092,SKU-0030,6,118.77,5.0,707.64,BER3,open,false,118764.0
2585,1093,SKU-0114,4,354.7,5.0,1413.8,HH1,open,false,28520.0
2586,1093,SKU-0078,4,48.56,2.5,191.72,HH1,invoiced,false,19680.0
2587,1094,SKU-0017,3,282.39,0,847.17,BER3,open,false,81807.0
2588,1094,SKU-0078,2,45.85,5.0,86.7,BER3,open,false,9840.0
2589,1095,SKU-0116,3,179.91,0,539.73,HH1,open,false,45888.0
2590,1095,SKU-0042,3,165.1,5.0,490.3,HH1,picked,false,24822.0
2591,1096,SKU-0077,5,228.48,2.5,1139.9,MUC2,picked,false,39000.0
2592,1096,SKU-0049,3,88.52,2.5,263.05,MUC2,picked,false,37926.0
2593,1097,SKU-0061,1,16.51,0,16.51,BER3,picked,false,479.0
2594,1097,SKU-0040,5,306.7,0,1533.52,BER3,open,false,105130.0
2595,1098,SKU-0002,2,307.53,5.0,610.05,HH1,picked,false,54008.0
2596,1098,SKU-0119,4,90.72,0,362.87,HH1,invoiced,false,106280.0
2597,1099,SKU-0083,3,241.29,0,723.88,BER3,shipped,false,68217.0
2598,1099,SKU-0027,6,280.03,2.5,1677.66,BER3,invoiced,false,8724.0
2599,1100,SKU-0036,4,216.48,0,865.9,MUC2,shipped,false,87156.0
2600,1100,SKU-0106,6,252.45,0,1514.71,MUC2,open,false,46050.0
2601,1101,SKU-0032,6,355.7,2.5,2131.72,BER3,shipped,false,73392.0
2602,1101,SKU-0101,6,367.39,0,2204.34,BER3,shipped,false,108636.0
2603,1102,SKU-0102,2,84.83,0,169.67,BER3,open,false,4414.0
2604,1102,SKU-0090,1,262.37,0,262.37,BER3,invoiced,false,4961.0
2605,1103,SKU-0012,4,50.66,0,202.63,MUC2,invoiced,false,8392.0
2606,1103,SKU-0028,3,180.55,5.0,536.64,MUC2,open,false,69792.0
2607,1104,SKU-0057,1,439.42,0,439.42,HH1,shipped,false,14273.0
2608,1104,SKU-0063,2,99.06,2.5,195.63,HH1,open,false,24902.0
2609,1105,SKU-0029,2,182.65,5.0,360.3,BER3,shipped,false,24688.0
2610,1105,SKU-0076,3,83.68,0,251.05,BER3,picked,false,20574.0
2611,1106,SKU-0040,2,298.47,0,596.94,CGN1,invoiced,false,42052.0
2612,1106,SKU-0081,2,98.59,5.0,192.17,CGN1,shipped,false,5644.0
2613,1107,SKU-0070,4,259.18,5.0,1031.71,MUC2,open,false,108352.0
2614,1107,SKU-0044,1,131.75,5.0,126.75,MUC2,shipped,false,20302.0
2615,1108,SKU-0017,6,278.26,5.0,1664.56,CGN1,open,false,163614.0
2616,1108,SKU-0038,6,171.44,0,1028.63,CGN1,invoiced,false,2424.0
2617,1109,SKU-0040,3,312.68,0,938.04,HH1,open,false,63078.0
2618,1109,SKU-0055,2,90.33,0,180.66,HH1,invoiced,false,29080.0
2619,1110,SKU-0107,2,322.2,0,644.39,MUC2,shipped,false,13280.0
2620,1110,SKU-0010,5,244.5,0,1222.49,MUC2,shipped,false,83405.0
2621,1111,SKU-0027,4,278.82,0,1115.3,HH1,invoiced,false,5816.0
2622,1111,SKU-0014,3,39.2,0,117.59,HH1,open,false,60321.0
2623,1112,SKU-0115,3,320.17,0,960.52,HH1,open,false,75165.0
2624,1112,SKU-0063,3,102.66,5.0,302.99,HH1,shipped,false,37353.0
2625,1113,SKU-0096,2,265.84,5.0,526.67,CGN1,invoiced,false,2202.0
2626,1113,SKU-0108,2,387.59,0,775.19,CGN1,shipped,false,39010.0
2627,1114,SKU-0079,3,271.41,0,814.23,CGN1,shipped,false,79422.0
2628,1114,SKU-0026,3,107.05,0,321.15,CGN1,picked,false,60384.0
2629,1115,SKU-0022,1,67.15,0,67.15,HH1,picked,false,26571.0
2630,1115,SKU-0002,4,312.26,5.0,1244.03,HH1,open,false,108016.0
2631,1116,SKU-0008,4,210.9,0,843.61,BER3,shipped,false,103784.0
2632,1116,SKU-0115,3,340.45,0,1021.34,BER3,invoiced,false,75165.0
2633,1117,SKU-0111,2,72.38,2.5,142.26,HH1,shipped,false,21926.0
2634,1117,SKU-0107,4,313.95,2.5,1253.31,HH1,open,false,26560.0
2635,1118,SKU-0079,1,264.97,0,264.97,HH1,shipped,false,26474.0
2636,1118,SKU-0116,4,173.05,5.0,687.22,HH1,invoiced,false,61184.0
2637,1119,SKU-0037,4,268.08,0,1072.3,MUC2,invoiced,false,11592.0
2638,1119,SKU-0046,2,9.35,0,18.7,MUC2,picked,false,14214.0
2639,1120,SKU-0113,3,223.51,0,670.54,HH1,invoiced,false,60189.0
2640,1120,SKU-0013,3,373.38,0,1120.14,HH1,open,false,51438.0
2641,1121,SKU-0031,1,197.99,0,197.99,HH1,open,false,13382.0
2642,1121,SKU-0115,2,317.2,2.5,631.89,HH1,invoiced,false,50110.0
2643,1122,SKU-0019,1,298.47,5.0,293.47,MUC2,invoiced,false,9823.0
2644,1122,SKU-0014,3,39.75,0,119.25,MUC2,picked,false,60321.0
2645,1123,SKU-0016,1,187.74,5.0,182.74,CGN1,invoiced,false,12063.0
2646,1123,SKU-0075,3,338.74,0,1016.23,CGN1,invoiced,false,71880.0
2647,1124,SKU-0029,3,183.58,0,550.73,BER3,invoiced,false,37032.0
2648,1124,SKU-0048,5,143.73,2.5,716.14,BER3,picked,true,85445.0
2649,1125,SKU-0120,3,152.2,5.0,451.6,MUC2,shipped,false,41994.0
2650,1125,SKU-0002,1,330.47,0,330.47,MUC2,shipped,false,27004.0
2651,1126,SKU-0072,1,290.58,5.0,285.58,CGN1,shipped,false,749.0
2652,1126,SKU-0021,1,377.03,2.5,374.53,CGN1,invoiced,false,12247.0
2653,1127,SKU-0002,5,327.93,0,1639.65,MUC2,shipped,false,135020.0
2654,1127,SKU-0014,4,38.57,0,154.27,MUC2,invoiced,false,80428.0
2655,1128,SKU-0065,2,272.24,0,544.48,BER3,shipped,false,25790.0
2656,1128,SKU-0048,2,147.17,2.5,291.84,BER3,shipped,false,34178.0
2657,1129,SKU-0117,6,105.88,0,635.27,CGN1,invoiced,true,122184.0
2658,1129,SKU-0018,3,390.66,0,1171.98,CGN1,picked,false,67416.0
2659,1130,SKU-0062,2,318.7,2.5,634.91,MUC2,picked,false,53436.0
2660,1130,SKU-0029,3,188.14,2.5,561.93,MUC2,open,false,37032.0
2661,1131,SKU-0088,6,302.87,2.5,1814.74,MUC2,picked,false,102108.0
2662,1131,SKU-0095,3,270.91,5.0,807.73,MUC2,shipped,false,12807.0
2663,1132,SKU-0004,1,216.8,5.0,211.8,CGN1,shipped,false,7833.0
2664,1132,SKU-0035,4,309.61,0,1238.42,CGN1,invoiced,false,22488.0
2665,1133,SKU-0009,5,247.34,0,1236.71,CGN1,invoiced,false,81190.0
2666,1133,SKU-0015,3,266.12,2.5,795.85,CGN1,shipped,false,53571.0
2667,1134,SKU-0053,1,250.79,5.0,245.79,MUC2,picked,true,17792.0
2668,1134,SKU-0027,2,271.72,5.0,538.44,MUC2,open,false,2908.0
2669,1135,SKU-0092,3,11.61,2.5,32.32,HH1,invoiced,false,20553.0
2670,1135,SKU-0015,6,265.11,0,1590.66,HH1,open,false,107142.0
2671,1136,SKU-0097,4,354.99,5.0,1414.94,BER3,open,true,50480.0
2672,1136,SKU-0045,2,97.14,5.0,189.27,BER3,picked,false,31032.0
2673,1137,SKU-0079,4,255.68,5.0,1017.73,HH1,invoiced,false,105896.0
2674,1137,SKU-0101,6,354.6,0,2127.61,HH1,picked,false,108636.0
2675,1138,SKU-0003,1,227.94,0,227.94,MUC2,picked,false,9499.0
2676,1138,SKU-0029,2,192.24,2.5,381.97,MUC2,shipped,false,24688.0
2677,1139,SKU-0066,6,258.58,0,1551.49,MUC2,picked,false,116064.0
2678,1139,SKU-0047,2,26.04,5.0,47.08,MUC2,open,false,6722.0
2679,1140,SKU-0025,3,282.51,2.5,845.04,MUC2,open,false,56565.0
2680,1140,SKU-0078,6,45.82,0,274.91,MUC2,shipped,false,29520.0
2681,1141,SKU-0001,5,190.12,2.5,948.12,HH1,shipped,false,122950.0
2682,1141,SKU-0086,6,293.45,0,1760.68,HH1,open,false,11970.0
2683,1142,SKU-0017,5,276.69,0,1383.43,CGN1,invoiced,false,136345.0
2684,1142,SKU-0029,2,179.53,0,359.07,CGN1,invoiced,false,24688.0
2685,1143,SKU-0057,3,407.03,2.5,1218.58,MUC2,shipped,false,42819.0
2686,1143,SKU-0053,6,245.79,2.5,1472.26,MUC2,shipped,false,106752.0
2687,1144,SKU-0027,5,271.3,0,1356.49,BER3,open,false,7270.0
2688,1144,SKU-0026,1,112.02,0,112.02,BER3,shipped,true,20128.0
2689,1145,SKU-0082,1,362.7,0,362.7,MUC2,shipped,false,11978.0
2690,1145,SKU-0117,5,101.26,2.5,503.81,MUC2,open,false,101820.0
2691,1146,SKU-0064,1,261.33,2.5,258.83,HH1,picked,false,15868.0
2692,1146,SKU-0073,5,194.4,0,972.02,HH1,open,false,42785.0
2693,1147,SKU-0033,3,327.46,0,982.38,BER3,picked,false,7188.0
2694,1147,SKU-0049,3,88.02,0,264.07,BER3,open,false,37926.0
2695,1148,SKU-0058,5,108.79,0,543.96,HH1,picked,false,108230.0
2696,1148,SKU-0054,1,116.03,2.5,113.53,HH1,picked,false,22789.0
2697,1149,SKU-0085,4,241.62,0,966.47,HH1,invoiced,false,68284.0
2698,1149,SKU-0118,5,344.36,0,1721.82,HH1,invoiced,false,118850.0
2699,1150,SKU-0013,2,349.83,2.5,697.16,BER3,shipped,false,34292.0
2700,1150,SKU-0046,1,9.12,0,9.12,BER3,invoiced,false,7107.0
2701,1151,SKU-0023,2,126.03,0,252.06,BER3,shipped,false,10824.0
2702,1151,SKU-0009,1,243.6,5.0,238.6,BER3,open,false,16238.0
2703,1152,SKU-0082,4,363.02,5.0,1447.06,HH1,picked,false,47912.0
2704,1152,SKU-0032,2,345.09,0,690.18,HH1,shipped,false,24464.0
2705,1153,SKU-0054,2,116.22,0,232.43,BER3,shipped,false,45578.0
2706,1153,SKU-0119,3,95.46,5.0,281.39,BER3,picked,false,79710.0
2707,1154,SKU-0113,4,232.35,0,929.4,MUC2,invoiced,false,80252.0
2708,1154,SKU-0116,1,175.06,5.0,170.06,MUC2,shipped,false,15296.0
2709,1155,SKU-0039,2,150.04,0,300.09,BER3,invoiced,false,34530.0
2710,1155,SKU-0067,5,319.64,5.0,1593.18,BER3,open,false,3315.0
2711,1156,SKU-0060,1,254.32,0,254.32,HH1,shipped,false,19761.0
2712,1156,SKU-0111,5,76.2,2.5,378.51,HH1,shipped,false,54815.0
2713,1157,SKU-0043,4,127.75,0,511.0,MUC2,invoiced,false,30488.0
2714,1157,SKU-0103,4,264.11,5.0,1051.45,MUC2,open,false,80828.0
2715,1158,SKU-0034,4,113.35,0,453.41,CGN1,open,false,31308.0
2716,1158,SKU-0005,2,270.82,0,541.65,CGN1,shipped,false,36938.0
2717,1159,SKU-0082,3,360.07,0,1080.22,HH1,picked,false,35934.0
2718,1159,SKU-0061,1,15.79,5.0,10.79,HH1,picked,false,479.0
2719,1160,SKU-0087,1,75.32,5.0,70.32,HH1,open,false,21763.0
2720,1160,SKU-0097,4,345.43,0,1381.74,HH1,invoiced,false,50480.0
2721,1161,SKU-0082,1,354.64,0,354.64,HH1,invoiced,false,11978.0
2722,1161,SKU-0075,5,340.34,0,1701.72,HH1,shipped,false,119800.0
2723,1162,SKU-0025,3,280.17,5.0,835.52,CGN1,open,false,56565.0
2724,1162,SKU-0089,5,46.51,0,232.57,CGN1,shipped,false,6595.0
2725,1163,SKU-0094,2,269.94,0,539.88,MUC2,open,false,42596.0
2726,1163,SKU-0059,3,101.78,0,305.34,MUC2,open,false,29088.0
2727,1164,SKU-0049,3,82.67,0,248.01,CGN1,open,false,37926.0
2728,1164,SKU-0087,1,75.49,5.0,70.49,CGN1,shipped,false,21763.0
2729,1165,SKU-0054,3,114.73,0,344.18,CGN1,shipped,false,68367.0
2730,1165,SKU-0034,4,108.55,0,434.22,CGN1,picked,false,31308.0
2731,1166,SKU-0108,1,383.53,2.5,381.03,CGN1,open,false,19505.0
2732,1166,SKU-0052,2,184.54,0,369.07,CGN1,picked,false,5206.0
2733,1167,SKU-0089,3,46.26,5.0,133.78,BER3,open,false,3957.0
2734,1167,SKU-0063,6,98.81,0,592.85,BER3,shipped,false,74706.0
2735,1168,SKU-0094,1,252.29,0,252.29,HH1,invoiced,false,21298.0
2736,1168,SKU-0103,1,249.38,0,249.38,HH1,invoiced,true,20207.0
2737,1169,SKU-0007,5,103.96,0,519.8,MUC2,shipped,false,135665.0
2738,1169,SKU-0011,6,315.13,2.5,1888.29,MUC2,invoiced,false,157050.0
2739,1170,SKU-0004,2,206.03,0,412.07,MUC2,picked,false,15666.0
2740,1170,SKU-0022,4,69.03,2.5,273.64,MUC2,picked,false,106284.0
2741,1171,SKU-0007,6,103.73,0,622.38,CGN1,open,false,162798.0
2742,1171,SKU-0058,3,102.66,2.5,305.49,CGN1,open,false,64938.0
2743,1172,SKU-0104,6,89.11,0,534.67,BER3,open,false,162228.0
2744,1172,SKU-0099,5,250.18,0,1250.89,BER3,invoiced,false,110545.0
2745,1173,SKU-0074,1,196.92,0,196.92,BER3,open,false,24797.0
2746,1173,SKU-0097,3,341.65,0,1024.94,BER3,invoiced,false,37860.0
2747,1174,SKU-0088,4,289.99,5.0,1154.95,MUC2,open,false,68072.0
2748,1174,SKU-0012,4,51.28,0,205.11,MUC2,shipped,false,8392.0
2749,1175,SKU-0114,2,346.72,5.0,688.44,MUC2,invoiced,false,14260.0
2750,1175,SKU-0112,3,108.2,2.5,322.09,MUC2,open,false,64839.0
2751,1176,SKU-0056,2,63.86,5.0,122.72,MUC2,open,false,39776.0
2752,1176,SKU-0039,6,150.49,0,902.91,MUC2,invoiced,false,103590.0
2753,1177,SKU-0014,4,38.79,0,155.15,MUC2,picked,false,80428.0
2754,1177,SKU-0054,2,115.86,2.5,229.22,MUC2,picked,false,45578.0
2755,1178,SKU-0011,3,312.66,0,937.99,MUC2,open,false,78525.0
2756,1178,SKU-0088,6,290.19,0,1741.16,MUC2,picked,false,102108.0
2757,1179,SKU-0045,2,101.45,0,202.89,CGN1,open,false,31032.0
2758,1179,SKU-0072,6,296.1,2.5,1774.1,CGN1,open,false,4494.0
2759,1180,SKU-0022,4,68.47,2.5,271.36,CGN1,invoiced,false,106284.0
2760,1180,SKU-0018,1,385.98,0,385.98,CGN1,invoiced,false,22472.0
2761,1181,SKU-0080,5,19.12,0,95.6,CGN1,shipped,false,10520.0
2762,1181,SKU-0041,1,287.02,5.0,282.02,CGN1,shipped,false,15584.0
2763,1182,SKU-0049,2,87.44,5.0,169.88,MUC2,invoiced,true,25284.0
2764,1182,SKU-0058,4,104.28,0,417.14,MUC2,picked,false,86584.0
2765,1183,SKU-0109,3,275.76,5.0,822.27,CGN1,invoiced,false,20076.0
2766,1183,SKU-0026,3,107.57,0,322.72,CGN1,picked,false,60384.0
2767,1184,SKU-0117,5,103.93,2.5,517.17,BER3,shipped,false,101820.0
2768,1184,SKU-0117,5,108.0,5.0,534.99,BER3,open,false,101820.0
2769,1185,SKU-0081,4,100.44,0,401.74,HH1,picked,false,11288.0
2770,1185,SKU-0084,6,141.47,0,848.82,HH1,open,false,26250.0
2771,1186,SKU-0094,6,255.07,0,1530.44,CGN1,shipped,false,127788.0
2772,1186,SKU-0109,1,267.67,5.0,262.67,CGN1,shipped,false,6692.0
2773,1187,SKU-0025,1,297.24,2.5,294.74,MUC2,open,false,18855.0
2774,1187,SKU-0093,6,118.16,2.5,706.45,MUC2,open,false,89280.0
2775,1188,SKU-0077,5,221.11,5.0,1100.56,MUC2,shipped,false,39000.0
2776,1188,SKU-0096,4,278.04,5.0,1107.14,MUC2,open,false,4404.0
2777,1189,SKU-0120,1,163.05,5.0,158.05,CGN1,shipped,false,13998.0
2778,1189,SKU-0117,6,108.99,0,653.97,CGN1,shipped,false,122184.0
2779,1190,SKU-0104,6,93.95,2.5,561.22,CGN1,shipped,false,162228.0
2780,1190,SKU-0026,4,104.0,2.5,413.49,CGN1,open,false,80512.0
2781,1191,SKU-0015,1,265.89,0,265.89,HH1,shipped,true,17857.0
2782,1191,SKU-0036,1,215.44,0,215.44,HH1,open,false,21789.0
2783,1192,SKU-0118,3,342.79,0,1028.38,CGN1,invoiced,false,71310.0
2784,1192,SKU-0071,1,27.63,2.5,25.13,CGN1,picked,false,439.0
2785,1193,SKU-0009,1,241.61,5.0,236.61,HH1,invoiced,false,16238.0
2786,1193,SKU-0042,5,163.18,5.0,810.91,HH1,shipped,false,41370.0
2787,1194,SKU-0088,2,296.11,5.0,587.22,BER3,invoiced,false,34036.0
2788,1194,SKU-0072,6,295.13,5.0,1765.79,BER3,shipped,false,4494.0
2789,1195,SKU-0060,3,264.09,0,792.27,MUC2,picked,false,59283.0
2790,1195,SKU-0024,5,112.22,2.5,558.58,MUC2,picked,false,65230.0
2791,1196,SKU-0109,1,269.2,5.0,264.2,MUC2,invoiced,false,6692.0
2792,1196,SKU-0012,6,53.43,0,320.57,MUC2,invoiced,true,12588.0
2793,1197,SKU-0114,2,336.32,0,672.64,BER3,open,false,14260.0
2794,1197,SKU-0110,6,301.38,0,1808.29,BER3,invoiced,false,120798.0
2795,1198,SKU-0020,3,161.19,0,483.58,HH1,invoiced,false,78906.0
2796,1198,SKU-0029,3,187.53,2.5,560.1,HH1,shipped,false,37032.0
2797,1199,SKU-0037,4,273.4,2.5,1091.12,CGN1,open,false,11592.0
2798,1199,SKU-0074,4,200.6,5.0,797.42,CGN1,invoiced,false,99188.0
2799,1200,SKU-0043,6,129.42,0,776.55,CGN1,invoiced,false,45732.0
2800,1200,SKU-0120,1,154.65,0,154.65,CGN1,invoiced,false,13998.0
2801,1201,SKU-0006,5,238.87,2.5,1191.86,BER3,invoiced,false,75195.0
2802,1201,SKU-0015,3,270.94,0,812.82,BER3,open,false,53571.0
2803,1202,SKU-0001,3,202.11,5.0,601.34,MUC2,picked,false,73770.0
2804,1202,SKU-0027,2,267.43,2.5,532.36,MUC2,open,false,2908.0
2805,1203,SKU-0024,6,110.75,0,664.52,MUC2,shipped,true,78276.0
2806,1203,SKU-0091,5,359.71,2.5,1796.07,MUC2,shipped,false,80385.0
2807,1204,SKU-0062,6,325.54,0,1953.26,HH1,picked,false,160308.0
2808,1204,SKU-0040,4,298.8,0,1195.22,HH1,shipped,false,84104.0
2809,1205,SKU-0029,3,186.59,0,559.77,BER3,invoiced,false,37032.0
2810,1205,SKU-0066,1,253.62,5.0,248.62,BER3,open,false,19344.0
2811,1206,SKU-0119,5,97.89,0,489.44,CGN1,shipped,false,132850.0
2812,1206,SKU-0014,6,39.37,0,236.2,CGN1,shipped,false,120642.0
2813,1207,SKU-0025,2,284.32,0,568.65,BER3,invoiced,true,37710.0
2814,1207,SKU-0046,1,9.37,0,9.37,BER3,invoiced,false,7107.0
2815,1208,SKU-0013,4,349.67,5.0,1393.69,CGN1,open,false,68584.0
2816,1208,SKU-0032,3,350.81,0,1052.43,CGN1,invoiced,false,36696.0
2817,1209,SKU-0003,5,215.2,5.0,1070.98,MUC2,shipped,true,47495.0
2818,1209,SKU-0064,6,255.05,0,1530.3,MUC2,open,false,95208.0
2819,1210,SKU-0007,5,105.31,0,526.54,HH1,shipped,false,135665.0
2820,1210,SKU-0084,2,147.64,2.5,292.78,HH1,open,false,8750.0
2821,1211,SKU-0036,2,207.65,0,415.3,MUC2,open,false,43578.0
2822,1211,SKU-0070,5,264.91,0,1324.54,MUC2,picked,false,135440.0
2823,1212,SKU-0005,4,276.87,0,1107.49,CGN1,shipped,false,73876.0
2824,1212,SKU-0068,5,320.56,5.0,1597.79,CGN1,invoiced,false,30855.0
2825,1213,SKU-0074,1,208.68,2.5,206.18,BER3,shipped,false,24797.0
2826,1213,SKU-0021,3,388.71,5.0,1161.12,BER3,picked,false,36741.0
2827,1214,SKU-0076,5,86.29,2.5,428.95,HH1,shipped,false,34290.0
2828,1214,SKU-0111,2,76.09,0,152.18,HH1,shipped,false,21926.0
2829,1215,SKU-0085,5,228.91,0,1144.56,CGN1,open,false,85355.0
2830,1215,SKU-0010,3,244.68,5.0,729.03,CGN1,shipped,false,50043.0
2831,1216,SKU-0062,6,334.6,0,2007.57,HH1,open,false,160308.0
2832,1216,SKU-0094,3,264.39,0,793.17,HH1,open,false,63894.0
2833,1217,SKU-0035,5,300.04,0,1500.21,CGN1,open,false,28110.0
2834,1217,SKU-0027,5,281.54,0,1407.72,CGN1,open,false,7270.0
2835,1218,SKU-0023,5,122.83,0,614.17,HH1,invoiced,false,27060.0
2836,1218,SKU-0092,3,11.16,5.0,28.47,HH1,shipped,false,20553.0
2837,1219,SKU-0039,3,152.76,0,458.29,MUC2,picked,false,51795.0
2838,1219,SKU-0063,6,95.87,0,575.24,MUC2,open,false,74706.0
2839,1220,SKU-0049,3,85.26,0,255.77,BER3,invoiced,false,37926.0
2840,1220,SKU-0021,2,376.72,0,753.44,BER3,shipped,false,24494.0
2841,1221,SKU-0006,6,246.1,0,1476.62,BER3,open,true,90234.0
2842,1221,SKU-0078,6,47.01,2.5,279.54,BER3,invoiced,false,29520.0
2843,1222,SKU-0040,2,307.85,2.5,613.2,HH1,picked,false,42052.0
2844,1222,SKU-0071,4,28.01,0,112.04,HH1,open,false,1756.0
2845,1223,SKU-0038,3,167.96,5.0,498.89,CGN1,open,false,1212.0
2846,1223,SKU-0016,2,175.2,2.5,347.89,CGN1,open,false,24126.0
2847,1224,SKU-0114,1,338.94,2.5,336.44,CGN1,invoiced,false,7130.0
2848,1224,SKU-0086,2,303.84,0,607.69,CGN1,picked,false,3990.0
2849,1225,SKU-0071,5,26.71,0,133.55,HH1,shipped,false,2195.0
2850,1225,SKU-0082,1,357.25,5.0,352.25,HH1,shipped,true,11978.0
2851,1226,SKU-0099,4,256.67,2.5,1024.19,HH1,picked,false,88436.0
2852,1226,SKU-0050,5,128.28,0,641.4,HH1,open,false,59665.0
2853,1227,SKU-0064,6,264.93,2.5,1587.07,BER3,invoiced,false,95208.0
2854,1227,SKU-0032,3,349.35,5.0,1043.06,BER3,shipped,false,36696.0
2855,1228,SKU-0111,6,76.65,0,459.91,HH1,shipped,false,65778.0
2856,1228,SKU-0045,4,100.56,2.5,399.72,HH1,invoiced,false,62064.0
2857,1229,SKU-0012,3,52.23,2.5,154.18,CGN1,open,false,6294.0
2858,1229,SKU-0116,1,173.51,2.5,171.01,CGN1,picked,false,15296.0
2859,1230,SKU-0087,2,74.53,0,149.05,CGN1,shipped,false,43526.0
2860,1230,SKU-0004,4,219.07,2.5,873.79,CGN1,picked,false,31332.0
2861,1231,SKU-0043,5,130.71,0,653.55,CGN1,invoiced,false,38110.0
2862,1231,SKU-0079,1,270.15,0,270.15,CGN1,picked,false,26474.0
2863,1232,SKU-0022,3,68.52,0,205.55,CGN1,invoiced,false,79713.0
2864,1232,SKU-0071,5,28.43,5.0,137.13,CGN1,picked,false,2195.0
2865,1233,SKU-0093,6,120.47,0,722.8,CGN1,picked,false,89280.0
2866,1233,SKU-0010,2,237.32,5.0,469.63,CGN1,shipped,false,33362.0
2867,1234,SKU-0083,5,249.74,2.5,1246.22,BER3,shipped,false,113695.0
2868,1234,SKU-0040,3,306.74,0,920.22,BER3,open,false,63078.0
2869,1235,SKU-0025,6,285.01,0,1710.04,CGN1,invoiced,false,113130.0
2870,1235,SKU-0024,6,112.13,2.5,670.31,CGN1,shipped,false,78276.0
2871,1236,SKU-0032,1,336.56,2.5,334.06,HH1,open,false,12232.0
2872,1236,SKU-0015,3,269.0,0,806.99,HH1,picked,false,53571.0
2873,1237,SKU-0026,6,107.35,0,644.08,CGN1,open,false,120768.0
2874,1237,SKU-0011,4,315.38,0,1261.52,CGN1,picked,false,104700.0
2875,1238,SKU-0064,6,259.46,5.0,1551.77,BER3,open,false,95208.0
2876,1238,SKU-0095,1,264.22,0,264.22,BER3,open,false,4269.0
2877,1239,SKU-0083,4,251.62,0,1006.49,CGN1,picked,false,90956.0
2878,1239,SKU-0085,4,242.07,0,968.28,CGN1,shipped,false,68284.0
2879,1240,SKU-0107,6,328.96,2.5,1971.25,HH1,open,false,39840.0
2880,1240,SKU-0062,1,327.08,5.0,322.08,HH1,shipped,false,26718.0
2881,1241,SKU-0083,3,247.93,0,743.79,CGN1,open,false,68217.0
2882,1241,SKU-0088,5,285.54,0,1427.71,CGN1,picked,false,85090.0
2883,1242,SKU-0088,3,284.89,0,854.66,HH1,invoiced,false,51054.0
2884,1242,SKU-0032,6,347.02,5.0,2077.15,HH1,picked,false,73392.0
2885,1243,SKU-0026,4,105.05,0,420.21,CGN1,open,false,80512.0
2886,1243,SKU-0051,3,304.23,2.5,910.2,CGN1,open,false,57897.0
2887,1244,SKU-0071,5,26.42,5.0,127.1,MUC2,invoiced,false,2195.0
2888,1244,SKU-0003,2,211.33,0,422.65,MUC2,shipped,false,18998.0
2889,1245,SKU-0119,4,97.14,0,388.55,CGN1,invoiced,false,106280.0
2890,1245,SKU-0038,6,173.04,5.0,1033.24,CGN1,picked,true,2424.0
2891,1246,SKU-0093,5,117.26,2.5,583.8,HH1,picked,false,74400.0
2892,1246,SKU-0060,4,254.16,0,1016.64,HH1,open,true,79044.0
2893,1247,SKU-0120,6,151.14,0,906.85,HH1,open,false,83988.0
2894,1247,SKU-0020,2,162.08,5.0,319.15,HH1,invoiced,false,52604.0
2895,1248,SKU-0073,1,194.86,0,194.86,MUC2,open,false,8557.0
2896,1248,SKU-0108,3,408.83,0,1226.48,MUC2,invoiced,false,58515.0
2897,1249,SKU-0013,6,351.58,0,2109.47,MUC2,open,false,102876.0
2898,1249,SKU-0022,6,69.08,0,414.47,MUC2,open,false,159426.0
2899,1250,SKU-0117,6,101.74,0,610.44,CGN1,open,false,122184.0
2900,1250,SKU-0080,2,19.11,0,38.23,CGN1,invoiced,false,4208.0
2901,1251,SKU-0073,1,203.08,0,203.08,HH1,invoiced,false,8557.0
2902,1251,SKU-0102,4,82.96,2.5,329.35,HH1,shipped,false,8828.0
2903,1252,SKU-0053,6,250.15,0,1500.91,BER3,open,false,106752.0
2904,1252,SKU-0072,2,281.61,0,563.22,BER3,shipped,false,1498.0
2905,1253,SKU-0031,2,197.6,0,395.19,MUC2,shipped,false,26764.0
2906,1253,SKU-0038,1,177.19,5.0,172.19,MUC2,shipped,false,404.0
2907,1254,SKU-0053,2,248.26,0,496.52,HH1,shipped,false,35584.0
2908,1254,SKU-0069,2,349.97,0,699.94,HH1,open,false,50948.0
2909,1255,SKU-0115,4,336.95,0,1347.81,HH1,shipped,false,100220.0
2910,1255,SKU-0074,1,200.47,0,200.47,HH1,picked,true,24797.0
2911,1256,SKU-0116,6,184.29,0,1105.73,MUC2,open,false,91776.0
2912,1256,SKU-0008,4,207.02,0,828.07,MUC2,invoiced,false,103784.0
2913,1257,SKU-0062,5,317.6,0,1587.98,CGN1,picked,false,133590.0
2914,1257,SKU-0021,2,398.51,0,797.01,CGN1,open,false,24494.0
2915,1258,SKU-0017,5,261.92,5.0,1304.62,CGN1,picked,false,136345.0
2916,1258,SKU-0016,5,181.62,0,908.1,CGN1,picked,false,60315.0
2917,1259,SKU-0033,2,340.16,5.0,675.31,BER3,open,false,4792.0
2918,1259,SKU-0026,4,111.2,0,444.81,BER3,picked,true,80512.0
2919,1260,SKU-0059,5,101.59,5.0,502.94,HH1,invoiced,false,48480.0
2920,1260,SKU-0077,6,220.82,0,1324.92,HH1,shipped,false,46800.0
2921,1261,SKU-0090,6,280.63,5.0,1678.8,CGN1,invoiced,false,29766.0
2922,1261,SKU-0059,3,104.66,5.0,308.98,CGN1,open,false,29088.0
2923,1262,SKU-0025,4,289.72,5.0,1153.86,CGN1,invoiced,false,75420.0
2924,1262,SKU-0018,4,397.95,0,1591.82,CGN1,shipped,false,89888.0
2925,1263,SKU-0066,2,265.47,5.0,525.94,HH1,invoiced,false,38688.0
2926,1263,SKU-0083,6,253.15,5.0,1513.92,HH1,picked,false,136434.0
2927,1264,SKU-0089,2,47.48,2.5,92.45,BER3,shipped,false,2638.0
2928,1264,SKU-0027,2,279.9,0,559.79,BER3,open,false,2908.0
2929,1265,SKU-0108,5,398.1,0,1990.48,BER3,invoiced,false,97525.0
2930,1265,SKU-0025,1,286.09,5.0,281.09,BER3,invoiced,false,18855.0
2931,1266,SKU-0104,6,92.27,0,553.64,MUC2,shipped,false,162228.0
2932,1266,SKU-0039,5,152.68,0,763.4,MUC2,shipped,false,86325.0
2933,1267,SKU-0019,2,293.43,0,586.87,MUC2,invoiced,false,19646.0
2934,1267,SKU-0082,4,340.53,0,1362.13,MUC2,open,false,47912.0
2935,1268,SKU-0087,5,75.6,0,378.0,HH1,shipped,false,108815.0
2936,1268,SKU-0012,5,52.57,5.0,257.87,HH1,open,false,10490.0
2937,1269,SKU-0090,6,270.21,0,1621.25,CGN1,open,false,29766.0
2938,1269,SKU-0034,3,112.91,0,338.74,CGN1,picked,false,23481.0
2939,1270,SKU-0011,5,310.8,2.5,1551.49,BER3,shipped,false,130875.0
2940,1270,SKU-0006,2,246.31,5.0,487.62,BER3,shipped,true,30078.0
2941,1271,SKU-0070,2,256.55,0,513.11,MUC2,shipped,false,54176.0
2942,1271,SKU-0082,4,360.03,0,1440.11,MUC2,open,false,47912.0
2943,1272,SKU-0084,3,142.59,5.0,422.76,HH1,picked,false,13125.0
2944,1272,SKU-0074,5,208.37,0,1041.86,HH1,open,false,123985.0
2945,1273,SKU-0106,2,266.61,0,533.22,MUC2,picked,false,15350.0
2946,1273,SKU-0083,1,243.36,0,243.36,MUC2,invoiced,false,22739.0
2947,1274,SKU-0097,2,343.45,0,686.89,CGN1,invoiced,false,25240.0
2948,1274,SKU-0026,1,104.78,0,104.78,CGN1,picked,false,20128.0
2949,1275,SKU-0085,3,240.78,0,722.33,MUC2,open,false,51213.0
2950,1275,SKU-0095,6,264.43,0,1586.58,MUC2,invoiced,false,25614.0
2951,1276,SKU-0047,3,26.32,0,78.97,MUC2,open,false,10083.0
2952,1276,SKU-0034,6,105.42,0,632.55,MUC2,shipped,false,46962.0
2953,1277,SKU-0097,2,340.84,0,681.69,HH1,open,false,25240.0
2954,1277,SKU-0017,6,275.49,0,1652.91,HH1,invoiced,false,163614.0
2955,1278,SKU-0070,4,250.24,0,1000.94,HH1,shipped,false,108352.0
2956,1278,SKU-0024,6,106.37,5.0,633.2,HH1,invoiced,false,78276.0
2957,1279,SKU-0016,2,179.05,0,358.1,HH1,open,false,24126.0
2958,1279,SKU-0003,3,221.36,2.5,661.59,HH1,shipped,false,28497.0
2959,1280,SKU-0117,5,106.35,0,531.77,CGN1,invoiced,false,101820.0
2960,1280,SKU-0089,6,48.69,0,292.12,CGN1,open,false,7914.0
2961,1281,SKU-0024,5,110.7,0,553.52,MUC2,invoiced,false,65230.0
2962,1281,SKU-0007,5,99.16,0,495.79,MUC2,shipped,false,135665.0
2963,1282,SKU-0116,6,182.88,2.5,1094.79,CGN1,picked,false,91776.0
2964,1282,SKU-0098,4,181.99,2.5,725.45,CGN1,open,false,4576.0
2965,1283,SKU-0026,4,105.46,0,421.82,HH1,invoiced,false,80512.0
2966,1283,SKU-0059,6,105.92,5.0,630.54,HH1,open,false,58176.0
2967,1284,SKU-0067,4,318.63,0,1274.5,MUC2,picked,false,2652.0
2968,1284,SKU-0069,2,369.81,2.5,737.13,MUC2,picked,false,50948.0
2969,1285,SKU-0045,6,103.05,0,618.29,HH1,shipped,false,93096.0
2970,1285,SKU-0113,3,234.6,5.0,698.79,HH1,invoiced,false,60189.0
2971,1286,SKU-0037,2,272.5,5.0,539.99,HH1,open,false,5796.0
2972,1286,SKU-0047,4,26.81,0,107.24,HH1,shipped,false,13444.0
2973,1287,SKU-0092,1,10.99,0,10.99,BER3,open,false,6851.0
2974,1287,SKU-0020,5,159.03,5.0,790.17,BER3,shipped,false,131510.0
2975,1288,SKU-0003,6,221.47,2.5,1326.35,CGN1,invoiced,false,56994.0
2976,1288,SKU-0117,5,105.28,0,526.42,CGN1,invoiced,false,101820.0
2977,1289,SKU-0037,4,281.66,0,1126.63,MUC2,invoiced,false,11592.0
2978,1289,SKU-0023,5,122.3,5.0,606.48,MUC2,picked,false,27060.0
2979,1290,SKU-0119,6,94.77,0,568.6,BER3,picked,false,159420.0
2980,1290,SKU-0064,2,257.43,0,514.85,BER3,shipped,true,31736.0
2981,1291,SKU-0033,5,335.01,0,1675.03,MUC2,invoiced,false,11980.0
2982,1291,SKU-0070,3,267.11,2.5,798.84,MUC2,picked,false,81264.0
2983,1292,SKU-0005,6,289.59,0,1737.56,MUC2,open,false,110814.0
2984,1292,SKU-0105,6,250.39,5.0,1497.35,MUC2,shipped,false,134670.0
2985,1293,SKU-0087,1,77.98,0,77.98,BER3,shipped,false,21763.0
2986,1293,SKU-0001,1,190.05,5.0,185.05,BER3,picked,false,24590.0
2987,1294,SKU-0068,6,327.35,0,1964.12,CGN1,shipped,false,37026.0
2988,1294,SKU-0070,2,261.74,5.0,518.48,CGN1,open,false,54176.0
2989,1295,SKU-0024,4,113.51,0,454.04,MUC2,shipped,false,52184.0
2990,1295,SKU-0028,3,184.74,5.0,549.23,MUC2,invoiced,false,69792.0
2991,1296,SKU-0016,2,181.0,0,362.0,CGN1,picked,false,24126.0
2992,1296,SKU-0004,2,220.54,0,441.09,CGN1,invoiced,false,15666.0
2993,1297,SKU-0041,5,293.62,0,1468.08,MUC2,shipped,false,77920.0
2994,1297,SKU-0006,2,234.0,0,467.99,MUC2,picked,false,30078.0
2995,1298,SKU-0113,1,221.74,0,221.74,CGN1,invoiced,false,20063.0
2996,1298,SKU-0092,4,11.23,0,44.91,CGN1,invoiced,false,27404.0
2997,1299,SKU-0109,2,277.83,0,555.66,HH1,shipped,false,13384.0
2998,1299,SKU-0019,2,281.92,0,563.85,HH1,open,false,19646.0
2999,1300,SKU-0035,6,292.64,0,1755.86,HH1,shipped,false,33732.0
3000,1300,SKU-0034,2,105.34,2.5,208.18,HH1,open,true,15654.0
3001,1301,SKU-0022,4,67.15,0,268.59,MUC2,picked,false,106284.0
3002,1301,SKU-0025,4,284.59,0,1138.38,MUC2,shipped,false,75420.0
3003,1302,SKU-0094,5,253.1,0,1265.49,BER3,shipped,false,106490.0
3004,1302,SKU-0058,2,109.18,5.0,213.35,BER3,shipped,false,43292.0
3005,1303,SKU-0008,2,208.0,0,415.99,MUC2,open,false,51892.0
3006,1303,SKU-0052,2,196.81,5.0,388.63,MUC2,shipped,false,5206.0
3007,1304,SKU-0059,1,102.72,0,102.72,HH1,invoiced,false,9696.0
3008,1304,SKU-0005,1,284.88,5.0,279.88,HH1,open,false,18469.0
3009,1305,SKU-0083,1,246.1,5.0,241.1,MUC2,shipped,false,22739.0
3010,1305,SKU-0063,1,98.06,2.5,95.56,MUC2,shipped,false,12451.0
3011,1306,SKU-0057,6,425.84,0,2555.03,BER3,picked,false,85638.0
3012,1306,SKU-0053,6,244.15,0,1464.93,BER3,open,false,106752.0
3013,1307,SKU-0050,5,131.82,2.5,656.61,CGN1,invoiced,false,59665.0
3014,1307,SKU-0080,6,19.05,0,114.28,CGN1,open,false,12624.0
3015,1308,SKU-0037,6,269.49,2.5,1614.44,BER3,invoiced,false,17388.0
3016,1308,SKU-0070,1,267.49,0,267.49,BER3,shipped,false,27088.0
3017,1309,SKU-0078,5,45.51,0,227.53,CGN1,invoiced,false,24600.0
3018,1309,SKU-0035,6,305.17,0,1831.0,CGN1,picked,false,33732.0
3019,1310,SKU-0067,4,327.26,0,1309.02,HH1,picked,false,2652.0
3020,1310,SKU-0111,6,76.77,0,460.63,HH1,shipped,false,65778.0
3021,1311,SKU-0024,4,111.24,0,444.97,HH1,invoiced,false,52184.0
3022,1311,SKU-0059,2,104.3,5.0,203.59,HH1,shipped,false,19392.0
3023,1312,SKU-0034,2,105.18,5.0,205.36,BER3,invoiced,false,15654.0
3024,1312,SKU-0038,6,174.52,0,1047.11,BER3,invoiced,false,2424.0
3025,1313,SKU-0097,1,346.32,2.5,343.82,HH1,invoiced,false,12620.0
3026,1313,SKU-0027,1,271.96,0,271.96,HH1,picked,false,1454.0
3027,1314,SKU-0113,3,222.73,0,668.18,MUC2,open,false,60189.0
3028,1314,SKU-0074,4,209.87,5.0,834.47,MUC2,shipped,false,99188.0
3029,1315,SKU-0011,4,319.42,0,1277.68,MUC2,picked,false,104700.0
3030,1315,SKU-0077,1,230.41,0,230.41,MUC2,invoiced,true,7800.0
3031,1316,SKU-0051,6,296.14,0,1776.83,BER3,invoiced,false,115794.0
3032,1316,SKU-0046,1,8.94,2.5,6.44,BER3,shipped,false,7107.0
3033,1317,SKU-0094,4,253.3,0,1013.18,MUC2,picked,false,85192.0
3034,1317,SKU-0101,2,356.26,0,712.52,MUC2,picked,false,36212.0
3035,1318,SKU-0097,1,352.59,0,352.59,CGN1,invoiced,false,12620.0
3036,1318,SKU-0051,2,286.35,0,572.69,CGN1,picked,false,38598.0
3037,1319,SKU-0107,3,321.75,0,965.26,CGN1,shipped,false,19920.0
3038,1319,SKU-0017,1,283.56,0,283.56,CGN1,shipped,false,27269.0
3039,1320,SKU-0102,4,83.88,5.0,330.51,HH1,shipped,false,8828.0
3040,1320,SKU-0024,3,111.98,5.0,330.93,HH1,shipped,false,39138.0
3041,1321,SKU-0119,3,96.15,0,288.44,HH1,picked,false,79710.0
3042,1321,SKU-0102,3,83.62,0,250.86,HH1,open,false,6621.0
3043,1322,SKU-0033,1,348.36,5.0,343.36,HH1,shipped,false,2396.0
3044,1322,SKU-0059,3,108.18,0,324.54,HH1,picked,false,29088.0
3045,1323,SKU-0041,6,289.31,2.5,1733.35,HH1,shipped,false,93504.0
3046,1323,SKU-0120,5,161.08,2.5,802.92,HH1,picked,true,69990.0
3047,1324,SKU-0118,3,351.62,0,1054.85,BER3,open,false,71310.0
3048,1324,SKU-0070,4,258.63,2.5,1032.01,BER3,shipped,false,108352.0
3049,1325,SKU-0018,5,406.63,5.0,2028.13,CGN1,open,true,112360.0
3050,1325,SKU-0041,6,297.4,0,1784.4,CGN1,shipped,false,93504.0
3051,1326,SKU-0028,5,181.21,0,906.06,MUC2,invoiced,false,116320.0
3052,1326,SKU-0093,4,121.94,2.5,485.26,MUC2,shipped,false,59520.0
3053,1327,SKU-0043,2,133.52,2.5,264.53,BER3,picked,true,15244.0
3054,1327,SKU-0100,6,196.02,0,1176.09,BER3,shipped,false,154038.0
3055,1328,SKU-0093,3,116.25,0,348.76,MUC2,open,false,44640.0
3056,1328,SKU-0102,3,86.44,5.0,254.31,MUC2,shipped,false,6621.0
3057,1329,SKU-0073,6,204.94,0,1229.64,BER3,shipped,false,51342.0
3058,1329,SKU-0113,5,220.95,5.0,1099.77,BER3,invoiced,false,100315.0
3059,1330,SKU-0046,4,8.88,0,35.53,BER3,invoiced,false,28428.0
3060,1330,SKU-0014,3,38.7,2.5,113.61,BER3,shipped,false,60321.0
3061,1331,SKU-0091,4,351.78,2.5,1404.63,MUC2,shipped,false,64308.0
3062,1331,SKU-0045,1,97.84,2.5,95.34,MUC2,invoiced,false,15516.0
3063,1332,SKU-0008,5,220.28,0,1101.41,BER3,shipped,false,129730.0
3064,1332,SKU-0060,2,250.92,0,501.84,BER3,picked,false,39522.0
3065,1333,SKU-0017,3,263.14,2.5,786.92,CGN1,picked,false,81807.0
3066,1333,SKU-0106,5,269.28,2.5,1343.91,CGN1,invoiced,false,38375.0
3067,1334,SKU-0084,2,139.99,0,279.97,BER3,invoiced,false,8750.0
3068,1334,SKU-0062,4,338.49,2.5,1351.44,BER3,invoiced,false,106872.0
3069,1335,SKU-0072,2,287.74,0,575.49,MUC2,open,false,1498.0
3070,1335,SKU-0117,6,107.15,0,642.9,MUC2,invoiced,false,122184.0
3071,1336,SKU-0082,3,365.94,5.0,1092.82,MUC2,open,false,35934.0
3072,1336,SKU-0017,3,269.92,5.0,804.77,MUC2,invoiced,false,81807.0
3073,1337,SKU-0112,3,108.98,2.5,324.43,HH1,shipped,false,64839.0
3074,1337,SKU-0037,4,287.18,0,1148.73,HH1,picked,false,11592.0
3075,1338,SKU-0025,4,287.75,0,1151.01,CGN1,invoiced,false,75420.0
3076,1338,SKU-0051,2,283.36,0,566.72,CGN1,invoiced,false,38598.0
3077,1339,SKU-0074,4,204.26,5.0,812.02,HH1,open,false,99188.0
3078,1339,SKU-0027,1,280.01,0,280.01,HH1,invoiced,false,1454.0
3079,1340,SKU-0090,6,266.67,0,1600.03,HH1,invoiced,false,29766.0
3080,1340,SKU-0015,6,261.01,0,1566.04,HH1,invoiced,false,107142.0
3081,1341,SKU-0001,2,190.54,0,381.09,HH1,picked,false,49180.0
3082,1341,SKU-0090,5,278.31,0,1391.53,HH1,invoiced,false,24805.0
3083,1342,SKU-0080,1,18.59,0,18.59,BER3,picked,false,2104.0
3084,1342,SKU-0017,6,262.9,5.0,1572.42,BER3,shipped,false,163614.0
3085,1343,SKU-0056,1,68.96,0,68.96,BER3,picked,false,19888.0
3086,1343,SKU-0076,1,83.14,0,83.14,BER3,open,false,6858.0
3087,1344,SKU-0046,1,8.94,0,8.94,MUC2,open,false,7107.0
3088,1344,SKU-0020,5,155.23,2.5,773.63,MUC2,open,false,131510.0
3089,1345,SKU-0006,3,248.42,5.0,740.25,HH1,shipped,false,45117.0
3090,1345,SKU-0003,1,226.45,0,226.45,HH1,invoiced,false,9499.0
3091,1346,SKU-0097,5,354.95,0,1774.77,BER3,shipped,false,63100.0
3092,1346,SKU-0039,1,153.69,0,153.69,BER3,invoiced,false,17265.0
3093,1347,SKU-0052,1,185.33,0,185.33,CGN1,invoiced,false,2603.0
3094,1347,SKU-0012,2,52.17,2.5,101.83,CGN1,open,false,4196.0
3095,1348,SKU-0057,1,417.02,5.0,412.02,HH1,open,false,14273.0
3096,1348,SKU-0101,6,364.03,0,2184.18,HH1,invoiced,false,108636.0
3097,1349,SKU-0039,6,152.67,0,916.02,BER3,shipped,false,103590.0
3098,1349,SKU-0075,1,342.43,5.0,337.43,BER3,picked,false,23960.0
3099,1350,SKU-0041,6,284.01,0,1704.08,BER3,shipped,false,93504.0
3100,1350,SKU-0119,6,97.14,5.0,577.83,BER3,open,false,159420.0
3101,1351,SKU-0060,2,260.02,0,520.05,HH1,shipped,false,39522.0
3102,1351,SKU-0069,6,355.47,2.5,2130.34,HH1,picked,false,152844.0
3103,1352,SKU-0081,4,101.54,2.5,403.66,HH1,picked,false,11288.0
3104,1352,SKU-0077,1,226.39,2.5,223.89,HH1,invoiced,false,7800.0
3105,1353,SKU-0015,2,255.85,0,511.7,CGN1,shipped,false,35714.0
3106,1353,SKU-0073,5,202.54,0,1012.72,CGN1,invoiced,true,42785.0
3107,1354,SKU-0059,1,107.17,0,107.17,CGN1,open,false,9696.0
3108,1354,SKU-0067,1,333.35,2.5,330.85,CGN1,picked,false,663.0
3109,1355,SKU-0041,4,281.67,0,1126.69,MUC2,shipped,false,62336.0
3110,1355,SKU-0045,1,103.66,0,103.66,MUC2,open,false,15516.0
3111,1356,SKU-0040,5,299.38,0,1496.9,HH1,picked,false,105130.0
3112,1356,SKU-0103,5,250.86,5.0,1249.29,HH1,invoiced,false,101035.0
3113,1357,SKU-0022,5,69.44,0,347.19,CGN1,shipped,false,132855.0
3114,1357,SKU-0053,3,249.43,0,748.28,CGN1,open,false,53376.0
3115,1358,SKU-0103,6,259.39,0,1556.35,CGN1,invoiced,true,121242.0
3116,1358,SKU-0082,5,350.18,5.0,1745.9,CGN1,invoiced,false,59890.0
3117,1359,SKU-0021,3,406.45,5.0,1214.34,MUC2,picked,false,36741.0
3118,1359,SKU-0120,4,162.32,2.5,646.76,MUC2,open,false,55992.0
3119,1360,SKU-0051,6,301.74,0,1810.45,MUC2,picked,false,115794.0
3120,1360,SKU-0093,1,119.71,0,119.71,MUC2,picked,false,14880.0
3121,1361,SKU-0066,2,251.61,2.5,500.72,CGN1,invoiced,false,38688.0
3122,1361,SKU-0015,2,273.38,0,546.77,CGN1,open,false,35714.0
3123,1362,SKU-0097,3,335.62,0,1006.87,MUC2,picked,false,37860.0
3124,1362,SKU-0084,5,141.42,5.0,702.1,MUC2,open,false,21875.0
3125,1363,SKU-0018,3,406.03,0,1218.08,BER3,open,false,67416.0
3126,1363,SKU-0078,6,45.84,0,275.04,BER3,open,false,29520.0
3127,1364,SKU-0116,2,180.31,2.5,358.12,MUC2,shipped,false,30592.0
3128,1364,SKU-0026,6,109.93,0,659.61,MUC2,invoiced,false,120768.0
3129,1365,SKU-0106,4,272.84,2.5,1088.86,CGN1,picked,false,30700.0
3130,1365,SKU-0061,6,16.06,2.5,93.89,CGN1,open,false,2874.0
3131,1366,SKU-0015,4,257.9,2.5,1029.11,HH1,shipped,false,71428.0
3132,1366,SKU-0031,5,197.97,0,989.87,HH1,shipped,false,66910.0
3133,1367,SKU-0099,6,254.3,0,1525.79,CGN1,shipped,false,132654.0
3134,1367,SKU-0111,5,75.74,2.5,376.21,CGN1,shipped,false,54815.0
3135,1368,SKU-0099,2,256.39,0,512.78,BER3,shipped,false,44218.0
3136,1368,SKU-0075,5,337.48,0,1687.4,BER3,picked,true,119800.0
3137,1369,SKU-0025,4,297.85,5.0,1186.39,BER3,open,false,75420.0
3138,1369,SKU-0086,6,306.84,5.0,1836.04,BER3,picked,false,11970.0
3139,1370,SKU-0018,3,404.47,2.5,1210.91,HH1,invoiced,false,67416.0
3140,1370,SKU-0088,6,287.59,2.5,1723.03,HH1,open,false,102108.0
3141,1371,SKU-0014,3,38.3,5.0,109.9,MUC2,shipped,false,60321.0
3142,1371,SKU-0067,5,324.02,0,1620.09,MUC2,shipped,false,3315.0
3143,1372,SKU-0068,3,327.1,0,981.31,HH1,invoiced,false,18513.0
3144,1372,SKU-0055,4,93.85,5.0,370.41,HH1,open,false,58160.0
3145,1373,SKU-0023,3,119.88,0,359.65,HH1,picked,false,16236.0
3146,1373,SKU-0039,5,143.5,5.0,712.49,HH1,open,false,86325.0
3147,1374,SKU-0019,2,280.03,5.0,555.06,BER3,picked,false,19646.0
3148,1374,SKU-0042,5,174.83,2.5,871.65,BER3,invoiced,false,41370.0
3149,1375,SKU-0056,4,63.99,0,255.96,MUC2,open,false,79552.0
3150,1375,SKU-0033,3,328.48,2.5,982.93,MUC2,invoiced,false,7188.0
3151,1376,SKU-0085,6,237.91,0,1427.43,BER3,shipped,false,102426.0
3152,1376,SKU-0035,4,312.18,0,1248.73,BER3,invoiced,false,22488.0
3153,1377,SKU-0096,3,276.58,2.5,827.23,MUC2,invoiced,false,3303.0
3154,1377,SKU-0076,5,84.29,2.5,418.94,MUC2,invoiced,false,34290.0
3155,1378,SKU-0115,1,322.7,0,322.7,MUC2,open,false,25055.0
3156,1378,SKU-0006,3,235.04,2.5,702.62,MUC2,open,false,45117.0
3157,1379,SKU-0080,5,19.37,0,96.86,CGN1,shipped,false,10520.0
3158,1379,SKU-0082,3,340.77,5.0,1017.32,CGN1,invoiced,false,35934.0
3159,1380,SKU-0046,6,9.0,0,54.01,MUC2,open,false,42642.0
3160,1380,SKU-0106,1,252.99,5.0,247.99,MUC2,invoiced,true,7675.0
3161,1381,SKU-0038,6,172.52,0,1035.13,HH1,shipped,false,2424.0
3162,1381,SKU-0065,4,288.51,0,1154.04,HH1,picked,false,51580.0
3163,1382,SKU-0085,4,241.92,5.0,962.68,HH1,open,false,68284.0
3164,1382,SKU-0019,4,299.88,5.0,1194.53,HH1,invoiced,false,39292.0
3165,1383,SKU-0063,1,97.56,2.5,95.06,CGN1,invoiced,false,12451.0
3166,1383,SKU-0007,1,102.74,5.0,97.74,CGN1,picked,false,27133.0
3167,1384,SKU-0103,2,260.81,2.5,519.12,HH1,invoiced,false,40414.0
3168,1384,SKU-0047,6,27.08,5.0,157.5,HH1,picked,false,20166.0
3169,1385,SKU-0069,6,365.42,0,2192.53,HH1,picked,false,152844.0
3170,1385,SKU-0062,6,326.63,0,1959.8,HH1,shipped,false,160308.0
3171,1386,SKU-0108,6,398.64,0,2391.85,HH1,picked,false,117030.0
3172,1386,SKU-0028,5,184.26,5.0,916.28,HH1,shipped,false,116320.0
3173,1387,SKU-0050,3,129.26,5.0,382.78,BER3,picked,false,35799.0
3174,1387,SKU-0045,6,99.99,2.5,597.43,BER3,shipped,false,93096.0
3175,1388,SKU-0104,5,92.21,0,461.07,BER3,shipped,false,135190.0
3176,1388,SKU-0049,2,87.49,0,174.97,BER3,picked,false,25284.0
3177,1389,SKU-0037,2,285.48,2.5,568.46,CGN1,shipped,false,5796.0
3178,1389,SKU-0110,6,299.99,0,1799.96,CGN1,open,false,120798.0
3179,1390,SKU-0077,3,221.24,2.5,661.23,BER3,picked,false,23400.0
3180,1390,SKU-0019,2,279.94,2.5,557.38,BER3,invoiced,false,19646.0
3181,1391,SKU-0099,6,249.61,0,1497.69,HH1,invoiced,false,132654.0
3182,1391,SKU-0116,3,173.1,5.0,514.3,HH1,invoiced,true,45888.0
3183,1392,SKU-0002,4,311.45,0,1245.8,HH1,invoiced,false,108016.0
3184,1392,SKU-0029,1,186.57,0,186.57,HH1,picked,false,12344.0
3185,1393,SKU-0040,2,307.94,0,615.87,CGN1,picked,false,42052.0
3186,1393,SKU-0074,4,212.22,0,848.89,CGN1,shipped,false,99188.0
3187,1394,SKU-0090,6,271.81,2.5,1628.35,HH1,open,false,29766.0
3188,1394,SKU-0092,4,10.77,0,43.08,HH1,shipped,false,27404.0
3189,1395,SKU-0106,3,257.51,5.0,767.53,BER3,picked,false,23025.0
3190,1395,SKU-0045,5,99.28,0,496.39,BER3,invoiced,false,77580.0
3191,1396,SKU-0111,1,77.65,5.0,72.65,MUC2,shipped,false,10963.0
3192,1396,SKU-0073,5,191.69,0,958.45,MUC2,invoiced,false,42785.0
3193,1397,SKU-0077,5,227.84,0,1139.21,MUC2,open,false,39000.0
3194,1397,SKU-0064,5,262.33,2.5,1309.15,MUC2,picked,false,79340.0
3195,1398,SKU-0047,3,25.92,2.5,75.27,HH1,open,false,10083.0
3196,1398,SKU-0102,4,88.34,0,353.35,HH1,open,true,8828.0
3197,1399,SKU-0001,3,202.74,0,608.21,MUC2,shipped,false,73770.0
3198,1399,SKU-0059,4,104.75,5.0,414.0,MUC2,open,false,38784.0
3199,1400,SKU-0105,1,258.02,2.5,255.52,CGN1,open,false,22445.0
3200,1400,SKU-0118,2,344.93,0,689.85,CGN1,picked,false,47540.0
3201,1401,SKU-0100,2,186.54,5.0,368.08,HH1,picked,false,51346.0
3202,1401,SKU-0095,2,256.13,0,512.26,HH1,invoiced,true,8538.0
3203,1402,SKU-0005,4,284.23,0,1136.93,CGN1,invoiced,false,73876.0
3204,1402,SKU-0036,5,204.81,2.5,1021.53,CGN1,picked,false,108945.0
3205,1403,SKU-0032,1,358.7,0,358.7,CGN1,shipped,false,12232.0
3206,1403,SKU-0053,5,248.19,2.5,1238.44,CGN1,picked,true,88960.0
3207,1404,SKU-0017,4,283.95,5.0,1130.8,HH1,open,false,109076.0
3208,1404,SKU-0034,5,108.55,5.0,537.74,HH1,shipped,false,39135.0
3209,1405,SKU-0097,6,344.95,5.0,2064.71,MUC2,picked,false,75720.0
3210,1405,SKU-0060,6,252.1,5.0,1507.62,MUC2,picked,false,118566.0
3211,1406,SKU-0059,1,105.55,2.5,103.05,BER3,open,false,9696.0
3212,1406,SKU-0064,4,251.91,0,1007.63,BER3,picked,false,63472.0
3213,1407,SKU-0066,6,266.42,2.5,1596.01,HH1,shipped,false,116064.0
3214,1407,SKU-0059,5,104.37,0,521.85,HH1,shipped,false,48480.0
3215,1408,SKU-0026,3,110.0,2.5,327.51,BER3,shipped,false,60384.0
3216,1408,SKU-0004,2,211.42,5.0,417.84,BER3,open,false,15666.0
3217,1409,SKU-0028,2,183.22,0,366.43,CGN1,open,false,46528.0
3218,1409,SKU-0023,4,126.15,2.5,502.11,CGN1,invoiced,false,21648.0
3219,1410,SKU-0115,3,337.04,2.5,1008.62,BER3,open,true,75165.0
3220,1410,SKU-0011,3,308.82,5.0,921.45,BER3,shipped,false,78525.0
3221,1411,SKU-0098,4,180.89,0,723.57,HH1,picked,false,4576.0
3222,1411,SKU-0053,5,249.29,0,1246.45,HH1,invoiced,false,88960.0
3223,1412,SKU-0019,4,295.17,0,1180.67,HH1,picked,false,39292.0
3224,1412,SKU-0019,3,300.29,0,900.86,HH1,picked,false,29469.0
3225,1413,SKU-0029,1,177.83,0,177.83,CGN1,picked,false,12344.0
3226,1413,SKU-0047,3,26.33,0,78.98,CGN1,open,false,10083.0
3227,1414,SKU-0061,5,16.65,0,83.23,BER3,picked,false,2395.0
3228,1414,SKU-0050,4,122.8,2.5,488.69,BER3,shipped,true,47732.0
3229,1415,SKU-0088,4,288.01,5.0,1147.06,HH1,invoiced,false,68072.0
3230,1415,SKU-0005,4,287.76,2.5,1148.54,HH1,invoiced,false,73876.0
3231,1416,SKU-0063,1,98.08,5.0,93.08,CGN1,picked,false,12451.0
3232,1416,SKU-0100,6,187.86,2.5,1124.65,CGN1,shipped,false,154038.0
3233,1417,SKU-0086,6,308.05,0,1848.3,MUC2,open,false,11970.0
3234,1417,SKU-0061,4,16.43,0,65.72,MUC2,shipped,false,1916.0
3235,1418,SKU-0036,4,219.76,2.5,876.54,HH1,open,true,87156.0
3236,1418,SKU-0062,5,315.38,0,1576.92,HH1,shipped,false,133590.0
3237,1419,SKU-0059,1,104.27,0,104.27,HH1,open,false,9696.0
3238,1419,SKU-0100,4,192.27,0,769.09,HH1,picked,false,102692.0
3239,1420,SKU-0034,3,111.71,0,335.14,MUC2,shipped,false,23481.0
3240,1420,SKU-0044,3,127.23,0,381.69,MUC2,picked,false,60906.0
3241,1421,SKU-0088,4,305.08,0,1220.31,HH1,invoiced,false,68072.0
3242,1421,SKU-0087,5,76.68,5.0,378.42,HH1,picked,false,108815.0
3243,1422,SKU-0053,4,246.4,2.5,983.09,HH1,open,false,71168.0
3244,1422,SKU-0108,4,407.11,0,1628.45,HH1,open,false,78020.0
3245,1423,SKU-0090,3,281.14,5.0,838.43,BER3,invoiced,false,14883.0
3246,1423,SKU-0071,5,26.79,0,133.93,BER3,open,true,2195.0
3247,1424,SKU-0037,2,270.65,2.5,538.81,CGN1,shipped,false,5796.0
3248,1424,SKU-0081,4,102.08,5.0,403.32,CGN1,picked,false,11288.0
3249,1425,SKU-0081,3,104.0,0,312.0,HH1,picked,false,8466.0
3250,1425,SKU-0053,2,243.71,0,487.41,HH1,open,false,35584.0
3251,1426,SKU-0050,6,130.41,5.0,777.48,HH1,open,false,71598.0
3252,1426,SKU-0051,2,285.38,2.5,568.25,HH1,shipped,false,38598.0
3253,1427,SKU-0023,4,122.05,5.0,483.19,HH1,picked,false,21648.0
3254,1427,SKU-0014,2,40.53,5.0,76.06,HH1,open,false,40214.0
3255,1428,SKU-0023,2,118.84,0,237.69,BER3,picked,false,10824.0
3256,1428,SKU-0021,1,391.98,0,391.98,BER3,picked,false,12247.0
3257,1429,SKU-0061,4,15.69,5.0,57.78,CGN1,open,false,1916.0
3258,1429,SKU-0065,2,272.09,0,544.18,CGN1,picked,false,25790.0
3259,1430,SKU-0056,4,65.56,0,262.26,CGN1,open,false,79552.0
3260,1430,SKU-0086,6,290.39,0,1742.35,CGN1,open,false,11970.0
3261,1431,SKU-0032,5,356.6,0,1782.99,HH1,open,false,61160.0
3262,1431,SKU-0034,3,109.59,5.0,323.76,HH1,shipped,false,23481.0
3263,1432,SKU-0083,1,250.93,0,250.93,MUC2,open,false,22739.0
3264,1432,SKU-0066,2,266.98,0,533.97,MUC2,open,false,38688.0
3265,1433,SKU-0096,5,266.51,0,1332.53,MUC2,open,false,5505.0
3266,1433,SKU-0105,1,243.58,0,243.58,MUC2,invoiced,false,22445.0
3267,1434,SKU-0020,5,153.84,5.0,764.19,MUC2,picked,false,131510.0
3268,1434,SKU-0094,5,252.16,0,1260.79,MUC2,shipped,false,106490.0
3269,1435,SKU-0073,6,198.81,0,1192.87,HH1,invoiced,false,51342.0
3270,1435,SKU-0002,5,316.57,0,1582.84,HH1,shipped,false,135020.0
3271,1436,SKU-0030,5,110.19,0,550.93,CGN1,invoiced,false,98970.0
3272,1436,SKU-0014,6,37.95,2.5,225.21,CGN1,open,false,120642.0
3273,1437,SKU-0052,2,197.05,0,394.1,CGN1,invoiced,false,5206.0
3274,1437,SKU-0055,5,95.39,2.5,474.43,CGN1,picked,false,72700.0
3275,1438,SKU-0120,6,155.22,0,931.32,BER3,open,false,83988.0
3276,1438,SKU-0082,3,354.36,0,1063.07,BER3,open,false,35934.0
3277,1439,SKU-0015,4,253.4,0,1013.61,CGN1,invoiced,false,71428.0
3278,1439,SKU-0014,4,40.31,2.5,158.72,CGN1,open,false,80428.0
3279,1440,SKU-0073,1,205.54,0,205.54,CGN1,picked,false,8557.0
3280,1440,SKU-0001,4,191.34,0,765.38,CGN1,picked,false,98360.0
3281,1441,SKU-0028,5,173.33,5.0,861.67,HH1,invoiced,false,116320.0
3282,1441,SKU-0015,6,270.19,2.5,1618.64,HH1,open,false,107142.0
3283,1442,SKU-0091,1,370.07,0,370.07,BER3,picked,false,16077.0
3284,1442,SKU-0101,1,372.17,0,372.17,BER3,open,false,18106.0
3285,1443,SKU-0068,5,322.13,2.5,1608.16,BER3,picked,false,30855.0
3286,1443,SKU-0055,2,93.43,0,186.85,BER3,open,false,29080.0
3287,1444,SKU-0004,6,218.58,5.0,1306.46,BER3,picked,false,46998.0
3288,1444,SKU-0088,5,297.2,0,1486.0,BER3,shipped,false,85090.0
3289,1445,SKU-0079,6,274.39,5.0,1641.33,MUC2,picked,false,158844.0
3290,1445,SKU-0112,4,102.22,0,408.86,MUC2,invoiced,false,86452.0
3291,1446,SKU-0001,1,189.29,0,189.29,HH1,open,false,24590.0
3292,1446,SKU-0090,6,276.48,5.0,1653.9,HH1,invoiced,false,29766.0
3293,1447,SKU-0106,6,265.68,2.5,1591.55,MUC2,picked,false,46050.0
3294,1447,SKU-0079,1,276.13,2.5,273.63,MUC2,invoiced,false,26474.0
3295,1448,SKU-0040,1,317.06,0,317.06,BER3,open,false,21026.0
3296,1448,SKU-0081,3,98.15,0,294.44,BER3,invoiced,false,8466.0
3297,1449,SKU-0061,3,16.59,0,49.78,HH1,invoiced,false,1437.0
3298,1449,SKU-0026,2,111.14,0,222.27,HH1,picked,false,40256.0
3299,1450,SKU-0025,5,288.97,2.5,1442.35,MUC2,shipped,true,94275.0
3300,1450,SKU-0039,1,149.36,0,149.36,MUC2,shipped,false,17265.0
3301,1451,SKU-0052,1,189.99,0,189.99,HH1,picked,false,2603.0
3302,1451,SKU-0045,2,97.4,0,194.79,HH1,shipped,false,31032.0
3303,1452,SKU-0037,1,269.54,5.0,264.54,BER3,picked,false,2898.0
3304,1452,SKU-0047,4,26.43,0,105.72,BER3,shipped,false,13444.0
3305,1453,SKU-0041,1,281.34,0,281.34,HH1,picked,false,15584.0
3306,1453,SKU-0115,6,324.76,0,1948.57,HH1,invoiced,false,150330.0
3307,1454,SKU-0013,3,350.88,2.5,1050.13,BER3,open,false,51438.0
3308,1454,SKU-0060,1,246.3,0,246.3,BER3,picked,false,19761.0
3309,1455,SKU-0048,2,149.76,0,299.52,CGN1,picked,true,34178.0
3310,1455,SKU-0026,1,112.0,0,112.0,CGN1,invoiced,false,20128.0
3311,1456,SKU-0016,6,186.93,2.5,1119.06,CGN1,invoiced,false,72378.0
3312,1456,SKU-0046,3,9.2,0,27.59,CGN1,invoiced,false,21321.0
3313,1457,SKU-0015,2,259.58,0,519.16,MUC2,invoiced,false,35714.0
3314,1457,SKU-0104,3,95.45,5.0,281.34,MUC2,invoiced,false,81114.0
3315,1458,SKU-0019,3,291.93,0,875.78,HH1,picked,false,29469.0
3316,1458,SKU-0064,1,267.65,5.0,262.65,HH1,open,false,15868.0
3317,1459,SKU-0003,2,217.05,2.5,431.59,CGN1,open,false,18998.0
3318,1459,SKU-0023,2,124.39,2.5,246.28,CGN1,invoiced,false,10824.0
3319,1460,SKU-0104,3,92.14,5.0,271.41,BER3,open,false,81114.0
3320,1460,SKU-0116,2,182.84,2.5,363.18,BER3,open,false,30592.0
3321,1461,SKU-0015,1,254.44,0,254.44,MUC2,shipped,false,17857.0
3322,1461,SKU-0072,5,287.33,0,1436.63,MUC2,open,false,3745.0
3323,1462,SKU-0108,2,407.54,2.5,812.58,MUC2,shipped,false,39010.0
3324,1462,SKU-0007,3,104.79,0,314.37,MUC2,shipped,false,81399.0
3325,1463,SKU-0089,5,47.26,0,236.3,HH1,open,false,6595.0
3326,1463,SKU-0004,4,209.52,2.5,835.58,HH1,invoiced,false,31332.0
3327,1464,SKU-0046,5,8.69,0,43.43,MUC2,open,false,35535.0
3328,1464,SKU-0007,2,97.45,2.5,192.41,MUC2,picked,false,54266.0
3329,1465,SKU-0041,3,282.86,0,848.57,CGN1,open,false,46752.0
3330,1465,SKU-0116,5,179.59,5.0,892.97,CGN1,invoiced,false,76480.0
3331,1466,SKU-0049,4,85.58,5.0,337.33,CGN1,picked,false,50568.0
3332,1466,SKU-0106,6,267.33,0,1603.97,CGN1,open,false,46050.0
3333,1467,SKU-0080,5,19.32,0,96.6,HH1,shipped,false,10520.0
3334,1467,SKU-0064,3,265.01,0,795.03,HH1,picked,false,47604.0
3335,1468,SKU-0006,4,230.97,0,923.89,CGN1,invoiced,false,60156.0
3336,1468,SKU-0027,4,267.07,2.5,1065.8,CGN1,shipped,false,5816.0
3337,1469,SKU-0006,6,242.84,5.0,1452.05,CGN1,open,false,90234.0
3338,1469,SKU-0015,3,264.3,2.5,790.4,CGN1,picked,false,53571.0
3339,1470,SKU-0016,1,175.44,0,175.44,BER3,picked,false,12063.0
3340,1470,SKU-0088,4,292.0,0,1168.02,BER3,open,false,68072.0
3341,1471,SKU-0028,6,184.62,0,1107.73,MUC2,open,false,139584.0
3342,1471,SKU-0093,6,121.94,0,731.62,MUC2,picked,false,89280.0
3343,1472,SKU-0090,2,280.52,0,561.04,HH1,picked,false,9922.0
3344,1472,SKU-0019,4,288.15,0,1152.6,HH1,picked,false,39292.0
3345,1473,SKU-0063,6,95.98,0,575.86,CGN1,open,false,74706.0
3346,1473,SKU-0037,4,276.42,5.0,1100.69,CGN1,shipped,false,11592.0
3347,1474,SKU-0005,4,281.32,2.5,1122.78,HH1,invoiced,false,73876.0
3348,1474,SKU-0007,2,105.01,0,210.02,HH1,invoiced,false,54266.0
3349,1475,SKU-0120,3,162.74,0,488.21,CGN1,shipped,false,41994.0
3350,1475,SKU-0108,3,395.64,2.5,1184.41,CGN1,invoiced,false,58515.0
3351,1476,SKU-0024,2,113.82,0,227.64,MUC2,invoiced,false,26092.0
3352,1476,SKU-0073,5,199.67,0,998.34,MUC2,shipped,false,42785.0
3353,1477,SKU-0078,2,47.25,0,94.5,BER3,picked,false,9840.0
3354,1477,SKU-0091,3,350.43,0,1051.28,BER3,shipped,false,48231.0
3355,1478,SKU-0009,4,253.5,0,1014.0,HH1,open,true,64952.0
3356,1478,SKU-0033,4,341.27,5.0,1360.08,HH1,open,false,9584.0
3357,1479,SKU-0099,2,243.69,5.0,482.38,BER3,invoiced,false,44218.0
3358,1479,SKU-0046,3,8.83,5.0,21.5,BER3,picked,false,21321.0
3359,1480,SKU-0083,3,246.25,0,738.75,BER3,shipped,false,68217.0
3360,1480,SKU-0004,5,217.46,0,1087.31,BER3,picked,false,39165.0
3361,1481,SKU-0052,1,183.2,5.0,178.2,BER3,open,false,2603.0
3362,1481,SKU-0043,4,124.41,0,497.63,BER3,invoiced,false,30488.0
3363,1482,SKU-0097,5,357.89,2.5,1786.94,HH1,picked,false,63100.0
3364,1482,SKU-0053,4,236.63,0,946.51,HH1,invoiced,false,71168.0
3365,1483,SKU-0062,5,316.16,2.5,1578.31,CGN1,open,false,133590.0
3366,1483,SKU-0011,3,310.07,5.0,925.2,CGN1,shipped,false,78525.0
3367,1484,SKU-0055,1,92.49,0,92.49,HH1,shipped,false,14540.0
3368,1484,SKU-0093,4,115.96,0,463.82,HH1,shipped,false,59520.0
3369,1485,SKU-0075,5,322.66,0,1613.29,MUC2,picked,false,119800.0
3370,1485,SKU-0091,1,370.6,0,370.6,MUC2,picked,false,16077.0
3371,1486,SKU-0106,5,272.72,5.0,1358.58,CGN1,picked,false,38375.0
3372,1486,SKU-0004,2,218.56,5.0,432.12,CGN1,open,false,15666.0
3373,1487,SKU-0048,4,143.1,0,572.39,CGN1,open,false,68356.0
3374,1487,SKU-0055,2,91.8,5.0,178.61,CGN1,shipped,false,29080.0
3375,1488,SKU-0082,4,350.14,0,1400.58,MUC2,shipped,false,47912.0
3376,1488,SKU-0079,3,261.7,0,785.1,MUC2,shipped,false,79422.0
3377,1489,SKU-0065,2,291.24,0,582.48,BER3,invoiced,false,25790.0
3378,1489,SKU-0111,2,73.73,0,147.46,BER3,picked,false,21926.0
3379,1490,SKU-0119,6,95.52,0,573.11,HH1,picked,false,159420.0
3380,1490,SKU-0043,1,129.29,0,129.29,HH1,picked,false,7622.0
3381,1491,SKU-0090,1,280.91,0,280.91,CGN1,open,false,4961.0
3382,1491,SKU-0056,6,64.09,5.0,379.54,CGN1,open,false,119328.0
3383,1492,SKU-0060,2,252.26,0,504.51,MUC2,shipped,false,39522.0
3384,1492,SKU-0020,4,165.6,0,662.4,MUC2,invoiced,false,105208.0
3385,1493,SKU-0023,5,119.65,0,598.26,BER3,picked,false,27060.0
3386,1493,SKU-0080,5,17.94,0,89.7,BER3,picked,false,10520.0
3387,1494,SKU-0015,5,259.59,0,1297.95,BER3,shipped,false,89285.0
3388,1494,SKU-0025,6,292.33,0,1753.97,BER3,shipped,false,113130.0
3389,1495,SKU-0020,6,158.73,0,952.37,BER3,invoiced,false,157812.0
3390,1495,SKU-0036,2,206.13,0,412.27,BER3,picked,false,43578.0
3391,1496,SKU-0072,6,291.76,0,1750.59,BER3,invoiced,false,4494.0
3392,1496,SKU-0020,2,165.56,0,331.12,BER3,open,false,52604.0
3393,1497,SKU-0101,2,352.95,2.5,703.4,CGN1,shipped,false,36212.0
3394,1497,SKU-0024,5,109.03,0,545.16,CGN1,invoiced,true,65230.0
3395,1498,SKU-0087,4,73.79,5.0,290.16,MUC2,open,false,87052.0
3396,1498,SKU-0008,2,208.67,2.5,414.83,MUC2,picked,false,51892.0
3397,1499,SKU-0042,3,162.53,0,487.59,MUC2,shipped,false,24822.0
3398,1499,SKU-0085,1,237.71,0,237.71,MUC2,shipped,false,17071.0
3399,1500,SKU-0105,2,256.63,0,513.26,MUC2,open,false,44890.0
3400,1500,SKU-0005,2,268.99,2.5,535.48,MUC2,picked,false,36938.0
3401,1501,SKU-0006,2,241.19,0,482.38,MUC2,invoiced,false,30078.0
3402,1501,SKU-0028,5,182.78,2.5,911.4,MUC2,invoiced,false,116320.0
3403,1502,SKU-0031,5,199.69,2.5,995.96,CGN1,shipped,false,66910.0
3404,1502,SKU-0026,2,112.11,5.0,219.22,CGN1,invoiced,false,40256.0
3405,1503,SKU-0004,5,206.95,5.0,1029.77,MUC2,shipped,false,39165.0
3406,1503,SKU-0093,1,113.64,5.0,108.64,MUC2,shipped,false,14880.0
3407,1504,SKU-0088,2,289.25,5.0,573.49,MUC2,picked,false,34036.0
3408,1504,SKU-0007,2,102.15,2.5,201.79,MUC2,shipped,false,54266.0
3409,1505,SKU-0007,6,102.51,0,615.04,HH1,open,false,162798.0
3410,1505,SKU-0025,1,298.45,0,298.45,HH1,picked,false,18855.0
3411,1506,SKU-0053,4,250.09,5.0,995.35,HH1,open,false,71168.0
3412,1506,SKU-0013,4,358.69,0,1434.78,HH1,open,false,68584.0
3413,1507,SKU-0103,3,264.64,0,793.91,BER3,invoiced,false,60621.0
3414,1507,SKU-0065,2,284.64,0,569.28,BER3,invoiced,false,25790.0
3415,1508,SKU-0001,1,196.58,0,196.58,CGN1,shipped,false,24590.0
3416,1508,SKU-0006,4,229.44,0,917.78,CGN1,shipped,false,60156.0
3417,1509,SKU-0030,5,110.33,0,551.67,CGN1,invoiced,false,98970.0
3418,1509,SKU-0087,1,79.35,0,79.35,CGN1,picked,false,21763.0
3419,1510,SKU-0083,1,240.23,0,240.23,CGN1,picked,false,22739.0
3420,1510,SKU-0035,2,307.99,0,615.97,CGN1,invoiced,true,11244.0
3421,1511,SKU-0052,5,196.5,0,982.5,CGN1,picked,false,13015.0
3422,1511,SKU-0035,6,310.0,0,1859.99,CGN1,open,false,33732.0
3423,1512,SKU-0004,1,220.18,0,220.18,BER3,invoiced,false,7833.0
3424,1512,SKU-0016,6,173.44,0,1040.62,BER3,open,false,72378.0
3425,1513,SKU-0075,6,330.72,2.5,1981.83,MUC2,picked,false,143760.0
3426,1513,SKU-0020,3,157.01,0,471.04,MUC2,shipped,false,78906.0
3427,1514,SKU-0103,3,262.8,0,788.41,CGN1,picked,false,60621.0
3428,1514,SKU-0088,4,300.4,0,1201.59,CGN1,shipped,true,68072.0
3429,1515,SKU-0116,2,173.81,0,347.63,CGN1,invoiced,false,30592.0
3430,1515,SKU-0019,6,284.29,0,1705.75,CGN1,shipped,false,58938.0
3431,1516,SKU-0090,6,284.58,5.0,1702.46,HH1,picked,false,29766.0
3432,1516,SKU-0063,4,96.02,5.0,379.07,HH1,invoiced,false,49804.0
3433,1517,SKU-0053,4,236.19,0,944.74,CGN1,invoiced,false,71168.0
3434,1517,SKU-0027,6,266.15,0,1596.88,CGN1,shipped,false,8724.0
3435,1518,SKU-0110,1,303.67,0,303.67,BER3,open,false,20133.0
3436,1518,SKU-0020,5,159.82,0,799.08,BER3,picked,false,131510.0
3437,1519,SKU-0018,5,383.37,0,1916.84,HH1,picked,false,112360.0
3438,1519,SKU-0088,3,294.38,0,883.15,HH1,picked,false,51054.0
3439,1520,SKU-0082,2,345.53,0,691.05,HH1,picked,false,23956.0
3440,1520,SKU-0001,1,192.19,0,192.19,HH1,picked,false,24590.0
3441,1521,SKU-0013,4,373.12,2.5,1489.99,HH1,invoiced,false,68584.0
3442,1521,SKU-0043,1,130.73,0,130.73,HH1,shipped,false,7622.0
3443,1522,SKU-0038,3,166.33,0,498.98,HH1,shipped,false,1212.0
3444,1522,SKU-0087,5,79.13,0,395.63,HH1,open,false,108815.0
3445,1523,SKU-0020,4,156.05,2.5,621.69,CGN1,open,false,105208.0
3446,1523,SKU-0027,4,274.0,5.0,1091.01,CGN1,invoiced,false,5816.0
3447,1524,SKU-0034,6,110.7,2.5,661.71,MUC2,invoiced,false,46962.0
3448,1524,SKU-0023,4,118.5,0,473.98,MUC2,invoiced,false,21648.0
3449,1525,SKU-0073,6,206.19,0,1237.15,CGN1,invoiced,false,51342.0
3450,1525,SKU-0014,5,37.86,2.5,186.82,CGN1,shipped,false,100535.0
3451,1526,SKU-0062,2,327.65,0,655.3,BER3,invoiced,false,53436.0
3452,1526,SKU-0100,4,192.86,0,771.45,BER3,picked,false,102692.0
3453,1527,SKU-0011,4,309.79,0,1239.15,CGN1,shipped,false,104700.0
3454,1527,SKU-0066,1,252.19,0,252.19,CGN1,invoiced,false,19344.0
3455,1528,SKU-0072,2,304.54,5.0,604.08,CGN1,open,false,1498.0
3456,1528,SKU-0009,2,252.02,0,504.04,CGN1,shipped,false,32476.0
3457,1529,SKU-0029,3,179.34,2.5,535.53,CGN1,open,false,37032.0
3458,1529,SKU-0057,4,411.49,2.5,1643.46,CGN1,invoiced,false,57092.0
3459,1530,SKU-0032,1,334.39,0,334.39,HH1,picked,true,12232.0
3460,1530,SKU-0032,4,343.54,0,1374.15,HH1,open,false,48928.0
3461,1531,SKU-0063,3,102.65,0,307.94,HH1,picked,false,37353.0
3462,1531,SKU-0088,5,296.39,0,1481.97,HH1,shipped,true,85090.0
3463,1532,SKU-0057,2,423.9,5.0,842.81,MUC2,open,false,28546.0
3464,1532,SKU-0020,5,157.44,0,787.21,MUC2,open,false,131510.0
3465,1533,SKU-0054,4,111.88,2.5,445.02,BER3,picked,false,91156.0
3466,1533,SKU-0062,6,336.34,2.5,2015.56,BER3,shipped,false,160308.0
3467,1534,SKU-0035,4,297.46,0,1189.83,HH1,invoiced,false,22488.0
3468,1534,SKU-0099,2,254.89,0,509.77,HH1,shipped,false,44218.0
3469,1535,SKU-0078,4,46.68,5.0,181.74,MUC2,invoiced,false,19680.0
3470,1535,SKU-0031,5,198.16,0,990.82,MUC2,shipped,false,66910.0
3471,1536,SKU-0067,3,323.49,2.5,967.97,BER3,picked,false,1989.0
3472,1536,SKU-0081,1,99.51,0,99.51,BER3,shipped,false,2822.0
3473,1537,SKU-0111,2,75.06,2.5,147.61,BER3,picked,true,21926.0
3474,1537,SKU-0074,1,198.66,0,198.66,BER3,invoiced,true,24797.0
3475,1538,SKU-0068,4,326.44,5.0,1300.74,BER3,open,false,24684.0
3476,1538,SKU-0020,6,158.45,0,950.7,BER3,invoiced,false,157812.0
3477,1539,SKU-0029,4,186.81,0,747.25,BER3,open,false,49376.0
3478,1539,SKU-0068,6,316.73,5.0,1895.37,BER3,shipped,false,37026.0
3479,1540,SKU-0069,3,363.29,5.0,1084.87,MUC2,open,false,76422.0
3480,1540,SKU-0072,5,281.91,5.0,1404.53,MUC2,invoiced,false,3745.0
3481,1541,SKU-0005,4,283.55,0,1134.18,CGN1,shipped,false,73876.0
3482,1541,SKU-0089,3,48.67,0,146.02,CGN1,shipped,false,3957.0
3483,1542,SKU-0118,1,342.99,5.0,337.99,HH1,open,false,23770.0
3484,1542,SKU-0014,2,38.21,5.0,71.43,HH1,open,false,40214.0
3485,1543,SKU-0033,4,341.56,0,1366.23,BER3,picked,false,9584.0
3486,1543,SKU-0068,4,320.45,0,1281.8,BER3,picked,false,24684.0
3487,1544,SKU-0008,2,207.7,2.5,412.9,MUC2,shipped,false,51892.0
3488,1544,SKU-0056,5,64.15,0,320.77,MUC2,shipped,false,99440.0
3489,1545,SKU-0011,2,316.47,2.5,630.45,HH1,open,false,52350.0
3490,1545,SKU-0094,3,259.11,0,777.32,HH1,open,false,63894.0
3491,1546,SKU-0049,3,86.76,2.5,257.77,BER3,open,false,37926.0
3492,1546,SKU-0048,1,141.41,2.5,138.91,BER3,open,false,17089.0
3493,1547,SKU-0020,5,162.16,0,810.8,MUC2,shipped,false,131510.0
3494,1547,SKU-0083,4,235.26,2.5,938.55,MUC2,open,false,90956.0
3495,1548,SKU-0020,4,163.41,0,653.63,MUC2,open,false,105208.0
3496,1548,SKU-0036,1,214.5,2.5,212.0,MUC2,invoiced,false,21789.0
3497,1549,SKU-0044,3,133.55,2.5,398.14,CGN1,open,false,60906.0
3498,1549,SKU-0074,6,196.94,2.5,1179.13,CGN1,shipped,false,148782.0
3499,1550,SKU-0014,4,37.79,2.5,148.66,CGN1,shipped,false,80428.0
3500,1550,SKU-0033,4,347.96,0,1391.85,CGN1,open,false,9584.0
3501,1551,SKU-0086,3,288.08,0,864.24,BER3,shipped,false,5985.0
3502,1551,SKU-0046,5,8.94,0,44.72,BER3,picked,false,35535.0
3503,1552,SKU-0110,3,315.26,5.0,940.77,HH1,open,false,60399.0
3504,1552,SKU-0043,2,133.7,5.0,262.4,HH1,open,false,15244.0
3505,1553,SKU-0051,2,304.03,2.5,605.56,CGN1,picked,false,38598.0
3506,1553,SKU-0009,1,236.31,0,236.31,CGN1,picked,false,16238.0
3507,1554,SKU-0102,5,84.91,5.0,419.54,HH1,shipped,false,11035.0
3508,1554,SKU-0103,6,260.42,0,1562.54,HH1,invoiced,false,121242.0
3509,1555,SKU-0067,1,327.45,0,327.45,HH1,shipped,false,663.0
3510,1555,SKU-0033,6,340.0,5.0,2035.02,HH1,shipped,false,14376.0
3511,1556,SKU-0064,5,263.01,5.0,1310.07,BER3,shipped,false,79340.0
3512,1556,SKU-0050,2,123.86,0,247.72,BER3,shipped,false,23866.0
3513,1557,SKU-0003,1,217.64,0,217.64,BER3,invoiced,false,9499.0
3514,1557,SKU-0105,6,254.7,0,1528.18,BER3,shipped,false,134670.0
3515,1558,SKU-0052,5,194.31,5.0,966.55,HH1,picked,false,13015.0
3516,1558,SKU-0090,2,262.61,0,525.23,HH1,shipped,false,9922.0
3517,1559,SKU-0118,3,335.09,0,1005.28,MUC2,shipped,false,71310.0
3518,1559,SKU-0120,2,161.19,5.0,317.38,MUC2,picked,false,27996.0
3519,1560,SKU-0030,5,112.14,0,560.69,HH1,open,false,98970.0
3520,1560,SKU-0093,3,121.79,5.0,360.36,HH1,invoiced,false,44640.0
3521,1561,SKU-0015,2,251.65,0,503.29,CGN1,picked,false,35714.0
3522,1561,SKU-0078,5,48.4,0,242.01,CGN1,invoiced,false,24600.0
3523,1562,SKU-0051,5,286.05,5.0,1425.23,BER3,picked,false,96495.0
3524,1562,SKU-0094,4,253.89,5.0,1010.55,BER3,open,false,85192.0
3525,1563,SKU-0116,1,184.83,2.5,182.33,MUC2,picked,false,15296.0
3526,1563,SKU-0064,5,258.72,0,1293.62,MUC2,open,false,79340.0
3527,1564,SKU-0017,5,275.35,0,1376.74,BER3,invoiced,false,136345.0
3528,1564,SKU-0111,1,76.53,2.5,74.03,BER3,shipped,false,10963.0
3529,1565,SKU-0089,1,45.41,0,45.41,BER3,invoiced,false,1319.0
3530,1565,SKU-0014,1,38.83,2.5,36.33,BER3,invoiced,false,20107.0
3531,1566,SKU-0088,5,304.16,0,1520.79,BER3,picked,false,85090.0
3532,1566,SKU-0081,6,101.57,0,609.4,BER3,invoiced,false,16932.0
3533,1567,SKU-0009,6,252.5,0,1514.97,HH1,shipped,false,97428.0
3534,1567,SKU-0068,1,340.56,0,340.56,HH1,shipped,false,6171.0
3535,1568,SKU-0019,3,287.66,5.0,857.97,HH1,invoiced,false,29469.0
3536,1568,SKU-0027,4,276.5,0,1106.01,HH1,shipped,false,5816.0
3537,1569,SKU-0033,1,349.51,0,349.51,HH1,open,false,2396.0
3538,1569,SKU-0068,4,330.06,2.5,1317.73,HH1,invoiced,false,24684.0
3539,1570,SKU-0056,4,68.56,5.0,269.23,CGN1,shipped,false,79552.0
3540,1570,SKU-0066,5,252.08,0,1260.38,CGN1,open,false,96720.0
3541,1571,SKU-0026,3,104.43,2.5,310.8,CGN1,invoiced,false,60384.0
3542,1571,SKU-0112,6,109.7,0,658.18,CGN1,invoiced,false,129678.0
3543,1572,SKU-0072,5,300.34,0,1501.7,CGN1,invoiced,false,3745.0
3544,1572,SKU-0023,2,118.56,0,237.12,CGN1,shipped,false,10824.0
3545,1573,SKU-0091,5,363.37,5.0,1811.85,CGN1,open,false,80385.0
3546,1573,SKU-0107,2,329.57,0,659.14,CGN1,invoiced,false,13280.0
3547,1574,SKU-0034,1,106.72,0,106.72,MUC2,open,false,7827.0
3548,1574,SKU-0063,1,102.75,0,102.75,MUC2,picked,false,12451.0
3549,1575,SKU-0083,3,251.01,5.0,748.04,BER3,picked,false,68217.0
3550,1575,SKU-0080,4,18.24,0,72.94,BER3,shipped,false,8416.0
3551,1576,SKU-0088,4,294.8,0,1179.2,BER3,invoiced,false,68072.0
3552,1576,SKU-0029,6,187.36,0,1124.13,BER3,picked,false,74064.0
3553,1577,SKU-0067,4,327.61,0,1310.42,HH1,invoiced,false,2652.0
3554,1577,SKU-0047,1,26.54,5.0,21.54,HH1,open,false,3361.0
3555,1578,SKU-0016,5,176.45,2.5,879.74,BER3,picked,false,60315.0
3556,1578,SKU-0057,6,417.44,0,2504.66,BER3,shipped,false,85638.0
3557,1579,SKU-0029,2,177.93,0,355.86,HH1,picked,false,24688.0
3558,1579,SKU-0108,5,403.21,0,2016.04,HH1,picked,false,97525.0
3559,1580,SKU-0003,3,220.6,0,661.79,CGN1,picked,false,28497.0
3560,1580,SKU-0020,1,161.59,0,161.59,CGN1,picked,false,26302.0
3561,1581,SKU-0049,3,84.63,0,253.9,HH1,open,false,37926.0
3562,1581,SKU-0119,3,94.57,2.5,281.21,HH1,invoiced,false,79710.0
3563,1582,SKU-0090,5,280.83,2.5,1401.65,HH1,picked,false,24805.0
3564,1582,SKU-0055,2,95.55,0,191.1,HH1,picked,false,29080.0
3565,1583,SKU-0035,2,290.24,5.0,575.47,CGN1,open,false,11244.0
3566,1583,SKU-0114,5,340.25,5.0,1696.24,CGN1,invoiced,false,35650.0
3567,1584,SKU-0011,1,302.69,0,302.69,BER3,picked,false,26175.0
3568,1584,SKU-0052,2,192.8,5.0,380.59,BER3,open,false,5206.0
3569,1585,SKU-0092,1,11.14,2.5,8.64,MUC2,shipped,false,6851.0
3570,1585,SKU-0079,2,276.22,0,552.45,MUC2,picked,false,52948.0
3571,1586,SKU-0034,1,105.04,2.5,102.54,MUC2,invoiced,true,7827.0
3572,1586,SKU-0029,3,186.49,0,559.47,MUC2,invoiced,false,37032.0
3573,1587,SKU-0086,3,301.46,5.0,899.38,HH1,invoiced,false,5985.0
3574,1587,SKU-0106,3,268.75,2.5,803.76,HH1,invoiced,false,23025.0
3575,1588,SKU-0113,4,220.04,2.5,877.67,BER3,picked,false,80252.0
3576,1588,SKU-0022,2,69.64,0,139.28,BER3,open,false,53142.0
3577,1589,SKU-0099,4,244.63,5.0,973.52,HH1,invoiced,false,88436.0
3578,1589,SKU-0052,4,196.92,0,787.67,HH1,shipped,false,10412.0
3579,1590,SKU-0007,1,97.68,0,97.68,CGN1,shipped,false,27133.0
3580,1590,SKU-0101,5,361.12,0,1805.59,CGN1,shipped,false,90530.0
3581,1591,SKU-0100,3,199.0,0,596.99,MUC2,picked,false,77019.0
3582,1591,SKU-0028,6,177.95,2.5,1065.21,MUC2,open,false,139584.0
3583,1592,SKU-0008,2,221.93,0,443.86,BER3,open,false,51892.0
3584,1592,SKU-0091,5,374.56,2.5,1870.29,BER3,invoiced,false,80385.0
3585,1593,SKU-0095,3,271.63,5.0,809.89,MUC2,open,false,12807.0
3586,1593,SKU-0106,5,266.02,2.5,1327.6,MUC2,open,false,38375.0
3587,1594,SKU-0110,1,306.13,0,306.13,MUC2,open,false,20133.0
3588,1594,SKU-0006,4,237.63,0,950.51,MUC2,open,false,60156.0
3589,1595,SKU-0016,3,183.61,2.5,548.33,BER3,picked,false,36189.0
3590,1595,SKU-0058,2,104.2,0,208.41,BER3,open,false,43292.0
3591,1596,SKU-0027,2,276.48,0,552.95,HH1,picked,false,2908.0
3592,1596,SKU-0064,6,266.91,5.0,1596.44,HH1,invoiced,false,95208.0
3593,1597,SKU-0093,1,120.09,0,120.09,BER3,open,false,14880.0
3594,1597,SKU-0103,1,263.98,5.0,258.98,BER3,invoiced,false,20207.0
3595,1598,SKU-0075,5,346.02,2.5,1727.6,HH1,invoiced,false,119800.0
3596,1598,SKU-0073,4,198.01,0,792.05,HH1,open,false,34228.0
3597,1599,SKU-0074,6,208.23,5.0,1244.36,MUC2,invoiced,false,148782.0
3598,1599,SKU-0030,2,118.99,0,237.98,MUC2,picked,false,39588.0
3599,1600,SKU-0090,2,264.16,0,528.32,BER3,open,false,9922.0
3600,1600,SKU-0059,6,108.6,5.0,646.62,BER3,invoiced,false,58176.0
3601,1601,SKU-0064,4,258.96,0,1035.85,MUC2,picked,false,63472.0
3602,1601,SKU-0014,4,39.04,0,156.16,MUC2,invoiced,false,80428.0
3603,1602,SKU-0011,3,314.03,0,942.1,HH1,picked,true,78525.0
3604,1602,SKU-0024,4,110.26,2.5,438.56,HH1,picked,false,52184.0
3605,1603,SKU-0009,5,247.95,5.0,1234.74,CGN1,invoiced,false,81190.0
3606,1603,SKU-0113,3,227.21,5.0,676.63,CGN1,picked,false,60189.0
3607,1604,SKU-0106,5,269.9,0,1349.49,CGN1,shipped,false,38375.0
3608,1604,SKU-0023,5,124.31,0,621.57,CGN1,invoiced,false,27060.0
3609,1605,SKU-0037,4,278.48,0,1113.93,HH1,picked,false,11592.0
3610,1605,SKU-0090,6,265.27,2.5,1589.09,HH1,open,false,29766.0
3611,1606,SKU-0093,6,113.7,0,682.18,CGN1,invoiced,false,89280.0
3612,1606,SKU-0060,3,250.16,5.0,745.49,CGN1,picked,false,59283.0
3613,1607,SKU-0111,6,75.29,0,451.73,BER3,invoiced,false,65778.0
3614,1607,SKU-0006,4,241.78,2.5,964.62,BER3,invoiced,false,60156.0
3615,1608,SKU-0030,2,117.38,0,234.75,MUC2,picked,false,39588.0
3616,1608,SKU-0069,2,353.38,2.5,704.25,MUC2,open,false,50948.0
3617,1609,SKU-0103,2,263.32,2.5,524.13,CGN1,invoiced,false,40414.0
3618,1609,SKU-0083,6,240.16,2.5,1438.44,CGN1,open,false,136434.0
3619,1610,SKU-0034,2,105.71,0,211.42,HH1,invoiced,false,15654.0
3620,1610,SKU-0002,6,311.33,2.5,1865.51,HH1,picked,false,162024.0
3621,1611,SKU-0007,6,99.93,2.5,597.08,HH1,open,false,162798.0
3622,1611,SKU-0022,3,71.45,0,214.36,HH1,invoiced,false,79713.0
3623,1612,SKU-0104,6,90.85,5.0,540.07,BER3,shipped,false,162228.0
3624,1612,SKU-0021,4,401.69,0,1606.76,BER3,invoiced,false,48988.0
3625,1613,SKU-0041,1,285.32,0,285.32,HH1,picked,false,15584.0
3626,1613,SKU-0044,1,135.47,2.5,132.97,HH1,shipped,false,20302.0
3627,1614,SKU-0090,2,268.68,0,537.35,BER3,invoiced,false,9922.0
3628,1614,SKU-0105,3,251.91,0,755.72,BER3,shipped,false,67335.0
3629,1615,SKU-0062,2,318.5,0,637.0,BER3,invoiced,false,53436.0
3630,1615,SKU-0024,3,109.02,0,327.06,BER3,open,false,39138.0
3631,1616,SKU-0064,3,260.04,2.5,777.63,BER3,shipped,false,47604.0
3632,1616,SKU-0031,6,198.28,0,1189.68,BER3,open,false,80292.0
3633,1617,SKU-0087,6,75.55,0,453.29,BER3,invoiced,false,130578.0
3634,1617,SKU-0069,3,362.23,0,1086.7,BER3,picked,false,76422.0
3635,1618,SKU-0064,5,257.22,0,1286.1,HH1,shipped,false,79340.0
3636,1618,SKU-0010,2,243.57,0,487.14,HH1,shipped,false,33362.0
3637,1619,SKU-0113,4,218.22,0,872.87,BER3,picked,false,80252.0
3638,1619,SKU-0041,6,287.41,5.0,1719.43,BER3,picked,false,93504.0
3639,1620,SKU-0038,3,176.7,0,530.1,HH1,invoiced,false,1212.0
3640,1620,SKU-0063,3,99.67,0,299.02,HH1,invoiced,false,37353.0
3641,1621,SKU-0030,5,113.2,0,566.01,BER3,invoiced,false,98970.0
3642,1621,SKU-0027,1,274.61,5.0,269.61,BER3,picked,false,1454.0
3643,1622,SKU-0045,3,101.17,0,303.51,CGN1,picked,false,46548.0
3644,1622,SKU-0076,4,85.01,0,340.05,CGN1,shipped,false,27432.0
3645,1623,SKU-0063,5,98.55,0,492.74,BER3,open,false,62255.0
3646,1623,SKU-0069,1,361.09,5.0,356.09,BER3,invoiced,false,25474.0
3647,1624,SKU-0055,6,90.6,0,543.63,MUC2,invoiced,false,87240.0
3648,1624,SKU-0002,5,313.06,0,1565.28,MUC2,open,false,135020.0
3649,1625,SKU-0093,2,115.66,5.0,226.31,HH1,shipped,false,29760.0
3650,1625,SKU-0081,2,104.05,0,208.1,HH1,open,false,5644.0
3651,1626,SKU-0013,6,354.71,0,2128.24,MUC2,invoiced,false,102876.0
3652,1626,SKU-0014,1,40.09,5.0,35.09,MUC2,open,false,20107.0
3653,1627,SKU-0041,3,278.89,0,836.66,CGN1,open,false,46752.0
3654,1627,SKU-0102,1,82.45,2.5,79.95,CGN1,open,false,2207.0
3655,1628,SKU-0058,3,108.96,2.5,324.37,MUC2,invoiced,false,64938.0
3656,1628,SKU-0039,1,153.21,0,153.21,MUC2,shipped,false,17265.0
3657,1629,SKU-0076,4,83.63,2.5,332.0,HH1,open,false,27432.0
3658,1629,SKU-0091,6,365.89,5.0,2190.36,HH1,shipped,false,96462.0
3659,1630,SKU-0023,1,127.22,5.0,122.22,CGN1,shipped,false,5412.0
3660,1630,SKU-0043,3,134.62,0,403.85,CGN1,invoiced,false,22866.0
3661,1631,SKU-0034,1,106.15,0,106.15,CGN1,open,false,7827.0
3662,1631,SKU-0073,2,196.78,5.0,388.57,CGN1,open,false,17114.0
3663,1632,SKU-0039,5,146.41,5.0,727.07,BER3,invoiced,false,86325.0
3664,1632,SKU-0006,4,235.54,2.5,939.66,BER3,open,false,60156.0
3665,1633,SKU-0005,5,284.57,0,1422.83,HH1,picked,false,92345.0
3666,1633,SKU-0050,6,122.91,5.0,732.45,HH1,open,false,71598.0
3667,1634,SKU-0023,5,127.2,0,636.02,HH1,picked,false,27060.0
3668,1634,SKU-0026,6,109.54,0,657.23,HH1,picked,false,120768.0
3669,1635,SKU-0064,1,268.22,0,268.22,CGN1,picked,false,15868.0
3670,1635,SKU-0028,5,182.63,0,913.17,CGN1,picked,false,116320.0
3671,1636,SKU-0090,5,283.32,2.5,1414.08,MUC2,open,false,24805.0
3672,1636,SKU-0045,6,99.89,0,599.36,MUC2,shipped,false,93096.0
3673,1637,SKU-0013,2,379.52,0,759.04,CGN1,shipped,false,34292.0
3674,1637,SKU-0104,6,92.98,0,557.87,CGN1,shipped,false,162228.0
3675,1638,SKU-0050,6,131.83,0,791.01,MUC2,shipped,false,71598.0
3676,1638,SKU-0060,1,258.62,5.0,253.62,MUC2,open,false,19761.0
3677,1639,SKU-0007,2,100.23,2.5,197.95,HH1,picked,false,54266.0
3678,1639,SKU-0004,1,208.08,0,208.08,HH1,picked,true,7833.0
3679,1640,SKU-0002,2,313.3,0,626.59,HH1,shipped,false,54008.0
3680,1640,SKU-0104,6,93.04,2.5,555.72,HH1,invoiced,false,162228.0
3681,1641,SKU-0010,1,236.53,0,236.53,HH1,open,true,16681.0
3682,1641,SKU-0089,5,47.62,2.5,235.61,HH1,invoiced,false,6595.0
3683,1642,SKU-0017,3,269.22,0,807.67,BER3,invoiced,true,81807.0
3684,1642,SKU-0007,3,103.62,0,310.87,BER3,invoiced,false,81399.0
3685,1643,SKU-0002,1,313.47,0,313.47,MUC2,invoiced,false,27004.0
3686,1643,SKU-0029,5,180.4,0,901.99,MUC2,shipped,false,61720.0
3687,1644,SKU-0098,6,185.11,2.5,1108.16,HH1,shipped,false,6864.0
3688,1644,SKU-0029,5,191.64,0,958.21,HH1,picked,false,61720.0
3689,1645,SKU-0073,5,200.7,0,1003.48,CGN1,shipped,false,42785.0
3690,1645,SKU-0093,3,113.72,2.5,338.65,CGN1,shipped,false,44640.0
3691,1646,SKU-0072,1,291.38,0,291.38,HH1,picked,false,749.0
3692,1646,SKU-0031,3,194.3,2.5,580.39,HH1,invoiced,false,40146.0
3693,1647,SKU-0035,4,310.94,5.0,1238.76,MUC2,picked,false,22488.0
3694,1647,SKU-0055,2,95.9,0,191.8,MUC2,open,false,29080.0
3695,1648,SKU-0035,6,293.33,0,1759.96,HH1,open,false,33732.0
3696,1648,SKU-0072,6,285.53,2.5,1710.67,HH1,picked,false,4494.0
3697,1649,SKU-0100,2,195.59,0,391.17,CGN1,shipped,false,51346.0
3698,1649,SKU-0026,5,112.1,0,560.52,CGN1,invoiced,false,100640.0
3699,1650,SKU-0104,1,92.68,2.5,90.18,CGN1,open,false,27038.0
3700,1650,SKU-0110,3,301.64,0,904.92,CGN1,open,true,60399.0
3701,1651,SKU-0058,5,107.34,5.0,531.68,HH1,invoiced,false,108230.0
3702,1651,SKU-0094,2,255.03,2.5,507.56,HH1,shipped,false,42596.0
3703,1652,SKU-0011,2,312.04,2.5,621.58,CGN1,open,false,52350.0
3704,1652,SKU-0005,2,276.81,0,553.62,CGN1,shipped,false,36938.0
3705,1653,SKU-0007,1,98.24,5.0,93.24,BER3,open,false,27133.0
3706,1653,SKU-0007,5,104.72,0,523.62,BER3,shipped,false,135665.0
3707,1654,SKU-0005,4,284.91,0,1139.65,HH1,shipped,false,73876.0
3708,1654,SKU-0005,3,276.87,0,830.61,HH1,picked,false,55407.0
3709,1655,SKU-0096,6,256.56,0,1539.36,MUC2,shipped,false,6606.0
3710,1655,SKU-0022,5,69.07,5.0,340.33,MUC2,invoiced,false,132855.0
3711,1656,SKU-0035,6,302.11,0,1812.66,MUC2,shipped,false,33732.0
3712,1656,SKU-0036,5,215.56,2.5,1075.3,MUC2,invoiced,false,108945.0
3713,1657,SKU-0023,1,126.48,0,126.48,BER3,picked,false,5412.0
3714,1657,SKU-0045,1,97.68,0,97.68,BER3,open,false,15516.0
3715,1658,SKU-0018,3,400.51,2.5,1199.02,BER3,shipped,false,67416.0
3716,1658,SKU-0032,3,337.51,0,1012.52,BER3,open,false,36696.0
3717,1659,SKU-0065,2,286.77,2.5,571.05,HH1,shipped,false,25790.0
3718,1659,SKU-0005,4,272.1,0,1088.4,HH1,shipped,false,73876.0
3719,1660,SKU-0098,5,186.5,0,932.52,HH1,shipped,false,5720.0
3720,1660,SKU-0050,5,125.98,0,629.9,HH1,picked,false,59665.0
3721,1661,SKU-0046,4,9.17,0,36.69,BER3,picked,false,28428.0
3722,1661,SKU-0003,4,216.27,0,865.1,BER3,picked,false,37996.0
3723,1662,SKU-0012,3,52.83,2.5,155.98,MUC2,picked,false,6294.0
3724,1662,SKU-0008,5,221.43,0,1107.17,MUC2,shipped,false,129730.0
3725,1663,SKU-0079,5,257.8,5.0,1284.02,CGN1,open,false,132370.0
3726,1663,SKU-0075,6,345.38,0,2072.26,CGN1,shipped,false,143760.0
3727,1664,SKU-0071,2,27.82,0,55.63,HH1,open,false,878.0
3728,1664,SKU-0003,2,227.08,5.0,449.15,HH1,picked,false,18998.0
3729,1665,SKU-0033,2,328.51,2.5,654.51,BER3,open,false,4792.0
3730,1665,SKU-0116,6,184.15,2.5,1102.4,BER3,picked,false,91776.0
3731,1666,SKU-0116,5,177.67,0,888.35,HH1,open,false,76480.0
3732,1666,SKU-0080,5,18.87,0,94.37,HH1,picked,false,10520.0
3733,1667,SKU-0041,2,292.98,0,585.95,BER3,open,false,31168.0
3734,1667,SKU-0070,5,258.95,5.0,1289.76,BER3,invoiced,false,135440.0
3735,1668,SKU-0069,5,353.65,0,1768.24,MUC2,picked,false,127370.0
3736,1668,SKU-0059,1,100.75,2.5,98.25,MUC2,invoiced,false,9696.0
3737,1669,SKU-0081,1,100.6,0,100.6,HH1,picked,false,2822.0
3738,1669,SKU-0005,2,286.22,5.0,567.44,HH1,picked,false,36938.0
3739,1670,SKU-0049,3,84.58,0,253.73,CGN1,invoiced,false,37926.0
3740,1670,SKU-0059,5,108.14,0,540.71,CGN1,open,false,48480.0
3741,1671,SKU-0047,3,25.91,0,77.74,MUC2,picked,false,10083.0
3742,1671,SKU-0074,2,207.74,5.0,410.48,MUC2,open,false,49594.0
3743,1672,SKU-0096,4,269.86,0,1079.43,BER3,picked,false,4404.0
3744,1672,SKU-0080,5,18.9,2.5,91.99,BER3,picked,false,10520.0
3745,1673,SKU-0065,3,288.57,2.5,863.21,MUC2,open,false,38685.0
3746,1673,SKU-0061,5,15.79,2.5,76.45,MUC2,shipped,false,2395.0
3747,1674,SKU-0066,2,254.32,0,508.65,HH1,shipped,false,38688.0
3748,1674,SKU-0068,1,328.51,0,328.51,HH1,invoiced,false,6171.0
3749,1675,SKU-0046,2,8.89,0,17.78,CGN1,picked,false,14214.0
3750,1675,SKU-0113,4,225.57,0,902.26,CGN1,picked,false,80252.0
3751,1676,SKU-0027,2,268.99,2.5,535.48,MUC2,invoiced,false,2908.0
3752,1676,SKU-0032,2,341.96,0,683.92,MUC2,shipped,false,24464.0
3753,1677,SKU-0027,1,261.01,0,261.01,MUC2,shipped,false,1454.0
3754,1677,SKU-0036,2,213.81,0,427.61,MUC2,invoiced,false,43578.0
3755,1678,SKU-0008,3,205.4,0,616.2,BER3,invoiced,false,77838.0
3756,1678,SKU-0038,4,168.32,0,673.29,BER3,shipped,false,1616.0
3757,1679,SKU-0046,4,9.39,0,37.56,BER3,shipped,false,28428.0
3758,1679,SKU-0034,5,109.88,2.5,546.88,BER3,open,false,39135.0
3759,1680,SKU-0060,5,265.64,0,1328.2,BER3,picked,false,98805.0
3760,1680,SKU-0013,3,358.19,5.0,1069.56,BER3,open,false,51438.0
3761,1681,SKU-0057,3,440.71,0,1322.12,MUC2,picked,false,42819.0
3762,1681,SKU-0036,3,208.2,0,624.6,MUC2,open,false,65367.0
3763,1682,SKU-0037,1,279.47,2.5,276.97,MUC2,picked,false,2898.0
3764,1682,SKU-0074,1,207.76,2.5,205.26,MUC2,invoiced,false,24797.0
3765,1683,SKU-0058,2,103.72,0,207.44,HH1,shipped,false,43292.0
3766,1683,SKU-0097,6,346.55,0,2079.33,HH1,picked,false,75720.0
3767,1684,SKU-0047,3,26.97,2.5,78.42,BER3,invoiced,false,10083.0
3768,1684,SKU-0021,4,375.15,5.0,1495.59,BER3,picked,false,48988.0
3769,1685,SKU-0078,6,47.51,2.5,282.54,BER3,shipped,true,29520.0
3770,1685,SKU-0092,6,11.28,2.5,65.17,BER3,open,false,41106.0
3771,1686,SKU-0001,6,198.89,5.0,1188.36,HH1,shipped,false,147540.0
3772,1686,SKU-0093,5,113.57,0,567.84,HH1,picked,false,74400.0
3773,1687,SKU-0007,1,100.71,2.5,98.21,BER3,invoiced,false,27133.0
3774,1687,SKU-0013,3,361.12,0,1083.35,BER3,open,false,51438.0
3775,1688,SKU-0048,6,148.92,0,893.54,HH1,invoiced,false,102534.0
3776,1688,SKU-0020,1,158.83,0,158.83,HH1,shipped,false,26302.0
3777,1689,SKU-0078,5,45.48,5.0,222.4,BER3,open,false,24600.0
3778,1689,SKU-0032,3,348.17,0,1044.51,BER3,open,false,36696.0
3779,1690,SKU-0042,4,174.24,0,696.95,MUC2,picked,false,33096.0
3780,1690,SKU-0029,6,180.55,2.5,1080.78,MUC2,invoiced,false,74064.0
3781,1691,SKU-0068,4,318.8,0,1275.21,CGN1,invoiced,false,24684.0
3782,1691,SKU-0049,6,84.48,5.0,501.88,CGN1,shipped,false,75852.0
3783,1692,SKU-0076,3,83.89,0,251.66,MUC2,open,false,20574.0
3784,1692,SKU-0080,2,18.88,0,37.76,MUC2,invoiced,false,4208.0
3785,1693,SKU-0028,5,175.3,0,876.48,BER3,picked,false,116320.0
3786,1693,SKU-0061,2,15.48,5.0,25.96,BER3,picked,false,958.0
3787,1694,SKU-0081,4,104.62,0,418.5,MUC2,shipped,false,11288.0
3788,1694,SKU-0005,6,289.57,2.5,1734.9,MUC2,open,false,110814.0
3789,1695,SKU-0097,1,354.72,0,354.72,HH1,picked,false,12620.0
3790,1695,SKU-0080,2,18.94,0,37.88,HH1,invoiced,false,4208.0
3791,1696,SKU-0033,3,351.16,0,1053.49,HH1,open,false,7188.0
3792,1696,SKU-0107,1,324.94,0,324.94,HH1,picked,false,6640.0
3793,1697,SKU-0105,4,250.88,0,1003.52,HH1,picked,false,89780.0
3794,1697,SKU-0079,2,261.08,0,522.15,HH1,shipped,false,52948.0
3795,1698,SKU-0052,2,194.15,0,388.3,CGN1,open,false,5206.0
3796,1698,SKU-0017,1,282.27,0,282.27,CGN1,open,false,27269.0
3797,1699,SKU-0076,4,84.14,2.5,334.07,CGN1,shipped,false,27432.0
3798,1699,SKU-0044,2,125.63,0,251.27,CGN1,open,false,40604.0
3799,1700,SKU-0062,6,316.47,0,1898.84,HH1,picked,false,160308.0
3800,1700,SKU-0051,1,284.21,0,284.21,HH1,open,false,19299.0
3801,1701,SKU-0043,3,127.38,5.0,377.14,CGN1,picked,true,22866.0
3802,1701,SKU-0069,1,365.67,0,365.67,CGN1,shipped,false,25474.0
3803,1702,SKU-0080,3,19.15,0,57.45,HH1,picked,false,6312.0
3804,1702,SKU-0065,2,287.54,2.5,572.59,HH1,picked,false,25790.0
3805,1703,SKU-0098,2,189.2,0,378.41,MUC2,invoiced,false,2288.0
3806,1703,SKU-0031,5,198.52,0,992.59,MUC2,picked,false,66910.0
3807,1704,SKU-0102,6,86.83,2.5,518.49,CGN1,open,false,13242.0
3808,1704,SKU-0041,5,290.09,0,1450.47,CGN1,picked,false,77920.0
3809,1705,SKU-0025,3,302.05,0,906.15,BER3,picked,false,56565.0
3810,1705,SKU-0077,4,220.92,0,883.66,BER3,open,false,31200.0
3811,1706,SKU-0017,1,268.26,0,268.26,CGN1,open,false,27269.0
3812,1706,SKU-0118,1,346.97,2.5,344.47,CGN1,open,false,23770.0
3813,1707,SKU-0051,1,291.62,0,291.62,BER3,open,false,19299.0
3814,1707,SKU-0079,4,266.11,2.5,1061.92,BER3,invoiced,false,105896.0
3815,1708,SKU-0100,5,195.54,0,977.69,HH1,invoiced,false,128365.0
3816,1708,SKU-0067,6,329.19,5.0,1970.13,HH1,picked,false,3978.0
3817,1709,SKU-0019,1,290.78,2.5,288.28,MUC2,shipped,false,9823.0
3818,1709,SKU-0076,4,82.33,0,329.31,MUC2,invoiced,false,27432.0
3819,1710,SKU-0043,3,126.45,0,379.36,HH1,shipped,false,22866.0
3820,1710,SKU-0038,1,175.41,0,175.41,HH1,shipped,false,404.0
3821,1711,SKU-0044,1,131.27,0,131.27,MUC2,picked,false,20302.0
3822,1711,SKU-0092,5,10.87,0,54.33,MUC2,open,false,34255.0
3823,1712,SKU-0009,1,236.43,0,236.43,CGN1,picked,false,16238.0
3824,1712,SKU-0048,1,140.34,5.0,135.34,CGN1,invoiced,false,17089.0
3825,1713,SKU-0051,2,288.19,2.5,573.88,CGN1,open,false,38598.0
3826,1713,SKU-0048,5,147.2,5.0,731.0,CGN1,invoiced,false,85445.0
3827,1714,SKU-0098,5,178.51,0,892.55,CGN1,invoiced,false,5720.0
3828,1714,SKU-0057,5,410.35,5.0,2046.73,CGN1,shipped,false,71365.0
3829,1715,SKU-0062,4,319.26,0,1277.06,BER3,picked,false,106872.0
3830,1715,SKU-0030,6,114.79,2.5,686.26,BER3,picked,false,118764.0
3831,1716,SKU-0025,5,299.21,2.5,1493.55,HH1,invoiced,false,94275.0
3832,1716,SKU-0020,4,153.39,0,613.55,HH1,shipped,false,105208.0
3833,1717,SKU-0065,6,284.79,0,1708.74,CGN1,shipped,false,77370.0
3834,1717,SKU-0111,2,72.57,0,145.14,CGN1,shipped,false,21926.0
3835,1718,SKU-0048,5,148.47,5.0,737.37,MUC2,open,false,85445.0
3836,1718,SKU-0038,3,176.88,0,530.65,MUC2,picked,true,1212.0
3837,1719,SKU-0016,4,179.84,0,719.37,MUC2,picked,false,48252.0
3838,1719,SKU-0030,6,118.9,0,713.39,MUC2,open,false,118764.0
3839,1720,SKU-0020,1,154.57,2.5,152.07,BER3,open,false,26302.0
3840,1720,SKU-0073,4,192.87,2.5,769.0,BER3,picked,false,34228.0
3841,1721,SKU-0119,3,93.81,0,281.42,HH1,invoiced,false,79710.0
3842,1721,SKU-0045,1,100.77,0,100.77,HH1,picked,false,15516.0
3843,1722,SKU-0014,6,38.48,0,230.88,CGN1,shipped,false,120642.0
3844,1722,SKU-0011,4,310.54,5.0,1237.14,CGN1,open,false,104700.0
3845,1723,SKU-0057,1,408.01,0,408.01,HH1,invoiced,false,14273.0
3846,1723,SKU-0042,2,162.97,0,325.95,HH1,open,false,16548.0
3847,1724,SKU-0037,6,287.4,0,1724.42,MUC2,invoiced,false,17388.0
3848,1724,SKU-0058,1,106.77,0,106.77,MUC2,picked,false,21646.0
3849,1725,SKU-0087,2,75.02,0,150.03,MUC2,shipped,false,43526.0
3850,1725,SKU-0095,2,268.87,5.0,532.75,MUC2,open,false,8538.0
3851,1726,SKU-0002,4,312.61,5.0,1245.45,CGN1,open,false,108016.0
3852,1726,SKU-0108,4,397.17,5.0,1583.69,CGN1,picked,false,78020.0
3853,1727,SKU-0113,6,223.76,0,1342.55,BER3,picked,false,120378.0
3854,1727,SKU-0055,4,94.19,0,376.74,BER3,picked,false,58160.0
3855,1728,SKU-0116,2,182.16,0,364.32,CGN1,open,false,30592.0
3856,1728,SKU-0047,4,27.55,0,110.21,CGN1,open,false,13444.0
3857,1729,SKU-0048,6,145.33,0,871.95,BER3,picked,false,102534.0
3858,1729,SKU-0019,3,278.95,2.5,834.34,BER3,picked,false,29469.0
3859,1730,SKU-0039,1,150.51,5.0,145.51,BER3,picked,false,17265.0
3860,1730,SKU-0110,5,298.35,0,1491.74,BER3,picked,false,100665.0
3861,1731,SKU-0007,6,102.49,0,614.94,BER3,open,false,162798.0
3862,1731,SKU-0096,5,270.37,5.0,1346.85,BER3,shipped,false,5505.0
3863,1732,SKU-0040,5,309.87,0,1549.35,CGN1,shipped,false,105130.0
3864,1732,SKU-0106,3,261.24,0,783.71,CGN1,picked,false,23025.0
3865,1733,SKU-0014,2,38.62,2.5,74.75,CGN1,open,false,40214.0
3866,1733,SKU-0062,3,335.39,5.0,1001.16,CGN1,open,false,80154.0
3867,1734,SKU-0108,5,383.52,0,1917.58,HH1,shipped,false,97525.0
3868,1734,SKU-0014,2,37.99,2.5,73.47,HH1,invoiced,false,40214.0
3869,1735,SKU-0068,5,315.47,0,1577.36,BER3,invoiced,false,30855.0
3870,1735,SKU-0027,1,263.51,2.5,261.01,BER3,invoiced,false,1454.0
3871,1736,SKU-0109,1,278.43,0,278.43,BER3,invoiced,false,6692.0
3872,1736,SKU-0086,3,294.89,2.5,882.18,BER3,picked,false,5985.0
3873,1737,SKU-0054,2,113.94,0,227.89,MUC2,picked,false,45578.0
3874,1737,SKU-0118,2,353.98,0,707.97,MUC2,invoiced,false,47540.0
3875,1738,SKU-0049,1,84.44,0,84.44,MUC2,picked,false,12642.0
3876,1738,SKU-0053,5,241.92,5.0,1204.61,MUC2,open,false,88960.0
3877,1739,SKU-0001,4,188.2,0,752.81,CGN1,open,false,98360.0
3878,1739,SKU-0016,2,184.61,0,369.21,CGN1,invoiced,false,24126.0
3879,1740,SKU-0052,6,186.19,0,1117.17,MUC2,invoiced,false,15618.0
3880,1740,SKU-0082,1,357.26,0,357.26,MUC2,picked,false,11978.0
3881,1741,SKU-0012,2,50.96,0,101.92,HH1,picked,false,4196.0
3882,1741,SKU-0056,2,63.86,5.0,122.71,HH1,open,false,39776.0
3883,1742,SKU-0080,5,19.29,0,96.44,MUC2,shipped,false,10520.0
3884,1742,SKU-0028,2,181.19,0,362.38,MUC2,invoiced,false,46528.0
3885,1743,SKU-0075,3,343.16,0,1029.48,CGN1,picked,false,71880.0
3886,1743,SKU-0005,3,285.21,5.0,850.63,CGN1,open,false,55407.0
3887,1744,SKU-0091,6,366.85,0,2201.08,CGN1,invoiced,false,96462.0
3888,1744,SKU-0035,4,295.33,0,1181.32,CGN1,picked,false,22488.0
3889,1745,SKU-0085,5,242.47,0,1212.33,BER3,invoiced,false,85355.0
3890,1745,SKU-0007,5,103.97,0,519.86,BER3,open,false,135665.0
3891,1746,SKU-0001,3,190.47,0,571.42,MUC2,open,false,73770.0
3892,1746,SKU-0021,5,381.3,0,1906.51,MUC2,picked,false,61235.0
3893,1747,SKU-0113,2,233.91,0,467.82,MUC2,invoiced,false,40126.0
3894,1747,SKU-0040,3,303.71,0,911.12,MUC2,shipped,false,63078.0
3895,1748,SKU-0050,5,125.79,0,628.95,BER3,shipped,false,59665.0
3896,1748,SKU-0050,1,123.74,2.5,121.24,BER3,shipped,false,11933.0
3897,1749,SKU-0002,4,317.11,0,1268.42,HH1,open,false,108016.0
3898,1749,SKU-0091,1,358.12,2.5,355.62,HH1,shipped,false,16077.0
3899,1750,SKU-0002,3,310.87,0,932.6,HH1,shipped,false,81012.0
3900,1750,SKU-0105,1,244.96,5.0,239.96,HH1,shipped,false,22445.0
3901,1751,SKU-0033,2,336.96,0,673.93,CGN1,shipped,false,4792.0
3902,1751,SKU-0098,2,188.73,0,377.46,CGN1,shipped,false,2288.0
3903,1752,SKU-0022,4,68.71,0,274.82,CGN1,picked,false,106284.0
3904,1752,SKU-0099,6,246.38,0,1478.3,CGN1,open,true,132654.0
3905,1753,SKU-0054,2,109.56,2.5,216.62,CGN1,invoiced,false,45578.0
3906,1753,SKU-0097,6,345.24,0,2071.42,CGN1,invoiced,false,75720.0
3907,1754,SKU-0035,1,302.53,5.0,297.53,MUC2,picked,false,5622.0
3908,1754,SKU-0080,2,18.27,0,36.55,MUC2,picked,false,4208.0
3909,1755,SKU-0046,3,8.79,5.0,21.37,BER3,open,false,21321.0
3910,1755,SKU-0034,4,109.34,0,437.37,BER3,invoiced,false,31308.0
3911,1756,SKU-0021,1,406.84,5.0,401.84,CGN1,open,false,12247.0
3912,1756,SKU-0014,3,39.71,5.0,114.13,CGN1,invoiced,false,60321.0
3913,1757,SKU-0031,1,192.9,0,192.9,CGN1,open,false,13382.0
3914,1757,SKU-0092,6,11.01,2.5,63.58,CGN1,shipped,false,41106.0
3915,1758,SKU-0088,3,303.33,5.0,904.99,BER3,shipped,false,51054.0
3916,1758,SKU-0076,2,82.05,5.0,159.09,BER3,picked,true,13716.0
3917,1759,SKU-0078,1,47.0,0,47.0,BER3,picked,false,4920.0
3918,1759,SKU-0113,6,222.65,0,1335.91,BER3,open,false,120378.0
3919,1760,SKU-0098,5,182.29,0,911.43,MUC2,picked,false,5720.0
3920,1760,SKU-0008,3,220.43,5.0,656.29,MUC2,invoiced,false,77838.0
3921,1761,SKU-0051,3,284.36,0,853.09,HH1,open,false,57897.0
3922,1761,SKU-0100,2,194.29,5.0,383.57,HH1,shipped,false,51346.0
3923,1762,SKU-0012,3,50.72,5.0,147.15,CGN1,picked,false,6294.0
3924,1762,SKU-0102,6,87.93,0,527.61,CGN1,picked,false,13242.0
3925,1763,SKU-0059,4,105.83,0,423.33,HH1,shipped,false,38784.0
3926,1763,SKU-0019,2,294.36,0,588.71,HH1,picked,false,19646.0
3927,1764,SKU-0120,2,151.9,0,303.81,BER3,picked,false,27996.0
3928,1764,SKU-0022,1,70.65,0,70.65,BER3,picked,false,26571.0
3929,1765,SKU-0110,6,304.43,0,1826.61,MUC2,picked,false,120798.0
3930,1765,SKU-0031,1,199.9,0,199.9,MUC2,open,false,13382.0
3931,1766,SKU-0031,5,194.17,0,970.84,HH1,invoiced,false,66910.0
3932,1766,SKU-0113,4,226.22,2.5,902.38,HH1,shipped,false,80252.0
3933,1767,SKU-0078,4,45.72,2.5,180.38,CGN1,invoiced,false,19680.0
3934,1767,SKU-0010,2,237.75,5.0,470.51,CGN1,shipped,false,33362.0
3935,1768,SKU-0112,4,102.85,0,411.38,MUC2,open,false,86452.0
3936,1768,SKU-0083,2,241.96,0,483.91,MUC2,invoiced,false,45478.0
3937,1769,SKU-0087,2,77.89,5.0,150.78,CGN1,open,false,43526.0
3938,1769,SKU-0014,5,40.22,5.0,196.1,CGN1,open,false,100535.0
3939,1770,SKU-0048,1,150.77,0,150.77,CGN1,shipped,false,17089.0
3940,1770,SKU-0105,3,252.8,2.5,755.91,CGN1,open,false,67335.0
3941,1771,SKU-0064,1,252.44,0,252.44,CGN1,picked,false,15868.0
3942,1771,SKU-0048,4,143.2,0,572.8,CGN1,open,false,68356.0
3943,1772,SKU-0076,4,86.19,0,344.77,CGN1,picked,false,27432.0
3944,1772,SKU-0098,6,187.77,2.5,1124.14,CGN1,shipped,false,6864.0
3945,1773,SKU-0044,6,128.45,0,770.73,CGN1,invoiced,false,121812.0
3946,1773,SKU-0065,5,285.31,0,1426.57,CGN1,open,false,64475.0
3947,1774,SKU-0018,3,410.85,0,1232.55,CGN1,open,false,67416.0
3948,1774,SKU-0039,3,148.55,0,445.64,CGN1,picked,false,51795.0
3949,1775,SKU-0059,4,101.1,0,404.41,MUC2,invoiced,false,38784.0
3950,1775,SKU-0061,4,16.23,0,64.92,MUC2,picked,false,1916.0
3951,1776,SKU-0029,4,180.73,0,722.91,HH1,picked,true,49376.0
3952,1776,SKU-0015,4,254.85,0,1019.39,HH1,invoiced,false,71428.0
3953,1777,SKU-0117,5,102.46,5.0,507.3,CGN1,shipped,false,101820.0
3954,1777,SKU-0036,6,214.0,5.0,1278.99,CGN1,invoiced,false,130734.0
3955,1778,SKU-0072,4,286.06,0,1144.23,HH1,invoiced,false,2996.0
3956,1778,SKU-0067,6,314.59,0,1887.56,HH1,picked,false,3978.0
3957,1779,SKU-0025,5,296.7,2.5,1481.02,BER3,picked,false,94275.0
3958,1779,SKU-0010,5,239.68,0,1198.38,BER3,open,false,83405.0
3959,1780,SKU-0040,3,312.95,5.0,933.84,MUC2,invoiced,true,63078.0
3960,1780,SKU-0021,4,390.38,0,1561.51,MUC2,invoiced,false,48988.0
3961,1781,SKU-0025,4,287.74,5.0,1145.95,BER3,open,false,75420.0
3962,1781,SKU-0011,6,317.86,2.5,1904.64,BER3,open,true,157050.0
3963,1782,SKU-0017,1,270.52,0,270.52,BER3,shipped,false,27269.0
3964,1782,SKU-0010,4,238.12,0,952.48,BER3,open,false,66724.0
3965,1783,SKU-0040,2,297.25,0,594.51,BER3,invoiced,false,42052.0
3966,1783,SKU-0019,4,300.82,2.5,1200.76,BER3,shipped,false,39292.0
3967,1784,SKU-0040,2,315.78,0,631.57,BER3,invoiced,false,42052.0
3968,1784,SKU-0024,4,112.42,0,449.66,BER3,invoiced,false,52184.0
3969,1785,SKU-0104,6,90.15,5.0,535.89,BER3,invoiced,false,162228.0
3970,1785,SKU-0061,3,16.69,5.0,45.08,BER3,invoiced,false,1437.0
3971,1786,SKU-0028,6,181.97,0,1091.83,MUC2,open,false,139584.0
3972,1786,SKU-0086,1,293.43,5.0,288.43,MUC2,picked,false,1995.0
3973,1787,SKU-0020,6,164.95,0,989.68,HH1,shipped,false,157812.0
3974,1787,SKU-0026,2,109.35,0,218.7,HH1,invoiced,false,40256.0
3975,1788,SKU-0097,4,338.97,5.0,1350.89,HH1,open,false,50480.0
3976,1788,SKU-0106,4,272.56,0,1090.23,HH1,picked,false,30700.0
3977,1789,SKU-0116,6,171.7,2.5,1027.69,BER3,invoiced,false,91776.0
3978,1789,SKU-0082,4,344.76,0,1379.05,BER3,shipped,false,47912.0
3979,1790,SKU-0024,1,107.33,5.0,102.33,CGN1,invoiced,false,13046.0
3980,1790,SKU-0063,3,102.12,0,306.37,CGN1,open,false,37353.0
3981,1791,SKU-0115,5,317.35,2.5,1584.23,HH1,invoiced,false,125275.0
3982,1791,SKU-0041,2,293.55,2.5,584.59,HH1,shipped,false,31168.0
3983,1792,SKU-0004,1,209.88,5.0,204.88,CGN1,shipped,false,7833.0
3984,1792,SKU-0046,2,9.07,0,18.14,CGN1,open,true,14214.0
3985,1793,SKU-0027,1,267.06,0,267.06,CGN1,open,false,1454.0
3986,1793,SKU-0029,4,183.42,2.5,731.16,CGN1,invoiced,false,49376.0
3987,1794,SKU-0034,5,109.84,2.5,546.68,HH1,shipped,false,39135.0
3988,1794,SKU-0007,4,98.85,0,395.42,HH1,open,false,108532.0
3989,1795,SKU-0057,3,422.22,0,1266.66,MUC2,picked,false,42819.0
3990,1795,SKU-0075,2,337.38,0,674.77,MUC2,picked,false,47920.0
3991,1796,SKU-0009,3,236.0,2.5,705.5,BER3,shipped,false,48714.0
3992,1796,SKU-0048,5,139.89,2.5,696.94,BER3,picked,false,85445.0
3993,1797,SKU-0052,2,187.39,0,374.77,BER3,open,false,5206.0
3994,1797,SKU-0107,4,329.66,0,1318.64,BER3,shipped,false,26560.0
3995,1798,SKU-0076,6,81.97,0,491.8,HH1,invoiced,false,41148.0
3996,1798,SKU-0032,1,358.77,5.0,353.77,HH1,open,false,12232.0
3997,1799,SKU-0007,3,97.78,0,293.34,MUC2,invoiced,false,81399.0
3998,1799,SKU-0002,1,307.47,0,307.47,MUC2,open,false,27004.0
3999,1800,SKU-0115,6,334.15,2.5,2002.41,HH1,open,false,150330.0
4000,1800,SKU-0074,1,205.14,2.5,202.64,HH1,picked,false,24797.0
4001,1801,SKU-0116,3,172.17,2.5,514.01,CGN1,picked,false,45888.0
4002,1801,SKU-0004,5,208.59,2.5,1040.47,CGN1,shipped,false,39165.0
4003,1802,SKU-0042,4,170.46,0,681.85,MUC2,picked,false,33096.0
4004,1802,SKU-0048,2,146.66,2.5,290.82,MUC2,invoiced,false,34178.0
4005,1803,SKU-0102,2,85.1,0,170.19,HH1,picked,false,4414.0
4006,1803,SKU-0009,1,246.54,0,246.54,HH1,invoiced,false,16238.0
4007,1804,SKU-0008,1,214.21,5.0,209.21,HH1,picked,false,25946.0
4008,1804,SKU-0085,5,236.51,2.5,1180.06,HH1,invoiced,false,85355.0
4009,1805,SKU-0059,6,104.21,0,625.28,HH1,invoiced,false,58176.0
4010,1805,SKU-0050,3,126.64,5.0,374.93,HH1,open,false,35799.0
4011,1806,SKU-0084,6,144.46,2.5,864.27,CGN1,invoiced,false,26250.0
4012,1806,SKU-0013,2,379.26,0,758.52,CGN1,invoiced,false,34292.0
4013,1807,SKU-0024,3,114.73,5.0,339.2,MUC2,open,false,39138.0
4014,1807,SKU-0094,6,252.15,0,1512.89,MUC2,picked,false,127788.0
4015,1808,SKU-0060,3,248.72,0,746.16,HH1,picked,false,59283.0
4016,1808,SKU-0102,5,83.05,5.0,410.24,HH1,shipped,false,11035.0
4017,1809,SKU-0017,1,277.05,0,277.05,MUC2,shipped,false,27269.0
4018,1809,SKU-0084,4,140.24,5.0,555.95,MUC2,picked,false,17500.0
4019,1810,SKU-0091,4,366.72,2.5,1464.39,BER3,open,false,64308.0
4020,1810,SKU-0061,5,15.52,2.5,75.09,BER3,picked,false,2395.0
4021,1811,SKU-0094,5,270.84,5.0,1349.21,BER3,open,false,106490.0
4022,1811,SKU-0014,6,37.55,2.5,222.78,BER3,picked,false,120642.0
4023,1812,SKU-0084,2,142.47,0,284.94,CGN1,invoiced,false,8750.0
4024,1812,SKU-0054,1,110.08,5.0,105.08,CGN1,invoiced,false,22789.0
4025,1813,SKU-0025,2,278.51,0,557.03,CGN1,invoiced,false,37710.0
4026,1813,SKU-0008,1,213.22,0,213.22,CGN1,picked,false,25946.0
4027,1814,SKU-0052,4,185.98,0,743.93,BER3,open,false,10412.0
4028,1814,SKU-0013,2,359.03,2.5,715.56,BER3,picked,false,34292.0
4029,1815,SKU-0115,4,320.5,0,1282.01,HH1,invoiced,false,100220.0
4030,1815,SKU-0027,2,272.34,2.5,542.17,HH1,shipped,false,2908.0
4031,1816,SKU-0067,2,320.19,5.0,635.38,BER3,open,false,1326.0
4032,1816,SKU-0001,1,190.99,0,190.99,BER3,invoiced,false,24590.0
4033,1817,SKU-0055,6,94.45,2.5,564.21,BER3,open,false,87240.0
4034,1817,SKU-0119,6,91.78,0,550.66,BER3,open,false,159420.0
4035,1818,SKU-0058,2,106.01,0,212.01,BER3,picked,false,43292.0
4036,1818,SKU-0033,5,342.27,0,1711.36,BER3,shipped,false,11980.0
4037,1819,SKU-0120,4,154.88,0,619.53,HH1,shipped,false,55992.0
4038,1819,SKU-0052,3,191.02,2.5,570.57,HH1,picked,false,7809.0
4039,1820,SKU-0025,4,289.02,0,1156.06,HH1,picked,false,75420.0
4040,1820,SKU-0025,2,288.86,0,577.71,HH1,open,false,37710.0
4041,1821,SKU-0010,4,241.76,0,967.06,MUC2,open,false,66724.0
4042,1821,SKU-0028,2,175.67,0,351.35,MUC2,picked,false,46528.0
4043,1822,SKU-0113,2,232.63,2.5,462.76,MUC2,shipped,true,40126.0
4044,1822,SKU-0034,2,114.11,0,228.21,MUC2,shipped,false,15654.0
4045,1823,SKU-0008,6,211.43,0,1268.56,BER3,open,false,155676.0
4046,1823,SKU-0092,1,11.09,5.0,6.09,BER3,open,false,6851.0
4047,1824,SKU-0070,4,259.22,0,1036.88,BER3,invoiced,false,108352.0
4048,1824,SKU-0042,4,163.2,0,652.8,BER3,invoiced,false,33096.0
4049,1825,SKU-0014,4,37.94,0,151.74,HH1,open,false,80428.0
4050,1825,SKU-0030,6,113.75,0,682.52,HH1,invoiced,false,118764.0
4051,1826,SKU-0051,2,294.63,2.5,586.76,HH1,invoiced,false,38598.0
4052,1826,SKU-0067,6,314.79,0,1888.76,HH1,open,false,3978.0
4053,1827,SKU-0114,5,349.82,0,1749.09,CGN1,open,false,35650.0
4054,1827,SKU-0107,2,326.93,0,653.87,CGN1,invoiced,false,13280.0
4055,1828,SKU-0054,3,111.63,0,334.88,CGN1,picked,false,68367.0
4056,1828,SKU-0101,4,361.83,0,1447.33,CGN1,invoiced,false,72424.0
4057,1829,SKU-0087,2,75.72,0,151.43,BER3,invoiced,false,43526.0
4058,1829,SKU-0089,6,47.97,0,287.84,BER3,shipped,false,7914.0
4059,1830,SKU-0062,2,323.49,0,646.98,MUC2,open,false,53436.0
4060,1830,SKU-0111,1,77.54,0,77.54,MUC2,open,true,10963.0
4061,1831,SKU-0029,5,187.96,0,939.8,BER3,open,false,61720.0
4062,1831,SKU-0048,6,145.42,2.5,870.04,BER3,shipped,false,102534.0
4063,1832,SKU-0004,4,219.97,0,879.88,MUC2,picked,false,31332.0
4064,1832,SKU-0008,6,219.44,0,1316.62,MUC2,shipped,false,155676.0
4065,1833,SKU-0054,2,111.54,2.5,220.58,BER3,shipped,false,45578.0
4066,1833,SKU-0040,2,312.8,5.0,620.6,BER3,open,false,42052.0
4067,1834,SKU-0011,5,323.13,2.5,1613.13,BER3,shipped,false,130875.0
4068,1834,SKU-0079,5,262.21,0,1311.06,BER3,invoiced,false,132370.0
4069,1835,SKU-0056,4,63.79,0,255.16,MUC2,picked,false,79552.0
4070,1835,SKU-0047,5,27.82,5.0,134.09,MUC2,invoiced,false,16805.0
4071,1836,SKU-0100,1,194.13,2.5,191.63,MUC2,picked,false,25673.0
4072,1836,SKU-0023,3,118.69,5.0,351.07,MUC2,picked,false,16236.0
4073,1837,SKU-0022,6,69.9,0,419.43,HH1,open,false,159426.0
4074,1837,SKU-0118,6,329.2,0,1975.23,HH1,shipped,false,142620.0
4075,1838,SKU-0035,5,308.4,5.0,1537.0,MUC2,open,false,28110.0
4076,1838,SKU-0019,6,290.91,5.0,1740.46,MUC2,invoiced,false,58938.0
4077,1839,SKU-0008,3,211.24,0,633.73,BER3,invoiced,false,77838.0
4078,1839,SKU-0041,6,278.12,2.5,1666.25,BER3,open,false,93504.0
4079,1840,SKU-0051,2,304.2,2.5,605.9,MUC2,open,false,38598.0
4080,1840,SKU-0044,4,131.54,2.5,523.66,MUC2,shipped,false,81208.0
4081,1841,SKU-0029,2,190.4,0,380.8,HH1,shipped,false,24688.0
4082,1841,SKU-0003,1,219.44,0,219.44,HH1,shipped,false,9499.0
4083,1842,SKU-0054,4,117.07,0,468.27,BER3,invoiced,false,91156.0
4084,1842,SKU-0099,6,253.15,0,1518.89,BER3,shipped,false,132654.0
4085,1843,SKU-0004,3,209.89,0,629.68,CGN1,picked,false,23499.0
4086,1843,SKU-0035,1,310.51,5.0,305.51,CGN1,open,false,5622.0
4087,1844,SKU-0056,1,65.3,5.0,60.3,HH1,open,false,19888.0
4088,1844,SKU-0004,1,221.5,2.5,219.0,HH1,picked,false,7833.0
4089,1845,SKU-0073,5,201.19,0,1005.96,BER3,open,false,42785.0
4090,1845,SKU-0114,1,350.61,2.5,348.11,BER3,shipped,true,7130.0
4091,1846,SKU-0101,5,372.73,0,1863.63,MUC2,shipped,false,90530.0
4092,1846,SKU-0035,5,311.49,2.5,1554.95,MUC2,picked,false,28110.0
4093,1847,SKU-0059,5,105.67,0,528.33,HH1,open,false,48480.0
4094,1847,SKU-0104,3,94.47,5.0,278.41,HH1,invoiced,false,81114.0
4095,1848,SKU-0024,2,112.86,0,225.72,BER3,shipped,false,26092.0
4096,1848,SKU-0072,5,283.49,0,1417.45,BER3,picked,false,3745.0
4097,1849,SKU-0049,2,84.26,0,168.52,HH1,picked,false,25284.0
4098,1849,SKU-0108,1,396.51,0,396.51,HH1,invoiced,false,19505.0
4099,1850,SKU-0045,3,100.78,5.0,297.33,MUC2,picked,false,46548.0
4100,1850,SKU-0096,3,270.76,2.5,809.79,MUC2,invoiced,false,3303.0
4101,1851,SKU-0101,4,369.62,2.5,1476.0,MUC2,shipped,false,72424.0
4102,1851,SKU-0033,3,346.66,2.5,1037.47,MUC2,picked,false,7188.0
4103,1852,SKU-0065,1,275.14,2.5,272.64,HH1,open,false,12895.0
4104,1852,SKU-0087,6,76.95,0,461.71,HH1,invoiced,false,130578.0
4105,1853,SKU-0016,2,177.73,0,355.46,BER3,invoiced,false,24126.0
4106,1853,SKU-0078,4,46.19,0,184.77,BER3,shipped,false,19680.0
4107,1854,SKU-0082,2,359.96,2.5,717.42,CGN1,picked,false,23956.0
4108,1854,SKU-0074,1,213.24,0,213.24,CGN1,shipped,false,24797.0
4109,1855,SKU-0082,6,355.84,2.5,2132.55,MUC2,invoiced,false,71868.0
4110,1855,SKU-0069,6,353.09,5.0,2113.56,MUC2,shipped,false,152844.0
4111,1856,SKU-0003,3,211.7,5.0,630.11,CGN1,invoiced,false,28497.0
4112,1856,SKU-0090,5,268.64,0,1343.18,CGN1,invoiced,false,24805.0
4113,1857,SKU-0028,2,186.79,0,373.59,MUC2,picked,false,46528.0
4114,1857,SKU-0015,4,264.39,2.5,1055.04,MUC2,picked,false,71428.0
4115,1858,SKU-0056,4,64.63,5.0,253.5,BER3,invoiced,false,79552.0
4116,1858,SKU-0029,6,180.31,2.5,1079.36,BER3,open,false,74064.0
4117,1859,SKU-0015,3,264.07,0,792.22,CGN1,shipped,false,53571.0
4118,1859,SKU-0075,6,345.86,0,2075.18,CGN1,open,false,143760.0
4119,1860,SKU-0088,4,282.66,2.5,1128.15,HH1,invoiced,false,68072.0
4120,1860,SKU-0001,6,190.26,5.0,1136.57,HH1,invoiced,false,147540.0
4121,1861,SKU-0102,6,84.25,0,505.47,HH1,picked,false,13242.0
4122,1861,SKU-0002,5,319.32,0,1596.61,HH1,picked,false,135020.0
4123,1862,SKU-0066,6,268.46,5.0,1605.77,MUC2,picked,false,116064.0
4124,1862,SKU-0014,2,37.75,5.0,70.5,MUC2,invoiced,false,40214.0
4125,1863,SKU-0066,3,272.0,0,816.01,CGN1,open,false,58032.0
4126,1863,SKU-0039,5,153.7,5.0,763.48,CGN1,open,false,86325.0
4127,1864,SKU-0104,5,89.41,0,447.05,CGN1,shipped,false,135190.0
4128,1864,SKU-0033,2,353.83,2.5,705.16,CGN1,picked,false,4792.0
4129,1865,SKU-0105,3,253.65,0,760.96,BER3,invoiced,false,67335.0
4130,1865,SKU-0085,3,227.63,5.0,677.9,BER3,invoiced,false,51213.0
4131,1866,SKU-0072,5,299.92,0,1499.61,CGN1,open,false,3745.0
4132,1866,SKU-0062,6,321.7,0,1930.22,CGN1,shipped,false,160308.0
4133,1867,SKU-0100,4,183.84,5.0,730.34,HH1,shipped,false,102692.0
4134,1867,SKU-0120,4,154.71,0,618.85,HH1,open,false,55992.0
4135,1868,SKU-0007,2,101.47,0,202.94,HH1,shipped,false,54266.0
4136,1868,SKU-0022,5,68.2,0,340.98,HH1,open,false,132855.0
4137,1869,SKU-0087,1,76.69,0,76.69,BER3,open,false,21763.0
4138,1869,SKU-0007,3,101.73,2.5,302.7,BER3,invoiced,false,81399.0
4139,1870,SKU-0110,2,297.75,2.5,593.0,MUC2,picked,false,40266.0
4140,1870,SKU-0100,3,187.44,0,562.32,MUC2,invoiced,false,77019.0
4141,1871,SKU-0094,2,261.08,0,522.16,MUC2,picked,false,42596.0
4142,1871,SKU-0023,6,118.34,2.5,707.53,MUC2,invoiced,false,32472.0
4143,1872,SKU-0009,4,240.58,5.0,957.32,CGN1,picked,false,64952.0
4144,1872,SKU-0013,2,365.05,0,730.11,CGN1,picked,false,34292.0
4145,1873,SKU-0103,6,265.83,5.0,1589.99,MUC2,invoiced,false,121242.0
4146,1873,SKU-0032,5,353.6,0,1767.99,MUC2,shipped,false,61160.0
4147,1874,SKU-0075,1,337.14,0,337.14,HH1,invoiced,false,23960.0
4148,1874,SKU-0084,6,140.41,2.5,839.99,HH1,picked,false,26250.0
4149,1875,SKU-0024,1,106.37,0,106.37,HH1,shipped,false,13046.0
4150,1875,SKU-0009,6,246.1,0,1476.59,HH1,picked,false,97428.0
4151,1876,SKU-0111,6,74.96,2.5,447.25,MUC2,picked,false,65778.0
4152,1876,SKU-0114,1,356.25,5.0,351.25,MUC2,shipped,false,7130.0
4153,1877,SKU-0081,4,105.77,0,423.07,HH1,open,false,11288.0
4154,1877,SKU-0047,1,27.68,0,27.68,HH1,picked,false,3361.0
4155,1878,SKU-0021,6,379.83,5.0,2273.98,HH1,open,false,73482.0
4156,1878,SKU-0005,3,289.81,0,869.42,HH1,open,false,55407.0
4157,1879,SKU-0057,3,433.02,0,1299.06,BER3,invoiced,false,42819.0
4158,1879,SKU-0110,5,293.76,0,1468.79,BER3,invoiced,false,100665.0
4159,1880,SKU-0017,1,263.59,0,263.59,HH1,shipped,false,27269.0
4160,1880,SKU-0036,6,206.95,0,1241.71,HH1,shipped,false,130734.0
4161,1881,SKU-0038,4,163.88,0,655.52,MUC2,invoiced,false,1616.0
4162,1881,SKU-0039,6,142.27,5.0,848.62,MUC2,shipped,false,103590.0
4163,1882,SKU-0023,4,119.18,5.0,471.73,CGN1,invoiced,false,21648.0
4164,1882,SKU-0006,2,243.01,0,486.03,CGN1,invoiced,false,30078.0
4165,1883,SKU-0069,4,347.13,2.5,1386.0,MUC2,picked,false,101896.0
4166,1883,SKU-0001,6,195.22,2.5,1168.83,MUC2,invoiced,false,147540.0
4167,1884,SKU-0031,1,191.08,5.0,186.08,BER3,shipped,false,13382.0
4168,1884,SKU-0021,4,404.06,5.0,1611.25,BER3,shipped,false,48988.0
4169,1885,SKU-0091,4,374.25,0,1497.01,CGN1,shipped,false,64308.0
4170,1885,SKU-0062,5,339.65,2.5,1695.77,CGN1,invoiced,false,133590.0
4171,1886,SKU-0001,6,193.64,0,1161.83,BER3,picked,false,147540.0
4172,1886,SKU-0034,5,105.52,5.0,522.61,BER3,open,false,39135.0
4173,1887,SKU-0081,2,101.81,0,203.62,MUC2,shipped,false,5644.0
4174,1887,SKU-0017,2,269.87,5.0,534.74,MUC2,invoiced,false,54538.0
4175,1888,SKU-0061,6,16.02,0,96.12,CGN1,invoiced,false,2874.0
4176,1888,SKU-0101,2,354.38,0,708.76,CGN1,invoiced,false,36212.0
4177,1889,SKU-0016,4,185.5,5.0,736.99,CGN1,open,false,48252.0
4178,1889,SKU-0091,6,364.21,2.5,2182.74,CGN1,picked,false,96462.0
4179,1890,SKU-0086,4,296.05,0,1184.21,HH1,picked,false,7980.0
4180,1890,SKU-0089,2,48.85,2.5,95.21,HH1,open,false,2638.0
4181,1891,SKU-0008,3,210.59,5.0,626.78,CGN1,invoiced,false,77838.0
4182,1891,SKU-0065,5,281.6,5.0,1403.01,CGN1,open,false,64475.0
4183,1892,SKU-0059,3,106.13,0,318.39,BER3,invoiced,false,29088.0
4184,1892,SKU-0022,2,69.79,0,139.58,BER3,invoiced,false,53142.0
4185,1893,SKU-0116,5,175.2,0,876.0,BER3,invoiced,false,76480.0
4186,1893,SKU-0119,6,93.44,0,560.62,BER3,open,false,159420.0
4187,1894,SKU-0074,1,200.81,5.0,195.81,MUC2,open,false,24797.0
4188,1894,SKU-0038,4,176.63,0,706.51,MUC2,picked,false,1616.0
4189,1895,SKU-0112,2,106.78,5.0,208.56,MUC2,open,false,43226.0
4190,1895,SKU-0037,3,278.12,0,834.35,MUC2,invoiced,false,8694.0
4191,1896,SKU-0054,4,112.99,0,451.95,HH1,open,false,91156.0
4192,1896,SKU-0045,4,105.49,0,421.95,HH1,picked,false,62064.0
4193,1897,SKU-0120,2,156.58,5.0,308.15,HH1,open,false,27996.0
4194,1897,SKU-0098,5,192.31,0,961.57,HH1,open,false,5720.0
4195,1898,SKU-0048,6,142.05,2.5,849.82,HH1,open,false,102534.0
4196,1898,SKU-0057,4,439.21,0,1756.86,HH1,open,false,57092.0
4197,1899,SKU-0052,5,190.32,0,951.59,BER3,invoiced,false,13015.0
4198,1899,SKU-0027,2,265.71,5.0,526.42,BER3,open,false,2908.0
4199,1900,SKU-0029,2,183.82,0,367.63,MUC2,shipped,false,24688.0
4200,1900,SKU-0025,6,283.95,0,1703.68,MUC2,open,false,113130.0
4201,1901,SKU-0095,4,261.0,5.0,1039.02,MUC2,shipped,false,17076.0
4202,1901,SKU-0076,4,84.18,0,336.73,MUC2,invoiced,false,27432.0
4203,1902,SKU-0015,6,270.89,0,1625.32,BER3,open,false,107142.0
4204,1902,SKU-0111,4,75.26,5.0,296.05,BER3,shipped,false,43852.0
4205,1903,SKU-0043,2,126.57,0,253.13,MUC2,open,false,15244.0
4206,1903,SKU-0028,4,172.81,5.0,686.25,MUC2,invoiced,false,93056.0
4207,1904,SKU-0092,5,11.48,0,57.4,MUC2,invoiced,false,34255.0
4208,1904,SKU-0015,4,253.04,0,1012.16,MUC2,picked,false,71428.0
4209,1905,SKU-0004,4,214.25,0,856.99,HH1,shipped,false,31332.0
4210,1905,SKU-0048,3,143.54,0,430.63,HH1,picked,false,51267.0
4211,1906,SKU-0045,2,99.48,2.5,196.45,BER3,shipped,false,31032.0
4212,1906,SKU-0057,6,426.35,5.0,2553.09,BER3,picked,false,85638.0
4213,1907,SKU-0089,5,45.79,5.0,223.96,MUC2,picked,false,6595.0
4214,1907,SKU-0027,2,267.3,5.0,529.59,MUC2,invoiced,false,2908.0
4215,1908,SKU-0101,1,361.02,0,361.02,MUC2,open,false,18106.0
4216,1908,SKU-0012,3,51.96,2.5,153.39,MUC2,shipped,false,6294.0
4217,1909,SKU-0030,1,111.83,0,111.83,HH1,shipped,false,19794.0
4218,1909,SKU-0048,6,140.4,0,842.39,HH1,invoiced,false,102534.0
4219,1910,SKU-0044,6,135.74,2.5,811.95,HH1,invoiced,false,121812.0
4220,1910,SKU-0034,2,113.78,0,227.56,HH1,open,false,15654.0
4221,1911,SKU-0024,2,110.52,0,221.03,HH1,invoiced,false,26092.0
4222,1911,SKU-0050,2,127.83,0,255.66,HH1,picked,false,23866.0
4223,1912,SKU-0004,1,214.65,5.0,209.65,BER3,invoiced,false,7833.0
4224,1912,SKU-0117,1,105.37,2.5,102.87,BER3,picked,false,20364.0
4225,1913,SKU-0055,5,95.65,2.5,475.77,BER3,shipped,false,72700.0
4226,1913,SKU-0001,3,201.45,0,604.36,BER3,open,false,73770.0
4227,1914,SKU-0029,6,177.4,5.0,1059.38,BER3,picked,false,74064.0
4228,1914,SKU-0003,4,227.62,0,910.47,BER3,open,false,37996.0
4229,1915,SKU-0011,6,309.42,0,1856.49,MUC2,invoiced,false,157050.0
4230,1915,SKU-0120,1,158.82,0,158.82,MUC2,shipped,false,13998.0
4231,1916,SKU-0072,6,287.31,0,1723.83,MUC2,picked,false,4494.0
4232,1916,SKU-0085,2,227.34,0,454.67,MUC2,picked,false,34142.0
4233,1917,SKU-0061,2,15.85,0,31.71,HH1,picked,false,958.0
4234,1917,SKU-0081,1,99.96,0,99.96,HH1,invoiced,false,2822.0
4235,1918,SKU-0061,3,16.51,2.5,47.04,CGN1,shipped,false,1437.0
4236,1918,SKU-0028,2,172.53,5.0,340.06,CGN1,open,false,46528.0
4237,1919,SKU-0054,4,117.95,5.0,466.8,BER3,open,false,91156.0
4238,1919,SKU-0016,4,185.46,2.5,739.32,BER3,shipped,false,48252.0
4239,1920,SKU-0097,3,353.36,0,1060.08,HH1,picked,false,37860.0
4240,1920,SKU-0047,3,26.29,0,78.86,HH1,open,false,10083.0
4241,1921,SKU-0052,1,185.3,2.5,182.8,MUC2,open,false,2603.0
4242,1921,SKU-0113,3,217.72,0,653.16,MUC2,shipped,false,60189.0
4243,1922,SKU-0054,3,110.23,0,330.7,HH1,invoiced,false,68367.0
4244,1922,SKU-0082,4,355.21,0,1420.84,HH1,shipped,false,47912.0
4245,1923,SKU-0008,4,218.98,0,875.93,MUC2,shipped,false,103784.0
4246,1923,SKU-0068,3,333.09,0,999.26,MUC2,invoiced,false,18513.0
4247,1924,SKU-0045,2,98.7,0,197.4,CGN1,invoiced,false,31032.0
4248,1924,SKU-0119,4,91.3,5.0,360.21,CGN1,invoiced,true,106280.0
4249,1925,SKU-0070,6,247.51,5.0,1480.04,CGN1,invoiced,false,162528.0
4250,1925,SKU-0033,1,347.59,5.0,342.59,CGN1,picked,false,2396.0
4251,1926,SKU-0039,1,149.27,5.0,144.27,HH1,invoiced,false,17265.0
4252,1926,SKU-0087,5,76.81,0,384.06,HH1,invoiced,false,108815.0
4253,1927,SKU-0050,6,132.62,0,795.75,HH1,invoiced,false,71598.0
4254,1927,SKU-0092,2,10.88,5.0,16.75,HH1,picked,false,13702.0
4255,1928,SKU-0006,6,231.96,0,1391.77,HH1,shipped,false,90234.0
4256,1928,SKU-0003,2,227.11,0,454.22,HH1,open,false,18998.0
4257,1929,SKU-0070,6,266.96,5.0,1596.75,CGN1,shipped,false,162528.0
4258,1929,SKU-0115,2,333.09,0,666.18,CGN1,shipped,false,50110.0
4259,1930,SKU-0066,1,254.85,2.5,252.35,CGN1,shipped,false,19344.0
4260,1930,SKU-0023,2,120.65,2.5,238.8,CGN1,picked,false,10824.0
4261,1931,SKU-0001,4,199.51,0,798.04,HH1,open,false,98360.0
4262,1931,SKU-0040,3,302.01,0,906.04,HH1,open,false,63078.0
4263,1932,SKU-0110,4,295.74,2.5,1180.47,HH1,invoiced,false,80532.0
4264,1932,SKU-0019,4,286.92,0,1147.66,HH1,picked,false,39292.0
4265,1933,SKU-0098,5,184.37,2.5,919.36,HH1,invoiced,false,5720.0
4266,1933,SKU-0048,1,142.53,5.0,137.53,HH1,open,false,17089.0
4267,1934,SKU-0068,4,324.88,2.5,1297.01,MUC2,shipped,false,24684.0
4268,1934,SKU-0033,3,326.36,0,979.09,MUC2,invoiced,false,7188.0
4269,1935,SKU-0050,3,125.13,0,375.39,HH1,invoiced,false,35799.0
4270,1935,SKU-0069,2,360.96,0,721.93,HH1,open,false,50948.0
4271,1936,SKU-0018,5,391.29,0,1956.46,HH1,open,false,112360.0
4272,1936,SKU-0101,2,351.59,0,703.17,HH1,open,false,36212.0
4273,1937,SKU-0073,3,205.34,0,616.02,CGN1,open,false,25671.0
4274,1937,SKU-0019,4,284.01,2.5,1133.55,CGN1,open,false,39292.0
4275,1938,SKU-0060,1,257.15,0,257.15,CGN1,picked,false,19761.0
4276,1938,SKU-0054,6,114.51,5.0,682.09,CGN1,shipped,false,136734.0
4277,1939,SKU-0028,3,181.61,0,544.83,BER3,picked,false,69792.0
4278,1939,SKU-0019,5,294.46,2.5,1469.78,BER3,open,false,49115.0
4279,1940,SKU-0037,6,283.36,2.5,1697.69,HH1,picked,false,17388.0
4280,1940,SKU-0044,2,135.29,0,270.57,HH1,shipped,false,40604.0
4281,1941,SKU-0076,6,84.76,0,508.58,CGN1,shipped,false,41148.0
4282,1941,SKU-0106,2,262.51,5.0,520.02,CGN1,shipped,false,15350.0
4283,1942,SKU-0036,4,203.29,0,813.17,HH1,shipped,false,87156.0
4284,1942,SKU-0103,1,256.5,0,256.5,HH1,picked,false,20207.0
4285,1943,SKU-0107,3,328.53,2.5,983.08,HH1,open,false,19920.0
4286,1943,SKU-0010,1,247.83,0,247.83,HH1,picked,false,16681.0
4287,1944,SKU-0077,4,236.0,0,944.0,CGN1,open,false,31200.0
4288,1944,SKU-0115,1,319.64,2.5,317.14,CGN1,shipped,false,25055.0
4289,1945,SKU-0065,2,273.44,0,546.88,BER3,invoiced,false,25790.0
4290,1945,SKU-0029,5,191.32,0,956.6,BER3,open,false,61720.0
4291,1946,SKU-0111,5,74.3,0,371.52,MUC2,shipped,false,54815.0
4292,1946,SKU-0099,6,242.22,0,1453.34,MUC2,invoiced,false,132654.0
4293,1947,SKU-0115,5,318.94,5.0,1589.7,HH1,picked,false,125275.0
4294,1947,SKU-0113,2,231.28,5.0,457.57,HH1,shipped,false,40126.0
4295,1948,SKU-0078,4,46.65,5.0,181.61,CGN1,picked,false,19680.0
4296,1948,SKU-0109,4,276.05,2.5,1101.7,CGN1,invoiced,false,26768.0
4297,1949,SKU-0010,6,253.57,2.5,1518.92,BER3,picked,false,100086.0
4298,1949,SKU-0021,6,391.65,0,2349.89,BER3,invoiced,false,73482.0
4299,1950,SKU-0090,1,279.78,5.0,274.78,HH1,invoiced,false,4961.0
4300,1950,SKU-0047,1,26.99,2.5,24.49,HH1,open,false,3361.0
4301,1951,SKU-0106,6,264.17,2.5,1582.55,HH1,shipped,false,46050.0
4302,1951,SKU-0104,4,93.78,0,375.13,HH1,invoiced,false,108152.0
4303,1952,SKU-0014,1,38.45,5.0,33.45,BER3,picked,false,20107.0
4304,1952,SKU-0023,4,118.69,0,474.75,BER3,picked,false,21648.0
4305,1953,SKU-0046,3,9.16,5.0,22.48,BER3,shipped,false,21321.0
4306,1953,SKU-0024,3,106.38,0,319.14,BER3,picked,false,39138.0
4307,1954,SKU-0084,1,145.98,0,145.98,BER3,open,false,4375.0
4308,1954,SKU-0069,2,347.35,0,694.71,BER3,picked,false,50948.0
4309,1955,SKU-0115,3,336.94,0,1010.81,MUC2,shipped,false,75165.0
4310,1955,SKU-0090,2,270.09,0,540.18,MUC2,invoiced,false,9922.0
4311,1956,SKU-0085,5,226.42,0,1132.09,BER3,shipped,false,85355.0
4312,1956,SKU-0023,1,121.0,0,121.0,BER3,picked,false,5412.0
4313,1957,SKU-0040,5,303.36,5.0,1511.8,MUC2,picked,false,105130.0
4314,1957,SKU-0029,2,183.71,2.5,364.93,MUC2,open,false,24688.0
4315,1958,SKU-0081,1,100.27,2.5,97.77,HH1,invoiced,false,2822.0
4316,1958,SKU-0020,1,159.12,0,159.12,HH1,picked,false,26302.0
4317,1959,SKU-0036,2,206.53,0,413.06,MUC2,invoiced,false,43578.0
4318,1959,SKU-0113,2,231.68,0,463.36,MUC2,open,false,40126.0
4319,1960,SKU-0066,3,258.0,5.0,769.01,BER3,invoiced,true,58032.0
4320,1960,SKU-0066,4,269.71,2.5,1076.34,BER3,picked,false,77376.0
4321,1961,SKU-0018,3,409.1,0,1227.3,MUC2,invoiced,false,67416.0
4322,1961,SKU-0019,3,282.43,0,847.3,MUC2,shipped,false,29469.0
4323,1962,SKU-0116,5,183.02,5.0,910.09,HH1,invoiced,false,76480.0
4324,1962,SKU-0027,4,275.27,0,1101.07,HH1,invoiced,false,5816.0
4325,1963,SKU-0044,2,129.49,5.0,253.98,HH1,invoiced,false,40604.0
4326,1963,SKU-0021,6,385.42,0,2312.52,HH1,shipped,false,73482.0
4327,1964,SKU-0043,1,132.17,2.5,129.67,HH1,picked,false,7622.0
4328,1964,SKU-0117,6,106.1,2.5,634.11,HH1,shipped,false,122184.0
4329,1965,SKU-0116,1,178.75,2.5,176.25,MUC2,open,false,15296.0
4330,1965,SKU-0053,2,250.12,2.5,497.74,MUC2,picked,false,35584.0
4331,1966,SKU-0004,2,208.28,0,416.55,HH1,open,false,15666.0
4332,1966,SKU-0076,6,81.94,0,491.62,HH1,shipped,false,41148.0
4333,1967,SKU-0077,2,235.62,5.0,466.25,BER3,open,false,15600.0
4334,1967,SKU-0110,6,294.66,0,1767.95,BER3,open,false,120798.0
4335,1968,SKU-0046,5,9.14,2.5,43.22,HH1,open,false,35535.0
4336,1968,SKU-0031,2,199.59,2.5,396.67,HH1,invoiced,false,26764.0
4337,1969,SKU-0040,1,311.45,0,311.45,HH1,shipped,false,21026.0
4338,1969,SKU-0053,6,233.43,0,1400.59,HH1,invoiced,false,106752.0
4339,1970,SKU-0001,1,193.59,0,193.59,MUC2,invoiced,false,24590.0
4340,1970,SKU-0099,1,255.55,5.0,250.55,MUC2,shipped,false,22109.0
4341,1971,SKU-0100,3,198.38,0,595.15,BER3,picked,false,77019.0
4342,1971,SKU-0084,2,146.58,0,293.17,BER3,shipped,false,8750.0
4343,1972,SKU-0067,2,321.08,0,642.17,BER3,invoiced,false,1326.0
4344,1972,SKU-0020,5,159.38,0,796.91,BER3,shipped,false,131510.0
4345,1973,SKU-0023,1,126.65,0,126.65,BER3,invoiced,false,5412.0
4346,1973,SKU-0020,6,162.37,0,974.2,BER3,open,false,157812.0
4347,1974,SKU-0009,1,247.82,5.0,242.82,HH1,invoiced,false,16238.0
4348,1974,SKU-0082,4,356.38,2.5,1423.02,HH1,picked,false,47912.0
4349,1975,SKU-0035,1,290.85,0,290.85,BER3,open,false,5622.0
4350,1975,SKU-0039,5,151.08,5.0,750.41,BER3,picked,false,86325.0
4351,1976,SKU-0042,1,170.39,5.0,165.39,CGN1,shipped,false,8274.0
4352,1976,SKU-0107,6,309.4,2.5,1853.91,CGN1,shipped,false,39840.0
4353,1977,SKU-0081,4,103.33,0,413.31,HH1,invoiced,true,11288.0
4354,1977,SKU-0107,6,307.7,0,1846.19,HH1,picked,false,39840.0
4355,1978,SKU-0036,2,209.12,2.5,415.75,HH1,shipped,false,43578.0
4356,1978,SKU-0005,4,284.39,0,1137.54,HH1,picked,false,73876.0
4357,1979,SKU-0081,1,106.01,5.0,101.01,HH1,invoiced,false,2822.0
4358,1979,SKU-0013,3,375.59,2.5,1124.28,HH1,invoiced,false,51438.0
4359,1980,SKU-0025,4,291.18,5.0,1159.74,BER3,invoiced,false,75420.0
4360,1980,SKU-0017,6,267.02,5.0,1597.1,BER3,picked,false,163614.0
4361,1981,SKU-0030,1,113.3,2.5,110.8,CGN1,picked,false,19794.0
4362,1981,SKU-0017,5,273.53,2.5,1365.15,CGN1,shipped,false,136345.0
4363,1982,SKU-0025,5,296.38,0,1481.89,BER3,invoiced,false,94275.0
4364,1982,SKU-0031,4,201.78,5.0,802.12,BER3,invoiced,false,53528.0
4365,1983,SKU-0067,5,308.85,0,1544.26,BER3,open,false,3315.0
4366,1983,SKU-0108,1,382.84,0,382.84,BER3,open,false,19505.0
4367,1984,SKU-0091,3,366.23,0,1098.68,BER3,shipped,false,48231.0
4368,1984,SKU-0018,3,400.72,5.0,1197.15,BER3,shipped,false,67416.0
4369,1985,SKU-0043,1,126.88,0,126.88,MUC2,invoiced,false,7622.0
4370,1985,SKU-0059,4,103.65,0,414.61,MUC2,picked,false,38784.0
4371,1986,SKU-0022,5,69.8,0,349.01,CGN1,invoiced,false,132855.0
4372,1986,SKU-0085,2,236.5,0,473.0,CGN1,picked,false,34142.0
4373,1987,SKU-0055,5,90.29,2.5,448.93,CGN1,open,false,72700.0
4374,1987,SKU-0041,5,299.72,0,1498.62,CGN1,shipped,false,77920.0
4375,1988,SKU-0023,1,118.03,0,118.03,BER3,shipped,false,5412.0
4376,1988,SKU-0107,1,322.26,5.0,317.26,BER3,shipped,false,6640.0
4377,1989,SKU-0087,3,78.86,0,236.57,CGN1,invoiced,false,65289.0
4378,1989,SKU-0040,6,300.78,5.0,1799.66,CGN1,shipped,false,126156.0
4379,1990,SKU-0035,5,299.56,5.0,1492.82,CGN1,shipped,false,28110.0
4380,1990,SKU-0008,6,217.45,5.0,1299.7,CGN1,picked,false,155676.0
4381,1991,SKU-0095,5,262.11,0,1310.57,HH1,picked,false,21345.0
4382,1991,SKU-0113,4,221.5,5.0,881.0,HH1,open,false,80252.0
4383,1992,SKU-0057,6,419.19,2.5,2512.63,MUC2,open,false,85638.0
4384,1992,SKU-0056,1,68.03,5.0,63.03,MUC2,picked,false,19888.0
4385,1993,SKU-0056,1,64.64,0,64.64,BER3,shipped,false,19888.0
4386,1993,SKU-0029,3,190.77,0,572.3,BER3,picked,false,37032.0
4387,1994,SKU-0081,4,97.99,0,391.95,MUC2,shipped,false,11288.0
4388,1994,SKU-0103,2,263.18,0,526.36,MUC2,open,false,40414.0
4389,1995,SKU-0055,2,95.32,0,190.65,MUC2,picked,false,29080.0
4390,1995,SKU-0080,3,18.52,0,55.55,MUC2,invoiced,false,6312.0
4391,1996,SKU-0076,1,83.32,2.5,80.82,CGN1,picked,false,6858.0
4392,1996,SKU-0059,1,101.09,0,101.09,CGN1,invoiced,false,9696.0
4393,1997,SKU-0015,3,267.24,0,801.73,BER3,open,false,53571.0
4394,1997,SKU-0106,5,265.11,0,1325.54,BER3,shipped,false,38375.0
4395,1998,SKU-0028,3,176.69,5.0,525.07,BER3,open,false,69792.0
4396,1998,SKU-0101,3,377.72,2.5,1130.66,BER3,picked,false,54318.0
4397,1999,SKU-0094,2,250.61,0,501.23,BER3,open,false,42596.0
4398,1999,SKU-0117,2,108.47,0,216.94,BER3,shipped,false,40728.0
4399,2000,SKU-0081,2,99.64,0,199.27,CGN1,open,false,5644.0
4400,2000,SKU-0099,6,248.15,0,1488.9,CGN1,open,false,132654.0
4401,2001,SKU-0002,5,331.11,0,1655.57,HH1,picked,false,135020.0
4402,2001,SKU-0073,3,198.28,0,594.83,HH1,open,true,25671.0
4403,2002,SKU-0053,6,233.09,0,1398.51,HH1,invoiced,false,106752.0
4404,2002,SKU-0004,5,218.29,0,1091.47,HH1,picked,false,39165.0
4405,2003,SKU-0060,1,262.99,2.5,260.49,HH1,open,false,19761.0
4406,2003,SKU-0028,1,173.55,0,173.55,HH1,invoiced,false,23264.0
4407,2004,SKU-0113,4,227.92,0,911.7,BER3,shipped,false,80252.0
4408,2004,SKU-0031,4,192.46,0,769.84,BER3,open,false,53528.0
4409,2005,SKU-0046,3,9.15,2.5,24.94,BER3,shipped,false,21321.0
4410,2005,SKU-0062,5,337.94,0,1689.7,BER3,picked,false,133590.0
4411,2006,SKU-0040,6,303.29,0,1819.72,MUC2,invoiced,false,126156.0
4412,2006,SKU-0001,4,195.05,0,780.18,MUC2,invoiced,false,98360.0
4413,2007,SKU-0095,4,258.23,5.0,1027.91,CGN1,picked,false,17076.0
4414,2007,SKU-0036,6,217.44,5.0,1299.62,CGN1,picked,false,130734.0
4415,2008,SKU-0077,6,229.94,2.5,1377.11,BER3,open,false,46800.0
4416,2008,SKU-0112,3,107.47,0,322.4,BER3,shipped,false,64839.0
4417,2009,SKU-0104,1,89.9,0,89.9,CGN1,picked,false,27038.0
4418,2009,SKU-0022,3,70.35,5.0,206.05,CGN1,shipped,false,79713.0
4419,2010,SKU-0002,2,333.28,2.5,664.06,BER3,shipped,false,54008.0
4420,2010,SKU-0020,6,164.23,5.0,980.37,BER3,open,false,157812.0
4421,2011,SKU-0009,3,246.21,5.0,733.62,BER3,open,false,48714.0
4422,2011,SKU-0022,3,71.47,2.5,211.91,BER3,shipped,false,79713.0
4423,2012,SKU-0073,1,197.34,0,197.34,CGN1,open,false,8557.0
4424,2012,SKU-0097,2,353.31,0,706.63,CGN1,open,false,25240.0
4425,2013,SKU-0025,5,282.46,0,1412.29,CGN1,open,false,94275.0
4426,2013,SKU-0077,3,224.97,0,674.92,CGN1,open,false,23400.0
4427,2014,SKU-0107,3,325.33,2.5,973.49,BER3,shipped,false,19920.0
4428,2014,SKU-0030,2,110.94,2.5,219.38,BER3,open,false,39588.0
4429,2015,SKU-0035,1,292.42,2.5,289.92,MUC2,picked,true,5622.0
4430,2015,SKU-0055,1,94.01,0,94.01,MUC2,shipped,false,14540.0
4431,2016,SKU-0049,6,86.87,2.5,518.72,BER3,picked,false,75852.0
4432,2016,SKU-0056,6,69.13,0,414.76,BER3,invoiced,false,119328.0
4433,2017,SKU-0061,2,15.8,2.5,29.1,BER3,picked,false,958.0
4434,2017,SKU-0065,4,291.1,0,1164.38,BER3,open,false,51580.0
4435,2018,SKU-0079,3,272.49,0,817.46,BER3,shipped,false,79422.0
4436,2018,SKU-0091,3,355.09,5.0,1060.27,BER3,open,false,48231.0
4437,2019,SKU-0028,4,180.24,0,720.95,MUC2,picked,false,93056.0
4438,2019,SKU-0077,5,225.93,2.5,1127.16,MUC2,invoiced,false,39000.0
4439,2020,SKU-0064,5,267.48,2.5,1334.88,MUC2,open,false,79340.0
4440,2020,SKU-0110,5,307.82,0,1539.12,MUC2,open,false,100665.0
4441,2021,SKU-0035,1,312.41,0,312.41,HH1,shipped,false,5622.0
4442,2021,SKU-0015,3,255.61,2.5,764.32,HH1,picked,false,53571.0
4443,2022,SKU-0036,6,207.06,0,1242.34,HH1,shipped,false,130734.0
4444,2022,SKU-0001,4,195.07,0,780.27,HH1,shipped,false,98360.0
4445,2023,SKU-0107,5,306.17,0,1530.86,CGN1,shipped,false,33200.0
4446,2023,SKU-0049,4,86.18,0,344.73,CGN1,open,false,50568.0
4447,2024,SKU-0060,6,256.77,2.5,1538.14,MUC2,shipped,false,118566.0
4448,2024,SKU-0031,2,205.74,2.5,408.97,MUC2,picked,false,26764.0
4449,2025,SKU-0064,3,255.66,0,766.98,BER3,picked,false,47604.0
4450,2025,SKU-0034,3,106.2,0,318.61,BER3,shipped,false,23481.0
4451,2026,SKU-0097,6,351.46,0,2108.76,BER3,shipped,false,75720.0
4452,2026,SKU-0063,6,99.57,2.5,594.94,BER3,invoiced,true,74706.0
4453,2027,SKU-0083,3,236.14,0,708.42,MUC2,open,false,68217.0
4454,2027,SKU-0068,1,321.72,0,321.72,MUC2,invoiced,false,6171.0
4455,2028,SKU-0102,6,84.7,0,508.22,BER3,invoiced,false,13242.0
4456,2028,SKU-0087,6,78.04,2.5,465.77,BER3,invoiced,false,130578.0
4457,2029,SKU-0006,2,238.65,2.5,474.79,HH1,shipped,false,30078.0
4458,2029,SKU-0001,1,199.53,0,199.53,HH1,open,false,24590.0
4459,2030,SKU-0022,2,69.87,5.0,134.74,MUC2,shipped,false,53142.0
4460,2030,SKU-0120,3,150.39,0,451.17,MUC2,shipped,false,41994.0
4461,2031,SKU-0003,3,226.38,2.5,676.64,HH1,picked,false,28497.0
4462,2031,SKU-0020,5,153.54,5.0,762.7,HH1,open,false,131510.0
4463,2032,SKU-0061,5,16.71,5.0,78.55,BER3,open,false,2395.0
4464,2032,SKU-0003,5,226.47,5.0,1127.33,BER3,picked,false,47495.0
4465,2033,SKU-0116,1,177.68,0,177.68,HH1,invoiced,false,15296.0
4466,2033,SKU-0051,5,291.93,2.5,1457.14,HH1,invoiced,false,96495.0
4467,2034,SKU-0015,4,267.17,0,1068.69,BER3,shipped,false,71428.0
4468,2034,SKU-0013,3,362.97,0,1088.9,BER3,invoiced,false,51438.0
4469,2035,SKU-0058,5,107.24,0,536.2,CGN1,open,false,108230.0
4470,2035,SKU-0086,1,296.14,0,296.14,CGN1,open,false,1995.0
4471,2036,SKU-0012,3,51.86,0,155.57,CGN1,shipped,false,6294.0
4472,2036,SKU-0066,4,256.9,2.5,1025.09,CGN1,open,false,77376.0
4473,2037,SKU-0118,6,354.6,0,2127.6,BER3,picked,false,142620.0
4474,2037,SKU-0030,6,113.1,2.5,676.12,BER3,shipped,false,118764.0
4475,2038,SKU-0012,4,50.78,0,203.1,HH1,picked,false,8392.0
4476,2038,SKU-0032,2,345.39,0,690.78,HH1,invoiced,false,24464.0
4477,2039,SKU-0079,3,265.64,5.0,791.93,MUC2,picked,false,79422.0
4478,2039,SKU-0075,1,344.54,0,344.54,MUC2,shipped,false,23960.0
4479,2040,SKU-0112,5,109.05,0,545.26,BER3,picked,false,108065.0
4480,2040,SKU-0114,4,334.96,5.0,1334.82,BER3,shipped,false,28520.0
4481,2041,SKU-0033,1,351.3,5.0,346.3,BER3,invoiced,false,2396.0
4482,2041,SKU-0066,2,253.76,0,507.53,BER3,picked,false,38688.0
4483,2042,SKU-0025,2,282.11,2.5,561.72,BER3,shipped,false,37710.0
4484,2042,SKU-0120,1,158.43,0,158.43,BER3,open,false,13998.0
4485,2043,SKU-0100,2,198.19,0,396.38,HH1,invoiced,false,51346.0
4486,2043,SKU-0058,6,103.48,2.5,618.38,HH1,picked,false,129876.0
4487,2044,SKU-0028,3,174.37,2.5,520.62,HH1,invoiced,false,69792.0
4488,2044,SKU-0017,3,276.13,2.5,825.89,HH1,shipped,false,81807.0
4489,2045,SKU-0093,4,119.12,0,476.5,MUC2,invoiced,false,59520.0
4490,2045,SKU-0113,6,222.62,5.0,1330.72,MUC2,open,false,120378.0
4491,2046,SKU-0050,1,126.74,0,126.74,CGN1,picked,false,11933.0
4492,2046,SKU-0034,1,109.45,0,109.45,CGN1,open,false,7827.0
4493,2047,SKU-0078,6,47.54,2.5,282.76,HH1,picked,false,29520.0
4494,2047,SKU-0102,2,82.19,2.5,161.88,HH1,open,false,4414.0
4495,2048,SKU-0068,5,338.22,0,1691.12,CGN1,open,false,30855.0
4496,2048,SKU-0004,4,206.25,0,825.02,CGN1,open,false,31332.0
4497,2049,SKU-0015,4,253.99,2.5,1013.47,CGN1,invoiced,false,71428.0
4498,2049,SKU-0009,1,248.13,2.5,245.63,CGN1,open,false,16238.0
4499,2050,SKU-0028,5,187.03,5.0,930.17,BER3,shipped,false,116320.0
4500,2050,SKU-0069,6,348.98,0,2093.9,BER3,open,false,152844.0
4501,2051,SKU-0084,5,143.42,0,717.11,HH1,shipped,false,21875.0
4502,2051,SKU-0054,3,112.31,0,336.93,HH1,invoiced,false,68367.0
4503,2052,SKU-0029,4,183.39,2.5,731.07,MUC2,picked,false,49376.0
4504,2052,SKU-0006,3,245.31,0,735.92,MUC2,invoiced,false,45117.0
4505,2053,SKU-0120,2,151.45,0,302.9,CGN1,invoiced,false,27996.0
4506,2053,SKU-0108,4,397.02,0,1588.07,CGN1,invoiced,false,78020.0
4507,2054,SKU-0017,6,268.99,5.0,1608.92,CGN1,invoiced,false,163614.0
4508,2054,SKU-0010,3,248.73,2.5,743.7,CGN1,picked,false,50043.0
4509,2055,SKU-0070,2,264.76,0,529.52,CGN1,picked,false,54176.0
4510,2055,SKU-0028,5,181.92,0,909.62,CGN1,open,false,116320.0
4511,2056,SKU-0026,2,107.34,2.5,212.19,MUC2,picked,false,40256.0
4512,2056,SKU-0103,1,257.72,0,257.72,MUC2,open,false,20207.0
4513,2057,SKU-0018,3,411.03,5.0,1228.08,CGN1,invoiced,false,67416.0
4514,2057,SKU-0012,6,53.07,2.5,315.94,CGN1,open,false,12588.0
4515,2058,SKU-0024,4,114.18,2.5,454.22,BER3,shipped,false,52184.0
4516,2058,SKU-0029,6,179.74,0,1078.43,BER3,open,false,74064.0
4517,2059,SKU-0021,6,394.35,0,2366.11,CGN1,invoiced,false,73482.0
4518,2059,SKU-0005,5,284.45,2.5,1419.73,CGN1,shipped,false,92345.0
4519,2060,SKU-0061,2,16.57,0,33.14,MUC2,picked,false,958.0
4520,2060,SKU-0008,3,219.9,0,659.71,MUC2,shipped,false,77838.0
4521,2061,SKU-0078,2,48.76,5.0,92.53,CGN1,shipped,false,9840.0
4522,2061,SKU-0019,1,287.19,5.0,282.19,CGN1,open,false,9823.0
4523,2062,SKU-0004,2,218.0,2.5,433.49,BER3,open,false,15666.0
4524,2062,SKU-0021,3,404.08,0,1212.24,BER3,open,false,36741.0
4525,2063,SKU-0035,3,313.61,0,940.84,BER3,invoiced,false,16866.0
4526,2063,SKU-0079,2,260.07,0,520.14,BER3,invoiced,false,52948.0
4527,2064,SKU-0078,6,46.38,5.0,273.27,BER3,shipped,false,29520.0
4528,2064,SKU-0001,5,199.98,0,999.92,BER3,invoiced,false,122950.0
4529,2065,SKU-0020,4,154.63,0,618.51,HH1,picked,false,105208.0
4530,2065,SKU-0063,3,95.34,0,286.03,HH1,shipped,false,37353.0
4531,2066,SKU-0092,5,11.19,5.0,50.96,BER3,open,false,34255.0
4532,2066,SKU-0004,5,221.29,5.0,1101.43,BER3,shipped,false,39165.0
4533,2067,SKU-0009,3,237.44,0,712.33,MUC2,invoiced,false,48714.0
4534,2067,SKU-0002,6,333.18,0,1999.1,MUC2,open,false,162024.0
4535,2068,SKU-0006,6,245.18,5.0,1466.11,BER3,shipped,false,90234.0
4536,2068,SKU-0081,3,99.06,0,297.19,BER3,picked,false,8466.0
4537,2069,SKU-0042,5,174.8,2.5,871.52,MUC2,picked,false,41370.0
4538,2069,SKU-0085,6,233.16,5.0,1393.95,MUC2,shipped,false,102426.0
4539,2070,SKU-0120,5,162.15,0,810.76,CGN1,invoiced,false,69990.0
4540,2070,SKU-0110,6,293.7,0,1762.22,CGN1,picked,false,120798.0
4541,2071,SKU-0022,1,70.31,0,70.31,MUC2,invoiced,false,26571.0
4542,2071,SKU-0080,5,19.14,2.5,93.19,MUC2,shipped,false,10520.0
4543,2072,SKU-0081,2,101.4,2.5,200.3,MUC2,picked,false,5644.0
4544,2072,SKU-0019,1,286.02,0,286.02,MUC2,picked,false,9823.0
4545,2073,SKU-0019,2,287.24,0,574.49,MUC2,picked,false,19646.0
4546,2073,SKU-0087,3,73.27,2.5,217.3,MUC2,invoiced,false,65289.0
4547,2074,SKU-0082,2,362.7,0,725.41,HH1,invoiced,false,23956.0
4548,2074,SKU-0104,1,88.36,2.5,85.86,HH1,invoiced,false,27038.0
4549,2075,SKU-0088,4,300.72,2.5,1200.39,BER3,shipped,false,68072.0
4550,2075,SKU-0087,5,77.59,0,387.96,BER3,shipped,false,108815.0
4551,2076,SKU-0099,5,257.06,2.5,1282.78,BER3,shipped,false,110545.0
4552,2076,SKU-0031,2,192.35,0,384.71,BER3,invoiced,false,26764.0
4553,2077,SKU-0037,1,283.28,2.5,280.78,HH1,shipped,false,2898.0
4554,2077,SKU-0079,4,258.58,2.5,1031.82,HH1,shipped,false,105896.0
4555,2078,SKU-0010,6,237.87,0,1427.24,CGN1,picked,false,100086.0
4556,2078,SKU-0111,4,72.5,2.5,287.48,CGN1,shipped,false,43852.0
4557,2079,SKU-0086,4,296.31,2.5,1182.74,MUC2,shipped,false,7980.0
4558,2079,SKU-0043,6,130.47,0,782.85,MUC2,shipped,false,45732.0
4559,2080,SKU-0038,2,165.69,2.5,328.88,CGN1,invoiced,false,808.0
4560,2080,SKU-0007,5,101.17,5.0,500.86,CGN1,open,false,135665.0
4561,2081,SKU-0025,2,286.14,0,572.28,CGN1,shipped,false,37710.0
4562,2081,SKU-0028,3,184.1,0,552.29,CGN1,shipped,false,69792.0
4563,2082,SKU-0043,2,130.44,0,260.88,BER3,open,false,15244.0
4564,2082,SKU-0036,1,216.17,0,216.17,BER3,picked,false,21789.0
4565,2083,SKU-0043,1,124.51,2.5,122.01,CGN1,shipped,false,7622.0
4566,2083,SKU-0071,1,27.13,2.5,24.63,CGN1,invoiced,false,439.0
4567,2084,SKU-0107,2,304.44,0,608.87,CGN1,open,false,13280.0
4568,2084,SKU-0115,4,326.02,2.5,1301.59,CGN1,invoiced,false,100220.0
4569,2085,SKU-0031,2,192.51,0,385.01,MUC2,picked,false,26764.0
4570,2085,SKU-0098,6,180.05,0,1080.31,MUC2,shipped,false,6864.0
4571,2086,SKU-0090,3,279.5,0,838.5,MUC2,picked,false,14883.0
4572,2086,SKU-0051,4,293.17,0,1172.69,MUC2,open,false,77196.0
4573,2087,SKU-0040,2,307.61,0,615.23,HH1,shipped,false,42052.0
4574,2087,SKU-0107,4,322.55,0,1290.2,HH1,invoiced,false,26560.0
4575,2088,SKU-0104,6,94.87,0,569.2,HH1,shipped,true,162228.0
4576,2088,SKU-0119,1,97.22,0,97.22,HH1,open,false,26570.0
4577,2089,SKU-0049,3,84.13,2.5,249.9,HH1,open,false,37926.0
4578,2089,SKU-0057,1,421.2,0,421.2,HH1,invoiced,false,14273.0
4579,2090,SKU-0109,4,287.4,5.0,1144.59,HH1,open,false,26768.0
4580,2090,SKU-0010,5,255.25,0,1276.25,HH1,shipped,false,83405.0
4581,2091,SKU-0098,2,182.89,0,365.78,MUC2,open,false,2288.0
4582,2091,SKU-0037,6,281.55,0,1689.32,MUC2,shipped,false,17388.0
4583,2092,SKU-0087,4,75.15,2.5,298.09,BER3,invoiced,false,87052.0
4584,2092,SKU-0046,1,9.1,0,9.1,BER3,open,false,7107.0
4585,2093,SKU-0023,3,124.58,5.0,368.73,HH1,invoiced,false,16236.0
4586,2093,SKU-0058,5,111.3,0,556.51,HH1,invoiced,false,108230.0
4587,2094,SKU-0064,4,259.77,2.5,1036.57,BER3,invoiced,false,63472.0
4588,2094,SKU-0080,2,18.56,0,37.12,BER3,shipped,false,4208.0
4589,2095,SKU-0109,6,272.51,2.5,1632.55,MUC2,picked,true,40152.0
4590,2095,SKU-0029,3,179.42,0,538.26,MUC2,shipped,false,37032.0
4591,2096,SKU-0094,3,270.4,5.0,806.2,MUC2,open,false,63894.0
4592,2096,SKU-0030,5,116.48,0,582.42,MUC2,picked,false,98970.0
4593,2097,SKU-0037,6,288.93,0,1733.59,BER3,picked,false,17388.0
4594,2097,SKU-0112,6,108.2,0,649.18,BER3,picked,false,129678.0
4595,2098,SKU-0002,3,309.89,2.5,927.17,MUC2,picked,false,81012.0
4596,2098,SKU-0041,6,298.71,0,1792.24,MUC2,open,false,93504.0
4597,2099,SKU-0116,1,177.02,0,177.02,CGN1,shipped,true,15296.0
4598,2099,SKU-0023,4,125.02,2.5,497.56,CGN1,picked,false,21648.0
4599,2100,SKU-0108,1,394.35,0,394.35,MUC2,shipped,false,19505.0
4600,2100,SKU-0079,1,258.02,5.0,253.02,MUC2,picked,false,26474.0
4601,2101,SKU-0116,1,173.42,2.5,170.92,BER3,picked,false,15296.0
4602,2101,SKU-0010,1,246.18,0,246.18,BER3,open,false,16681.0
4603,2102,SKU-0104,6,90.48,0,542.91,MUC2,shipped,false,162228.0
4604,2102,SKU-0050,3,132.61,0,397.84,MUC2,invoiced,false,35799.0
4605,2103,SKU-0021,2,382.64,0,765.28,HH1,shipped,false,24494.0
4606,2103,SKU-0008,1,209.14,0,209.14,HH1,picked,false,25946.0
4607,2104,SKU-0005,2,273.09,5.0,541.18,BER3,invoiced,false,36938.0
4608,2104,SKU-0076,2,87.05,2.5,171.59,BER3,picked,false,13716.0
4609,2105,SKU-0064,5,265.19,0,1325.95,HH1,open,false,79340.0
4610,2105,SKU-0066,4,265.86,2.5,1060.94,HH1,picked,true,77376.0
4611,2106,SKU-0035,6,295.76,0,1774.58,HH1,picked,false,33732.0
4612,2106,SKU-0059,1,100.36,0,100.36,HH1,shipped,false,9696.0
4613,2107,SKU-0061,4,16.36,2.5,62.94,HH1,invoiced,false,1916.0
4614,2107,SKU-0106,2,263.01,2.5,523.52,HH1,shipped,false,15350.0
4615,2108,SKU-0004,2,207.56,2.5,412.62,MUC2,shipped,false,15666.0
4616,2108,SKU-0009,1,239.46,0,239.46,MUC2,open,true,16238.0
4617,2109,SKU-0042,5,162.3,5.0,806.52,BER3,picked,false,41370.0
4618,2109,SKU-0062,5,317.15,5.0,1580.77,BER3,picked,false,133590.0
4619,2110,SKU-0009,3,241.68,2.5,722.55,BER3,picked,true,48714.0
4620,2110,SKU-0058,6,102.93,2.5,615.08,BER3,shipped,false,129876.0
4621,2111,SKU-0070,5,253.02,2.5,1262.62,CGN1,invoiced,false,135440.0
4622,2111,SKU-0044,3,125.62,2.5,374.37,CGN1,open,false,60906.0
4623,2112,SKU-0083,2,253.88,0,507.77,CGN1,picked,false,45478.0
4624,2112,SKU-0026,3,109.0,0,327.01,CGN1,shipped,false,60384.0
4625,2113,SKU-0025,1,289.46,0,289.46,HH1,picked,false,18855.0
4626,2113,SKU-0023,4,127.2,0,508.81,HH1,shipped,true,21648.0
4627,2114,SKU-0033,1,350.57,0,350.57,HH1,invoiced,false,2396.0
4628,2114,SKU-0090,4,273.03,0,1092.11,HH1,picked,false,19844.0
4629,2115,SKU-0087,3,78.95,5.0,231.85,HH1,invoiced,false,65289.0
4630,2115,SKU-0112,2,108.8,0,217.59,HH1,invoiced,false,43226.0
4631,2116,SKU-0017,5,279.32,5.0,1391.61,HH1,invoiced,false,136345.0
4632,2116,SKU-0105,5,244.39,0,1221.93,HH1,shipped,false,112225.0
4633,2117,SKU-0097,3,348.58,0,1045.74,CGN1,picked,false,37860.0
4634,2117,SKU-0025,6,287.7,0,1726.21,CGN1,invoiced,false,113130.0
4635,2118,SKU-0071,4,26.94,0,107.75,CGN1,open,true,1756.0
4636,2118,SKU-0040,3,307.89,0,923.68,CGN1,picked,false,63078.0
4637,2119,SKU-0068,4,333.54,5.0,1329.14,MUC2,shipped,false,24684.0
4638,2119,SKU-0062,2,334.51,0,669.02,MUC2,picked,false,53436.0
4639,2120,SKU-0028,6,183.76,2.5,1100.04,MUC2,invoiced,false,139584.0
4640,2120,SKU-0024,2,112.88,0,225.76,MUC2,shipped,false,26092.0
4641,2121,SKU-0004,3,216.73,0,650.18,MUC2,invoiced,false,23499.0
4642,2121,SKU-0065,2,275.73,0,551.46,MUC2,invoiced,false,25790.0
4643,2122,SKU-0119,3,92.49,2.5,274.96,HH1,picked,false,79710.0
4644,2122,SKU-0020,5,163.53,0,817.66,HH1,picked,false,131510.0
4645,2123,SKU-0048,2,147.67,0,295.33,MUC2,invoiced,false,34178.0
4646,2123,SKU-0115,3,327.84,2.5,981.02,MUC2,picked,false,75165.0
4647,2124,SKU-0007,1,98.07,0,98.07,HH1,shipped,false,27133.0
4648,2124,SKU-0075,1,326.92,2.5,324.42,HH1,picked,false,23960.0
4649,2125,SKU-0024,1,111.28,0,111.28,MUC2,picked,false,13046.0
4650,2125,SKU-0077,2,234.28,2.5,466.06,MUC2,shipped,true,15600.0
4651,2126,SKU-0097,1,347.51,0,347.51,HH1,invoiced,false,12620.0
4652,2126,SKU-0003,5,220.73,0,1103.65,HH1,invoiced,false,47495.0
4653,2127,SKU-0055,3,96.35,0,289.04,CGN1,open,false,43620.0
4654,2127,SKU-0009,3,246.54,0,739.63,CGN1,open,false,48714.0
4655,2128,SKU-0033,4,337.1,0,1348.39,HH1,invoiced,false,9584.0
4656,2128,SKU-0001,5,193.69,0,968.43,HH1,picked,false,122950.0
4657,2129,SKU-0072,2,289.88,0,579.75,HH1,shipped,false,1498.0
4658,2129,SKU-0001,6,200.23,0,1201.4,HH1,invoiced,true,147540.0
4659,2130,SKU-0083,3,251.19,0,753.56,BER3,picked,false,68217.0
4660,2130,SKU-0049,4,88.47,5.0,348.87,BER3,invoiced,false,50568.0
4661,2131,SKU-0056,1,63.86,0,63.86,BER3,open,false,19888.0
4662,2131,SKU-0038,6,175.42,0,1052.52,BER3,picked,false,2424.0
4663,2132,SKU-0096,2,264.26,0,528.52,CGN1,picked,false,2202.0
4664,2132,SKU-0090,3,269.48,2.5,805.95,CGN1,shipped,false,14883.0
4665,2133,SKU-0043,4,131.51,0,526.04,MUC2,picked,false,30488.0
4666,2133,SKU-0017,2,266.94,5.0,528.89,MUC2,invoiced,false,54538.0
4667,2134,SKU-0008,5,215.85,0,1079.25,MUC2,shipped,false,129730.0
4668,2134,SKU-0069,2,362.06,0,724.12,MUC2,invoiced,false,50948.0
4669,2135,SKU-0019,2,291.71,0,583.42,BER3,open,false,19646.0
4670,2135,SKU-0051,1,299.36,0,299.36,BER3,open,false,19299.0
4671,2136,SKU-0003,4,224.89,0,899.56,HH1,picked,false,37996.0
4672,2136,SKU-0083,6,244.74,0,1468.42,HH1,shipped,false,136434.0
4673,2137,SKU-0088,2,282.94,5.0,560.87,HH1,picked,false,34036.0
4674,2137,SKU-0038,3,166.02,0,498.06,HH1,shipped,true,1212.0
4675,2138,SKU-0096,6,272.59,5.0,1630.52,HH1,open,false,6606.0
4676,2138,SKU-0009,5,252.92,0,1264.61,HH1,shipped,false,81190.0
4677,2139,SKU-0109,5,269.8,0,1349.0,HH1,shipped,false,33460.0
4678,2139,SKU-0103,6,252.55,0,1515.32,HH1,invoiced,false,121242.0
4679,2140,SKU-0021,5,393.21,5.0,1961.06,CGN1,open,false,61235.0
4680,2140,SKU-0043,5,131.69,0,658.47,CGN1,open,true,38110.0
4681,2141,SKU-0013,3,378.72,0,1136.16,MUC2,shipped,false,51438.0
4682,2141,SKU-0024,5,107.2,5.0,530.99,MUC2,open,false,65230.0
4683,2142,SKU-0065,3,278.57,0,835.72,MUC2,invoiced,false,38685.0
4684,2142,SKU-0110,1,304.7,5.0,299.7,MUC2,picked,false,20133.0
4685,2143,SKU-0105,2,241.85,2.5,481.21,HH1,open,false,44890.0
4686,2143,SKU-0036,2,212.86,0,425.72,HH1,open,false,43578.0
4687,2144,SKU-0034,6,106.63,0,639.78,BER3,shipped,false,46962.0
4688,2144,SKU-0022,2,68.64,0,137.28,BER3,invoiced,false,53142.0
4689,2145,SKU-0050,4,123.78,2.5,492.62,BER3,invoiced,false,47732.0
4690,2145,SKU-0017,4,268.01,0,1072.02,BER3,invoiced,false,109076.0
4691,2146,SKU-0030,2,109.98,5.0,214.95,HH1,invoiced,false,39588.0
4692,2146,SKU-0046,6,9.09,0,54.52,HH1,shipped,false,42642.0
4693,2147,SKU-0068,1,334.19,0,334.19,BER3,picked,false,6171.0
4694,2147,SKU-0064,3,253.97,0,761.91,BER3,shipped,false,47604.0
4695,2148,SKU-0016,1,182.77,0,182.77,MUC2,open,false,12063.0
4696,2148,SKU-0059,2,100.82,2.5,199.14,MUC2,picked,false,19392.0
4697,2149,SKU-0088,2,285.67,0,571.33,CGN1,shipped,true,34036.0
4698,2149,SKU-0027,5,277.93,0,1389.66,CGN1,open,false,7270.0
4699,2150,SKU-0109,2,277.15,0,554.3,MUC2,open,false,13384.0
4700,2150,SKU-0088,2,289.26,0,578.52,MUC2,invoiced,false,34036.0
4701,2151,SKU-0091,2,362.5,0,725.0,HH1,picked,false,32154.0
4702,2151,SKU-0028,1,185.26,5.0,180.26,HH1,picked,false,23264.0
4703,2152,SKU-0060,4,263.19,5.0,1047.75,MUC2,open,false,79044.0
4704,2152,SKU-0029,6,184.78,0,1108.69,MUC2,open,false,74064.0
4705,2153,SKU-0044,4,132.53,0,530.11,MUC2,open,false,81208.0
4706,2153,SKU-0116,1,180.02,2.5,177.52,MUC2,open,false,15296.0
4707,2154,SKU-0103,2,264.8,0,529.61,MUC2,invoiced,false,40414.0
4708,2154,SKU-0004,5,218.55,0,1092.74,MUC2,picked,false,39165.0
4709,2155,SKU-0008,2,210.78,0,421.57,CGN1,open,false,51892.0
4710,2155,SKU-0101,6,376.96,0,2261.77,CGN1,picked,false,108636.0
4711,2156,SKU-0082,6,360.6,0,2163.57,HH1,shipped,false,71868.0
4712,2156,SKU-0025,5,296.66,0,1483.28,HH1,picked,false,94275.0
4713,2157,SKU-0061,2,15.84,0,31.69,CGN1,invoiced,false,958.0
4714,2157,SKU-0066,4,272.44,0,1089.74,CGN1,invoiced,false,77376.0
4715,2158,SKU-0078,3,48.84,2.5,144.02,BER3,invoiced,false,14760.0
4716,2158,SKU-0043,5,130.35,2.5,649.27,BER3,shipped,false,38110.0
4717,2159,SKU-0076,1,86.82,0,86.82,HH1,picked,false,6858.0
4718,2159,SKU-0068,6,328.56,0,1971.35,HH1,shipped,false,37026.0
4719,2160,SKU-0041,1,285.29,0,285.29,HH1,shipped,false,15584.0
4720,2160,SKU-0108,4,382.43,0,1529.73,HH1,shipped,true,78020.0
4721,2161,SKU-0068,6,332.82,0,1996.91,MUC2,picked,false,37026.0
4722,2161,SKU-0033,3,345.67,0,1037.01,MUC2,open,false,7188.0
4723,2162,SKU-0019,1,286.01,0,286.01,BER3,shipped,false,9823.0
4724,2162,SKU-0004,4,209.36,0,837.46,BER3,open,false,31332.0
4725,2163,SKU-0092,6,11.41,0,68.47,HH1,shipped,false,41106.0
4726,2163,SKU-0116,2,176.83,0,353.65,HH1,shipped,false,30592.0
4727,2164,SKU-0027,5,262.6,2.5,1310.49,BER3,invoiced,false,7270.0
4728,2164,SKU-0057,3,439.8,0,1319.4,BER3,shipped,false,42819.0
4729,2165,SKU-0032,3,331.47,0,994.42,HH1,invoiced,true,36696.0
4730,2165,SKU-0074,5,201.6,5.0,1003.01,HH1,invoiced,false,123985.0
4731,2166,SKU-0104,6,89.18,0,535.07,CGN1,open,false,162228.0
4732,2166,SKU-0043,2,128.65,0,257.3,CGN1,shipped,false,15244.0
4733,2167,SKU-0075,5,343.23,0,1716.16,CGN1,open,false,119800.0
4734,2167,SKU-0088,4,305.4,2.5,1219.09,CGN1,open,false,68072.0
4735,2168,SKU-0072,2,289.03,0,578.05,HH1,picked,false,1498.0
4736,2168,SKU-0006,5,241.58,5.0,1202.89,HH1,invoiced,false,75195.0
4737,2169,SKU-0052,6,192.3,2.5,1151.31,BER3,shipped,false,15618.0
4738,2169,SKU-0051,4,296.75,2.5,1184.49,BER3,shipped,false,77196.0
4739,2170,SKU-0025,3,290.54,2.5,869.12,CGN1,picked,false,56565.0
4740,2170,SKU-0067,5,322.06,0,1610.28,CGN1,invoiced,false,3315.0
4741,2171,SKU-0108,3,389.82,0,1169.45,BER3,invoiced,false,58515.0
4742,2171,SKU-0098,5,180.85,0,904.27,BER3,open,false,5720.0
4743,2172,SKU-0104,3,94.56,0,283.68,CGN1,shipped,false,81114.0
4744,2172,SKU-0045,6,98.44,0,590.64,CGN1,invoiced,false,93096.0
4745,2173,SKU-0015,3,251.66,0,754.99,CGN1,shipped,false,53571.0
4746,2173,SKU-0041,1,280.22,2.5,277.72,CGN1,open,false,15584.0
4747,2174,SKU-0002,3,329.98,5.0,984.93,HH1,invoiced,false,81012.0
4748,2174,SKU-0095,2,264.27,0,528.54,HH1,invoiced,false,8538.0
4749,2175,SKU-0043,5,127.77,0,638.85,HH1,picked,false,38110.0
4750,2175,SKU-0115,5,340.21,5.0,1696.07,HH1,open,false,125275.0
4751,2176,SKU-0003,4,223.64,0,894.57,HH1,open,false,37996.0
4752,2176,SKU-0010,6,241.06,5.0,1441.35,HH1,invoiced,false,100086.0
4753,2177,SKU-0071,1,27.71,2.5,25.21,MUC2,open,true,439.0
4754,2177,SKU-0040,2,305.43,5.0,605.86,MUC2,picked,false,42052.0
4755,2178,SKU-0055,1,88.83,2.5,86.33,MUC2,invoiced,true,14540.0
4756,2178,SKU-0105,6,248.5,0,1491.02,MUC2,shipped,false,134670.0
4757,2179,SKU-0001,1,198.67,2.5,196.17,BER3,picked,false,24590.0
4758,2179,SKU-0016,3,184.43,0,553.3,BER3,open,false,36189.0
4759,2180,SKU-0068,2,341.16,5.0,677.32,BER3,shipped,false,12342.0
4760,2180,SKU-0092,1,11.43,0,11.43,BER3,invoiced,false,6851.0
4761,2181,SKU-0007,4,105.14,0,420.57,MUC2,picked,false,108532.0
4762,2181,SKU-0030,2,118.8,2.5,235.1,MUC2,invoiced,false,39588.0
4763,2182,SKU-0047,4,25.96,5.0,98.85,BER3,shipped,false,13444.0
4764,2182,SKU-0065,3,282.62,2.5,845.37,BER3,picked,false,38685.0
4765,2183,SKU-0117,2,106.89,0,213.79,CGN1,shipped,false,40728.0
4766,2183,SKU-0044,3,133.54,0,400.61,CGN1,picked,true,60906.0
4767,2184,SKU-0048,3,150.0,0,450.0,BER3,picked,true,51267.0
4768,2184,SKU-0064,3,258.77,0,776.32,BER3,invoiced,false,47604.0
4769,2185,SKU-0080,3,19.0,2.5,54.49,HH1,invoiced,false,6312.0
4770,2185,SKU-0055,6,95.62,0,573.72,HH1,open,false,87240.0
4771,2186,SKU-0075,1,342.49,0,342.49,CGN1,picked,false,23960.0
4772,2186,SKU-0021,6,385.64,0,2313.83,CGN1,invoiced,false,73482.0
4773,2187,SKU-0045,4,100.23,0,400.92,BER3,shipped,false,62064.0
4774,2187,SKU-0024,4,109.32,0,437.26,BER3,invoiced,false,52184.0
4775,2188,SKU-0023,6,126.72,5.0,755.32,CGN1,invoiced,false,32472.0
4776,2188,SKU-0031,6,192.49,5.0,1149.91,CGN1,invoiced,false,80292.0
4777,2189,SKU-0117,3,102.09,2.5,303.78,BER3,shipped,false,61092.0
4778,2189,SKU-0096,6,260.48,0,1562.87,BER3,open,false,6606.0
4779,2190,SKU-0030,5,112.69,0,563.45,BER3,picked,false,98970.0
4780,2190,SKU-0001,5,189.48,0,947.41,BER3,open,false,122950.0
4781,2191,SKU-0019,6,278.65,0,1671.88,HH1,open,false,58938.0
4782,2191,SKU-0009,5,249.56,0,1247.82,HH1,shipped,true,81190.0
4783,2192,SKU-0032,4,349.66,2.5,1396.15,MUC2,invoiced,false,48928.0
4784,2192,SKU-0029,5,191.32,2.5,954.08,MUC2,picked,false,61720.0
4785,2193,SKU-0062,2,319.75,0,639.51,BER3,shipped,false,53436.0
4786,2193,SKU-0051,5,299.26,0,1496.32,BER3,picked,false,96495.0
4787,2194,SKU-0022,5,68.48,0,342.4,BER3,invoiced,false,132855.0
4788,2194,SKU-0106,4,265.41,5.0,1056.64,BER3,picked,true,30700.0
4789,2195,SKU-0065,1,276.48,0,276.48,MUC2,picked,false,12895.0
4790,2195,SKU-0036,1,206.34,0,206.34,MUC2,open,false,21789.0
4791,2196,SKU-0115,4,341.22,5.0,1359.89,MUC2,picked,false,100220.0
4792,2196,SKU-0036,2,208.59,0,417.18,MUC2,open,false,43578.0
4793,2197,SKU-0044,1,127.97,0,127.97,BER3,invoiced,false,20302.0
4794,2197,SKU-0108,2,388.09,0,776.18,BER3,picked,false,39010.0
4795,2198,SKU-0120,6,159.64,0,957.83,BER3,shipped,false,83988.0
4796,2198,SKU-0043,5,124.37,5.0,616.85,BER3,picked,false,38110.0
4797,2199,SKU-0010,4,237.39,2.5,947.08,CGN1,open,false,66724.0
4798,2199,SKU-0075,1,321.07,5.0,316.07,CGN1,invoiced,false,23960.0
4799,2200,SKU-0009,1,242.21,0,242.21,MUC2,open,false,16238.0
4800,2200,SKU-0024,3,112.73,0,338.18,MUC2,open,false,39138.0
