order_id,customer_nr,order_date,promised_date,shipped_date,status,channel,priority,currency,payment_method,warehouse,billing_city,shipping_city,net_amount,discount_amount,shipping_cost,packing_cost,sales_rep_id,po_number,notes
1,122,2024-08-06,2024-08-18,2024-08-17,delivered,partner,normal,EUR,prepay,MUC2,Hamburg,Hamburg,1509.75,40,7.9,0,11,PO-2025-00001,
2,93,2025-12-14,2025-12-17,2025-12-14,delivered,phone,normal,CHF,invoice,HH1,Stuttgart,Stuttgart,1868.76,0,0,0,8,,call before delivery
3,277,2025-12-09,2025-12-14,2025-12-13,shipped,edi,normal,USD,card,BER3,Stuttgart,Stuttgart,1606.01,15,12.9,2.9,12,PO-2024-00003,call before delivery
4,3,2025-07-25,2025-08-03,2025-08-02,shipped,partner,normal,EUR,invoice,MUC2,Berlin,Berlin,1269.16,0,7.9,0,4,,leave at gate
5,86,2025-11-17,2025-11-25,2025-11-23,delivered,partner,rush,EUR,invoice,HH1,Stuttgart,München,2794.56,25,7.9,0,7,PO-2026-00005,
6,64,2024-03-13,2024-03-26,2024-03-24,delivered,phone,normal,EUR,card,HH1,Köln,Köln,1871.38,25,12.9,0,8,PO-2024-00006,
7,126,2024-03-16,2024-03-27,2024-03-24,delivered,phone,rush,EUR,card,BER3,Leipzig,Leipzig,1630.69,40,4.9,0,1,,call before delivery
8,70,2024-02-02,2024-02-11,2024-02-08,delivered,phone,high,EUR,sepa,MUC2,Berlin,Berlin,1527.15,0,0,2.9,6,,
9,322,2026-05-25,2026-06-03,2026-06-01,shipped,web,rush,EUR,card,CGN1,Berlin,Berlin,2815.89,80,4.9,2.9,3,PO-2024-00009,
10,3,2025-03-03,2025-03-13,,cancelled,store,rush,EUR,paypal,BER3,Berlin,Berlin,1348.71,80,0,2.9,4,,
11,239,2024-08-11,2024-08-23,2024-08-21,shipped,phone,rush,USD,prepay,HH1,Hamburg,Berlin,3032.93,0,0,2.9,3,,leave at gate
12,218,2025-10-03,2025-10-13,2025-10-13,delivered,partner,rush,EUR,prepay,MUC2,Stuttgart,Stuttgart,1961.75,0,12.9,1.5,2,,call before delivery
13,31,2025-06-11,2025-06-18,,cancelled,store,normal,EUR,sepa,MUC2,München,München,2338.22,0,0,2.9,3,,
14,196,2024-09-01,2024-09-08,2024-09-06,delivered,edi,rush,EUR,invoice,HH1,Stuttgart,Stuttgart,1785.59,0,4.9,1.5,10,PO-2026-00014,
15,308,2025-11-25,2025-11-30,2025-11-27,delivered,web,normal,CHF,card,CGN1,Berlin,Hamburg,1045.48,80,7.9,0,2,PO-2024-00015,call before delivery
16,80,2025-05-23,2025-06-04,2025-06-03,shipped,store,high,CHF,paypal,HH1,Frankfurt,Frankfurt,3639.75,0,7.9,2.9,8,PO-2025-00016,
17,302,2025-10-22,2025-10-31,2025-10-29,delivered,edi,normal,EUR,card,CGN1,Berlin,Berlin,1582.27,25,12.9,2.9,6,PO-2026-00017,call before delivery
18,26,2024-05-31,2024-06-04,2024-06-03,delivered,phone,normal,EUR,invoice,HH1,München,Stuttgart,995.15,0,4.9,1.5,3,PO-2024-00018,call before delivery
19,118,2025-07-29,2025-08-07,2025-08-06,delivered,edi,high,EUR,invoice,BER3,Hamburg,Frankfurt,1284.95,25,4.9,1.5,10,PO-2025-00019,leave at gate
20,84,2024-01-05,2024-01-11,,cancelled,edi,normal,USD,paypal,CGN1,Stuttgart,Stuttgart,1812.56,25,7.9,2.9,3,,
21,321,2024-04-29,2024-05-02,2024-04-30,delivered,web,normal,USD,prepay,MUC2,Frankfurt,Frankfurt,2695.69,0,12.9,1.5,3,,
22,296,2024-08-16,2024-08-23,2024-08-23,delivered,partner,rush,EUR,paypal,CGN1,Stuttgart,Stuttgart,1053.13,40,4.9,2.9,12,PO-2025-00022,call before delivery
23,260,2026-06-14,2026-06-20,2026-06-19,delivered,store,rush,EUR,prepay,HH1,München,München,2990.96,80,12.9,2.9,12,PO-2026-00023,call before delivery
24,,2025-01-22,2025-02-01,2025-01-29,delivered,edi,normal,EUR,card,BER3,München,München,2565.2,15,12.9,0,9,PO-2024-00024,call before delivery
25,177,2025-05-20,2025-05-26,2025-05-24,delivered,store,normal,EUR,paypal,MUC2,Frankfurt,Frankfurt,3241.17,0,0,0,11,,
26,159,2024-09-09,2024-09-15,,cancelled,store,normal,EUR,prepay,HH1,Leipzig,Leipzig,1393.03,25,12.9,2.9,12,PO-2026-00026,
27,270,2026-06-18,2026-06-26,2026-06-24,delivered,web,high,EUR,prepay,HH1,Köln,Köln,1087.8,0,7.9,1.5,3,,
28,92,2025-07-10,2025-07-13,2025-07-11,delivered,phone,normal,EUR,prepay,CGN1,Berlin,Berlin,1734.03,15,7.9,1.5,3,PO-2025-00028,call before delivery
29,88,2024-04-14,2024-04-23,2024-04-23,shipped,web,normal,EUR,paypal,CGN1,Hamburg,Hamburg,1892.63,0,0,2.9,12,PO-2026-00029,leave at gate
30,350,2025-06-19,2025-06-24,2025-06-23,delivered,phone,normal,EUR,card,MUC2,Frankfurt,Frankfurt,2004.44,15,0,0,1,PO-2024-00030,
31,258,2025-01-22,2025-01-25,2025-01-23,delivered,web,normal,EUR,invoice,HH1,Köln,Köln,1592.16,0,0,2.9,7,,
32,999999,2024-07-08,2024-07-15,2024-07-14,delivered,edi,normal,USD,prepay,HH1,Frankfurt,Frankfurt,2232.73,0,7.9,1.5,6,,
33,107,2024-10-15,2024-10-25,2024-10-22,shipped,partner,normal,CHF,invoice,MUC2,Leipzig,Leipzig,4470.17,0,0,0,5,,leave at gate
34,130,2025-02-21,2025-03-03,2025-03-02,shipped,store,high,EUR,prepay,HH1,Hamburg,Hamburg,1541.61,0,12.9,0,8,PO-2025-00034,leave at gate
35,183,2025-12-04,2025-12-09,,cancelled,web,rush,EUR,card,HH1,München,Berlin,3016.65,40,7.9,2.9,5,,leave at gate
36,46,2024-05-02,2024-05-09,2024-05-08,shipped,partner,normal,USD,paypal,HH1,Berlin,Berlin,1630.23,0,4.9,0,6,PO-2024-00036,leave at gate
37,339,2025-08-30,2025-09-11,2025-09-08,shipped,store,high,EUR,paypal,HH1,Frankfurt,Frankfurt,1348.74,40,7.9,2.9,5,PO-2025-00037,
38,73,2024-01-31,2024-02-04,2024-02-01,shipped,edi,high,EUR,sepa,HH1,Stuttgart,Stuttgart,1767.12,0,12.9,0,4,,leave at gate
39,116,2024-10-27,2024-11-10,2024-11-10,delivered,store,normal,CHF,paypal,CGN1,Stuttgart,Berlin,1908.25,15,7.9,0,2,PO-2024-00039,
40,177,2026-06-24,2026-07-03,2026-07-03,delivered,edi,rush,USD,prepay,BER3,Frankfurt,Frankfurt,2469.82,0,7.9,2.9,11,,
41,288,2025-08-28,2025-08-30,,cancelled,web,normal,EUR,sepa,CGN1,Stuttgart,Stuttgart,2884.98,25,7.9,1.5,7,,call before delivery
42,250,2024-12-19,2024-12-24,,cancelled,partner,normal,EUR,sepa,HH1,Berlin,Berlin,3472.28,0,4.9,0,5,PO-2024-00042,call before delivery
43,345,2024-08-04,2024-08-15,2024-08-15,delivered,partner,rush,USD,paypal,CGN1,Leipzig,Leipzig,709.94,15,0,2.9,8,,
44,118,2024-12-10,2024-12-17,2024-12-14,delivered,phone,rush,EUR,prepay,MUC2,Hamburg,Hamburg,5495.74,25,4.9,1.5,10,PO-2026-00044,leave at gate
45,50,2026-01-04,2026-01-15,2026-01-12,delivered,store,normal,EUR,invoice,CGN1,München,München,1147.15,25,7.9,0,5,PO-2024-00045,call before delivery
46,236,2024-09-14,2024-09-25,2024-09-22,delivered,phone,rush,EUR,prepay,BER3,Frankfurt,Leipzig,3261.59,0,0,0,2,,
47,80,2024-09-03,2024-09-10,2024-09-10,shipped,phone,rush,EUR,sepa,MUC2,Frankfurt,Frankfurt,1644.23,15,12.9,2.9,8,,leave at gate
48,81,2024-07-15,2024-07-25,,open,store,rush,EUR,card,MUC2,Köln,Köln,2424.51,15,12.9,2.9,9,PO-2024-00048,call before delivery
49,98,2025-10-21,2025-10-24,2025-10-22,delivered,edi,high,EUR,paypal,CGN1,Leipzig,Leipzig,1930.85,80,0,0,12,,leave at gate
50,76,2024-08-29,2024-09-01,2024-08-31,shipped,edi,normal,EUR,sepa,BER3,Köln,Köln,21090.45,0,7.9,2.9,10,,leave at gate
51,58,2024-06-28,2024-07-07,2024-07-05,shipped,web,high,USD,paypal,BER3,Frankfurt,Frankfurt,1485.37,40,7.9,0,1,,
52,217,2026-04-21,2026-04-27,2026-04-24,delivered,partner,high,EUR,prepay,MUC2,München,Berlin,1398.63,0,0,0,1,PO-2025-00052,leave at gate
53,146,2024-11-04,2024-11-08,2024-11-05,shipped,partner,rush,EUR,sepa,HH1,Hamburg,Hamburg,4065.91,0,7.9,0,12,,leave at gate
54,194,2026-01-04,2026-01-14,2026-01-14,delivered,partner,rush,USD,prepay,CGN1,Berlin,Berlin,995.85,0,4.9,1.5,12,PO-2024-00054,
55,102,2025-10-07,2025-10-19,2025-10-17,delivered,partner,normal,EUR,card,MUC2,Berlin,Berlin,2011.67,0,12.9,0,9,,
56,241,2026-03-22,2026-04-03,2026-04-01,delivered,partner,normal,EUR,paypal,CGN1,Berlin,Berlin,2194.05,0,7.9,0,7,,
57,29,2024-10-12,2024-10-18,2024-10-17,delivered,web,rush,USD,paypal,CGN1,Stuttgart,Stuttgart,1797.13,0,12.9,0,3,,
58,65,2024-01-15,2024-01-20,2024-01-19,delivered,phone,high,EUR,paypal,BER3,München,München,922.87,80,12.9,0,12,,
59,166,2026-01-14,2026-01-20,2026-01-18,delivered,phone,rush,EUR,sepa,BER3,Frankfurt,Frankfurt,3543.05,40,4.9,0,9,PO-2026-00059,call before delivery
60,234,2025-12-04,2025-12-07,2025-12-07,shipped,web,high,EUR,paypal,CGN1,Berlin,Leipzig,693.86,40,7.9,0,1,,
61,265,2024-11-13,2024-11-24,2024-11-23,delivered,partner,normal,USD,paypal,CGN1,Berlin,München,1586.37,25,4.9,0,7,PO-2025-00061,leave at gate
62,64,2024-11-16,2024-11-22,,open,partner,high,USD,sepa,BER3,Köln,Köln,689.75,15,7.9,2.9,8,,leave at gate
63,82,2025-07-23,2025-07-27,2025-07-27,delivered,phone,normal,EUR,paypal,CGN1,Berlin,Berlin,1422.37,80,0,0,5,PO-2024-00063,
64,288,2024-02-11,2024-02-14,2024-02-13,delivered,web,high,EUR,card,CGN1,Stuttgart,Stuttgart,1416.84,80,12.9,2.9,7,PO-2025-00064,call before delivery
65,341,2024-08-05,2024-08-10,2024-08-07,delivered,web,high,EUR,sepa,HH1,München,München,1521.12,0,12.9,0,9,,
66,83,2024-01-30,2024-02-10,2024-02-10,shipped,partner,normal,USD,paypal,CGN1,München,Leipzig,3743.12,80,12.9,1.5,11,,
67,26,2026-03-31,2026-04-03,2026-03-31,delivered,partner,normal,EUR,paypal,HH1,München,München,1221.63,0,0,2.9,3,PO-2025-00067,leave at gate
68,167,2025-10-24,2025-11-07,2025-11-04,delivered,partner,normal,EUR,invoice,CGN1,Leipzig,Leipzig,3611.32,0,7.9,2.9,11,PO-2026-00068,leave at gate
69,328,2025-09-06,2025-09-18,2025-09-15,delivered,web,normal,USD,sepa,BER3,Stuttgart,Stuttgart,2449.03,25,4.9,2.9,5,,
70,305,2025-10-06,2025-10-20,2025-10-17,delivered,partner,normal,EUR,sepa,MUC2,Frankfurt,Frankfurt,1027.14,80,12.9,0,12,PO-2025-00070,
71,25,2025-06-09,2025-06-16,2025-06-14,shipped,edi,normal,USD,invoice,HH1,Berlin,Berlin,1720.5,0,12.9,1.5,12,PO-2026-00071,
72,25,2024-03-26,2024-04-06,2024-04-04,delivered,partner,normal,EUR,card,HH1,Berlin,Berlin,345.74,25,12.9,2.9,12,,
73,,2024-01-06,2024-01-18,2024-01-15,delivered,partner,high,CHF,sepa,HH1,Berlin,Berlin,3423.57,80,12.9,2.9,6,PO-2025-00073,
74,105,2026-05-29,2026-06-10,,open,edi,normal,EUR,sepa,BER3,Berlin,Berlin,1131.59,0,4.9,2.9,11,PO-2026-00074,
75,83,2026-01-26,2026-02-06,2026-02-05,delivered,phone,high,USD,paypal,HH1,München,München,3473.23,80,0,2.9,11,PO-2024-00075,leave at gate
76,288,2026-01-24,2026-02-01,2026-01-29,delivered,edi,rush,EUR,invoice,HH1,Stuttgart,Stuttgart,796.08,15,0,2.9,7,PO-2025-00076,
77,244,2026-06-29,2026-07-01,2026-06-30,delivered,partner,normal,CHF,sepa,BER3,Stuttgart,Stuttgart,2777.87,25,12.9,2.9,6,PO-2026-00077,call before delivery
78,273,2024-05-14,2024-05-28,2024-05-25,delivered,phone,normal,EUR,invoice,BER3,München,München,1063.41,40,12.9,1.5,12,PO-2024-00078,leave at gate
79,243,2025-05-20,2025-05-26,2025-05-24,delivered,phone,normal,USD,invoice,HH1,Stuttgart,Stuttgart,471.07,0,0,1.5,7,PO-2025-00079,
80,128,2025-05-13,2025-05-17,2025-05-17,shipped,web,rush,CHF,invoice,HH1,Köln,Köln,2340.75,25,0,1.5,7,,
81,22,2025-06-03,2025-06-16,2025-06-14,shipped,store,rush,EUR,card,CGN1,Köln,Köln,1636.48,0,7.9,0,4,PO-2024-00081,
82,243,2026-02-26,2026-03-08,2026-03-07,delivered,web,high,EUR,paypal,CGN1,Stuttgart,Stuttgart,1524.57,80,7.9,1.5,7,PO-2025-00082,leave at gate
83,75,2026-04-01,2026-04-10,2026-04-09,delivered,web,normal,EUR,sepa,CGN1,Köln,Köln,1477.18,80,7.9,0,4,,leave at gate
84,51,2024-12-04,2024-12-12,2024-12-10,delivered,partner,high,EUR,sepa,MUC2,Hamburg,Hamburg,5314.67,0,7.9,2.9,11,PO-2024-00084,
85,257,2025-12-15,2025-12-18,2025-12-18,delivered,edi,high,CHF,card,CGN1,Frankfurt,Frankfurt,1220.09,40,4.9,1.5,9,PO-2025-00085,call before delivery
86,86,2024-01-24,2024-02-06,,open,store,normal,EUR,sepa,CGN1,Stuttgart,Stuttgart,839.92,15,4.9,1.5,7,PO-2026-00086,
87,68,2025-04-04,2025-04-18,2025-04-17,shipped,partner,high,EUR,prepay,MUC2,Stuttgart,Stuttgart,2969.19,80,7.9,0,8,PO-2024-00087,
88,300,2025-08-19,2025-09-01,2025-08-29,shipped,store,normal,EUR,invoice,BER3,Berlin,Berlin,2030.28,80,0,0,3,PO-2025-00088,
89,305,2025-02-16,2025-02-28,2025-02-25,delivered,store,rush,CHF,card,MUC2,Frankfurt,Frankfurt,593.2,40,7.9,2.9,12,PO-2026-00089,leave at gate
90,298,2026-06-02,2026-06-15,2026-06-14,delivered,edi,high,EUR,prepay,BER3,Hamburg,Hamburg,1685.47,80,12.9,0,3,PO-2024-00090,call before delivery
91,112,2024-03-01,2024-03-03,2024-03-02,delivered,phone,rush,EUR,sepa,CGN1,Leipzig,Leipzig,2964.43,15,7.9,2.9,3,,leave at gate
92,313,2024-06-27,2024-07-04,,open,store,rush,USD,card,MUC2,Hamburg,Hamburg,2760.01,80,7.9,2.9,1,PO-2026-00092,leave at gate
93,81,2026-06-06,2026-06-14,2026-06-12,delivered,edi,normal,CHF,sepa,HH1,Köln,Leipzig,3565.82,40,12.9,0,9,PO-2024-00093,call before delivery
94,68,2025-10-21,2025-10-31,2025-10-31,delivered,web,normal,EUR,sepa,MUC2,Stuttgart,Stuttgart,2398.22,0,4.9,2.9,8,,leave at gate
95,309,2025-09-13,2025-09-21,2025-09-20,delivered,store,normal,USD,sepa,BER3,München,München,2711.07,80,0,1.5,9,PO-2026-00095,
96,168,2024-05-27,2024-06-08,2024-06-07,shipped,web,high,EUR,invoice,HH1,Frankfurt,Frankfurt,1729.61,0,7.9,2.9,3,PO-2024-00096,
97,189,2024-09-21,2024-09-26,2024-09-25,delivered,store,rush,EUR,sepa,HH1,Leipzig,Leipzig,3278.59,0,0,0,12,,
98,239,2025-10-10,2025-10-24,2025-10-23,shipped,partner,rush,CHF,invoice,MUC2,Hamburg,Hamburg,465.73,15,0,0,3,PO-2026-00098,
99,311,2025-03-09,2025-03-20,,cancelled,partner,normal,EUR,invoice,BER3,München,München,2436.59,0,0,2.9,8,PO-2024-00099,leave at gate
100,121,2025-08-22,2025-08-25,2025-08-22,delivered,web,normal,USD,sepa,BER3,Köln,Köln,2048.72,0,0,1.5,11,PO-2025-00100,call before delivery
101,203,2025-10-12,2025-10-24,2025-10-22,shipped,partner,normal,CHF,prepay,CGN1,Berlin,Berlin,2304.41,80,7.9,0,1,,
102,3,2026-07-12,2026-07-26,,open,web,normal,CHF,invoice,CGN1,Berlin,Berlin,1758.77,80,12.9,0,4,,call before delivery
103,5,2024-05-07,2024-05-20,2024-05-20,delivered,partner,high,EUR,invoice,CGN1,Frankfurt,Frankfurt,1692.52,80,0,0,3,PO-2025-00103,leave at gate
104,19,2024-10-14,2024-10-26,2024-10-23,delivered,web,high,USD,prepay,BER3,Hamburg,Hamburg,2473.6,0,0,0,11,PO-2026-00104,
105,110,2025-01-16,2025-01-28,,open,web,high,USD,paypal,HH1,München,Leipzig,1193.9,0,7.9,0,8,,
106,189,2025-03-18,2025-03-25,2025-03-25,delivered,phone,normal,EUR,paypal,BER3,Leipzig,Leipzig,528.77,0,12.9,2.9,12,PO-2025-00106,call before delivery
107,333,2026-04-07,2026-04-12,,open,phone,high,EUR,invoice,HH1,Frankfurt,Frankfurt,1652.82,40,0,0,2,PO-2026-00107,
108,196,2026-05-10,2026-05-17,2026-05-16,shipped,web,rush,EUR,paypal,HH1,Stuttgart,Stuttgart,3096.67,0,7.9,0,10,PO-2024-00108,
109,36,2026-03-12,2026-03-23,2026-03-20,shipped,web,normal,EUR,prepay,HH1,Berlin,Berlin,2085.8,80,0,1.5,1,PO-2025-00109,
110,241,2024-08-26,2024-09-04,2024-09-01,delivered,edi,normal,EUR,invoice,BER3,Berlin,Berlin,634.79,0,12.9,2.9,10,PO-2026-00110,
111,89,2024-10-30,2024-11-07,2024-11-04,delivered,edi,rush,EUR,card,MUC2,München,München,1498.28,0,7.9,1.5,7,PO-2024-00111,call before delivery
112,298,2025-10-29,2025-11-04,2025-11-02,delivered,partner,high,EUR,prepay,MUC2,Hamburg,Hamburg,2880.53,0,4.9,2.9,3,PO-2025-00112,
113,109,2024-07-24,2024-08-05,2024-08-02,delivered,store,high,USD,prepay,CGN1,Stuttgart,Stuttgart,2760.98,0,7.9,0,5,PO-2026-00113,
114,,2025-05-22,2025-06-02,2025-06-01,shipped,phone,rush,EUR,paypal,MUC2,Köln,Köln,575.49,0,4.9,2.9,4,,
115,40,2025-01-01,2025-01-13,,open,edi,high,EUR,invoice,MUC2,München,München,1342.36,15,12.9,0,1,PO-2025-00115,call before delivery
116,200,2026-05-17,2026-05-20,2026-05-20,delivered,phone,rush,EUR,sepa,MUC2,Stuttgart,Stuttgart,1626.37,0,4.9,1.5,12,PO-2026-00116,call before delivery
117,305,2026-03-29,2026-04-02,,cancelled,phone,normal,USD,paypal,CGN1,Frankfurt,Frankfurt,899.85,0,0,0,12,PO-2024-00117,
118,343,2024-07-12,2024-07-14,2024-07-12,delivered,phone,rush,EUR,invoice,BER3,Leipzig,Leipzig,2502.83,0,7.9,0,6,,
119,295,2025-01-18,2025-01-31,2025-01-28,delivered,store,high,USD,paypal,HH1,Stuttgart,Stuttgart,1349.07,25,7.9,2.9,4,PO-2026-00119,
120,178,2025-03-11,2025-03-15,2025-03-15,delivered,partner,rush,USD,sepa,MUC2,Leipzig,Leipzig,33233.4,25,7.9,0,8,PO-2024-00120,call before delivery
121,273,2025-03-18,2025-03-20,2025-03-19,delivered,store,normal,EUR,invoice,CGN1,München,Köln,787.56,25,7.9,2.9,12,,
122,130,2024-04-10,2024-04-22,2024-04-20,shipped,partner,high,EUR,card,MUC2,Hamburg,Frankfurt,3635.87,0,7.9,0,8,,call before delivery
123,164,2024-05-24,2024-06-02,2024-06-01,delivered,store,normal,EUR,card,BER3,Leipzig,Leipzig,2107.34,40,12.9,0,4,,leave at gate
124,270,2024-12-14,2024-12-19,2024-12-16,delivered,store,normal,EUR,card,MUC2,Köln,Köln,1773.83,0,12.9,2.9,3,,leave at gate
125,209,2024-12-13,2024-12-24,2024-12-24,shipped,edi,normal,EUR,card,CGN1,Berlin,Berlin,2888.87,40,7.9,1.5,11,,leave at gate
126,117,2025-02-04,2025-02-15,,open,store,high,EUR,card,HH1,Leipzig,Leipzig,1163.93,80,0,1.5,6,PO-2024-00126,leave at gate
127,122,2024-02-05,2024-02-17,2024-02-17,delivered,store,normal,EUR,prepay,HH1,Hamburg,Hamburg,1159.63,0,4.9,1.5,11,,leave at gate
128,60,2024-05-12,2024-05-16,2024-05-15,delivered,partner,rush,CHF,card,CGN1,Hamburg,Hamburg,2955.9,0,12.9,0,4,PO-2026-00128,leave at gate
129,4,2024-05-26,2024-06-04,2024-06-01,delivered,edi,normal,EUR,sepa,BER3,Leipzig,Leipzig,3043.14,0,7.9,2.9,7,,call before delivery
130,96,2025-03-01,2025-03-13,2025-03-12,shipped,edi,normal,CHF,invoice,MUC2,Köln,München,1674.7,40,12.9,2.9,2,PO-2025-00130,call before delivery
131,37,2025-12-15,2025-12-22,2025-12-22,delivered,web,high,CHF,paypal,MUC2,Berlin,Berlin,1527.09,80,12.9,0,6,PO-2026-00131,leave at gate
132,338,2024-12-21,2024-12-29,2024-12-29,delivered,web,high,EUR,card,CGN1,Leipzig,Leipzig,4425.07,25,12.9,0,12,PO-2024-00132,leave at gate
133,313,2024-12-02,2024-12-06,2024-12-05,shipped,web,normal,EUR,sepa,HH1,Hamburg,Hamburg,3391.49,0,12.9,1.5,1,PO-2025-00133,
134,6,2025-11-24,2025-12-06,2025-12-05,shipped,store,normal,USD,invoice,BER3,Leipzig,Leipzig,2748.55,0,4.9,0,11,PO-2026-00134,
135,198,2025-01-27,2025-01-29,2025-01-26,shipped,web,normal,EUR,card,HH1,Berlin,Berlin,1362.49,0,4.9,0,4,,
136,23,2025-03-01,2025-03-11,2025-03-08,delivered,store,normal,EUR,card,HH1,Berlin,Berlin,793.97,25,4.9,0,4,PO-2025-00136,leave at gate
137,7,2025-02-02,2025-02-05,2025-02-04,shipped,store,high,USD,paypal,HH1,Frankfurt,Frankfurt,2851.81,15,7.9,0,11,,
138,52,2025-09-06,2025-09-10,2025-09-08,delivered,store,normal,EUR,invoice,BER3,Hamburg,Hamburg,2158.05,40,4.9,1.5,11,,
139,68,2024-11-12,2024-11-16,2024-11-14,shipped,store,high,EUR,card,BER3,Stuttgart,Stuttgart,7506.32,0,0,0,8,PO-2025-00139,leave at gate
140,192,2024-05-17,2024-05-31,2024-05-31,shipped,phone,high,EUR,card,MUC2,München,München,3902.2,0,12.9,1.5,6,,
141,127,2025-09-14,2025-09-17,2025-09-14,delivered,web,normal,EUR,card,MUC2,Berlin,Berlin,895.76,0,12.9,0,7,PO-2024-00141,
142,43,2025-03-12,2025-03-16,2025-03-15,delivered,partner,high,USD,paypal,MUC2,München,München,2000.68,0,4.9,2.9,8,,
143,213,2025-02-11,2025-02-25,2025-02-22,delivered,web,rush,CHF,invoice,CGN1,Berlin,Berlin,1558.63,40,12.9,0,6,PO-2026-00143,
144,271,2024-11-09,2024-11-13,2024-11-10,delivered,phone,normal,EUR,invoice,HH1,München,Leipzig,906.74,80,0,1.5,1,,leave at gate
145,243,2025-02-08,2025-02-16,,cancelled,web,normal,CHF,prepay,MUC2,Stuttgart,Stuttgart,1055.01,80,7.9,0,7,PO-2025-00145,call before delivery
146,206,2025-06-05,2025-06-13,2025-06-12,delivered,phone,rush,EUR,sepa,HH1,München,München,1058.85,25,0,2.9,11,,call before delivery
147,80,2024-09-17,2024-10-01,2024-10-01,shipped,store,rush,USD,invoice,MUC2,Frankfurt,München,2122.22,0,0,0,8,,call before delivery
148,291,2025-06-29,2025-07-02,2025-06-30,delivered,phone,high,EUR,paypal,CGN1,Leipzig,Leipzig,2162.32,15,12.9,0,3,PO-2025-00148,leave at gate
149,89,2025-01-31,2025-02-04,2025-02-02,delivered,phone,normal,EUR,paypal,MUC2,München,München,1416.84,15,12.9,0,7,PO-2026-00149,
150,33,2026-02-06,2026-02-18,2026-02-18,shipped,phone,normal,EUR,invoice,BER3,Stuttgart,Stuttgart,1027.24,15,12.9,2.9,4,PO-2024-00150,
151,278,2025-05-11,2025-05-23,2025-05-23,delivered,web,normal,USD,invoice,BER3,Leipzig,Leipzig,2403.38,0,7.9,0,11,,call before delivery
152,276,2026-02-14,2026-02-19,2026-02-17,delivered,store,rush,USD,invoice,CGN1,Hamburg,Frankfurt,882.23,25,7.9,1.5,11,PO-2026-00152,leave at gate
153,236,2026-01-12,2026-01-25,2026-01-24,delivered,partner,rush,USD,paypal,BER3,Frankfurt,Frankfurt,1073.74,0,0,1.5,2,PO-2024-00153,call before delivery
154,195,2024-01-24,2024-02-01,,cancelled,edi,normal,EUR,paypal,BER3,Leipzig,Frankfurt,1221.24,80,4.9,2.9,11,,
155,172,2025-09-13,2025-09-27,2025-09-27,shipped,partner,rush,EUR,paypal,HH1,Hamburg,Hamburg,2272.03,0,4.9,2.9,8,PO-2026-00155,
156,48,2024-04-18,2024-05-02,2024-04-30,delivered,phone,high,CHF,invoice,MUC2,Köln,Leipzig,1189.86,0,7.9,2.9,12,PO-2024-00156,call before delivery
157,335,2026-02-23,2026-03-07,2026-03-04,delivered,phone,normal,EUR,invoice,CGN1,Hamburg,Hamburg,895.82,25,12.9,2.9,12,PO-2025-00157,
158,64,2025-08-09,2025-08-11,2025-08-10,delivered,store,rush,EUR,sepa,MUC2,Köln,Köln,1469.32,40,0,1.5,8,,
159,5,2025-07-05,2025-07-17,2025-07-14,delivered,phone,high,EUR,invoice,CGN1,Frankfurt,Frankfurt,3511.46,15,4.9,2.9,3,,
160,334,2025-05-04,2025-05-18,2025-05-16,delivered,phone,normal,EUR,invoice,MUC2,München,Leipzig,1576.98,15,12.9,0,8,PO-2025-00160,
161,318,2025-02-05,2025-02-08,2025-02-06,delivered,partner,normal,USD,paypal,HH1,Berlin,Berlin,1139.94,25,12.9,2.9,12,,
162,177,2025-04-13,2025-04-17,2025-04-16,delivered,phone,normal,EUR,sepa,HH1,Frankfurt,Frankfurt,2932.72,80,12.9,1.5,11,,
163,249,2025-11-26,2025-11-30,2025-11-30,delivered,web,high,USD,paypal,MUC2,Stuttgart,Stuttgart,3457.29,0,7.9,2.9,4,PO-2025-00163,
164,234,2025-05-15,2025-05-29,2025-05-26,delivered,store,high,CHF,sepa,HH1,Berlin,Berlin,1106.93,0,12.9,0,1,PO-2026-00164,leave at gate
165,295,2024-08-18,2024-09-01,,open,edi,normal,CHF,paypal,BER3,Stuttgart,Stuttgart,1786.24,80,7.9,0,3,PO-2024-00165,
166,311,2024-07-08,2024-07-18,2024-07-18,delivered,phone,normal,EUR,prepay,MUC2,München,München,1365.77,40,12.9,0,8,PO-2025-00166,call before delivery
167,70,2025-08-11,2025-08-14,2025-08-12,shipped,partner,normal,CHF,invoice,MUC2,Berlin,Berlin,2745.9,15,0,0,6,,call before delivery
168,259,2024-05-23,2024-06-04,2024-06-04,delivered,phone,normal,EUR,card,CGN1,Berlin,München,1093.14,25,4.9,0,4,,
169,162,2024-05-11,2024-05-23,2024-05-22,delivered,store,rush,EUR,sepa,BER3,Leipzig,München,2324.35,15,7.9,2.9,9,PO-2025-00169,
170,155,2025-10-10,2025-10-14,2025-10-12,delivered,store,rush,EUR,prepay,MUC2,Leipzig,Leipzig,3127.32,25,4.9,2.9,2,PO-2026-00170,leave at gate
171,338,2024-02-15,2024-02-21,2024-02-21,delivered,web,rush,EUR,paypal,HH1,Leipzig,Leipzig,1150.56,15,4.9,0,12,PO-2024-00171,call before delivery
172,284,2024-04-07,2024-04-09,2024-04-08,delivered,partner,rush,EUR,sepa,BER3,Berlin,Berlin,887.0,15,7.9,0,5,PO-2025-00172,
173,84,2025-11-04,2025-11-17,2025-11-16,shipped,edi,rush,CHF,card,BER3,Stuttgart,Frankfurt,2905.52,15,0,1.5,3,PO-2026-00173,call before delivery
174,250,2025-06-17,2025-06-23,,cancelled,store,high,EUR,invoice,HH1,Berlin,Berlin,2731.86,0,7.9,0,5,,
175,46,2026-01-31,2026-02-09,2026-02-06,shipped,edi,normal,CHF,invoice,MUC2,Berlin,Leipzig,2393.06,0,12.9,0,6,PO-2025-00175,leave at gate
176,204,2024-09-07,2024-09-19,,cancelled,edi,normal,EUR,invoice,CGN1,Leipzig,Leipzig,2893.85,0,12.9,0,9,PO-2026-00176,
177,225,2024-06-23,2024-06-29,2024-06-26,delivered,partner,high,EUR,invoice,BER3,Berlin,Berlin,1315.05,0,0,1.5,12,PO-2024-00177,
178,283,2024-02-28,2024-03-02,2024-03-02,delivered,partner,normal,CHF,sepa,HH1,Berlin,Berlin,2139.96,25,7.9,1.5,2,PO-2025-00178,
179,83,2025-02-24,2025-03-05,2025-03-02,shipped,partner,high,EUR,paypal,MUC2,München,München,1549.59,0,7.9,0,11,PO-2026-00179,leave at gate
180,255,2024-06-14,2024-06-17,2024-06-16,shipped,partner,normal,EUR,paypal,BER3,Stuttgart,Stuttgart,998.98,0,7.9,0,12,,
181,279,2025-11-12,2025-11-19,,cancelled,store,rush,EUR,invoice,HH1,München,München,4177.53,80,12.9,0,5,PO-2025-00181,call before delivery
182,135,2024-02-23,2024-02-29,2024-02-27,delivered,store,normal,CHF,card,MUC2,Köln,Köln,972.11,0,12.9,2.9,12,PO-2026-00182,call before delivery
183,152,2025-12-18,2025-12-31,2025-12-30,shipped,phone,normal,EUR,invoice,MUC2,Köln,Köln,725.89,0,12.9,0,1,PO-2024-00183,
184,249,2024-01-19,2024-01-29,2024-01-27,delivered,phone,normal,EUR,paypal,BER3,Stuttgart,Stuttgart,1540.48,0,12.9,2.9,4,PO-2025-00184,
185,155,2025-01-07,2025-01-09,2025-01-08,shipped,web,normal,EUR,sepa,MUC2,Leipzig,Leipzig,705.85,40,4.9,1.5,5,,
186,145,2025-05-18,2025-05-25,2025-05-23,delivered,partner,high,EUR,sepa,MUC2,Leipzig,Leipzig,2041.84,0,0,0,5,PO-2024-00186,
187,66,2024-02-12,2024-02-15,2024-02-15,delivered,edi,high,EUR,paypal,MUC2,Stuttgart,Stuttgart,1847.98,0,4.9,2.9,9,PO-2025-00187,
188,320,2025-12-29,2026-01-10,2026-01-10,shipped,store,normal,CHF,paypal,HH1,Hamburg,Hamburg,976.91,25,7.9,2.9,2,PO-2026-00188,
189,329,2024-03-03,2024-03-07,2024-03-04,delivered,edi,rush,USD,paypal,BER3,Berlin,Berlin,2024.9,40,12.9,0,8,PO-2024-00189,
190,125,2025-08-29,2025-09-03,2025-09-01,delivered,partner,normal,EUR,card,HH1,Frankfurt,Frankfurt,2945.42,80,7.9,1.5,2,PO-2025-00190,
191,162,2024-05-16,2024-05-18,2024-05-16,shipped,edi,high,EUR,invoice,CGN1,Leipzig,Leipzig,2103.29,0,4.9,0,9,PO-2026-00191,call before delivery
192,32,2025-10-02,2025-10-08,2025-10-08,delivered,edi,normal,CHF,sepa,MUC2,München,München,4191.0,0,7.9,0,10,PO-2024-00192,call before delivery
193,233,2024-06-08,2024-06-17,2024-06-17,delivered,store,normal,CHF,card,MUC2,Frankfurt,Frankfurt,661.78,40,7.9,0,2,PO-2025-00193,
194,11,2024-11-13,2024-11-17,2024-11-17,shipped,store,normal,CHF,paypal,HH1,Frankfurt,Frankfurt,2049.82,40,4.9,0,10,PO-2026-00194,
195,224,2025-01-28,2025-02-11,,open,web,high,EUR,prepay,HH1,Leipzig,Leipzig,1287.45,0,4.9,0,3,PO-2024-00195,
196,200,2026-05-23,2026-05-29,2026-05-27,delivered,store,normal,EUR,invoice,CGN1,Stuttgart,Stuttgart,269.39,80,12.9,0,12,PO-2025-00196,
197,173,2024-04-15,2024-04-17,2024-04-16,delivered,store,rush,EUR,sepa,CGN1,Frankfurt,Frankfurt,2466.21,0,0,0,12,,leave at gate
198,62,2025-05-18,2025-05-21,2025-05-19,shipped,web,high,EUR,invoice,MUC2,Stuttgart,Stuttgart,2345.66,0,7.9,1.5,4,PO-2024-00198,
199,81,2026-07-03,2026-07-09,2026-07-06,delivered,partner,high,EUR,invoice,MUC2,Köln,Köln,2867.18,15,7.9,0,9,PO-2025-00199,
200,278,2026-04-14,2026-04-21,,open,phone,normal,CHF,sepa,CGN1,Leipzig,Leipzig,2949.5,15,4.9,0,11,PO-2026-00200,leave at gate
201,194,2024-05-21,2024-05-31,2024-05-28,delivered,edi,rush,USD,prepay,MUC2,Berlin,Berlin,2188.35,0,12.9,2.9,12,,leave at gate
202,126,2025-12-20,2025-12-30,2025-12-27,shipped,phone,normal,EUR,sepa,CGN1,Leipzig,Leipzig,2545.7,0,0,1.5,1,,
203,78,2026-05-05,2026-05-10,2026-05-10,delivered,phone,normal,EUR,paypal,HH1,Stuttgart,Stuttgart,1443.72,40,4.9,0,8,PO-2026-00203,
204,339,2024-03-16,2024-03-23,2024-03-22,delivered,web,normal,EUR,invoice,BER3,Frankfurt,Frankfurt,806.68,0,0,0,5,PO-2024-00204,
205,175,2025-04-26,2025-04-30,2025-04-30,delivered,web,normal,USD,card,HH1,Stuttgart,Stuttgart,3765.77,0,7.9,0,5,PO-2025-00205,leave at gate
206,149,2026-07-30,2026-08-05,2026-08-05,delivered,edi,rush,EUR,card,BER3,Stuttgart,Stuttgart,1621.0,0,12.9,0,12,PO-2026-00206,
207,326,2025-09-11,2025-09-23,2025-09-20,delivered,store,normal,EUR,sepa,BER3,Stuttgart,Stuttgart,2861.44,80,12.9,1.5,9,PO-2024-00207,
208,196,2024-01-29,2024-02-09,2024-02-09,shipped,partner,normal,USD,card,HH1,Stuttgart,Stuttgart,1296.02,0,0,0,10,PO-2025-00208,
209,281,2024-02-16,2024-03-01,,open,partner,rush,USD,card,CGN1,Köln,Köln,344.14,15,0,1.5,4,,
210,53,2024-12-05,2024-12-16,2024-12-13,delivered,store,normal,EUR,card,MUC2,Berlin,Berlin,4961.79,0,4.9,0,9,PO-2024-00210,
211,132,2026-06-24,2026-07-03,2026-07-02,shipped,partner,high,EUR,prepay,BER3,Berlin,Berlin,2708.55,0,4.9,1.5,6,,leave at gate
212,41,2024-06-05,2024-06-19,2024-06-17,delivered,edi,normal,CHF,invoice,BER3,Stuttgart,Stuttgart,2542.16,0,0,0,7,,
213,317,2024-07-05,2024-07-11,2024-07-08,delivered,phone,normal,USD,paypal,HH1,Berlin,Berlin,2262.4,80,7.9,2.9,6,PO-2024-00213,leave at gate
214,71,2025-03-27,2025-04-08,2025-04-05,delivered,edi,rush,EUR,invoice,HH1,Hamburg,Hamburg,1920.59,25,7.9,0,2,PO-2025-00214,
215,57,2024-10-24,2024-11-02,2024-11-02,delivered,partner,rush,CHF,prepay,BER3,Frankfurt,Frankfurt,2755.41,0,4.9,2.9,8,PO-2026-00215,
216,234,2026-02-25,2026-03-08,2026-03-05,delivered,phone,rush,EUR,sepa,BER3,Berlin,Berlin,883.8,0,7.9,1.5,1,PO-2024-00216,leave at gate
217,123,2024-11-23,2024-12-07,2024-12-04,delivered,store,normal,EUR,card,HH1,München,Leipzig,2485.88,40,0,1.5,1,PO-2025-00217,call before delivery
218,45,2024-05-25,2024-06-04,,open,phone,high,EUR,invoice,HH1,Berlin,Berlin,1334.4,15,12.9,2.9,12,PO-2026-00218,call before delivery
219,206,2025-03-05,2025-03-18,2025-03-15,delivered,web,normal,EUR,prepay,MUC2,München,München,2469.46,0,12.9,1.5,11,,call before delivery
220,220,2024-03-16,2024-03-25,2024-03-24,delivered,store,normal,EUR,card,MUC2,Leipzig,Leipzig,1913.0,40,7.9,0,11,PO-2025-00220,
221,124,2024-12-22,2024-12-24,2024-12-22,shipped,partner,normal,CHF,paypal,BER3,München,München,2306.68,0,7.9,1.5,1,PO-2026-00221,leave at gate
222,196,2024-04-26,2024-05-06,2024-05-03,delivered,store,high,CHF,sepa,HH1,Stuttgart,Frankfurt,3020.62,25,4.9,0,10,,
223,241,2024-04-16,2024-04-28,2024-04-26,delivered,store,normal,EUR,paypal,BER3,Berlin,Berlin,967.25,0,12.9,0,8,,call before delivery
224,271,2025-02-26,2025-03-12,2025-03-11,delivered,edi,high,EUR,sepa,CGN1,München,München,910.74,40,0,1.5,1,,leave at gate
225,3,2026-07-10,2026-07-20,2026-07-18,delivered,partner,normal,USD,paypal,MUC2,Berlin,Berlin,1057.45,0,4.9,1.5,4,PO-2024-00225,leave at gate
226,336,2025-03-15,2025-03-25,2025-03-24,shipped,store,normal,EUR,card,HH1,Köln,Köln,298.04,0,12.9,1.5,5,,call before delivery
227,86,2024-11-26,2024-11-28,2024-11-28,shipped,edi,rush,EUR,card,BER3,Stuttgart,Stuttgart,1760.29,40,0,0,7,,
228,127,2024-10-31,2024-11-06,2024-11-06,shipped,phone,normal,USD,invoice,HH1,Berlin,Berlin,1983.76,40,7.9,0,7,,
229,152,2026-07-05,2026-07-08,2026-07-05,shipped,web,rush,EUR,paypal,HH1,Köln,Köln,872.67,25,4.9,2.9,1,PO-2025-00229,call before delivery
230,263,2026-04-07,2026-04-14,2026-04-12,shipped,store,normal,EUR,prepay,CGN1,Leipzig,München,5026.58,0,0,0,10,,
231,83,2024-08-09,2024-08-13,2024-08-12,delivered,web,normal,EUR,sepa,BER3,München,München,2224.85,0,0,1.5,11,PO-2024-00231,call before delivery
232,288,2025-03-22,2025-03-27,2025-03-25,delivered,store,normal,USD,prepay,CGN1,Stuttgart,Stuttgart,1249.86,0,7.9,0,7,PO-2025-00232,leave at gate
233,260,2025-03-09,2025-03-17,2025-03-16,delivered,edi,high,EUR,invoice,BER3,München,München,1037.79,25,0,2.9,12,PO-2026-00233,call before delivery
234,172,2025-09-10,2025-09-13,2025-09-12,delivered,partner,rush,EUR,sepa,MUC2,Hamburg,Hamburg,2086.44,25,12.9,0,8,,call before delivery
235,184,2024-05-05,2024-05-16,,open,partner,normal,USD,invoice,BER3,Berlin,Berlin,2680.03,25,4.9,2.9,6,PO-2025-00235,
236,162,2026-01-03,2026-01-10,2026-01-08,delivered,phone,normal,EUR,paypal,BER3,Leipzig,Leipzig,1942.53,0,12.9,2.9,9,PO-2026-00236,
237,94,2025-09-07,2025-09-19,2025-09-19,delivered,store,high,EUR,paypal,HH1,Köln,Stuttgart,2204.84,0,7.9,0,8,PO-2024-00237,
238,97,2024-07-31,2024-08-10,2024-08-08,delivered,store,normal,CHF,sepa,BER3,Stuttgart,Stuttgart,1417.16,25,12.9,0,6,,
239,56,2024-01-30,2024-02-12,2024-02-09,shipped,phone,normal,EUR,card,CGN1,Stuttgart,Stuttgart,2762.43,0,0,1.5,3,PO-2026-00239,
240,28,2024-09-22,2024-09-28,2024-09-26,delivered,edi,rush,EUR,card,MUC2,Leipzig,Leipzig,2060.46,0,7.9,0,2,PO-2024-00240,call before delivery
241,341,2026-06-28,2026-07-09,2026-07-06,delivered,store,high,EUR,paypal,MUC2,München,München,1546.12,80,0,0,9,,
242,138,2025-11-06,2025-11-08,2025-11-07,delivered,web,normal,CHF,paypal,MUC2,Berlin,Berlin,2162.68,0,0,2.9,1,PO-2026-00242,call before delivery
243,183,2025-12-26,2026-01-02,2025-12-30,delivered,store,normal,CHF,card,HH1,München,München,1270.87,0,4.9,0,5,PO-2024-00243,call before delivery
244,336,2025-10-25,2025-10-27,2025-10-24,shipped,phone,high,EUR,paypal,BER3,Köln,Köln,888.0,0,0,0,5,PO-2025-00244,
245,121,2024-06-03,2024-06-09,2024-06-07,delivered,web,normal,CHF,paypal,MUC2,Köln,Köln,3417.15,25,0,2.9,11,PO-2026-00245,call before delivery
246,287,2025-06-15,2025-06-18,2025-06-18,delivered,web,high,EUR,invoice,HH1,Frankfurt,Frankfurt,2135.02,0,0,0,2,,leave at gate
247,55,2024-08-13,2024-08-17,2024-08-16,delivered,partner,high,USD,sepa,HH1,Frankfurt,Frankfurt,1589.36,15,12.9,0,4,PO-2025-00247,leave at gate
248,136,2024-06-23,2024-06-27,2024-06-27,delivered,store,rush,EUR,invoice,MUC2,Hamburg,Hamburg,2027.77,0,7.9,2.9,2,PO-2026-00248,
249,276,2025-08-20,2025-08-22,,open,edi,high,EUR,prepay,MUC2,Hamburg,Hamburg,2256.0,80,0,0,11,,
250,196,2025-04-08,2025-04-15,2025-04-12,delivered,web,high,EUR,sepa,BER3,Stuttgart,Stuttgart,1766.3,15,12.9,1.5,10,,
251,241,2026-05-26,2026-05-31,2026-05-28,shipped,partner,normal,EUR,card,BER3,Berlin,Berlin,2773.86,25,12.9,0,5,,leave at gate
252,305,2024-06-28,2024-07-04,2024-07-02,shipped,phone,normal,USD,prepay,CGN1,Frankfurt,Frankfurt,1364.8,25,12.9,2.9,12,PO-2024-00252,leave at gate
253,,2024-10-22,2024-11-01,2024-10-30,shipped,edi,normal,EUR,paypal,CGN1,Frankfurt,Frankfurt,1325.37,0,12.9,0,1,PO-2025-00253,leave at gate
254,161,2024-10-30,2024-11-11,2024-11-11,shipped,web,high,EUR,sepa,CGN1,München,München,3222.76,0,12.9,1.5,10,PO-2026-00254,
255,156,2024-05-26,2024-05-28,,cancelled,store,high,EUR,paypal,BER3,Berlin,Berlin,2493.95,0,7.9,0,1,,call before delivery
256,350,2024-11-14,2024-11-20,2024-11-19,shipped,store,normal,EUR,sepa,HH1,Frankfurt,Frankfurt,751.2,25,4.9,0,1,,leave at gate
257,223,2026-03-12,2026-03-22,2026-03-20,delivered,store,high,CHF,paypal,BER3,Leipzig,Berlin,2436.29,0,12.9,1.5,7,PO-2026-00257,
258,246,2024-03-31,2024-04-04,2024-04-02,delivered,web,rush,EUR,paypal,HH1,Köln,Köln,1806.25,15,4.9,1.5,8,,leave at gate
259,46,2024-02-26,2024-03-03,2024-02-29,shipped,partner,normal,EUR,prepay,HH1,Berlin,Berlin,1528.64,0,7.9,0,6,PO-2025-00259,leave at gate
260,84,2024-11-04,2024-11-07,2024-11-07,delivered,web,normal,USD,invoice,HH1,Stuttgart,Stuttgart,4125.03,0,12.9,0,3,PO-2026-00260,
261,259,2025-02-04,2025-02-09,,open,edi,high,USD,paypal,HH1,Berlin,Berlin,878.74,40,12.9,0,4,,
262,137,2024-06-23,2024-06-29,2024-06-27,delivered,web,rush,EUR,sepa,BER3,Köln,Köln,961.48,0,12.9,2.9,3,,leave at gate
263,248,2024-05-31,2024-06-02,,open,edi,rush,EUR,sepa,MUC2,Frankfurt,Frankfurt,2469.88,40,0,1.5,1,,call before delivery
264,113,2024-07-02,2024-07-12,2024-07-12,delivered,phone,normal,EUR,prepay,CGN1,Hamburg,Hamburg,2326.56,0,7.9,2.9,3,PO-2024-00264,call before delivery
265,37,2026-07-27,2026-07-31,2026-07-29,delivered,edi,high,USD,prepay,BER3,Berlin,Berlin,566.39,80,4.9,1.5,6,PO-2025-00265,
266,58,2025-05-26,2025-05-30,2025-05-27,delivered,store,normal,EUR,prepay,CGN1,Frankfurt,Frankfurt,954.13,0,4.9,0,1,,
267,999999,2025-09-13,2025-09-26,2025-09-23,delivered,store,normal,USD,prepay,MUC2,Stuttgart,Stuttgart,1816.32,0,7.9,0,7,PO-2024-00267,call before delivery
268,87,2025-03-20,2025-04-01,2025-04-01,delivered,phone,normal,EUR,invoice,CGN1,Frankfurt,Frankfurt,2118.78,0,0,0,11,,
269,306,2025-05-23,2025-06-03,2025-06-02,shipped,web,rush,CHF,paypal,HH1,Köln,Köln,3363.56,80,7.9,1.5,8,PO-2026-00269,call before delivery
270,290,2024-08-24,2024-08-30,,open,store,high,EUR,card,CGN1,Berlin,Berlin,418.13,0,4.9,1.5,12,,call before delivery
271,32,2025-07-13,2025-07-15,2025-07-13,delivered,store,high,EUR,sepa,HH1,München,München,1705.85,80,7.9,0,10,PO-2025-00271,call before delivery
272,34,2024-08-29,2024-09-06,2024-09-06,delivered,edi,rush,EUR,sepa,HH1,Frankfurt,Frankfurt,1394.5,0,7.9,0,4,PO-2026-00272,
273,251,2025-05-04,2025-05-06,2025-05-05,delivered,edi,rush,EUR,prepay,BER3,Köln,Köln,1590.95,0,0,0,7,,leave at gate
274,320,2024-05-21,2024-05-28,2024-05-25,shipped,web,normal,EUR,invoice,HH1,Hamburg,Hamburg,1465.79,25,7.9,0,2,,
275,8,2026-06-13,2026-06-22,2026-06-21,delivered,partner,normal,EUR,sepa,MUC2,Leipzig,München,4398.64,0,0,0,8,,leave at gate
276,42,2024-03-19,2024-03-28,2024-03-26,shipped,partner,high,EUR,prepay,CGN1,Stuttgart,Stuttgart,2364.73,80,7.9,0,7,PO-2024-00276,
277,202,2024-12-27,2025-01-06,,cancelled,phone,high,USD,card,HH1,Köln,Köln,2940.17,0,4.9,0,2,,
278,148,2024-12-23,2024-12-25,2024-12-23,delivered,partner,rush,EUR,invoice,HH1,Köln,Köln,4141.91,0,0,2.9,3,,leave at gate
279,198,2024-07-15,2024-07-25,2024-07-25,delivered,partner,normal,USD,sepa,HH1,Berlin,Frankfurt,1450.87,40,4.9,2.9,4,,call before delivery
280,347,2024-08-09,2024-08-23,2024-08-23,delivered,edi,rush,EUR,prepay,BER3,Berlin,Berlin,1434.37,40,12.9,0,1,,call before delivery
281,226,2025-04-23,2025-05-07,2025-05-05,delivered,web,normal,USD,sepa,CGN1,Leipzig,Leipzig,2941.91,0,0,1.5,9,PO-2026-00281,call before delivery
282,144,2026-03-12,2026-03-23,2026-03-21,delivered,partner,normal,CHF,paypal,HH1,Köln,Köln,2289.18,0,0,1.5,4,PO-2024-00282,call before delivery
283,323,2024-08-11,2024-08-14,2024-08-11,delivered,phone,high,EUR,sepa,BER3,Leipzig,Leipzig,2122.54,0,7.9,1.5,9,,
284,27,2024-08-26,2024-09-05,2024-09-04,shipped,web,high,EUR,invoice,CGN1,Köln,Köln,1732.11,80,7.9,0,10,PO-2026-00284,
285,42,2025-06-03,2025-06-14,2025-06-12,delivered,store,normal,CHF,sepa,MUC2,Stuttgart,Stuttgart,2305.37,0,4.9,1.5,7,,call before delivery
286,239,2026-07-07,2026-07-14,2026-07-14,delivered,partner,normal,USD,invoice,HH1,Hamburg,Hamburg,1881.75,15,0,0,3,,call before delivery
287,224,2026-04-30,2026-05-03,2026-05-02,delivered,edi,rush,USD,invoice,HH1,Leipzig,Leipzig,1355.53,0,12.9,0,3,,leave at gate
288,108,2026-05-06,2026-05-11,2026-05-08,delivered,partner,normal,EUR,paypal,BER3,Hamburg,Hamburg,1609.34,25,4.9,1.5,1,PO-2024-00288,
289,281,2025-09-11,2025-09-25,2025-09-22,shipped,edi,normal,USD,sepa,CGN1,Köln,Köln,1737.9,0,4.9,0,4,PO-2025-00289,leave at gate
290,80,2025-08-12,2025-08-14,2025-08-13,delivered,web,rush,EUR,prepay,BER3,Frankfurt,Frankfurt,1762.42,0,4.9,2.9,8,PO-2026-00290,
291,13,2025-12-07,2025-12-11,2025-12-08,shipped,edi,normal,EUR,invoice,CGN1,Köln,Köln,1226.24,40,12.9,1.5,2,,
292,25,2024-03-16,2024-03-29,2024-03-26,delivered,partner,rush,EUR,card,HH1,Berlin,Berlin,1074.75,80,12.9,2.9,12,PO-2025-00292,call before delivery
293,266,2025-01-23,2025-01-29,2025-01-26,delivered,partner,normal,USD,prepay,BER3,München,München,1017.2,15,0,0,1,PO-2026-00293,
294,22,2026-04-13,2026-04-24,,cancelled,edi,high,EUR,sepa,CGN1,Köln,Köln,2062.14,0,12.9,1.5,4,PO-2024-00294,leave at gate
295,93,2024-10-22,2024-10-26,2024-10-26,delivered,phone,normal,EUR,prepay,HH1,Stuttgart,Stuttgart,2161.94,0,4.9,1.5,8,PO-2025-00295,
296,29,2024-07-08,2024-07-17,2024-07-15,shipped,web,normal,CHF,paypal,BER3,Stuttgart,Stuttgart,1567.37,40,12.9,0,3,,call before delivery
297,64,2024-12-28,2025-01-01,2024-12-30,delivered,partner,rush,USD,invoice,CGN1,Köln,Hamburg,4479.91,0,0,1.5,8,PO-2024-00297,call before delivery
298,324,2025-11-07,2025-11-18,2025-11-15,delivered,phone,normal,EUR,paypal,MUC2,Leipzig,Leipzig,611.83,0,4.9,0,8,PO-2025-00298,leave at gate
299,111,2025-10-12,2025-10-15,2025-10-12,delivered,edi,normal,EUR,invoice,BER3,Köln,Köln,1569.95,0,0,2.9,2,,
300,281,2025-06-27,2025-07-09,2025-07-06,delivered,store,rush,USD,sepa,BER3,Köln,Köln,2558.0,15,4.9,1.5,4,PO-2024-00300,call before delivery
301,260,2024-11-29,2024-12-11,2024-12-11,shipped,partner,rush,EUR,paypal,BER3,München,München,1604.14,0,12.9,1.5,12,,
302,294,2024-08-08,2024-08-20,2024-08-18,delivered,store,rush,CHF,paypal,BER3,Köln,Köln,3735.52,0,7.9,1.5,4,PO-2026-00302,leave at gate
303,200,2025-10-13,2025-10-23,2025-10-22,delivered,web,high,EUR,prepay,HH1,Stuttgart,Hamburg,1808.97,40,4.9,0,12,,
304,194,2026-07-23,2026-07-30,2026-07-29,delivered,phone,rush,EUR,sepa,MUC2,Berlin,Köln,1439.18,0,0,0,12,PO-2025-00304,
305,19,2026-05-15,2026-05-17,,open,phone,high,EUR,invoice,MUC2,Hamburg,Hamburg,3041.08,0,12.9,2.9,11,,
306,68,2026-04-12,2026-04-15,2026-04-15,delivered,edi,rush,EUR,invoice,MUC2,Stuttgart,Stuttgart,2041.31,0,7.9,0,8,,leave at gate
307,183,2026-03-14,2026-03-23,2026-03-22,delivered,web,high,USD,paypal,BER3,München,München,2520.56,0,7.9,1.5,5,PO-2025-00307,leave at gate
308,281,2024-10-18,2024-10-27,2024-10-24,delivered,partner,normal,CHF,card,HH1,Köln,Köln,4410.74,0,12.9,0,4,PO-2026-00308,call before delivery
309,59,2025-10-20,2025-10-25,2025-10-22,delivered,edi,normal,EUR,card,BER3,Frankfurt,Frankfurt,4686.36,0,0,0,10,PO-2024-00309,
310,261,2024-05-09,2024-05-22,2024-05-19,delivered,web,high,EUR,prepay,BER3,Frankfurt,Frankfurt,1056.94,0,0,1.5,4,PO-2025-00310,
311,281,2025-06-10,2025-06-23,2025-06-23,delivered,store,normal,EUR,card,HH1,Köln,Köln,3367.55,0,0,2.9,4,PO-2026-00311,
312,210,2024-09-10,2024-09-18,2024-09-18,shipped,partner,normal,CHF,sepa,CGN1,Leipzig,Leipzig,3193.33,80,4.9,2.9,4,,call before delivery
313,90,2024-05-24,2024-06-02,2024-06-01,shipped,partner,normal,EUR,prepay,BER3,Leipzig,Leipzig,951.1,25,7.9,2.9,7,PO-2025-00313,
314,3,2024-11-15,2024-11-18,2024-11-18,delivered,edi,rush,USD,card,HH1,Berlin,Berlin,2339.19,0,12.9,1.5,4,,
315,8,2024-07-16,2024-07-27,2024-07-24,shipped,partner,normal,EUR,prepay,MUC2,Leipzig,Leipzig,1727.18,40,7.9,1.5,8,PO-2024-00315,
316,56,2024-05-09,2024-05-23,2024-05-20,delivered,phone,normal,EUR,card,MUC2,Stuttgart,Stuttgart,2191.92,40,7.9,1.5,3,,
317,277,2026-06-14,2026-06-22,,open,store,high,EUR,prepay,HH1,Stuttgart,Stuttgart,1821.65,0,4.9,2.9,12,PO-2026-00317,leave at gate
318,209,2024-11-15,2024-11-27,2024-11-25,delivered,phone,rush,USD,paypal,BER3,Berlin,Berlin,3715.42,0,4.9,0,11,PO-2024-00318,
319,999999,2025-10-29,2025-11-11,2025-11-08,delivered,phone,normal,CHF,sepa,MUC2,München,Hamburg,2394.04,25,12.9,1.5,8,PO-2025-00319,call before delivery
320,3,2025-08-23,2025-09-03,2025-09-01,delivered,web,high,CHF,paypal,HH1,Berlin,Leipzig,2032.7,25,7.9,0,4,PO-2026-00320,
321,16,2026-06-02,2026-06-11,2026-06-11,delivered,web,high,EUR,prepay,MUC2,Berlin,Berlin,1993.84,80,12.9,0,4,PO-2024-00321,
322,66,2024-02-27,2024-03-03,2024-03-03,delivered,partner,high,EUR,prepay,CGN1,Stuttgart,Stuttgart,1090.61,25,0,1.5,9,,leave at gate
323,34,2024-03-07,2024-03-11,2024-03-08,shipped,web,high,USD,card,BER3,Frankfurt,Frankfurt,3305.15,0,7.9,0,4,,
324,327,2024-12-25,2024-12-28,2024-12-28,shipped,phone,normal,EUR,sepa,HH1,Hamburg,Hamburg,3750.07,0,12.9,0,3,,
325,269,2024-03-24,2024-03-30,2024-03-30,delivered,store,high,EUR,sepa,MUC2,Frankfurt,Frankfurt,3666.21,15,4.9,0,7,PO-2025-00325,
326,114,2024-06-30,2024-07-09,,cancelled,partner,high,EUR,prepay,BER3,Frankfurt,Frankfurt,1530.09,80,7.9,0,6,,
327,319,2024-07-16,2024-07-21,2024-07-19,shipped,edi,high,EUR,prepay,MUC2,München,München,3486.26,40,7.9,1.5,9,PO-2024-00327,
328,300,2025-11-05,2025-11-16,2025-11-13,delivered,edi,normal,EUR,invoice,CGN1,Berlin,Hamburg,1576.53,80,7.9,1.5,3,PO-2025-00328,leave at gate
329,55,2024-07-10,2024-07-19,2024-07-16,delivered,edi,rush,CHF,paypal,MUC2,Frankfurt,Frankfurt,1713.03,80,4.9,0,4,PO-2026-00329,call before delivery
330,236,2024-11-03,2024-11-11,,open,partner,rush,USD,invoice,MUC2,Frankfurt,Frankfurt,2025.79,0,0,2.9,2,,
331,331,2026-02-08,2026-02-22,2026-02-21,shipped,partner,rush,CHF,card,BER3,Frankfurt,Frankfurt,642.22,0,0,1.5,8,PO-2025-00331,
332,44,2024-07-08,2024-07-20,2024-07-18,shipped,web,rush,EUR,sepa,HH1,Berlin,Berlin,2050.76,0,4.9,0,5,,
333,223,2026-05-01,2026-05-08,2026-05-07,delivered,store,high,EUR,paypal,BER3,Leipzig,Leipzig,1087.52,0,12.9,0,7,PO-2024-00333,
334,99,2026-02-25,2026-03-09,2026-03-08,shipped,phone,rush,EUR,invoice,MUC2,Berlin,Berlin,1253.3,0,12.9,0,12,PO-2025-00334,leave at gate
335,248,2024-06-03,2024-06-11,2024-06-10,shipped,phone,rush,USD,invoice,BER3,Frankfurt,Frankfurt,387.51,80,0,1.5,1,PO-2026-00335,
336,238,2026-04-02,2026-04-04,2026-04-01,delivered,store,rush,EUR,sepa,BER3,München,München,2273.14,0,12.9,2.9,9,,leave at gate
337,276,2025-12-30,2026-01-07,2026-01-04,delivered,web,normal,EUR,sepa,CGN1,Hamburg,Hamburg,3656.16,25,0,0,11,,leave at gate
338,271,2024-10-15,2024-10-26,,open,partner,high,CHF,sepa,CGN1,München,München,2931.07,80,7.9,0,1,PO-2026-00338,call before delivery
339,211,2025-03-03,2025-03-16,,open,web,rush,EUR,card,HH1,Stuttgart,Stuttgart,1334.2,0,0,1.5,1,PO-2024-00339,
340,251,2026-07-03,2026-07-06,2026-07-04,shipped,partner,normal,EUR,prepay,HH1,Köln,Köln,2194.82,0,12.9,0,12,PO-2025-00340,call before delivery
341,12,2024-07-07,2024-07-21,,cancelled,phone,high,EUR,prepay,MUC2,Hamburg,Hamburg,1593.63,0,12.9,0,6,PO-2026-00341,leave at gate
342,254,2024-10-08,2024-10-12,2024-10-10,delivered,partner,normal,CHF,card,HH1,München,München,1037.56,15,0,2.9,2,,call before delivery
343,,2024-04-09,2024-04-20,2024-04-18,shipped,edi,rush,USD,paypal,CGN1,Leipzig,Leipzig,815.63,25,4.9,0,11,PO-2025-00343,
344,187,2024-12-20,2025-01-01,2024-12-29,delivered,partner,rush,EUR,prepay,HH1,Hamburg,Hamburg,2732.15,80,4.9,0,10,,call before delivery
345,307,2025-01-13,2025-01-17,2025-01-16,delivered,edi,high,USD,paypal,BER3,Berlin,Hamburg,1316.83,80,12.9,0,8,,call before delivery
346,286,2024-08-28,2024-09-05,2024-09-04,delivered,phone,normal,USD,sepa,MUC2,Frankfurt,Frankfurt,431.38,40,0,0,12,,leave at gate
347,208,2026-02-08,2026-02-20,2026-02-20,shipped,partner,rush,EUR,paypal,BER3,München,München,910.48,15,7.9,1.5,5,,leave at gate
348,98,2025-02-13,2025-02-25,2025-02-25,shipped,store,rush,CHF,paypal,MUC2,Leipzig,Leipzig,1627.67,25,12.9,0,12,,
349,292,2024-03-23,2024-03-27,2024-03-24,delivered,web,high,EUR,prepay,BER3,Hamburg,Hamburg,2249.77,0,7.9,0,2,,
350,136,2024-06-28,2024-07-04,2024-07-04,delivered,web,normal,USD,paypal,BER3,Hamburg,Hamburg,1867.07,0,7.9,0,2,,
351,270,2025-05-27,2025-06-05,2025-06-05,delivered,web,normal,CHF,prepay,BER3,Köln,Hamburg,2764.06,25,4.9,0,3,,call before delivery
352,311,2024-05-03,2024-05-16,2024-05-16,delivered,partner,rush,EUR,sepa,BER3,München,München,1633.96,0,12.9,2.9,8,PO-2025-00352,leave at gate
353,68,2024-04-16,2024-04-24,2024-04-22,shipped,phone,normal,CHF,card,CGN1,Stuttgart,Stuttgart,2833.05,0,4.9,1.5,8,,
354,286,2026-02-09,2026-02-23,2026-02-20,shipped,partner,high,USD,invoice,MUC2,Frankfurt,Frankfurt,2086.87,15,12.9,1.5,12,PO-2024-00354,
355,328,2025-01-06,2025-01-19,2025-01-16,delivered,partner,normal,EUR,card,CGN1,Stuttgart,Köln,1013.41,0,7.9,2.9,5,,
356,,2024-11-06,2024-11-17,2024-11-16,shipped,partner,normal,USD,prepay,CGN1,Frankfurt,Frankfurt,4421.77,25,12.9,2.9,11,PO-2026-00356,leave at gate
357,304,2025-05-08,2025-05-13,2025-05-11,shipped,phone,normal,EUR,sepa,HH1,Leipzig,Leipzig,2121.91,0,0,1.5,3,PO-2024-00357,leave at gate
358,7,2026-05-10,2026-05-22,2026-05-22,delivered,store,normal,EUR,prepay,HH1,Frankfurt,Frankfurt,882.95,0,4.9,1.5,11,,
359,31,2025-04-02,2025-04-07,2025-04-04,delivered,phone,normal,USD,sepa,CGN1,München,München,1409.95,15,4.9,0,3,PO-2026-00359,
360,72,2025-06-19,2025-06-22,2025-06-22,delivered,partner,normal,EUR,paypal,HH1,Hamburg,Hamburg,1356.57,0,12.9,2.9,7,PO-2024-00360,
361,124,2025-09-04,2025-09-18,2025-09-17,delivered,edi,rush,EUR,sepa,BER3,München,München,1688.94,40,0,2.9,1,PO-2025-00361,
362,281,2025-06-10,2025-06-16,2025-06-14,shipped,store,normal,EUR,paypal,HH1,Köln,Köln,1731.33,15,4.9,1.5,4,,leave at gate
363,99,2024-03-08,2024-03-20,2024-03-19,delivered,phone,normal,EUR,card,CGN1,Berlin,Berlin,561.12,0,12.9,1.5,12,PO-2024-00363,leave at gate
364,175,2025-09-16,2025-09-30,2025-09-27,shipped,phone,normal,USD,card,CGN1,Stuttgart,Berlin,1466.62,25,4.9,0,5,,leave at gate
365,155,2024-08-22,2024-08-28,2024-08-26,delivered,partner,high,CHF,sepa,BER3,Leipzig,Leipzig,1833.05,15,7.9,0,7,PO-2026-00365,leave at gate
366,202,2024-06-30,2024-07-13,2024-07-12,delivered,phone,high,EUR,sepa,HH1,Köln,Köln,975.69,80,7.9,0,2,,call before delivery
367,114,2026-03-27,2026-04-01,2026-03-31,shipped,partner,rush,USD,paypal,HH1,Frankfurt,Frankfurt,1148.85,15,0,0,6,PO-2025-00367,leave at gate
368,343,2025-01-19,2025-01-28,,open,partner,normal,CHF,card,HH1,Leipzig,Leipzig,1332.95,25,7.9,1.5,6,,leave at gate
369,82,2025-08-26,2025-09-02,2025-08-31,shipped,edi,high,EUR,card,HH1,Berlin,Leipzig,2312.31,0,12.9,0,5,,call before delivery
370,213,2026-07-15,2026-07-24,2026-07-23,delivered,store,high,EUR,card,CGN1,Berlin,Berlin,1608.47,0,4.9,1.5,6,,
371,241,2025-03-13,2025-03-15,2025-03-12,delivered,web,high,USD,paypal,CGN1,Berlin,Berlin,2325.59,0,0,1.5,11,PO-2026-00371,
372,324,2026-03-10,2026-03-24,2026-03-24,shipped,store,high,CHF,paypal,MUC2,Leipzig,Leipzig,1700.13,0,12.9,0,8,PO-2024-00372,call before delivery
373,252,2026-06-29,2026-07-01,,open,phone,high,CHF,card,CGN1,München,Stuttgart,2353.62,0,12.9,0,1,,call before delivery
374,114,2026-02-27,2026-03-04,2026-03-02,delivered,phone,normal,EUR,prepay,HH1,Frankfurt,Frankfurt,1352.08,0,4.9,0,6,PO-2026-00374,
375,185,2024-08-23,2024-08-28,2024-08-27,delivered,partner,normal,EUR,paypal,HH1,Hamburg,Hamburg,3095.41,0,12.9,1.5,11,PO-2024-00375,leave at gate
376,119,2025-01-24,2025-02-04,,open,web,normal,EUR,prepay,HH1,Stuttgart,Stuttgart,985.99,0,4.9,2.9,5,PO-2025-00376,leave at gate
377,212,2026-02-06,2026-02-15,,cancelled,partner,normal,CHF,invoice,HH1,Frankfurt,Frankfurt,1515.72,0,0,1.5,4,PO-2026-00377,
378,182,2026-05-06,2026-05-18,,open,store,rush,EUR,sepa,CGN1,Frankfurt,Frankfurt,3756.28,15,4.9,0,8,,
379,70,2025-06-15,2025-06-28,2025-06-26,shipped,partner,rush,EUR,paypal,MUC2,Berlin,Berlin,3885.24,0,0,0,6,PO-2025-00379,
380,100,2025-01-08,2025-01-13,2025-01-11,delivered,store,high,EUR,prepay,CGN1,Köln,Köln,617.98,0,0,2.9,6,PO-2026-00380,
381,18,2026-01-22,2026-01-26,2026-01-26,delivered,web,high,EUR,invoice,BER3,Leipzig,Hamburg,1854.82,0,12.9,0,12,,leave at gate
382,310,2025-03-26,2025-04-04,2025-04-02,shipped,phone,high,USD,sepa,HH1,Berlin,Berlin,861.75,0,7.9,2.9,2,,
383,299,2024-05-12,2024-05-18,2024-05-18,delivered,phone,normal,EUR,card,CGN1,Köln,Köln,3213.78,0,0,2.9,4,,call before delivery
384,72,2024-12-01,2024-12-15,2024-12-14,delivered,phone,normal,EUR,invoice,MUC2,Hamburg,Hamburg,3875.05,0,12.9,0,7,PO-2024-00384,leave at gate
385,204,2024-07-11,2024-07-20,2024-07-18,delivered,edi,rush,EUR,sepa,CGN1,Leipzig,Leipzig,2049.12,40,12.9,0,9,,call before delivery
386,283,2026-03-01,2026-03-15,2026-03-13,delivered,store,normal,USD,card,HH1,Berlin,Berlin,902.89,25,7.9,0,2,PO-2026-00386,
387,173,2024-05-09,2024-05-17,2024-05-16,delivered,phone,normal,EUR,card,CGN1,Frankfurt,Frankfurt,1215.26,40,0,0,12,,
388,214,2025-07-06,2025-07-09,2025-07-08,shipped,edi,normal,EUR,prepay,BER3,Stuttgart,Köln,2319.09,0,7.9,0,8,PO-2025-00388,leave at gate
389,303,2025-03-07,2025-03-10,2025-03-08,delivered,edi,high,EUR,prepay,HH1,Stuttgart,Stuttgart,2381.41,0,7.9,0,8,PO-2026-00389,
390,87,2026-02-21,2026-03-05,,cancelled,store,rush,USD,card,MUC2,Frankfurt,Frankfurt,1809.38,0,12.9,0,11,PO-2024-00390,call before delivery
391,236,2024-05-06,2024-05-10,2024-05-08,delivered,partner,normal,EUR,prepay,CGN1,Frankfurt,Frankfurt,1466.29,0,4.9,2.9,2,,leave at gate
392,255,2024-11-01,2024-11-15,2024-11-13,delivered,partner,normal,CHF,sepa,HH1,Stuttgart,Stuttgart,2622.94,80,4.9,0,12,PO-2026-00392,
393,283,2026-02-15,2026-02-27,2026-02-24,shipped,store,rush,EUR,invoice,CGN1,Berlin,Berlin,724.59,0,7.9,0,2,,call before delivery
394,192,2025-03-05,2025-03-08,2025-03-05,delivered,phone,rush,EUR,prepay,BER3,München,München,1298.99,25,0,0,6,PO-2025-00394,leave at gate
395,329,2025-01-19,2025-01-30,2025-01-30,delivered,edi,normal,EUR,card,CGN1,Berlin,Berlin,2286.16,40,0,0,8,,leave at gate
396,21,2024-12-21,2025-01-04,2025-01-01,delivered,web,normal,USD,card,HH1,Stuttgart,Stuttgart,4730.98,80,0,2.9,10,PO-2024-00396,call before delivery
397,15,2026-01-16,2026-01-21,2026-01-19,delivered,store,normal,EUR,paypal,CGN1,Hamburg,Hamburg,3097.54,25,7.9,1.5,5,PO-2025-00397,call before delivery
398,206,2026-03-10,2026-03-21,2026-03-20,delivered,partner,high,EUR,invoice,BER3,München,München,3128.06,0,7.9,1.5,11,PO-2026-00398,
399,116,2024-09-28,2024-10-12,2024-10-11,delivered,phone,high,EUR,invoice,MUC2,Stuttgart,Stuttgart,2311.38,25,12.9,1.5,2,,call before delivery
400,311,2024-07-01,2024-07-14,2024-07-11,delivered,partner,normal,EUR,prepay,CGN1,München,München,3041.43,0,0,0,8,,
401,172,2025-09-20,2025-09-25,2025-09-24,delivered,partner,normal,CHF,card,MUC2,Hamburg,Hamburg,1324.2,0,12.9,0,8,PO-2026-00401,
402,173,2024-09-06,2024-09-16,,cancelled,edi,normal,CHF,card,BER3,Frankfurt,Frankfurt,1237.63,80,12.9,2.9,12,,leave at gate
403,215,2026-04-02,2026-04-12,2026-04-10,delivered,web,normal,EUR,card,MUC2,Stuttgart,Stuttgart,887.21,25,4.9,1.5,6,,leave at gate
404,57,2026-04-06,2026-04-12,2026-04-12,delivered,store,rush,CHF,prepay,BER3,Frankfurt,Frankfurt,572.47,25,4.9,2.9,8,,
405,326,2025-10-27,2025-10-30,,open,partner,high,EUR,prepay,BER3,Stuttgart,Stuttgart,1626.94,0,0,1.5,9,,
406,124,2025-11-08,2025-11-19,2025-11-16,delivered,phone,high,EUR,prepay,HH1,München,München,1117.61,15,7.9,0,1,PO-2025-00406,
407,39,2025-09-20,2025-10-01,,open,phone,normal,EUR,paypal,HH1,München,München,1232.52,0,4.9,0,2,PO-2026-00407,leave at gate
408,229,2026-04-04,2026-04-07,2026-04-05,delivered,partner,normal,CHF,sepa,BER3,Berlin,Berlin,152.9,0,7.9,0,9,PO-2024-00408,
409,44,2024-12-13,2024-12-23,2024-12-23,delivered,partner,normal,EUR,invoice,HH1,Berlin,Berlin,4648.07,15,0,0,5,PO-2025-00409,
410,331,2025-07-30,2025-08-03,2025-08-02,delivered,partner,normal,EUR,prepay,CGN1,Frankfurt,Frankfurt,379.95,0,4.9,2.9,8,,
411,259,2024-02-01,2024-02-04,2024-02-02,delivered,phone,normal,EUR,paypal,MUC2,Berlin,Berlin,1251.14,0,7.9,1.5,4,,call before delivery
412,318,2026-05-01,2026-05-06,2026-05-04,delivered,phone,normal,CHF,card,BER3,Berlin,Berlin,456.03,0,0,1.5,12,PO-2025-00412,leave at gate
413,347,2024-04-11,2024-04-17,2024-04-15,delivered,phone,rush,EUR,sepa,BER3,Berlin,Berlin,2065.97,25,12.9,0,1,PO-2026-00413,leave at gate
414,97,2024-06-13,2024-06-27,2024-06-27,delivered,edi,normal,EUR,invoice,CGN1,Stuttgart,Leipzig,1733.26,15,12.9,1.5,6,,
415,26,2025-07-01,2025-07-11,,open,web,rush,USD,prepay,MUC2,München,München,2692.23,40,4.9,1.5,3,,
416,54,2025-04-13,2025-04-22,,cancelled,phone,normal,EUR,paypal,MUC2,Leipzig,Hamburg,1846.21,25,0,0,5,,
417,193,2024-06-30,2024-07-04,,cancelled,phone,normal,USD,sepa,BER3,Hamburg,Hamburg,2401.94,25,12.9,0,8,,call before delivery
418,157,2025-02-23,2025-02-28,2025-02-25,delivered,partner,normal,CHF,invoice,BER3,Stuttgart,Stuttgart,968.9,40,12.9,1.5,1,,
419,64,2024-06-11,2024-06-24,2024-06-22,delivered,store,high,USD,sepa,CGN1,Köln,Köln,2752.68,0,7.9,0,8,PO-2026-00419,
420,116,2024-03-29,2024-04-07,2024-04-07,delivered,web,normal,EUR,paypal,MUC2,Stuttgart,Stuttgart,1407.1,0,0,2.9,2,,
421,218,2025-03-24,2025-04-06,2025-04-04,delivered,web,normal,EUR,sepa,CGN1,Stuttgart,Köln,974.42,0,4.9,0,8,PO-2025-00421,
422,83,2024-10-25,2024-10-27,2024-10-24,delivered,web,normal,USD,prepay,CGN1,München,München,718.38,0,7.9,2.9,11,PO-2026-00422,call before delivery
423,346,2024-02-03,2024-02-05,2024-02-04,delivered,web,normal,EUR,paypal,HH1,Leipzig,Leipzig,253.45,0,7.9,1.5,3,,
424,,2025-07-31,2025-08-12,2025-08-09,delivered,store,normal,CHF,prepay,CGN1,Hamburg,Hamburg,469.11,80,12.9,1.5,11,,leave at gate
425,83,2025-04-10,2025-04-18,2025-04-16,delivered,phone,high,EUR,paypal,CGN1,München,München,1520.57,0,7.9,0,11,PO-2026-00425,
426,69,2026-05-10,2026-05-19,2026-05-16,delivered,store,rush,CHF,sepa,CGN1,Leipzig,Leipzig,1006.7,40,12.9,2.9,3,PO-2024-00426,
427,106,2025-08-05,2025-08-12,2025-08-10,shipped,phone,rush,EUR,paypal,HH1,Leipzig,Leipzig,753.89,25,12.9,2.9,3,PO-2025-00427,leave at gate
428,141,2024-06-21,2024-06-30,2024-06-30,delivered,phone,rush,USD,card,CGN1,München,Leipzig,603.45,40,12.9,0,12,,
429,335,2026-03-11,2026-03-24,2026-03-23,delivered,store,high,USD,prepay,HH1,Hamburg,Hamburg,252.57,25,12.9,0,12,,
430,61,2024-06-18,2024-06-23,2024-06-21,delivered,web,high,USD,sepa,BER3,Hamburg,Hamburg,1936.43,25,4.9,0,6,,call before delivery
431,327,2024-06-12,2024-06-16,2024-06-13,delivered,partner,normal,EUR,card,BER3,Hamburg,Hamburg,1456.1,40,0,2.9,3,PO-2026-00431,leave at gate
432,278,2024-06-23,2024-07-02,2024-07-02,delivered,store,high,EUR,invoice,CGN1,Leipzig,Leipzig,3518.6,25,12.9,0,11,PO-2024-00432,call before delivery
433,81,2024-04-23,2024-05-06,,cancelled,web,high,USD,paypal,HH1,Köln,Köln,817.42,0,7.9,1.5,9,,
434,145,2024-07-15,2024-07-19,2024-07-19,delivered,phone,high,EUR,paypal,BER3,Leipzig,Leipzig,1440.52,0,12.9,1.5,5,PO-2026-00434,leave at gate
435,194,2025-07-18,2025-07-26,,open,phone,rush,CHF,paypal,HH1,Berlin,Berlin,493.29,0,0,1.5,12,PO-2024-00435,leave at gate
436,298,2026-05-24,2026-06-06,,cancelled,partner,normal,CHF,sepa,CGN1,Hamburg,Hamburg,1445.7,25,4.9,1.5,3,PO-2025-00436,
437,187,2026-06-01,2026-06-04,2026-06-03,delivered,partner,normal,EUR,prepay,MUC2,Hamburg,Hamburg,392.79,0,0,0,10,,
438,201,2026-06-10,2026-06-21,2026-06-21,delivered,web,normal,EUR,invoice,MUC2,Köln,Köln,1762.38,80,7.9,0,4,,
439,133,2024-08-03,2024-08-08,,open,store,normal,CHF,sepa,HH1,Stuttgart,Stuttgart,1585.99,25,4.9,2.9,3,PO-2025-00439,
440,111,2024-09-26,2024-10-01,2024-09-30,shipped,partner,normal,EUR,paypal,CGN1,Köln,Köln,883.62,0,0,0,2,PO-2026-00440,call before delivery
441,144,2026-04-24,2026-05-08,2026-05-07,delivered,web,normal,EUR,paypal,CGN1,Köln,Hamburg,1898.53,0,7.9,1.5,4,,leave at gate
442,219,2024-01-07,2024-01-18,,cancelled,partner,high,CHF,sepa,BER3,Leipzig,Leipzig,487.63,25,7.9,0,6,PO-2025-00442,leave at gate
443,106,2024-08-21,2024-08-30,2024-08-28,delivered,store,rush,CHF,paypal,MUC2,Leipzig,Leipzig,229.78,25,12.9,2.9,3,,leave at gate
444,76,2026-03-18,2026-03-20,2026-03-17,delivered,phone,normal,USD,card,MUC2,Köln,Köln,1981.81,0,12.9,1.5,10,PO-2024-00444,
445,111,2024-01-23,2024-02-01,2024-01-29,delivered,store,rush,EUR,paypal,HH1,Köln,Köln,1228.2,15,4.9,0,2,PO-2025-00445,call before delivery
446,170,2024-05-24,2024-05-26,2024-05-24,shipped,phone,high,EUR,prepay,BER3,Hamburg,Hamburg,1285.85,0,12.9,2.9,12,,call before delivery
447,222,2026-04-06,2026-04-15,2026-04-13,delivered,store,normal,EUR,sepa,MUC2,Stuttgart,Köln,1082.44,80,0,0,7,,leave at gate
448,323,2024-12-14,2024-12-28,2024-12-27,delivered,edi,normal,EUR,paypal,BER3,Leipzig,Köln,3514.76,0,4.9,1.5,9,PO-2025-00448,
449,80,2025-09-30,2025-10-09,2025-10-06,delivered,phone,high,EUR,sepa,HH1,Frankfurt,Frankfurt,1219.75,80,7.9,0,8,PO-2026-00449,
450,281,2025-07-29,2025-08-09,2025-08-08,shipped,phone,normal,EUR,invoice,MUC2,Köln,Köln,177.22,25,12.9,1.5,4,PO-2024-00450,
451,,2025-12-18,2025-12-24,2025-12-24,delivered,web,rush,EUR,sepa,BER3,Hamburg,Hamburg,1949.37,15,4.9,0,1,,leave at gate
452,323,2024-06-09,2024-06-15,2024-06-14,delivered,edi,rush,EUR,card,MUC2,Leipzig,Leipzig,1726.94,0,7.9,2.9,9,PO-2026-00452,
453,321,2025-05-03,2025-05-15,2025-05-13,delivered,store,normal,EUR,prepay,HH1,Frankfurt,Frankfurt,2384.56,40,0,2.9,3,PO-2024-00453,
454,31,2026-01-10,2026-01-14,2026-01-14,delivered,edi,normal,EUR,invoice,CGN1,München,Köln,795.49,0,0,0,3,PO-2025-00454,call before delivery
455,287,2025-02-14,2025-02-19,2025-02-16,delivered,phone,normal,EUR,card,MUC2,Frankfurt,Frankfurt,289.34,40,4.9,0,2,,
456,143,2024-09-02,2024-09-12,,open,partner,high,CHF,paypal,HH1,Frankfurt,Frankfurt,1368.29,0,4.9,0,6,PO-2024-00456,
457,243,2025-07-17,2025-07-28,,open,store,normal,EUR,invoice,CGN1,Stuttgart,Stuttgart,2172.29,0,4.9,0,7,,leave at gate
458,310,2024-01-08,2024-01-18,2024-01-15,delivered,phone,normal,USD,sepa,CGN1,Berlin,Berlin,1151.22,15,7.9,1.5,2,,leave at gate
459,168,2025-04-07,2025-04-10,,open,web,rush,EUR,card,MUC2,Frankfurt,Frankfurt,1043.04,40,4.9,0,3,,call before delivery
460,123,2026-06-26,2026-07-07,2026-07-05,delivered,phone,normal,EUR,invoice,MUC2,München,München,1967.69,80,0,0,1,,
461,229,2026-01-07,2026-01-17,2026-01-15,delivered,phone,normal,USD,invoice,HH1,Berlin,Stuttgart,2245.64,0,12.9,2.9,9,PO-2026-00461,
462,1,2024-11-06,2024-11-13,2024-11-12,delivered,phone,rush,EUR,invoice,CGN1,Hamburg,Hamburg,1303.17,0,0,0,3,PO-2024-00462,
463,176,2024-05-25,2024-06-03,2024-06-02,shipped,web,normal,EUR,card,BER3,Berlin,Stuttgart,899.13,0,0,0,12,,call before delivery
464,328,2025-05-06,2025-05-18,,open,store,normal,EUR,paypal,BER3,Stuttgart,Stuttgart,698.49,0,0,2.9,5,PO-2026-00464,
465,23,2025-11-03,2025-11-08,,open,partner,normal,EUR,card,MUC2,Berlin,Berlin,1219.41,15,7.9,2.9,4,,
466,253,2025-07-26,2025-08-02,,cancelled,web,high,CHF,paypal,MUC2,München,München,1462.61,0,0,1.5,8,,
467,205,2025-02-20,2025-02-24,2025-02-21,shipped,edi,rush,EUR,paypal,HH1,Frankfurt,Frankfurt,1248.32,80,7.9,1.5,1,,call before delivery
468,272,2025-04-06,2025-04-16,2025-04-15,delivered,edi,high,USD,card,MUC2,Stuttgart,Frankfurt,553.11,0,0,1.5,3,PO-2024-00468,leave at gate
469,245,2026-06-20,2026-06-26,2026-06-25,shipped,phone,high,CHF,invoice,CGN1,Berlin,Berlin,2282.05,0,0,0,8,,leave at gate
470,232,2024-08-12,2024-08-16,2024-08-15,delivered,web,normal,CHF,card,HH1,Frankfurt,Frankfurt,399.53,0,4.9,2.9,1,PO-2026-00470,leave at gate
471,120,2025-07-08,2025-07-10,2025-07-08,delivered,web,normal,EUR,invoice,HH1,Stuttgart,Stuttgart,2122.61,0,0,0,3,,leave at gate
472,237,2024-01-11,2024-01-17,2024-01-14,delivered,edi,rush,USD,prepay,HH1,Köln,Köln,823.53,40,7.9,0,4,,leave at gate
473,16,2024-09-18,2024-10-01,2024-09-29,delivered,store,normal,CHF,invoice,BER3,Berlin,Berlin,1185.76,40,0,2.9,4,PO-2026-00473,call before delivery
474,45,2024-09-08,2024-09-21,2024-09-19,delivered,phone,rush,EUR,sepa,CGN1,Berlin,Berlin,2115.84,0,12.9,2.9,12,,leave at gate
475,241,2024-04-07,2024-04-17,,open,phone,rush,EUR,prepay,BER3,Berlin,Berlin,633.09,0,12.9,0,9,,
476,65,2025-12-15,2025-12-17,2025-12-15,delivered,edi,high,CHF,invoice,MUC2,München,Hamburg,282.38,80,7.9,0,12,PO-2026-00476,leave at gate
477,229,2026-03-05,2026-03-11,2026-03-10,delivered,phone,high,USD,paypal,MUC2,Berlin,Berlin,1548.45,0,12.9,0,9,,
478,76,2024-05-15,2024-05-22,2024-05-19,delivered,web,high,USD,invoice,BER3,Köln,Köln,2746.88,0,12.9,2.9,10,PO-2025-00478,leave at gate
479,91,2024-05-14,2024-05-18,2024-05-18,delivered,web,normal,EUR,prepay,MUC2,Frankfurt,Frankfurt,226.64,80,12.9,0,8,,call before delivery
480,278,2024-03-09,2024-03-14,,cancelled,phone,normal,EUR,card,BER3,Leipzig,Leipzig,2095.13,40,0,0,11,PO-2024-00480,
481,154,2025-08-22,2025-08-31,2025-08-30,delivered,phone,rush,CHF,paypal,MUC2,Berlin,Berlin,1327.11,0,7.9,0,6,PO-2025-00481,
482,70,2026-05-28,2026-06-08,2026-06-07,delivered,phone,rush,EUR,card,CGN1,Berlin,Berlin,772.29,0,12.9,0,6,,
483,233,2024-01-29,2024-02-09,2024-02-08,shipped,phone,rush,USD,prepay,BER3,Frankfurt,Frankfurt,602.03,25,12.9,2.9,2,,
484,302,2024-10-21,2024-10-31,2024-10-31,delivered,phone,normal,EUR,sepa,BER3,Berlin,Berlin,636.78,0,12.9,0,6,,call before delivery
485,310,2025-09-11,2025-09-25,2025-09-24,delivered,store,high,EUR,paypal,CGN1,Berlin,Berlin,1900.88,80,12.9,2.9,2,,
486,155,2024-10-04,2024-10-09,2024-10-08,delivered,partner,high,EUR,sepa,BER3,Leipzig,Leipzig,1778.75,0,7.9,1.5,10,PO-2024-00486,
487,76,2026-04-01,2026-04-15,2026-04-12,delivered,edi,normal,EUR,sepa,MUC2,Köln,Köln,2020.66,25,7.9,0,10,,call before delivery
488,289,2025-01-18,2025-01-22,2025-01-20,shipped,edi,normal,EUR,invoice,BER3,Berlin,Berlin,976.84,15,12.9,1.5,12,,
489,151,2024-09-10,2024-09-16,2024-09-16,delivered,store,rush,USD,invoice,BER3,Frankfurt,Frankfurt,4198.89,15,12.9,0,6,PO-2024-00489,
490,214,2026-02-17,2026-02-27,2026-02-25,delivered,phone,normal,CHF,card,HH1,Stuttgart,Stuttgart,1599.9,0,7.9,0,8,PO-2025-00490,
491,160,2024-10-18,2024-10-22,2024-10-22,delivered,edi,high,EUR,card,BER3,Köln,Köln,268.84,15,7.9,0,3,,
492,156,2026-04-08,2026-04-17,2026-04-16,delivered,phone,normal,EUR,invoice,HH1,Berlin,Berlin,390.67,40,4.9,0,1,PO-2024-00492,leave at gate
493,132,2024-04-12,2024-04-25,2024-04-22,delivered,edi,rush,EUR,prepay,CGN1,Berlin,Berlin,1479.72,80,12.9,0,6,,leave at gate
494,304,2024-12-16,2024-12-23,2024-12-22,delivered,web,rush,EUR,paypal,MUC2,Leipzig,Leipzig,1430.52,40,12.9,0,3,PO-2026-00494,call before delivery
495,170,2026-07-09,2026-07-21,2026-07-21,shipped,store,normal,CHF,prepay,CGN1,Hamburg,Hamburg,1835.98,80,0,0,12,PO-2024-00495,leave at gate
496,248,2024-04-01,2024-04-10,2024-04-09,delivered,phone,normal,USD,prepay,MUC2,Frankfurt,Frankfurt,924.74,15,7.9,1.5,1,,call before delivery
497,143,2024-02-16,2024-02-26,2024-02-24,delivered,store,normal,EUR,card,BER3,Frankfurt,Frankfurt,1358.11,0,7.9,0,6,,
498,92,2025-06-17,2025-06-27,,open,store,rush,EUR,card,HH1,Berlin,Berlin,1065.32,0,4.9,1.5,3,PO-2024-00498,
499,97,2024-05-17,2024-05-30,2024-05-29,delivered,phone,normal,EUR,invoice,CGN1,Stuttgart,Frankfurt,2406.37,0,12.9,1.5,6,PO-2025-00499,
500,32,2025-02-07,2025-02-18,2025-02-16,shipped,edi,high,CHF,card,BER3,München,München,2624.91,0,4.9,0,10,PO-2026-00500,
501,22,2024-03-09,2024-03-21,,cancelled,store,rush,USD,paypal,CGN1,Köln,Köln,68.22,15,12.9,2.9,4,,leave at gate
502,304,2025-02-21,2025-02-24,2025-02-22,shipped,partner,normal,USD,paypal,BER3,Leipzig,Leipzig,517.29,0,0,0,3,PO-2025-00502,call before delivery
503,9,2024-08-08,2024-08-20,2024-08-18,delivered,store,normal,EUR,invoice,MUC2,Köln,Köln,1764.95,0,12.9,0,3,PO-2026-00503,leave at gate
504,221,2026-06-22,2026-07-04,2026-07-04,shipped,partner,high,EUR,sepa,BER3,Leipzig,Leipzig,1505.55,0,4.9,0,10,,
505,209,2026-04-20,2026-04-27,2026-04-26,delivered,partner,normal,EUR,invoice,MUC2,Berlin,Berlin,517.24,80,0,1.5,11,,
506,999999,2024-11-18,2024-11-25,2024-11-23,delivered,partner,high,EUR,prepay,HH1,München,Frankfurt,531.77,40,7.9,2.9,12,PO-2026-00506,
507,318,2026-01-16,2026-01-28,2026-01-25,delivered,partner,normal,EUR,card,HH1,Berlin,Berlin,925.52,0,12.9,1.5,12,PO-2024-00507,
508,164,2024-01-07,2024-01-15,,cancelled,edi,high,EUR,invoice,HH1,Leipzig,Leipzig,1103.46,0,12.9,0,4,PO-2025-00508,leave at gate
509,126,2025-04-24,2025-05-06,2025-05-03,delivered,partner,high,CHF,sepa,CGN1,Leipzig,Leipzig,1051.06,80,0,0,1,PO-2026-00509,
510,344,2025-06-16,2025-06-24,2025-06-21,delivered,partner,high,USD,sepa,BER3,Berlin,Berlin,996.41,0,4.9,0,11,PO-2024-00510,call before delivery
511,147,2024-04-19,2024-04-23,2024-04-23,delivered,edi,high,CHF,paypal,BER3,München,München,1098.53,0,4.9,2.9,6,PO-2025-00511,
512,280,2025-11-09,2025-11-17,,open,phone,rush,CHF,invoice,CGN1,Köln,Hamburg,2816.62,0,12.9,2.9,7,PO-2026-00512,leave at gate
513,286,2025-02-09,2025-02-20,2025-02-19,delivered,partner,normal,USD,sepa,BER3,Frankfurt,Hamburg,491.86,0,7.9,0,12,PO-2024-00513,
514,250,2025-05-19,2025-05-28,2025-05-27,delivered,web,normal,EUR,sepa,CGN1,Berlin,Berlin,1190.07,0,0,0,5,PO-2025-00514,
515,193,2024-04-12,2024-04-26,,open,phone,rush,CHF,invoice,CGN1,Hamburg,Hamburg,1475.75,0,0,0,8,,
516,167,2024-05-21,2024-05-30,,open,edi,normal,EUR,invoice,BER3,Leipzig,Leipzig,1972.66,15,4.9,0,11,PO-2024-00516,leave at gate
517,212,2025-06-05,2025-06-19,2025-06-17,delivered,partner,normal,EUR,paypal,MUC2,Frankfurt,Frankfurt,901.96,40,12.9,0,4,PO-2025-00517,
518,65,2024-05-31,2024-06-14,2024-06-12,shipped,partner,normal,CHF,paypal,BER3,München,München,1052.41,0,0,1.5,12,,call before delivery
519,120,2026-07-06,2026-07-13,2026-07-13,delivered,web,normal,EUR,paypal,MUC2,Stuttgart,Stuttgart,254.15,0,12.9,0,3,PO-2024-00519,leave at gate
520,189,2025-04-05,2025-04-07,2025-04-06,shipped,partner,rush,EUR,paypal,CGN1,Leipzig,Leipzig,1034.83,40,7.9,0,12,,
521,288,2024-10-11,2024-10-23,2024-10-21,delivered,partner,high,EUR,invoice,HH1,Stuttgart,Stuttgart,1373.77,40,0,0,7,,
522,194,2025-11-27,2025-12-05,2025-12-05,delivered,store,high,USD,paypal,HH1,Berlin,Berlin,2727.73,15,12.9,0,12,PO-2024-00522,
523,244,2025-04-19,2025-04-28,2025-04-26,delivered,partner,normal,EUR,prepay,CGN1,Stuttgart,Stuttgart,1739.51,0,7.9,0,6,PO-2025-00523,
524,219,2024-05-02,2024-05-04,2024-05-02,delivered,edi,normal,CHF,prepay,MUC2,Leipzig,Leipzig,715.17,0,7.9,2.9,6,,
525,230,2025-07-28,2025-07-31,2025-07-29,delivered,phone,rush,EUR,invoice,MUC2,Köln,Leipzig,1641.68,0,0,2.9,11,PO-2024-00525,call before delivery
526,243,2024-06-14,2024-06-28,2024-06-26,delivered,partner,normal,EUR,card,HH1,Stuttgart,Hamburg,1176.5,0,7.9,0,7,,
527,156,2024-07-02,2024-07-11,2024-07-09,shipped,web,high,EUR,sepa,MUC2,Berlin,Berlin,1189.03,0,12.9,0,1,PO-2026-00527,call before delivery
528,47,2024-03-05,2024-03-07,2024-03-05,shipped,store,rush,EUR,prepay,BER3,Hamburg,Hamburg,829.7,0,12.9,1.5,8,PO-2024-00528,leave at gate
529,37,2026-02-01,2026-02-08,2026-02-06,shipped,phone,normal,EUR,paypal,MUC2,Berlin,Berlin,496.23,80,12.9,2.9,6,PO-2025-00529,call before delivery
530,243,2026-02-06,2026-02-09,2026-02-09,delivered,edi,normal,CHF,paypal,CGN1,Stuttgart,Stuttgart,376.67,80,0,0,7,,call before delivery
531,310,2026-04-21,2026-05-03,2026-05-02,delivered,partner,rush,EUR,sepa,CGN1,Berlin,Berlin,1574.36,0,0,1.5,2,,call before delivery
532,999999,2025-01-13,2025-01-26,2025-01-26,shipped,phone,normal,EUR,invoice,HH1,Leipzig,Frankfurt,315.76,15,7.9,0,4,PO-2025-00532,
533,121,2025-08-19,2025-09-02,2025-08-31,delivered,edi,high,EUR,paypal,HH1,Köln,Köln,750.66,15,7.9,0,11,,
534,155,2026-01-28,2026-01-30,,open,store,high,CHF,prepay,HH1,Leipzig,Leipzig,1102.54,0,0,2.9,10,,
535,93,2024-07-08,2024-07-13,2024-07-12,delivered,phone,normal,CHF,invoice,CGN1,Stuttgart,Stuttgart,1790.8,0,0,2.9,8,,
536,135,2024-03-01,2024-03-08,2024-03-07,delivered,store,rush,USD,sepa,CGN1,Köln,Köln,92.47,40,4.9,1.5,12,,
537,,2025-10-25,2025-11-07,2025-11-05,delivered,phone,normal,USD,invoice,MUC2,Hamburg,Hamburg,404.19,0,12.9,0,12,PO-2024-00537,
538,39,2025-12-01,2025-12-13,2025-12-12,delivered,web,normal,CHF,invoice,CGN1,München,München,3941.16,15,0,0,2,PO-2025-00538,
539,190,2025-02-24,2025-03-08,2025-03-07,delivered,phone,rush,EUR,card,MUC2,Berlin,Berlin,419.64,15,12.9,0,6,,leave at gate
540,24,2024-08-09,2024-08-14,2024-08-11,delivered,web,high,EUR,sepa,CGN1,Hamburg,Hamburg,874.27,0,12.9,1.5,10,,leave at gate
541,307,2024-03-07,2024-03-20,2024-03-18,delivered,store,rush,EUR,card,BER3,Berlin,Berlin,2384.65,0,12.9,0,8,,
542,282,2025-01-28,2025-02-10,2025-02-08,shipped,edi,high,EUR,sepa,CGN1,Köln,Köln,350.2,0,0,1.5,3,PO-2026-00542,
543,166,2024-09-15,2024-09-19,2024-09-19,delivered,partner,rush,USD,sepa,HH1,Frankfurt,Frankfurt,882.83,0,12.9,0,9,PO-2024-00543,call before delivery
544,248,2024-09-14,2024-09-17,2024-09-14,delivered,store,normal,EUR,sepa,HH1,Frankfurt,Köln,1974.96,0,12.9,1.5,1,PO-2025-00544,
545,287,2024-08-21,2024-08-26,2024-08-23,delivered,web,normal,CHF,paypal,HH1,Frankfurt,Frankfurt,1411.84,0,0,0,2,,leave at gate
546,127,2026-01-25,2026-02-05,2026-02-02,shipped,web,high,USD,paypal,MUC2,Berlin,Berlin,1460.9,0,7.9,0,7,,
547,144,2026-03-21,2026-04-03,2026-04-01,delivered,edi,normal,EUR,paypal,MUC2,Köln,Köln,745.01,0,0,2.9,4,,
548,340,2024-08-22,2024-09-05,2024-09-02,delivered,edi,normal,EUR,invoice,HH1,Frankfurt,Frankfurt,3467.59,40,7.9,1.5,11,PO-2026-00548,
549,25,2026-01-20,2026-01-29,2026-01-29,shipped,store,normal,USD,card,HH1,Berlin,Berlin,854.87,0,4.9,1.5,12,,
550,175,2026-05-04,2026-05-12,2026-05-12,delivered,phone,high,EUR,prepay,MUC2,Stuttgart,Stuttgart,2481.22,0,4.9,2.9,5,,
551,85,2024-08-04,2024-08-10,,open,edi,high,CHF,card,MUC2,Frankfurt,Berlin,1269.6,40,4.9,0,5,PO-2026-00551,leave at gate
552,150,2025-09-12,2025-09-18,2025-09-15,shipped,edi,rush,EUR,prepay,HH1,Köln,Köln,2231.85,0,4.9,2.9,3,PO-2024-00552,
553,309,2026-05-27,2026-06-06,2026-06-05,shipped,phone,normal,EUR,prepay,HH1,München,München,1569.12,0,0,0,9,,call before delivery
554,50,2024-09-22,2024-10-01,2024-09-30,shipped,phone,normal,EUR,prepay,MUC2,München,München,1885.51,0,0,2.9,5,PO-2026-00554,
555,188,2025-04-16,2025-04-30,2025-04-30,shipped,web,normal,EUR,invoice,CGN1,Leipzig,Leipzig,2116.24,25,0,0,11,,
556,106,2025-05-07,2025-05-20,,cancelled,phone,high,EUR,paypal,HH1,Leipzig,Leipzig,2093.68,25,0,0,3,PO-2025-00556,call before delivery
557,150,2024-06-12,2024-06-22,2024-06-22,shipped,phone,normal,EUR,prepay,HH1,Köln,Köln,577.52,80,7.9,2.9,3,PO-2026-00557,leave at gate
558,23,2025-09-05,2025-09-17,,open,partner,normal,EUR,prepay,CGN1,Berlin,Berlin,1147.46,0,12.9,1.5,4,PO-2024-00558,
559,81,2026-03-27,2026-04-03,2026-04-01,shipped,phone,rush,EUR,prepay,HH1,Köln,Köln,555.31,25,7.9,0,9,PO-2025-00559,
560,324,2025-04-16,2025-04-19,2025-04-19,delivered,partner,normal,EUR,paypal,CGN1,Leipzig,Leipzig,880.92,0,4.9,0,8,PO-2026-00560,
561,149,2026-05-27,2026-06-06,2026-06-05,delivered,store,normal,USD,invoice,BER3,Stuttgart,Stuttgart,1335.48,80,12.9,0,12,PO-2024-00561,
562,235,2025-09-25,2025-09-29,2025-09-29,delivered,phone,rush,EUR,sepa,BER3,Stuttgart,Stuttgart,1154.41,15,12.9,1.5,1,PO-2025-00562,call before delivery
563,21,2026-04-21,2026-05-05,2026-05-03,delivered,partner,normal,EUR,paypal,MUC2,Stuttgart,Stuttgart,2758.86,40,4.9,1.5,10,PO-2026-00563,
564,12,2025-11-15,2025-11-25,2025-11-25,shipped,phone,normal,EUR,card,MUC2,Hamburg,Hamburg,1892.96,40,7.9,1.5,6,PO-2024-00564,
565,34,2025-11-20,2025-11-25,2025-11-24,delivered,phone,high,EUR,prepay,CGN1,Frankfurt,Frankfurt,3141.67,0,7.9,0,4,,
566,127,2026-04-06,2026-04-19,2026-04-19,shipped,edi,normal,USD,card,MUC2,Berlin,Berlin,1429.44,0,12.9,2.9,7,,
567,73,2025-02-18,2025-03-03,2025-03-03,delivered,web,rush,EUR,paypal,HH1,Stuttgart,Stuttgart,1643.82,0,12.9,0,4,PO-2024-00567,leave at gate
568,304,2026-07-02,2026-07-13,,open,web,high,CHF,invoice,MUC2,Leipzig,Leipzig,2006.18,0,0,0,3,PO-2025-00568,
569,224,2024-12-07,2024-12-20,2024-12-17,delivered,web,normal,CHF,sepa,CGN1,Leipzig,Leipzig,739.7,15,7.9,0,3,PO-2026-00569,call before delivery
570,68,2026-06-10,2026-06-15,2026-06-14,delivered,store,rush,EUR,invoice,MUC2,Stuttgart,Stuttgart,2917.38,15,0,1.5,8,PO-2024-00570,
571,85,2024-08-08,2024-08-14,2024-08-12,delivered,partner,rush,EUR,invoice,CGN1,Frankfurt,Leipzig,1192.14,0,4.9,2.9,5,,call before delivery
572,310,2025-02-21,2025-02-26,,cancelled,store,rush,CHF,paypal,HH1,Berlin,Berlin,641.17,25,0,1.5,2,PO-2026-00572,
573,10,2024-02-13,2024-02-21,,cancelled,store,normal,EUR,paypal,MUC2,Berlin,Berlin,1532.47,0,4.9,1.5,6,PO-2024-00573,
574,96,2026-02-25,2026-03-07,2026-03-06,shipped,store,normal,CHF,paypal,BER3,Köln,Köln,721.59,25,0,2.9,2,,
575,304,2026-05-01,2026-05-07,2026-05-07,shipped,edi,rush,EUR,sepa,CGN1,Leipzig,Leipzig,1306.55,0,0,0,3,,
576,121,2024-08-27,2024-09-08,2024-09-06,delivered,store,normal,USD,invoice,CGN1,Köln,Stuttgart,1005.69,0,0,0,11,,call before delivery
577,101,2024-01-17,2024-01-31,2024-01-28,delivered,edi,rush,EUR,prepay,BER3,Köln,Köln,633.5,15,4.9,2.9,7,PO-2025-00577,
578,216,2025-08-16,2025-08-27,2025-08-27,delivered,partner,normal,USD,sepa,MUC2,Köln,München,2162.59,0,4.9,1.5,8,PO-2026-00578,
579,77,2026-03-05,2026-03-15,,cancelled,store,normal,CHF,invoice,BER3,München,München,1227.89,0,12.9,0,3,,
580,96,2026-02-06,2026-02-18,2026-02-16,shipped,phone,normal,USD,invoice,CGN1,Köln,Köln,699.3,0,4.9,1.5,2,,leave at gate
581,65,2024-05-25,2024-06-04,2024-06-03,delivered,store,high,USD,card,BER3,München,München,634.67,40,7.9,0,12,PO-2026-00581,leave at gate
582,204,2025-02-20,2025-03-06,2025-03-03,delivered,web,normal,EUR,prepay,CGN1,Leipzig,Leipzig,676.82,0,0,2.9,9,,
583,107,2026-03-06,2026-03-18,2026-03-18,shipped,web,normal,CHF,card,HH1,Leipzig,Leipzig,860.65,0,7.9,1.5,5,,leave at gate
584,230,2024-03-05,2024-03-08,,cancelled,phone,high,EUR,invoice,HH1,Köln,Köln,2567.7,40,4.9,0,11,PO-2026-00584,call before delivery
585,40,2026-05-28,2026-06-08,2026-06-05,delivered,store,normal,EUR,sepa,MUC2,München,München,976.74,40,4.9,0,1,PO-2024-00585,leave at gate
586,166,2025-02-04,2025-02-18,2025-02-15,shipped,phone,normal,EUR,invoice,HH1,Frankfurt,Frankfurt,2098.45,80,4.9,2.9,9,PO-2025-00586,leave at gate
587,26,2024-06-13,2024-06-21,2024-06-19,delivered,web,normal,EUR,card,BER3,München,München,1262.24,0,7.9,0,3,,call before delivery
588,94,2024-07-26,2024-08-04,2024-08-04,delivered,phone,normal,EUR,invoice,MUC2,Köln,Köln,521.66,0,12.9,0,8,PO-2024-00588,leave at gate
589,298,2025-11-16,2025-11-21,2025-11-20,delivered,store,normal,USD,sepa,CGN1,Hamburg,Hamburg,2096.88,25,12.9,0,3,PO-2025-00589,
590,189,2024-02-18,2024-02-24,2024-02-22,shipped,web,normal,CHF,card,CGN1,Leipzig,Leipzig,860.79,0,0,2.9,12,PO-2026-00590,
591,271,2026-01-28,2026-01-30,2026-01-29,delivered,web,rush,USD,prepay,MUC2,München,München,579.5,0,4.9,0,1,PO-2024-00591,leave at gate
592,316,2024-12-14,2024-12-19,2024-12-18,delivered,web,normal,USD,sepa,BER3,Berlin,Berlin,2278.44,80,4.9,2.9,10,PO-2025-00592,leave at gate
593,12,2025-05-19,2025-05-28,2025-05-25,delivered,web,rush,CHF,card,BER3,Hamburg,Hamburg,746.24,40,12.9,0,6,,
594,2,2025-01-20,2025-02-01,2025-01-30,delivered,partner,normal,EUR,paypal,CGN1,Köln,Köln,1775.31,0,4.9,0,9,PO-2024-00594,leave at gate
595,153,2025-02-18,2025-02-25,2025-02-22,delivered,store,normal,USD,prepay,CGN1,Berlin,Berlin,788.51,0,0,0,12,,call before delivery
596,9,2024-06-11,2024-06-23,2024-06-20,shipped,edi,high,USD,sepa,MUC2,Köln,Köln,1667.75,25,0,0,3,,
597,167,2024-12-21,2024-12-24,2024-12-22,delivered,phone,normal,USD,paypal,BER3,Leipzig,Leipzig,2647.03,80,0,2.9,11,PO-2024-00597,
598,330,2024-08-19,2024-08-30,2024-08-27,shipped,store,normal,USD,prepay,BER3,Hamburg,Hamburg,1335.36,0,12.9,2.9,10,,
599,71,2024-11-23,2024-12-01,2024-11-30,delivered,phone,high,EUR,sepa,HH1,Hamburg,Hamburg,1399.53,0,7.9,0,2,,leave at gate
600,193,2025-12-03,2025-12-13,2025-12-12,delivered,partner,high,EUR,sepa,MUC2,Hamburg,Berlin,2542.29,0,4.9,1.5,8,PO-2024-00600,leave at gate
601,208,2026-04-26,2026-05-10,2026-05-07,delivered,phone,normal,USD,prepay,HH1,München,München,984.58,0,4.9,1.5,3,PO-2025-00601,call before delivery
602,197,2026-01-09,2026-01-20,,cancelled,phone,rush,USD,card,MUC2,Berlin,Berlin,710.32,25,12.9,0,12,,call before delivery
603,293,2024-04-18,2024-04-28,2024-04-26,delivered,store,high,EUR,prepay,CGN1,Berlin,Berlin,1170.26,25,0,2.9,8,,call before delivery
604,128,2024-01-08,2024-01-17,2024-01-14,shipped,phone,normal,EUR,prepay,CGN1,Köln,Köln,718.86,0,0,0,7,PO-2025-00604,
605,215,2024-08-03,2024-08-10,2024-08-08,delivered,phone,normal,EUR,card,CGN1,Stuttgart,Stuttgart,687.04,15,12.9,0,6,PO-2026-00605,leave at gate
606,304,2024-04-09,2024-04-20,2024-04-18,shipped,phone,normal,EUR,invoice,HH1,Leipzig,Leipzig,2084.51,25,0,0,3,PO-2024-00606,leave at gate
607,67,2025-12-13,2025-12-15,2025-12-13,delivered,partner,normal,EUR,prepay,CGN1,Frankfurt,Frankfurt,2546.53,0,4.9,2.9,10,,call before delivery
608,250,2025-03-02,2025-03-08,,open,partner,normal,EUR,paypal,CGN1,Berlin,Berlin,708.05,40,12.9,2.9,5,,call before delivery
609,200,2026-01-20,2026-01-30,2026-01-29,delivered,partner,normal,EUR,paypal,CGN1,Stuttgart,Stuttgart,745.81,25,7.9,0,12,,
610,22,2024-06-08,2024-06-13,2024-06-12,delivered,web,high,EUR,invoice,MUC2,Köln,Köln,863.93,0,4.9,0,4,PO-2025-00610,
611,248,2025-07-22,2025-08-01,2025-07-29,delivered,store,rush,EUR,paypal,MUC2,Frankfurt,Frankfurt,405.86,15,7.9,1.5,1,,leave at gate
612,171,2025-10-20,2025-10-27,2025-10-25,delivered,phone,normal,USD,card,MUC2,Leipzig,Leipzig,841.1,0,7.9,0,2,,
613,106,2026-05-06,2026-05-17,,open,web,normal,CHF,invoice,HH1,Leipzig,Leipzig,605.09,0,0,1.5,3,PO-2025-00613,leave at gate
614,322,2025-04-19,2025-05-01,2025-04-28,delivered,phone,normal,EUR,paypal,BER3,Berlin,Berlin,1976.45,80,12.9,0,3,,call before delivery
615,154,2025-05-10,2025-05-21,2025-05-21,shipped,edi,rush,CHF,prepay,MUC2,Berlin,Berlin,504.4,0,7.9,0,6,PO-2024-00615,
616,66,2025-10-22,2025-11-05,2025-11-04,delivered,edi,normal,EUR,sepa,MUC2,Stuttgart,Stuttgart,3480.73,0,4.9,2.9,9,,
617,94,2024-04-13,2024-04-23,2024-04-22,delivered,phone,normal,EUR,sepa,MUC2,Köln,Köln,778.6,0,7.9,0,8,,
618,180,2024-09-30,2024-10-04,2024-10-01,delivered,partner,normal,EUR,prepay,CGN1,Köln,Köln,559.13,80,12.9,0,10,PO-2024-00618,leave at gate
619,64,2024-07-03,2024-07-14,2024-07-13,delivered,store,normal,EUR,invoice,CGN1,Köln,Köln,398.34,80,0,0,8,,leave at gate
620,289,2026-01-06,2026-01-10,2026-01-09,shipped,web,normal,EUR,sepa,BER3,Berlin,Berlin,1049.99,25,4.9,0,12,,
621,95,2024-02-08,2024-02-15,2024-02-14,delivered,partner,high,EUR,card,BER3,Stuttgart,Frankfurt,1721.32,80,12.9,2.9,4,,
622,162,2024-11-05,2024-11-14,2024-11-14,shipped,partner,normal,EUR,prepay,HH1,Leipzig,Leipzig,4157.3,0,7.9,0,9,PO-2025-00622,
623,999999,2026-02-06,2026-02-12,2026-02-11,delivered,web,normal,EUR,prepay,BER3,Leipzig,Hamburg,1464.82,15,4.9,2.9,6,PO-2026-00623,leave at gate
624,63,2024-05-28,2024-06-01,2024-06-01,delivered,store,rush,CHF,card,HH1,Berlin,Berlin,355.54,0,0,0,2,,
625,226,2025-02-16,2025-02-25,2025-02-24,shipped,partner,rush,EUR,card,MUC2,Leipzig,Leipzig,1355.67,0,0,0,9,,leave at gate
626,119,2025-07-03,2025-07-17,,open,partner,normal,EUR,invoice,CGN1,Stuttgart,Stuttgart,1375.56,15,0,0,5,,leave at gate
627,76,2024-12-11,2024-12-22,2024-12-20,delivered,store,normal,EUR,prepay,MUC2,Köln,Köln,2424.55,25,4.9,0,10,PO-2024-00627,call before delivery
628,36,2026-04-09,2026-04-23,2026-04-20,delivered,web,normal,EUR,paypal,HH1,Berlin,Berlin,1885.7,0,7.9,0,1,PO-2025-00628,call before delivery
629,312,2025-01-10,2025-01-16,2025-01-16,delivered,phone,normal,EUR,paypal,HH1,München,München,2083.76,0,4.9,0,6,PO-2026-00629,
630,324,2025-05-21,2025-05-29,2025-05-26,shipped,edi,normal,CHF,card,MUC2,Leipzig,Leipzig,3892.92,0,12.9,0,8,PO-2024-00630,
631,150,2026-06-03,2026-06-05,2026-06-04,shipped,web,normal,EUR,prepay,CGN1,Köln,Berlin,373.02,0,4.9,1.5,3,,leave at gate
632,180,2025-09-29,2025-10-07,,open,phone,normal,EUR,paypal,HH1,Köln,Köln,1156.77,25,7.9,1.5,10,,leave at gate
633,60,2024-02-15,2024-02-17,2024-02-14,delivered,edi,normal,EUR,paypal,BER3,Hamburg,Hamburg,1544.77,0,0,0,4,,leave at gate
634,300,2024-02-13,2024-02-17,2024-02-17,delivered,web,high,EUR,paypal,HH1,Berlin,Berlin,1379.58,25,12.9,0,3,PO-2025-00634,leave at gate
635,30,2025-04-18,2025-04-28,2025-04-26,delivered,store,high,EUR,paypal,MUC2,Frankfurt,Frankfurt,846.56,0,7.9,1.5,4,PO-2026-00635,leave at gate
636,308,2026-05-30,2026-06-08,2026-06-08,delivered,phone,normal,USD,invoice,CGN1,Berlin,Berlin,1732.29,40,12.9,1.5,2,,
637,85,2026-04-22,2026-04-30,2026-04-29,delivered,web,high,USD,invoice,MUC2,Frankfurt,Frankfurt,1262.62,15,12.9,2.9,5,,leave at gate
638,61,2024-05-16,2024-05-30,2024-05-30,delivered,web,normal,CHF,prepay,BER3,Hamburg,Hamburg,1415.29,15,7.9,0,6,PO-2026-00638,call before delivery
639,342,2024-05-14,2024-05-21,2024-05-20,delivered,web,high,EUR,invoice,CGN1,Berlin,Berlin,320.57,0,7.9,0,2,PO-2024-00639,call before delivery
640,289,2026-07-23,2026-07-28,2026-07-25,delivered,edi,rush,EUR,paypal,BER3,Berlin,Berlin,391.95,80,4.9,0,12,,
641,226,2024-04-11,2024-04-22,2024-04-20,shipped,phone,normal,EUR,sepa,BER3,Leipzig,Leipzig,2120.92,0,12.9,2.9,9,,call before delivery
642,,2025-09-17,2025-09-29,2025-09-28,delivered,web,normal,CHF,invoice,BER3,Berlin,Berlin,1879.2,15,4.9,2.9,2,PO-2024-00642,
643,241,2024-02-26,2024-03-07,2024-03-07,delivered,phone,high,USD,prepay,BER3,Berlin,Hamburg,791.88,0,7.9,0,2,,
644,311,2025-05-30,2025-06-05,2025-06-03,delivered,edi,normal,EUR,invoice,BER3,München,Köln,1431.68,0,0,2.9,8,PO-2026-00644,
645,256,2025-06-03,2025-06-09,2025-06-09,delivered,store,rush,EUR,paypal,HH1,Hamburg,Hamburg,1001.79,0,0,0,7,PO-2024-00645,
646,46,2024-11-02,2024-11-14,2024-11-12,delivered,phone,rush,USD,prepay,MUC2,Berlin,Berlin,1207.31,0,4.9,2.9,6,,leave at gate
647,27,2024-09-30,2024-10-14,,open,edi,rush,EUR,sepa,BER3,Köln,Köln,1139.16,0,7.9,0,10,,
648,167,2025-11-21,2025-11-28,2025-11-28,delivered,store,rush,EUR,sepa,HH1,Leipzig,Berlin,3580.99,0,7.9,2.9,11,,call before delivery
649,223,2025-01-27,2025-02-05,2025-02-03,delivered,phone,normal,CHF,invoice,MUC2,Leipzig,Leipzig,1492.2,40,0,1.5,7,PO-2025-00649,
650,211,2025-08-16,2025-08-18,2025-08-17,delivered,partner,rush,USD,prepay,MUC2,Stuttgart,Stuttgart,909.04,40,7.9,0,1,,
651,233,2025-05-06,2025-05-08,2025-05-08,shipped,web,high,EUR,card,HH1,Frankfurt,Frankfurt,765.05,80,0,2.9,2,,
652,88,2026-04-20,2026-04-29,2026-04-26,delivered,web,high,EUR,card,HH1,Hamburg,Köln,1186.73,0,4.9,0,12,,
653,12,2026-07-20,2026-07-24,2026-07-22,shipped,web,normal,CHF,sepa,HH1,Hamburg,Leipzig,704.49,15,7.9,2.9,6,PO-2026-00653,
654,244,2025-02-15,2025-02-28,2025-02-26,delivered,edi,normal,USD,prepay,HH1,Stuttgart,Berlin,233.62,80,0,0,6,,
655,43,2025-03-29,2025-04-09,2025-04-08,shipped,store,rush,EUR,prepay,BER3,München,München,974.93,0,4.9,1.5,8,PO-2025-00655,
656,339,2025-02-09,2025-02-22,2025-02-22,delivered,partner,high,USD,sepa,CGN1,Frankfurt,Frankfurt,1371.86,15,12.9,1.5,5,PO-2026-00656,
657,100,2024-02-29,2024-03-13,2024-03-13,delivered,partner,normal,EUR,paypal,HH1,Köln,Köln,2564.88,25,4.9,2.9,6,,
658,311,2026-02-09,2026-02-14,2026-02-11,delivered,phone,normal,USD,prepay,CGN1,München,München,718.36,0,12.9,1.5,8,,leave at gate
659,27,2024-01-26,2024-02-05,2024-02-03,delivered,phone,normal,EUR,paypal,BER3,Köln,Köln,1618.22,15,4.9,1.5,10,PO-2026-00659,leave at gate
660,241,2024-02-21,2024-02-28,2024-02-25,delivered,partner,rush,CHF,sepa,HH1,Berlin,Berlin,2122.82,0,0,1.5,5,,
661,294,2026-04-04,2026-04-18,2026-04-15,delivered,store,normal,EUR,paypal,CGN1,Köln,Köln,834.49,0,7.9,1.5,4,PO-2025-00661,leave at gate
662,,2024-08-22,2024-08-25,2024-08-24,delivered,phone,high,EUR,paypal,BER3,Frankfurt,Berlin,1431.91,40,4.9,0,1,,leave at gate
663,73,2026-02-21,2026-02-25,2026-02-23,delivered,web,normal,EUR,prepay,CGN1,Stuttgart,Stuttgart,1725.7,0,0,0,4,PO-2024-00663,leave at gate
664,4,2026-02-17,2026-02-26,2026-02-23,delivered,edi,normal,EUR,invoice,MUC2,Leipzig,Leipzig,1298.96,0,12.9,2.9,7,,call before delivery
665,7,2026-04-01,2026-04-13,2026-04-10,shipped,web,normal,EUR,card,HH1,Frankfurt,Frankfurt,964.68,40,7.9,0,11,PO-2026-00665,leave at gate
666,251,2024-12-20,2025-01-01,2024-12-31,delivered,partner,high,USD,card,CGN1,Köln,Köln,1479.34,0,12.9,1.5,11,,
667,145,2025-01-05,2025-01-17,2025-01-14,delivered,partner,high,EUR,sepa,BER3,Leipzig,Leipzig,1802.62,15,0,0,5,PO-2025-00667,
668,42,2024-04-24,2024-05-06,2024-05-06,shipped,store,rush,CHF,card,MUC2,Stuttgart,Stuttgart,2187.62,80,7.9,2.9,7,,
669,16,2024-07-15,2024-07-24,2024-07-22,delivered,web,normal,EUR,prepay,BER3,Berlin,Frankfurt,1329.52,40,4.9,0,4,PO-2024-00669,call before delivery
670,108,2024-02-03,2024-02-09,2024-02-08,delivered,partner,normal,EUR,invoice,HH1,Hamburg,Frankfurt,550.04,0,7.9,0,1,,
671,233,2025-03-27,2025-03-31,2025-03-29,delivered,partner,high,EUR,sepa,CGN1,Frankfurt,Frankfurt,1179.47,0,12.9,1.5,2,,
672,214,2025-12-05,2025-12-07,,open,partner,normal,USD,invoice,MUC2,Stuttgart,Stuttgart,1924.56,0,12.9,0,8,,call before delivery
673,228,2026-04-03,2026-04-10,2026-04-07,delivered,edi,normal,CHF,invoice,CGN1,München,München,1631.02,0,0,1.5,7,,call before delivery
674,19,2026-04-09,2026-04-15,2026-04-14,shipped,phone,normal,USD,paypal,MUC2,Hamburg,Hamburg,1628.09,40,7.9,0,11,PO-2026-00674,
675,62,2025-10-23,2025-10-27,2025-10-27,delivered,edi,normal,EUR,card,HH1,Stuttgart,Stuttgart,417.02,40,4.9,0,4,PO-2024-00675,
676,2,2024-01-17,2024-01-20,,open,web,normal,USD,prepay,BER3,Köln,Köln,972.91,80,12.9,2.9,9,PO-2025-00676,
677,105,2025-01-16,2025-01-23,2025-01-22,delivered,web,normal,CHF,sepa,BER3,Berlin,Berlin,2085.45,0,4.9,1.5,11,,
678,182,2025-02-22,2025-02-27,2025-02-27,delivered,store,rush,EUR,invoice,CGN1,Frankfurt,Frankfurt,1820.98,0,0,0,8,PO-2024-00678,call before delivery
679,344,2025-01-23,2025-01-31,2025-01-28,delivered,store,high,EUR,invoice,HH1,Berlin,Berlin,939.13,0,0,2.9,11,,call before delivery
680,49,2025-12-21,2026-01-04,2026-01-01,delivered,edi,high,EUR,paypal,CGN1,München,München,2689.78,0,7.9,0,8,PO-2026-00680,
681,327,2026-02-17,2026-02-25,2026-02-22,shipped,phone,rush,USD,paypal,HH1,Hamburg,Hamburg,568.7,0,7.9,0,3,PO-2024-00681,
682,282,2026-03-11,2026-03-18,2026-03-15,delivered,web,rush,CHF,invoice,MUC2,Köln,Köln,1404.24,25,12.9,0,3,,
683,212,2025-04-10,2025-04-16,2025-04-16,delivered,edi,normal,USD,sepa,MUC2,Frankfurt,Frankfurt,625.44,0,12.9,0,4,PO-2026-00683,call before delivery
684,65,2025-04-16,2025-04-22,2025-04-19,delivered,edi,normal,EUR,invoice,MUC2,München,München,1197.37,0,4.9,2.9,12,,leave at gate
685,254,2024-09-29,2024-10-08,2024-10-08,shipped,partner,high,EUR,card,HH1,München,München,870.23,80,7.9,0,2,PO-2025-00685,call before delivery
686,25,2024-11-22,2024-11-29,2024-11-26,delivered,web,normal,EUR,invoice,BER3,Berlin,Berlin,1814.52,0,4.9,0,12,,call before delivery
687,30,2025-04-15,2025-04-25,2025-04-24,shipped,edi,high,EUR,invoice,HH1,Frankfurt,Frankfurt,2458.69,15,12.9,0,9,,
688,152,2026-01-04,2026-01-14,2026-01-12,delivered,web,rush,EUR,invoice,CGN1,Köln,Leipzig,672.61,40,0,2.9,1,,
689,335,2025-01-15,2025-01-22,,cancelled,phone,rush,EUR,invoice,CGN1,Hamburg,Hamburg,665.88,80,0,0,12,,leave at gate
690,317,2024-03-10,2024-03-22,2024-03-22,shipped,web,rush,EUR,invoice,CGN1,Berlin,Berlin,1252.16,0,12.9,1.5,6,PO-2024-00690,call before delivery
691,77,2026-03-27,2026-03-31,2026-03-29,delivered,partner,rush,EUR,paypal,HH1,München,Frankfurt,1055.8,0,12.9,1.5,3,,
692,116,2026-04-04,2026-04-10,2026-04-08,delivered,web,normal,EUR,prepay,BER3,Stuttgart,Stuttgart,1505.84,0,0,0,2,PO-2026-00692,leave at gate
693,123,2026-06-21,2026-06-28,2026-06-27,delivered,store,normal,CHF,sepa,BER3,München,München,518.4,80,7.9,0,1,PO-2024-00693,
694,126,2026-01-04,2026-01-11,,cancelled,phone,rush,EUR,paypal,MUC2,Leipzig,Leipzig,788.69,0,7.9,0,1,PO-2025-00694,
695,259,2024-10-10,2024-10-13,2024-10-11,delivered,store,normal,EUR,prepay,MUC2,Berlin,Berlin,957.33,80,7.9,1.5,4,PO-2026-00695,
696,194,2026-07-12,2026-07-24,2026-07-24,delivered,phone,normal,EUR,invoice,BER3,Berlin,Berlin,121.65,80,7.9,0,12,,
697,10,2024-05-25,2024-06-06,2024-06-05,delivered,phone,normal,CHF,prepay,CGN1,Berlin,Köln,1368.52,80,12.9,0,6,,call before delivery
698,,2025-11-29,2025-12-08,2025-12-06,shipped,edi,high,EUR,invoice,MUC2,Berlin,Frankfurt,2433.77,0,4.9,0,12,,
699,103,2024-06-21,2024-06-30,2024-06-28,shipped,web,rush,EUR,invoice,BER3,Leipzig,Leipzig,1790.03,0,7.9,1.5,7,PO-2024-00699,
700,271,2025-09-01,2025-09-13,2025-09-13,delivered,web,normal,CHF,sepa,MUC2,München,Frankfurt,990.76,25,0,0,1,,
701,337,2024-05-01,2024-05-03,,open,edi,high,EUR,invoice,CGN1,Leipzig,Leipzig,1752.67,0,4.9,2.9,4,,
702,197,2026-06-20,2026-06-27,2026-06-25,delivered,phone,normal,EUR,paypal,HH1,Berlin,Berlin,337.48,25,7.9,0,12,PO-2024-00702,leave at gate
703,336,2024-01-14,2024-01-24,2024-01-21,delivered,store,rush,EUR,invoice,MUC2,Köln,Stuttgart,2062.87,40,0,0,5,PO-2025-00703,
704,125,2025-11-09,2025-11-11,2025-11-11,shipped,store,rush,CHF,paypal,MUC2,Frankfurt,Frankfurt,2112.66,15,7.9,0,2,PO-2026-00704,
705,6,2024-03-15,2024-03-23,2024-03-22,delivered,partner,normal,CHF,prepay,CGN1,Leipzig,Leipzig,2053.62,25,7.9,0,11,PO-2024-00705,
706,334,2025-12-20,2025-12-23,2025-12-23,delivered,web,normal,USD,invoice,BER3,München,München,1592.66,0,7.9,1.5,8,PO-2025-00706,
707,296,2024-10-11,2024-10-14,2024-10-14,delivered,store,rush,CHF,card,MUC2,Stuttgart,Stuttgart,784.5,0,0,0,12,PO-2026-00707,call before delivery
708,267,2024-12-08,2024-12-11,2024-12-10,delivered,edi,rush,EUR,card,BER3,Berlin,Berlin,2795.39,80,7.9,0,12,,
709,99,2026-03-27,2026-04-06,,open,phone,normal,EUR,paypal,BER3,Berlin,Leipzig,1219.06,80,7.9,1.5,12,,
710,63,2024-04-03,2024-04-08,2024-04-05,delivered,phone,normal,USD,card,HH1,Berlin,Berlin,786.63,0,0,0,2,,
711,284,2026-01-10,2026-01-24,,open,web,rush,EUR,prepay,CGN1,Berlin,Berlin,1738.31,0,12.9,0,5,,call before delivery
712,271,2025-12-07,2025-12-20,,cancelled,web,high,EUR,paypal,MUC2,München,München,657.62,0,12.9,0,1,,
713,339,2025-05-06,2025-05-08,2025-05-08,delivered,edi,normal,EUR,paypal,MUC2,Frankfurt,Frankfurt,1812.37,15,7.9,1.5,5,PO-2026-00713,
714,310,2024-05-10,2024-05-12,2024-05-10,delivered,web,high,EUR,paypal,CGN1,Berlin,Berlin,1665.32,0,4.9,0,2,,
715,195,2024-10-22,2024-10-26,2024-10-26,delivered,phone,normal,EUR,card,MUC2,Leipzig,München,3181.9,0,4.9,0,11,,leave at gate
716,70,2025-12-13,2025-12-23,2025-12-23,delivered,store,high,EUR,paypal,CGN1,Berlin,Berlin,3409.5,0,0,0,6,PO-2026-00716,
717,349,2024-08-24,2024-09-04,2024-09-04,delivered,edi,normal,EUR,invoice,HH1,Leipzig,Leipzig,1121.36,80,7.9,2.9,3,,
718,40,2025-04-25,2025-04-28,2025-04-28,shipped,partner,normal,USD,sepa,HH1,München,München,1509.77,0,4.9,0,1,PO-2025-00718,
719,,2024-05-01,2024-05-11,2024-05-09,delivered,store,rush,CHF,invoice,BER3,Stuttgart,Stuttgart,2251.21,0,7.9,2.9,2,PO-2026-00719,
720,298,2026-04-03,2026-04-09,2026-04-09,delivered,store,rush,CHF,card,CGN1,Hamburg,Hamburg,622.82,15,7.9,1.5,3,PO-2024-00720,
721,204,2024-01-09,2024-01-13,2024-01-12,delivered,store,normal,CHF,invoice,HH1,Leipzig,Leipzig,1086.38,0,12.9,0,9,PO-2025-00721,
722,75,2026-07-30,2026-08-02,2026-08-02,delivered,edi,rush,USD,prepay,HH1,Köln,Köln,1934.66,25,7.9,0,4,,
723,183,2026-07-18,2026-07-23,2026-07-21,delivered,phone,normal,EUR,paypal,MUC2,München,Leipzig,1656.55,40,7.9,0,5,PO-2024-00723,
724,150,2024-07-26,2024-08-08,,cancelled,partner,rush,CHF,invoice,CGN1,Köln,Köln,758.28,0,0,0,3,PO-2025-00724,leave at gate
725,230,2026-07-27,2026-08-04,2026-08-02,delivered,partner,normal,EUR,card,BER3,Köln,Köln,1576.34,80,7.9,2.9,11,PO-2026-00725,call before delivery
726,349,2026-03-06,2026-03-12,2026-03-11,delivered,web,normal,EUR,sepa,CGN1,Leipzig,Leipzig,1948.92,0,12.9,0,3,,
727,178,2025-06-04,2025-06-18,2025-06-16,shipped,edi,rush,CHF,sepa,BER3,Leipzig,Leipzig,2031.14,40,4.9,1.5,8,,
728,159,2024-03-10,2024-03-18,2024-03-18,shipped,partner,normal,EUR,prepay,MUC2,Leipzig,Leipzig,876.36,0,7.9,0,12,,leave at gate
729,176,2026-03-06,2026-03-11,2026-03-08,delivered,phone,normal,EUR,invoice,HH1,Berlin,Berlin,712.93,0,12.9,2.9,12,PO-2024-00729,call before delivery
730,77,2024-05-03,2024-05-10,,open,phone,normal,EUR,sepa,MUC2,München,München,1747.94,80,0,1.5,3,,leave at gate
731,290,2024-02-19,2024-03-04,2024-03-02,shipped,phone,normal,CHF,paypal,BER3,Berlin,Berlin,1046.86,0,0,2.9,12,PO-2026-00731,call before delivery
732,108,2025-04-24,2025-04-28,,open,store,normal,EUR,sepa,CGN1,Hamburg,Hamburg,1453.61,0,0,1.5,1,,
733,112,2024-09-04,2024-09-08,2024-09-06,delivered,store,normal,EUR,paypal,HH1,Leipzig,Leipzig,1012.17,0,0,1.5,3,PO-2025-00733,
734,125,2026-02-20,2026-02-22,2026-02-21,delivered,web,normal,CHF,prepay,CGN1,Frankfurt,Frankfurt,752.62,0,12.9,0,2,PO-2026-00734,leave at gate
735,14,2025-09-07,2025-09-11,2025-09-09,delivered,edi,high,EUR,card,MUC2,Frankfurt,Frankfurt,472.73,80,4.9,1.5,6,,leave at gate
736,106,2026-07-04,2026-07-13,2026-07-12,delivered,partner,normal,EUR,card,BER3,Leipzig,Leipzig,2968.41,0,7.9,1.5,3,PO-2025-00736,
737,49,2026-07-18,2026-07-29,,open,store,normal,USD,card,MUC2,München,München,1979.95,0,4.9,2.9,8,PO-2026-00737,leave at gate
738,233,2024-04-12,2024-04-21,2024-04-18,delivered,partner,high,CHF,paypal,MUC2,Frankfurt,Frankfurt,683.94,0,4.9,0,2,,
739,124,2025-12-08,2025-12-22,,cancelled,edi,high,EUR,card,CGN1,München,München,1140.57,0,0,0,1,,
740,102,2024-07-01,2024-07-12,2024-07-10,delivered,phone,high,EUR,paypal,MUC2,Berlin,Berlin,1366.73,0,12.9,0,9,,leave at gate
741,139,2024-03-09,2024-03-21,2024-03-18,delivered,partner,normal,EUR,invoice,BER3,München,München,2075.45,0,7.9,2.9,6,PO-2024-00741,call before delivery
742,327,2024-11-27,2024-12-01,2024-11-28,shipped,web,high,CHF,card,BER3,Hamburg,Hamburg,2717.51,0,4.9,2.9,3,PO-2025-00742,call before delivery
743,277,2024-02-16,2024-02-23,2024-02-23,delivered,store,high,EUR,invoice,CGN1,Stuttgart,Stuttgart,908.91,0,4.9,0,12,PO-2026-00743,
744,223,2025-08-29,2025-09-12,,cancelled,phone,normal,CHF,invoice,MUC2,Leipzig,Leipzig,1095.66,80,12.9,1.5,7,PO-2024-00744,
745,39,2025-09-29,2025-10-05,2025-10-05,delivered,phone,normal,CHF,prepay,BER3,München,München,1382.52,0,0,0,2,,leave at gate
746,329,2025-06-19,2025-06-24,2025-06-24,delivered,edi,normal,EUR,paypal,BER3,Berlin,Berlin,1714.04,40,12.9,2.9,8,PO-2026-00746,call before delivery
747,307,2025-07-01,2025-07-13,2025-07-12,delivered,edi,high,EUR,invoice,HH1,Berlin,Berlin,1029.51,40,7.9,0,8,PO-2024-00747,call before delivery
748,298,2025-11-19,2025-11-22,2025-11-21,delivered,web,normal,EUR,prepay,HH1,Hamburg,Hamburg,2517.76,25,4.9,0,3,PO-2025-00748,call before delivery
749,224,2024-10-05,2024-10-07,,cancelled,web,normal,EUR,paypal,BER3,Leipzig,Leipzig,129.51,80,7.9,2.9,3,PO-2026-00749,leave at gate
750,174,2025-08-09,2025-08-14,2025-08-11,delivered,partner,rush,EUR,sepa,CGN1,Leipzig,Leipzig,1467.21,15,0,2.9,1,PO-2024-00750,call before delivery
751,126,2025-04-26,2025-05-07,2025-05-06,shipped,store,rush,EUR,invoice,CGN1,Leipzig,Leipzig,778.88,40,7.9,2.9,1,,
752,27,2025-12-12,2025-12-19,2025-12-19,delivered,phone,normal,CHF,paypal,MUC2,Köln,Köln,2699.78,0,4.9,1.5,10,PO-2026-00752,
753,170,2026-07-27,2026-08-02,2026-07-30,delivered,store,normal,EUR,sepa,CGN1,Hamburg,Köln,1555.06,25,12.9,1.5,12,,call before delivery
754,40,2026-03-21,2026-04-03,2026-04-01,delivered,partner,rush,EUR,card,CGN1,München,Köln,897.58,40,4.9,0,1,PO-2025-00754,
755,26,2025-08-30,2025-09-02,2025-09-01,delivered,phone,normal,EUR,prepay,BER3,München,München,1894.58,80,4.9,1.5,3,,
756,23,2025-05-05,2025-05-17,2025-05-14,delivered,partner,high,CHF,prepay,MUC2,Berlin,München,3251.43,25,4.9,1.5,4,PO-2024-00756,
757,159,2024-10-17,2024-10-28,2024-10-28,delivered,web,normal,EUR,invoice,MUC2,Leipzig,Leipzig,542.91,0,4.9,0,12,PO-2025-00757,leave at gate
758,232,2026-06-04,2026-06-15,2026-06-13,delivered,store,normal,USD,paypal,HH1,Frankfurt,Stuttgart,483.44,40,4.9,1.5,1,PO-2026-00758,
759,213,2025-07-19,2025-07-24,2025-07-24,shipped,web,normal,USD,prepay,CGN1,Berlin,Berlin,777.85,25,12.9,2.9,6,PO-2024-00759,
760,239,2024-06-10,2024-06-16,2024-06-13,delivered,partner,normal,EUR,paypal,MUC2,Hamburg,Hamburg,1313.95,0,4.9,0,3,PO-2025-00760,
761,337,2025-03-01,2025-03-11,2025-03-09,delivered,phone,high,CHF,prepay,HH1,Leipzig,Leipzig,865.01,40,0,0,4,,
762,283,2025-03-24,2025-03-30,2025-03-29,delivered,partner,normal,EUR,card,CGN1,Berlin,München,1487.22,15,4.9,0,2,PO-2024-00762,call before delivery
763,200,2024-07-04,2024-07-08,2024-07-07,delivered,edi,normal,EUR,card,HH1,Stuttgart,Stuttgart,486.98,0,4.9,0,12,PO-2025-00763,
764,6,2024-08-23,2024-08-26,,open,web,rush,CHF,sepa,HH1,Leipzig,Leipzig,2065.22,40,12.9,2.9,11,PO-2026-00764,leave at gate
765,205,2026-02-07,2026-02-19,2026-02-17,delivered,phone,normal,EUR,card,MUC2,Frankfurt,Frankfurt,1253.55,0,4.9,1.5,1,,call before delivery
766,94,2024-08-28,2024-09-07,,open,partner,rush,EUR,prepay,HH1,Köln,Köln,1202.49,0,0,0,8,,
767,72,2024-10-26,2024-11-07,,open,edi,rush,EUR,paypal,BER3,Hamburg,Hamburg,3226.7,80,12.9,1.5,7,PO-2026-00767,
768,101,2024-09-27,2024-10-11,,open,store,normal,EUR,prepay,HH1,Köln,Köln,1237.7,0,12.9,0,7,PO-2024-00768,
769,341,2026-03-11,2026-03-16,2026-03-13,delivered,phone,normal,CHF,prepay,HH1,München,München,1216.12,15,7.9,0,9,PO-2025-00769,
770,26,2024-05-02,2024-05-15,2024-05-12,delivered,edi,normal,EUR,paypal,HH1,München,Berlin,2145.58,0,4.9,1.5,3,PO-2026-00770,
771,129,2025-09-04,2025-09-15,2025-09-13,shipped,web,rush,EUR,card,MUC2,Berlin,Berlin,1822.7,15,7.9,0,4,PO-2024-00771,leave at gate
772,142,2024-08-13,2024-08-17,2024-08-16,delivered,web,rush,EUR,paypal,CGN1,Leipzig,Leipzig,1487.81,0,7.9,1.5,8,PO-2025-00772,leave at gate
773,107,2026-07-19,2026-07-25,2026-07-23,shipped,store,normal,EUR,prepay,BER3,Leipzig,Leipzig,2002.59,0,4.9,1.5,5,,call before delivery
774,,2024-01-11,2024-01-14,2024-01-12,delivered,phone,rush,CHF,sepa,MUC2,Leipzig,Leipzig,1506.56,25,12.9,1.5,11,,
775,186,2025-02-28,2025-03-14,2025-03-13,shipped,phone,high,USD,card,HH1,Leipzig,Leipzig,1390.69,80,12.9,1.5,11,,call before delivery
776,999999,2026-04-08,2026-04-19,2026-04-17,delivered,web,normal,EUR,paypal,MUC2,München,München,1070.56,25,4.9,0,3,,call before delivery
777,339,2025-02-15,2025-02-26,2025-02-24,shipped,phone,normal,CHF,paypal,HH1,Frankfurt,Frankfurt,982.32,0,12.9,0,5,PO-2024-00777,
778,321,2024-12-13,2024-12-15,2024-12-13,shipped,edi,normal,EUR,invoice,HH1,Frankfurt,Frankfurt,2296.58,0,4.9,0,3,PO-2025-00778,
779,221,2026-02-06,2026-02-14,2026-02-11,shipped,edi,rush,CHF,sepa,HH1,Leipzig,Leipzig,297.85,0,7.9,0,10,,call before delivery
780,311,2024-02-29,2024-03-14,2024-03-11,delivered,phone,rush,CHF,prepay,BER3,München,München,1530.79,0,0,0,8,PO-2024-00780,call before delivery
781,229,2025-10-15,2025-10-26,2025-10-23,delivered,phone,normal,EUR,card,HH1,Berlin,Berlin,864.06,40,7.9,0,9,,leave at gate
782,,2024-03-17,2024-03-21,2024-03-19,shipped,edi,normal,EUR,sepa,BER3,Berlin,Stuttgart,1476.88,0,0,1.5,12,,
783,260,2024-06-06,2024-06-16,2024-06-15,delivered,web,normal,EUR,card,BER3,München,München,1308.08,15,0,0,12,PO-2024-00783,
784,34,2024-01-06,2024-01-16,2024-01-13,delivered,phone,normal,EUR,sepa,HH1,Frankfurt,Frankfurt,588.41,0,7.9,0,4,PO-2025-00784,
785,134,2025-07-17,2025-07-29,2025-07-29,delivered,web,rush,CHF,prepay,BER3,Hamburg,Hamburg,2687.11,0,12.9,0,9,PO-2026-00785,leave at gate
786,130,2024-06-30,2024-07-05,2024-07-02,delivered,store,normal,USD,sepa,HH1,Hamburg,Stuttgart,2339.63,0,12.9,0,8,,leave at gate
787,266,2024-04-17,2024-04-22,2024-04-21,shipped,edi,normal,EUR,card,MUC2,München,München,1022.86,0,0,0,1,PO-2025-00787,
788,104,2025-04-17,2025-04-30,2025-04-30,delivered,store,rush,CHF,paypal,HH1,Köln,Köln,764.15,0,12.9,1.5,5,PO-2026-00788,call before delivery
789,92,2024-01-07,2024-01-21,2024-01-21,delivered,edi,normal,CHF,prepay,BER3,Berlin,Hamburg,740.48,0,7.9,0,3,PO-2024-00789,
790,348,2025-03-05,2025-03-17,2025-03-14,delivered,phone,normal,EUR,paypal,BER3,Hamburg,Hamburg,2442.89,0,7.9,1.5,7,PO-2025-00790,
791,209,2025-08-11,2025-08-22,2025-08-21,delivered,partner,high,EUR,prepay,CGN1,Berlin,Berlin,2733.42,80,4.9,1.5,11,,
792,174,2026-06-26,2026-07-08,2026-07-05,shipped,phone,rush,CHF,prepay,CGN1,Leipzig,Leipzig,1298.12,0,12.9,1.5,1,PO-2024-00792,leave at gate
793,327,2024-01-04,2024-01-14,2024-01-12,delivered,edi,high,CHF,sepa,HH1,Hamburg,München,1156.28,15,12.9,1.5,3,,call before delivery
794,270,2024-09-05,2024-09-18,2024-09-18,shipped,store,high,USD,prepay,HH1,Köln,Köln,1005.27,25,4.9,2.9,3,PO-2026-00794,
795,,2026-04-05,2026-04-09,2026-04-06,delivered,phone,rush,EUR,paypal,BER3,Köln,Köln,634.97,0,0,0,4,,
796,296,2024-04-01,2024-04-03,2024-04-02,shipped,web,high,CHF,sepa,MUC2,Stuttgart,Stuttgart,1437.79,25,0,0,12,,call before delivery
797,58,2025-07-20,2025-07-29,2025-07-27,delivered,web,normal,EUR,card,HH1,Frankfurt,Frankfurt,811.93,0,0,0,1,,leave at gate
798,,2024-12-30,2025-01-02,2024-12-31,delivered,edi,normal,CHF,prepay,CGN1,Frankfurt,Frankfurt,1659.76,25,12.9,1.5,1,,leave at gate
799,10,2025-10-31,2025-11-03,2025-11-02,shipped,store,high,EUR,invoice,MUC2,Berlin,Berlin,2054.15,40,0,0,6,PO-2025-00799,call before delivery
800,349,2024-02-14,2024-02-21,2024-02-20,delivered,partner,normal,CHF,card,MUC2,Leipzig,Leipzig,2163.6,25,12.9,2.9,3,,leave at gate
801,75,2024-11-18,2024-11-29,2024-11-29,delivered,partner,normal,EUR,sepa,BER3,Köln,Köln,3417.21,0,4.9,0,4,PO-2024-00801,call before delivery
802,230,2024-11-06,2024-11-17,2024-11-14,delivered,partner,normal,EUR,card,MUC2,Köln,Köln,2155.09,25,7.9,0,11,PO-2025-00802,
803,169,2024-12-07,2024-12-20,2024-12-19,delivered,store,normal,EUR,invoice,HH1,Stuttgart,Frankfurt,1452.54,0,0,0,6,PO-2026-00803,
804,271,2025-05-21,2025-06-03,2025-06-01,shipped,edi,high,EUR,card,CGN1,München,München,659.36,0,7.9,1.5,1,,
805,184,2024-04-13,2024-04-24,2024-04-24,delivered,store,normal,EUR,sepa,HH1,Berlin,Berlin,551.25,25,12.9,1.5,6,,call before delivery
806,50,2024-09-21,2024-10-03,2024-10-02,delivered,partner,normal,EUR,paypal,CGN1,München,München,1929.64,80,4.9,1.5,5,,leave at gate
807,339,2024-11-03,2024-11-09,2024-11-08,delivered,web,high,EUR,paypal,HH1,Frankfurt,Frankfurt,1300.93,80,4.9,1.5,5,PO-2024-00807,
808,38,2025-12-05,2025-12-15,2025-12-12,shipped,edi,normal,USD,invoice,CGN1,Leipzig,Leipzig,684.4,0,12.9,0,8,PO-2025-00808,leave at gate
809,168,2026-04-27,2026-04-30,2026-04-27,delivered,partner,rush,EUR,card,CGN1,Frankfurt,Frankfurt,1003.27,0,7.9,0,3,PO-2026-00809,
810,329,2026-06-03,2026-06-09,2026-06-06,shipped,store,normal,CHF,paypal,BER3,Berlin,Stuttgart,905.76,80,4.9,1.5,8,,
811,128,2024-08-02,2024-08-08,2024-08-06,delivered,web,normal,EUR,invoice,HH1,Köln,Köln,1638.9,15,12.9,2.9,7,,leave at gate
812,9,2025-06-28,2025-07-11,2025-07-11,delivered,edi,rush,USD,sepa,CGN1,Köln,Köln,582.16,25,4.9,0,3,PO-2026-00812,call before delivery
813,299,2026-03-06,2026-03-10,2026-03-08,delivered,store,high,USD,sepa,MUC2,Köln,Leipzig,933.23,80,7.9,2.9,4,PO-2024-00813,
814,39,2025-03-27,2025-04-06,2025-04-05,delivered,edi,rush,EUR,paypal,HH1,München,Frankfurt,950.39,0,4.9,1.5,2,,call before delivery
815,152,2024-12-02,2024-12-16,2024-12-15,delivered,edi,rush,USD,invoice,HH1,Köln,Köln,3080.61,0,12.9,2.9,1,PO-2026-00815,
816,292,2024-12-15,2024-12-26,2024-12-23,delivered,edi,normal,EUR,sepa,HH1,Hamburg,Hamburg,887.14,0,0,0,2,,
817,259,2025-04-24,2025-05-05,2025-05-04,delivered,phone,high,EUR,sepa,HH1,Berlin,Berlin,1070.62,0,12.9,2.9,4,PO-2025-00817,
818,187,2024-07-18,2024-08-01,2024-08-01,shipped,web,normal,USD,card,BER3,Hamburg,Hamburg,1799.87,0,0,0,10,,call before delivery
819,138,2026-01-10,2026-01-12,2026-01-10,delivered,partner,normal,EUR,sepa,MUC2,Berlin,Berlin,1037.47,25,0,0,1,PO-2024-00819,
820,307,2025-05-23,2025-05-28,2025-05-26,shipped,edi,rush,USD,card,MUC2,Berlin,Berlin,1361.49,0,12.9,0,8,,
821,194,2025-07-11,2025-07-23,2025-07-21,delivered,store,normal,EUR,sepa,BER3,Berlin,Berlin,741.97,40,0,1.5,12,PO-2026-00821,leave at gate
822,211,2024-12-21,2024-12-29,2024-12-29,delivered,phone,normal,CHF,paypal,MUC2,Stuttgart,Stuttgart,1091.54,40,7.9,0,1,,leave at gate
823,224,2025-02-23,2025-03-03,,open,partner,high,EUR,paypal,HH1,Leipzig,Leipzig,634.04,15,4.9,0,3,PO-2025-00823,leave at gate
824,189,2025-10-11,2025-10-13,2025-10-11,delivered,web,normal,EUR,prepay,HH1,Leipzig,Leipzig,1902.74,15,12.9,1.5,12,,
825,283,2025-03-05,2025-03-17,2025-03-15,shipped,store,normal,USD,prepay,MUC2,Berlin,Berlin,2646.93,0,7.9,1.5,2,,
826,335,2026-03-27,2026-03-31,,open,edi,high,USD,prepay,BER3,Hamburg,Hamburg,665.61,15,0,0,12,,call before delivery
827,135,2026-05-01,2026-05-04,2026-05-01,delivered,partner,normal,EUR,paypal,HH1,Köln,Köln,351.97,80,4.9,2.9,12,,call before delivery
828,18,2024-07-26,2024-08-05,2024-08-02,delivered,store,high,USD,card,MUC2,Leipzig,Leipzig,638.78,0,12.9,0,12,PO-2024-00828,leave at gate
829,,2024-04-06,2024-04-11,2024-04-08,shipped,web,normal,USD,card,BER3,Köln,Köln,1814.69,0,0,1.5,4,PO-2025-00829,
830,152,2024-03-10,2024-03-23,2024-03-21,delivered,store,rush,EUR,invoice,CGN1,Köln,Köln,1961.51,0,0,0,1,PO-2026-00830,
831,288,2025-12-07,2025-12-13,2025-12-11,delivered,phone,normal,EUR,prepay,BER3,Stuttgart,Stuttgart,4020.55,0,4.9,0,7,PO-2024-00831,
832,999999,2025-07-11,2025-07-17,,cancelled,edi,rush,EUR,card,MUC2,Köln,Köln,1656.16,80,4.9,2.9,3,,call before delivery
833,102,2024-10-23,2024-10-26,,open,web,normal,EUR,card,CGN1,Berlin,Berlin,3379.12,0,4.9,2.9,9,PO-2026-00833,leave at gate
834,277,2024-01-13,2024-01-27,2024-01-27,shipped,web,high,EUR,paypal,BER3,Stuttgart,Stuttgart,1071.89,0,0,0,12,PO-2024-00834,call before delivery
835,315,2025-08-20,2025-08-22,,open,web,rush,EUR,card,CGN1,Köln,Stuttgart,873.36,80,7.9,0,10,,
836,124,2025-09-22,2025-09-26,2025-09-26,delivered,web,normal,USD,paypal,HH1,München,München,1147.03,0,12.9,0,1,PO-2026-00836,
837,999999,2024-05-25,2024-06-07,2024-06-04,shipped,web,rush,EUR,prepay,MUC2,Stuttgart,Stuttgart,2572.96,15,7.9,1.5,7,,
838,4,2025-04-10,2025-04-24,2025-04-22,shipped,partner,normal,EUR,sepa,MUC2,Leipzig,Leipzig,2067.47,0,4.9,0,7,PO-2025-00838,
839,123,2026-07-22,2026-07-28,2026-07-25,delivered,store,normal,CHF,prepay,HH1,München,München,311.72,0,0,1.5,1,PO-2026-00839,call before delivery
840,129,2024-05-13,2024-05-25,2024-05-24,delivered,partner,high,EUR,prepay,CGN1,Berlin,Berlin,1708.79,80,7.9,0,4,PO-2024-00840,
841,60,2024-11-23,2024-12-03,,cancelled,store,high,USD,prepay,BER3,Hamburg,Hamburg,1644.82,0,4.9,2.9,4,,leave at gate
842,271,2025-01-23,2025-01-29,,cancelled,web,normal,CHF,prepay,HH1,München,Hamburg,254.43,15,7.9,2.9,1,,leave at gate
843,331,2024-05-13,2024-05-21,2024-05-20,shipped,phone,high,EUR,sepa,CGN1,Frankfurt,Frankfurt,1008.22,0,12.9,0,8,PO-2024-00843,
844,65,2024-08-17,2024-08-21,2024-08-20,delivered,web,normal,EUR,card,MUC2,München,München,332.87,25,7.9,2.9,12,PO-2025-00844,
845,212,2026-07-13,2026-07-15,2026-07-15,delivered,edi,rush,EUR,sepa,BER3,Frankfurt,Frankfurt,723.71,0,0,0,4,,
846,285,2024-10-19,2024-10-22,2024-10-19,delivered,web,normal,USD,invoice,BER3,Stuttgart,Stuttgart,4584.99,0,0,1.5,11,,
847,76,2025-12-02,2025-12-04,2025-12-02,delivered,partner,normal,USD,paypal,BER3,Köln,Berlin,6289.94,80,0,2.9,10,PO-2025-00847,
848,325,2024-10-28,2024-10-31,2024-10-30,delivered,store,normal,EUR,prepay,HH1,München,München,3125.46,0,12.9,0,11,,call before delivery
849,192,2025-05-28,2025-06-02,2025-05-31,shipped,web,normal,EUR,card,CGN1,München,München,1841.04,15,4.9,0,6,PO-2024-00849,leave at gate
850,165,2024-07-11,2024-07-19,,cancelled,store,rush,EUR,invoice,HH1,Hamburg,Hamburg,1067.61,15,7.9,1.5,6,PO-2025-00850,
851,312,2026-07-21,2026-08-01,2026-07-30,shipped,web,normal,CHF,card,HH1,München,München,838.65,0,4.9,2.9,6,PO-2026-00851,
852,190,2026-07-15,2026-07-21,2026-07-20,shipped,phone,high,CHF,invoice,HH1,Berlin,Berlin,1680.75,25,4.9,2.9,6,PO-2024-00852,
853,326,2024-05-22,2024-06-03,2024-06-02,delivered,partner,high,USD,invoice,CGN1,Stuttgart,Stuttgart,992.79,0,12.9,0,9,,
854,34,2025-04-20,2025-04-22,2025-04-22,delivered,web,normal,USD,card,MUC2,Frankfurt,Frankfurt,310.08,15,12.9,2.9,4,PO-2026-00854,
855,70,2025-08-04,2025-08-07,2025-08-06,delivered,web,high,USD,sepa,HH1,Berlin,Berlin,1513.26,40,0,1.5,6,PO-2024-00855,call before delivery
856,149,2024-11-15,2024-11-24,2024-11-21,delivered,phone,high,CHF,invoice,HH1,Stuttgart,Stuttgart,1033.55,15,4.9,0,12,PO-2025-00856,
857,117,2026-01-19,2026-01-29,2026-01-26,delivered,web,rush,CHF,prepay,MUC2,Leipzig,Leipzig,1823.6,15,4.9,1.5,6,PO-2026-00857,
858,69,2026-04-25,2026-05-05,2026-05-02,delivered,store,rush,EUR,paypal,MUC2,Leipzig,Köln,631.7,40,12.9,0,3,,leave at gate
859,240,2026-05-22,2026-05-31,2026-05-31,delivered,phone,normal,EUR,sepa,HH1,München,München,405.53,15,7.9,2.9,11,,
860,177,2025-05-27,2025-06-03,2025-06-01,delivered,phone,high,EUR,sepa,BER3,Frankfurt,Frankfurt,2599.5,0,4.9,0,11,PO-2026-00860,
861,82,2024-03-29,2024-04-05,2024-04-03,delivered,edi,normal,EUR,paypal,CGN1,Berlin,Berlin,825.97,15,7.9,0,5,,
862,55,2025-11-17,2025-11-26,2025-11-25,delivered,web,rush,EUR,sepa,MUC2,Frankfurt,Frankfurt,723.44,0,0,0,4,,call before delivery
863,292,2026-04-05,2026-04-13,2026-04-10,shipped,partner,normal,EUR,invoice,HH1,Hamburg,München,540.63,15,12.9,0,2,PO-2026-00863,call before delivery
864,162,2024-03-25,2024-03-27,2024-03-25,delivered,edi,rush,EUR,card,BER3,Leipzig,Leipzig,1291.39,0,0,2.9,9,,leave at gate
865,61,2024-04-13,2024-04-23,2024-04-23,shipped,web,normal,EUR,invoice,HH1,Hamburg,Hamburg,588.67,0,0,2.9,6,,leave at gate
866,137,2024-04-19,2024-04-21,2024-04-21,delivered,store,normal,EUR,prepay,HH1,Köln,Köln,1558.92,0,12.9,2.9,3,PO-2026-00866,call before delivery
867,272,2026-04-21,2026-04-26,2026-04-23,delivered,partner,normal,EUR,prepay,MUC2,Stuttgart,Stuttgart,2663.09,0,0,0,3,PO-2024-00867,
868,259,2025-06-19,2025-06-28,2025-06-28,delivered,store,normal,CHF,invoice,HH1,Berlin,Berlin,2590.35,80,0,0,4,PO-2025-00868,
869,116,2025-11-24,2025-12-03,2025-12-03,delivered,edi,normal,CHF,sepa,MUC2,Stuttgart,Stuttgart,1167.38,40,7.9,2.9,2,,
870,4,2024-07-05,2024-07-15,2024-07-15,delivered,web,normal,EUR,sepa,MUC2,Leipzig,Leipzig,587.4,25,7.9,2.9,7,PO-2024-00870,leave at gate
871,88,2026-04-24,2026-05-03,2026-05-01,shipped,store,rush,EUR,paypal,BER3,Hamburg,Hamburg,189.19,40,12.9,1.5,12,PO-2025-00871,leave at gate
872,65,2024-09-08,2024-09-15,2024-09-15,delivered,web,rush,EUR,card,BER3,München,München,1058.08,25,4.9,0,12,PO-2026-00872,
873,215,2024-02-17,2024-02-22,,cancelled,web,normal,USD,card,CGN1,Stuttgart,Stuttgart,255.06,15,4.9,1.5,6,PO-2024-00873,
874,6,2024-11-04,2024-11-09,2024-11-09,delivered,phone,normal,EUR,invoice,BER3,Leipzig,Leipzig,820.65,0,0,1.5,11,PO-2025-00874,leave at gate
875,237,2025-12-31,2026-01-10,2026-01-10,delivered,web,normal,EUR,invoice,HH1,Köln,Köln,2173.24,25,4.9,1.5,4,,leave at gate
876,84,2025-05-17,2025-05-26,2025-05-25,delivered,edi,high,EUR,invoice,MUC2,Stuttgart,Stuttgart,1218.99,40,0,1.5,3,PO-2024-00876,leave at gate
877,192,2026-04-06,2026-04-13,2026-04-11,shipped,partner,normal,CHF,invoice,BER3,München,München,1898.22,25,12.9,0,6,,
878,171,2025-03-21,2025-04-04,2025-04-01,delivered,store,normal,EUR,sepa,HH1,Leipzig,Leipzig,340.8,25,7.9,2.9,2,PO-2026-00878,
879,265,2024-08-25,2024-09-03,2024-09-03,shipped,phone,normal,CHF,sepa,CGN1,Berlin,Stuttgart,1164.61,15,12.9,0,7,PO-2024-00879,
880,173,2026-04-21,2026-04-29,,open,web,normal,USD,card,CGN1,Frankfurt,Frankfurt,1520.24,25,12.9,0,12,,leave at gate
881,263,2024-07-09,2024-07-17,2024-07-15,delivered,phone,normal,CHF,paypal,MUC2,Leipzig,Leipzig,1746.86,0,12.9,2.9,10,,
882,119,2026-01-14,2026-01-21,2026-01-20,delivered,phone,rush,USD,paypal,HH1,Stuttgart,Stuttgart,97.77,80,12.9,0,5,,
883,300,2026-07-29,2026-08-11,2026-08-09,delivered,partner,normal,EUR,invoice,CGN1,Berlin,Berlin,862.73,0,4.9,0,3,,
884,336,2025-03-04,2025-03-10,2025-03-10,delivered,partner,normal,EUR,paypal,BER3,Köln,Köln,356.3,25,12.9,2.9,5,PO-2026-00884,leave at gate
885,200,2024-12-18,2025-01-01,2024-12-30,shipped,phone,normal,CHF,card,BER3,Stuttgart,Stuttgart,1343.71,0,0,0,12,PO-2024-00885,
886,98,2024-06-28,2024-07-07,,cancelled,partner,rush,CHF,prepay,HH1,Leipzig,Hamburg,1335.16,0,0,0,12,PO-2025-00886,
887,85,2025-09-23,2025-10-04,2025-10-03,delivered,web,high,EUR,invoice,BER3,Frankfurt,Hamburg,1488.17,15,7.9,2.9,5,PO-2026-00887,
888,100,2026-02-03,2026-02-07,2026-02-04,delivered,partner,rush,EUR,invoice,BER3,Köln,Köln,386.88,0,0,1.5,6,,leave at gate
889,10,2024-08-09,2024-08-16,2024-08-16,delivered,web,high,USD,card,MUC2,Berlin,Berlin,617.75,0,12.9,0,6,,
890,163,2025-01-20,2025-02-03,2025-01-31,delivered,store,normal,USD,invoice,MUC2,Frankfurt,Hamburg,1564.72,80,4.9,1.5,2,,call before delivery
891,85,2026-06-21,2026-07-04,2026-07-03,delivered,phone,rush,EUR,paypal,MUC2,Frankfurt,Frankfurt,762.01,25,0,0,5,PO-2024-00891,
892,127,2024-12-22,2024-12-30,2024-12-27,delivered,store,rush,EUR,card,BER3,Berlin,Stuttgart,2076.4,40,0,0,7,,call before delivery
893,344,2025-05-15,2025-05-28,2025-05-28,shipped,edi,rush,EUR,invoice,BER3,Berlin,Berlin,1707.5,25,0,2.9,11,,leave at gate
894,,2024-06-22,2024-06-26,,open,phone,normal,EUR,sepa,MUC2,Hamburg,Hamburg,907.46,0,4.9,0,6,PO-2024-00894,
895,95,2026-07-09,2026-07-11,2026-07-10,shipped,phone,high,EUR,invoice,MUC2,Stuttgart,Stuttgart,1347.18,0,4.9,0,4,,call before delivery
896,33,2024-04-26,2024-05-10,2024-05-10,delivered,phone,rush,USD,prepay,CGN1,Stuttgart,Stuttgart,1359.67,25,7.9,1.5,4,PO-2026-00896,
897,139,2024-07-16,2024-07-27,2024-07-24,delivered,phone,normal,USD,invoice,CGN1,München,München,1472.36,0,12.9,0,6,,
898,155,2026-02-09,2026-02-23,2026-02-20,shipped,partner,normal,EUR,invoice,MUC2,Leipzig,Leipzig,424.51,0,12.9,1.5,8,PO-2025-00898,
899,182,2025-08-25,2025-09-05,2025-09-03,delivered,web,normal,CHF,sepa,HH1,Frankfurt,Frankfurt,1536.34,0,12.9,0,8,PO-2026-00899,leave at gate
900,143,2024-02-21,2024-02-27,2024-02-24,delivered,partner,normal,USD,paypal,CGN1,Frankfurt,Frankfurt,821.27,40,4.9,2.9,6,,
901,248,2024-05-03,2024-05-15,2024-05-13,delivered,partner,normal,EUR,invoice,MUC2,Frankfurt,Frankfurt,1877.54,0,0,0,1,PO-2025-00901,call before delivery
902,193,2024-12-29,2025-01-09,,open,web,high,EUR,invoice,BER3,Hamburg,Hamburg,2457.31,0,4.9,0,8,,
903,69,2025-01-18,2025-01-28,2025-01-27,delivered,partner,high,USD,invoice,MUC2,Leipzig,Leipzig,1383.09,0,4.9,0,3,,call before delivery
904,281,2025-05-19,2025-05-24,,open,phone,rush,EUR,invoice,CGN1,Köln,Hamburg,1183.5,40,4.9,0,4,PO-2025-00904,leave at gate
905,170,2025-03-19,2025-04-01,2025-03-31,shipped,partner,rush,CHF,card,BER3,Hamburg,Hamburg,327.5,25,7.9,0,12,PO-2026-00905,call before delivery
906,69,2025-11-05,2025-11-18,2025-11-16,delivered,web,rush,EUR,prepay,MUC2,Leipzig,Leipzig,745.81,15,4.9,1.5,3,,
907,309,2024-07-06,2024-07-15,2024-07-14,delivered,edi,rush,EUR,prepay,CGN1,München,Leipzig,1871.17,40,4.9,1.5,9,PO-2025-00907,
908,139,2024-10-07,2024-10-18,2024-10-15,shipped,store,normal,CHF,invoice,MUC2,München,München,1477.25,0,0,0,6,PO-2026-00908,call before delivery
909,28,2025-08-17,2025-08-29,2025-08-29,delivered,web,normal,USD,invoice,HH1,Leipzig,Leipzig,380.05,0,12.9,1.5,2,PO-2024-00909,
910,114,2025-07-05,2025-07-08,2025-07-07,delivered,store,normal,EUR,paypal,HH1,Frankfurt,München,643.63,15,12.9,0,6,PO-2025-00910,
911,163,2025-02-13,2025-02-21,2025-02-20,shipped,store,high,EUR,prepay,CGN1,Frankfurt,Frankfurt,1377.46,40,0,2.9,2,,
912,114,2024-10-04,2024-10-16,2024-10-16,delivered,phone,normal,CHF,invoice,HH1,Frankfurt,Frankfurt,2952.04,40,4.9,0,6,,call before delivery
913,50,2025-03-21,2025-03-27,2025-03-25,shipped,web,normal,CHF,card,BER3,München,München,1103.1,0,12.9,1.5,5,,call before delivery
914,246,2026-07-04,2026-07-08,2026-07-08,delivered,partner,rush,EUR,paypal,CGN1,Köln,Hamburg,512.69,0,7.9,1.5,8,PO-2026-00914,leave at gate
915,91,2024-09-10,2024-09-12,2024-09-11,delivered,partner,normal,CHF,sepa,CGN1,Frankfurt,Frankfurt,495.93,0,7.9,0,2,,
916,204,2025-03-14,2025-03-25,2025-03-25,delivered,phone,high,EUR,prepay,CGN1,Leipzig,Leipzig,988.53,40,7.9,2.9,9,PO-2025-00916,
917,331,2024-02-12,2024-02-15,2024-02-15,shipped,web,high,EUR,prepay,CGN1,Frankfurt,Frankfurt,1183.21,0,12.9,1.5,8,PO-2026-00917,call before delivery
918,231,2026-01-13,2026-01-22,2026-01-22,shipped,partner,rush,EUR,sepa,BER3,Köln,Köln,667.1,0,0,0,2,,
919,267,2025-06-01,2025-06-03,,cancelled,store,rush,EUR,prepay,BER3,Berlin,Berlin,1327.62,15,4.9,2.9,12,,call before delivery
920,147,2026-07-06,2026-07-16,2026-07-16,delivered,partner,high,EUR,prepay,CGN1,München,München,868.59,40,4.9,2.9,6,,
921,81,2025-04-08,2025-04-15,2025-04-15,delivered,store,rush,EUR,sepa,MUC2,Köln,Köln,2921.92,0,0,1.5,9,,leave at gate
922,51,2024-04-26,2024-04-28,2024-04-25,delivered,store,rush,EUR,invoice,BER3,Hamburg,Hamburg,315.12,40,4.9,0,11,,
923,74,2024-07-06,2024-07-17,2024-07-17,delivered,edi,rush,USD,prepay,BER3,Stuttgart,Stuttgart,1372.7,80,7.9,0,9,,
924,118,2025-08-09,2025-08-11,2025-08-09,delivered,partner,normal,EUR,prepay,MUC2,Hamburg,Hamburg,759.69,0,12.9,2.9,10,PO-2024-00924,leave at gate
925,342,2024-10-14,2024-10-16,2024-10-13,delivered,store,normal,EUR,invoice,HH1,Berlin,Berlin,2117.4,0,12.9,2.9,2,PO-2025-00925,
926,339,2025-08-18,2025-08-21,2025-08-20,shipped,store,high,EUR,card,BER3,Frankfurt,Frankfurt,382.24,0,4.9,2.9,5,,
927,180,2025-09-17,2025-09-22,2025-09-21,shipped,web,normal,EUR,sepa,HH1,Köln,Köln,2441.3,15,4.9,0,10,PO-2024-00927,leave at gate
928,225,2025-09-05,2025-09-12,2025-09-10,shipped,edi,normal,EUR,card,CGN1,Berlin,Berlin,1075.39,80,4.9,0,12,PO-2025-00928,
929,41,2025-04-22,2025-05-04,2025-05-01,delivered,partner,normal,EUR,sepa,HH1,Stuttgart,Stuttgart,742.97,80,0,2.9,7,,call before delivery
930,339,2026-01-10,2026-01-15,2026-01-12,delivered,web,normal,CHF,invoice,MUC2,Frankfurt,Frankfurt,843.98,0,7.9,0,5,PO-2024-00930,leave at gate
931,117,2024-02-01,2024-02-09,2024-02-08,delivered,edi,normal,USD,paypal,MUC2,Leipzig,Leipzig,804.25,0,12.9,0,6,,call before delivery
932,191,2026-02-09,2026-02-19,,cancelled,edi,high,USD,card,BER3,Leipzig,Leipzig,997.36,0,12.9,0,1,PO-2026-00932,leave at gate
933,247,2025-08-29,2025-09-12,2025-09-09,delivered,store,rush,EUR,invoice,HH1,Hamburg,Hamburg,693.8,40,0,0,1,,
934,267,2024-02-28,2024-03-05,2024-03-03,delivered,phone,high,USD,paypal,MUC2,Berlin,Berlin,449.45,40,4.9,1.5,12,PO-2025-00934,leave at gate
935,44,2024-07-01,2024-07-13,,open,partner,normal,CHF,prepay,HH1,Berlin,Berlin,1663.62,0,7.9,0,5,,
936,268,2025-01-07,2025-01-20,2025-01-20,shipped,phone,rush,CHF,invoice,MUC2,Leipzig,Köln,1364.38,15,12.9,2.9,6,PO-2024-00936,call before delivery
937,180,2024-02-13,2024-02-26,2024-02-23,delivered,partner,high,EUR,card,BER3,Köln,Köln,580.63,40,7.9,0,10,PO-2025-00937,
938,332,2025-04-07,2025-04-15,,cancelled,phone,normal,EUR,card,BER3,Köln,Köln,371.78,25,7.9,2.9,3,PO-2026-00938,leave at gate
939,306,2025-02-21,2025-03-05,2025-03-04,shipped,phone,normal,EUR,card,BER3,Köln,Köln,1110.89,25,7.9,2.9,8,,
940,202,2024-07-22,2024-07-29,,open,store,normal,USD,prepay,MUC2,Köln,Köln,1037.15,40,4.9,0,2,,leave at gate
941,235,2025-07-23,2025-08-06,2025-08-03,delivered,web,high,EUR,card,CGN1,Stuttgart,Stuttgart,2356.96,80,4.9,1.5,1,PO-2026-00941,call before delivery
942,140,2024-04-07,2024-04-11,2024-04-08,delivered,web,normal,EUR,invoice,CGN1,Leipzig,Leipzig,977.33,0,0,0,12,,leave at gate
943,80,2026-05-10,2026-05-12,2026-05-10,delivered,edi,normal,EUR,sepa,HH1,Frankfurt,Frankfurt,1814.44,0,7.9,0,8,PO-2025-00943,leave at gate
944,315,2025-04-26,2025-05-02,2025-05-01,shipped,phone,high,EUR,sepa,MUC2,Köln,Köln,1687.87,40,7.9,2.9,10,PO-2026-00944,call before delivery
945,16,2025-08-06,2025-08-16,2025-08-13,delivered,phone,normal,EUR,paypal,MUC2,Berlin,Hamburg,1713.81,40,0,1.5,4,PO-2024-00945,call before delivery
946,2,2025-04-04,2025-04-08,2025-04-06,delivered,web,high,EUR,sepa,BER3,Köln,Köln,476.35,40,7.9,2.9,9,,call before delivery
947,40,2025-11-03,2025-11-05,2025-11-05,shipped,store,rush,CHF,card,MUC2,München,München,2298.91,25,12.9,0,1,,call before delivery
948,202,2024-02-14,2024-02-27,2024-02-25,delivered,edi,normal,USD,card,BER3,Köln,Köln,478.41,0,0,0,2,PO-2024-00948,
949,102,2026-04-09,2026-04-19,2026-04-19,shipped,partner,rush,CHF,invoice,BER3,Berlin,Berlin,654.44,15,12.9,1.5,9,PO-2025-00949,
950,185,2024-03-08,2024-03-11,2024-03-11,delivered,store,normal,USD,sepa,HH1,Hamburg,Hamburg,1543.86,80,12.9,1.5,11,PO-2026-00950,
951,348,2024-12-21,2025-01-01,,open,web,high,USD,invoice,CGN1,Hamburg,Hamburg,1926.14,0,7.9,0,12,PO-2024-00951,
952,264,2024-09-23,2024-10-04,2024-10-04,shipped,store,normal,CHF,paypal,HH1,Frankfurt,Frankfurt,2621.94,40,7.9,0,8,PO-2025-00952,
953,7,2026-01-04,2026-01-18,2026-01-17,delivered,edi,normal,EUR,invoice,HH1,Frankfurt,Frankfurt,1595.79,0,7.9,0,11,,leave at gate
954,21,2024-09-01,2024-09-13,2024-09-10,delivered,edi,normal,EUR,paypal,CGN1,Stuttgart,Stuttgart,2580.68,40,7.9,0,10,,
955,226,2024-10-16,2024-10-23,2024-10-20,delivered,phone,normal,EUR,card,BER3,Leipzig,Leipzig,3277.96,0,4.9,0,9,,
956,252,2025-05-14,2025-05-16,,open,web,normal,USD,sepa,MUC2,München,München,561.98,80,0,0,1,PO-2026-00956,
957,224,2024-04-12,2024-04-16,2024-04-13,shipped,phone,normal,EUR,invoice,BER3,Leipzig,Leipzig,568.24,25,0,1.5,3,,
958,184,2024-08-19,2024-08-25,2024-08-23,delivered,partner,high,CHF,invoice,MUC2,Berlin,München,577.93,0,12.9,2.9,6,PO-2025-00958,
959,40,2026-04-22,2026-05-06,2026-05-03,delivered,store,rush,EUR,paypal,MUC2,München,München,835.22,0,7.9,2.9,1,,leave at gate
960,215,2024-08-25,2024-08-27,,cancelled,phone,high,CHF,prepay,BER3,Stuttgart,Stuttgart,318.66,40,0,1.5,6,,leave at gate
961,61,2024-07-20,2024-07-27,2024-07-27,shipped,phone,normal,CHF,sepa,HH1,Hamburg,Hamburg,1300.3,0,12.9,0,6,,
962,343,2024-02-14,2024-02-18,2024-02-16,delivered,phone,normal,USD,sepa,CGN1,Leipzig,Leipzig,353.49,0,4.9,0,6,PO-2026-00962,leave at gate
963,332,2025-04-23,2025-04-25,2025-04-25,delivered,edi,rush,EUR,card,BER3,Köln,Köln,1571.99,0,4.9,2.9,3,,leave at gate
964,188,2024-09-20,2024-09-26,2024-09-24,delivered,partner,high,EUR,prepay,HH1,Leipzig,Leipzig,916.95,0,0,1.5,11,PO-2025-00964,
965,349,2025-02-02,2025-02-16,2025-02-14,delivered,store,rush,EUR,card,CGN1,Leipzig,Leipzig,613.21,0,7.9,1.5,3,PO-2026-00965,leave at gate
966,202,2024-07-13,2024-07-17,,open,partner,rush,EUR,paypal,HH1,Köln,Köln,199.38,40,0,2.9,2,,
967,238,2024-01-17,2024-01-19,2024-01-19,shipped,partner,normal,EUR,invoice,BER3,München,München,2750.79,0,7.9,1.5,9,,
968,52,2024-11-19,2024-11-23,2024-11-22,delivered,partner,high,EUR,card,MUC2,Hamburg,Hamburg,1921.02,80,0,1.5,5,PO-2026-00968,call before delivery
969,198,2024-05-15,2024-05-26,2024-05-26,delivered,partner,rush,EUR,prepay,HH1,Berlin,Berlin,1091.71,0,7.9,2.9,4,,leave at gate
970,175,2026-05-17,2026-05-20,2026-05-19,delivered,phone,high,USD,paypal,CGN1,Stuttgart,Stuttgart,1178.38,40,7.9,2.9,5,,leave at gate
971,4,2025-01-18,2025-01-27,2025-01-27,delivered,edi,high,EUR,invoice,HH1,Leipzig,Leipzig,890.38,0,4.9,2.9,7,PO-2026-00971,call before delivery
972,137,2024-08-10,2024-08-15,2024-08-12,shipped,partner,high,EUR,card,MUC2,Köln,Köln,334.45,80,4.9,0,3,,leave at gate
973,269,2025-01-20,2025-01-29,2025-01-26,delivered,phone,normal,EUR,prepay,CGN1,Frankfurt,Frankfurt,133.84,0,7.9,0,1,PO-2025-00973,
974,,2024-05-08,2024-05-22,2024-05-21,delivered,edi,high,EUR,card,MUC2,Stuttgart,Berlin,2020.42,40,4.9,0,6,,
975,5,2026-03-29,2026-04-04,2026-04-02,delivered,phone,rush,EUR,paypal,CGN1,Frankfurt,Frankfurt,1047.41,25,0,1.5,3,,
976,127,2024-05-07,2024-05-12,,open,phone,normal,CHF,card,MUC2,Berlin,Berlin,1501.21,40,7.9,0,7,PO-2025-00976,
977,41,2025-02-28,2025-03-06,2025-03-03,delivered,web,rush,EUR,card,CGN1,Stuttgart,Stuttgart,1642.43,0,12.9,2.9,7,PO-2026-00977,
978,184,2024-06-22,2024-07-05,2024-07-05,delivered,store,high,EUR,card,BER3,Berlin,Berlin,1074.22,0,7.9,0,6,,leave at gate
979,216,2025-06-02,2025-06-10,2025-06-09,shipped,web,normal,EUR,paypal,MUC2,Köln,Köln,2095.81,0,7.9,0,8,,call before delivery
980,237,2026-06-23,2026-07-04,,cancelled,store,high,EUR,prepay,BER3,Köln,Köln,359.67,40,0,1.5,4,PO-2026-00980,
981,333,2025-11-26,2025-12-07,2025-12-04,delivered,web,high,EUR,invoice,CGN1,Frankfurt,Frankfurt,1470.13,15,0,1.5,2,,
982,244,2026-03-04,2026-03-15,2026-03-13,delivered,store,normal,EUR,invoice,MUC2,Stuttgart,Stuttgart,1369.2,0,4.9,0,6,,
983,57,2024-12-03,2024-12-05,2024-12-05,delivered,web,normal,CHF,paypal,MUC2,Frankfurt,Frankfurt,871.7,25,4.9,1.5,8,PO-2026-00983,call before delivery
984,175,2024-06-25,2024-07-08,2024-07-05,delivered,edi,rush,EUR,prepay,MUC2,Stuttgart,München,2159.7,0,7.9,2.9,5,PO-2024-00984,leave at gate
985,345,2024-10-06,2024-10-19,,cancelled,web,normal,EUR,prepay,CGN1,Leipzig,Leipzig,1159.55,40,0,2.9,8,PO-2025-00985,call before delivery
986,190,2025-06-11,2025-06-23,2025-06-22,delivered,web,rush,EUR,card,BER3,Berlin,Berlin,898.21,15,12.9,0,6,PO-2026-00986,
987,77,2025-03-03,2025-03-10,2025-03-08,shipped,partner,rush,USD,paypal,CGN1,München,München,2176.89,0,0,2.9,3,,leave at gate
988,212,2026-06-28,2026-07-06,2026-07-04,delivered,web,normal,EUR,paypal,BER3,Frankfurt,Frankfurt,837.73,0,7.9,2.9,4,,leave at gate
989,72,2024-10-25,2024-10-31,2024-10-29,delivered,web,normal,EUR,sepa,CGN1,Hamburg,Hamburg,2508.89,40,12.9,1.5,7,,leave at gate
990,3,2024-05-27,2024-05-29,2024-05-28,delivered,partner,rush,EUR,invoice,BER3,Berlin,Berlin,1859.96,0,12.9,2.9,4,PO-2024-00990,
991,330,2024-06-01,2024-06-05,2024-06-05,delivered,partner,normal,USD,prepay,MUC2,Hamburg,Hamburg,990.84,0,12.9,0,10,,call before delivery
992,,2024-10-02,2024-10-13,2024-10-10,delivered,edi,rush,EUR,sepa,CGN1,Köln,Stuttgart,793.1,40,0,2.9,11,PO-2026-00992,
993,156,2025-06-23,2025-06-30,,open,store,rush,EUR,prepay,HH1,Berlin,Berlin,1736.38,0,12.9,0,1,PO-2024-00993,
994,10,2026-06-28,2026-06-30,2026-06-29,delivered,edi,high,EUR,card,HH1,Berlin,Berlin,746.36,0,4.9,2.9,6,,call before delivery
995,76,2024-12-06,2024-12-12,2024-12-11,delivered,web,normal,EUR,prepay,BER3,Köln,Köln,4669.63,0,12.9,0,10,PO-2026-00995,leave at gate
996,216,2024-04-26,2024-05-01,2024-05-01,delivered,edi,normal,USD,sepa,BER3,Köln,Köln,2246.35,40,7.9,0,8,,call before delivery
997,246,2024-06-11,2024-06-24,2024-06-22,shipped,edi,rush,USD,sepa,MUC2,Köln,Köln,1790.39,0,12.9,0,8,,call before delivery
998,120,2024-04-11,2024-04-15,2024-04-14,delivered,web,high,EUR,prepay,HH1,Stuttgart,Stuttgart,1659.5,0,12.9,2.9,3,PO-2026-00998,call before delivery
999,226,2026-04-23,2026-05-01,2026-04-30,delivered,phone,normal,CHF,card,MUC2,Leipzig,Leipzig,304.6,15,12.9,0,9,PO-2024-00999,
1000,94,2024-08-21,2024-08-28,2024-08-26,delivered,edi,rush,EUR,prepay,CGN1,Köln,Köln,2871.48,0,0,2.9,8,,call before delivery
1001,39,2025-10-04,2025-10-15,2025-10-15,delivered,edi,normal,CHF,card,BER3,München,München,1606.44,25,7.9,0,2,PO-2026-01001,
1002,32,2025-07-25,2025-08-04,2025-08-03,delivered,edi,high,USD,prepay,BER3,München,München,1543.42,40,4.9,2.9,10,PO-2024-01002,
1003,279,2025-02-12,2025-02-15,,open,edi,normal,EUR,invoice,HH1,München,München,536.46,40,0,0,5,,leave at gate
1004,54,2025-06-07,2025-06-15,2025-06-12,delivered,edi,normal,EUR,invoice,BER3,Leipzig,Leipzig,684.62,0,12.9,0,5,PO-2026-01004,
1005,78,2025-01-31,2025-02-12,2025-02-10,delivered,edi,rush,EUR,card,CGN1,Stuttgart,Stuttgart,537.97,0,7.9,2.9,8,PO-2024-01005,leave at gate
1006,242,2026-06-01,2026-06-08,2026-06-05,delivered,web,rush,CHF,card,HH1,Stuttgart,Stuttgart,2152.78,0,4.9,1.5,8,,
1007,192,2024-12-14,2024-12-21,2024-12-20,delivered,web,rush,USD,prepay,MUC2,München,München,1580.55,25,12.9,0,6,,call before delivery
1008,183,2025-01-11,2025-01-14,,cancelled,partner,rush,EUR,invoice,MUC2,München,Leipzig,1409.78,0,0,1.5,5,,
1009,310,2025-03-30,2025-04-10,2025-04-07,shipped,store,rush,USD,invoice,MUC2,Berlin,Berlin,760.47,40,0,0,2,,call before delivery
1010,298,2024-10-25,2024-11-08,2024-11-05,shipped,store,high,EUR,invoice,BER3,Hamburg,Hamburg,1026.79,15,0,0,3,PO-2026-01010,call before delivery
1011,290,2025-06-02,2025-06-11,2025-06-10,delivered,edi,normal,CHF,card,HH1,Berlin,Berlin,1391.32,25,12.9,1.5,12,,
1012,74,2025-08-01,2025-08-06,2025-08-05,delivered,phone,high,EUR,paypal,CGN1,Stuttgart,Stuttgart,1296.11,25,7.9,0,6,,call before delivery
1013,999999,2025-03-19,2025-03-25,2025-03-22,delivered,store,high,CHF,card,HH1,Frankfurt,Frankfurt,710.53,80,4.9,1.5,11,,call before delivery
1014,45,2025-10-04,2025-10-13,2025-10-13,delivered,partner,normal,EUR,card,HH1,Berlin,Berlin,1498.21,0,12.9,0,12,PO-2024-01014,
1015,168,2026-07-01,2026-07-09,,cancelled,web,high,USD,card,BER3,Frankfurt,Frankfurt,866.49,15,7.9,2.9,3,PO-2025-01015,
1016,69,2025-07-02,2025-07-16,2025-07-15,delivered,store,high,EUR,prepay,BER3,Leipzig,Leipzig,1415.76,0,4.9,0,3,PO-2026-01016,
1017,264,2025-04-15,2025-04-18,2025-04-18,shipped,phone,high,CHF,card,CGN1,Frankfurt,Frankfurt,1168.13,40,12.9,2.9,8,,
1018,70,2024-05-16,2024-05-21,2024-05-18,delivered,store,normal,CHF,paypal,CGN1,Berlin,Berlin,1242.79,15,0,0,6,PO-2025-01018,leave at gate
1019,39,2024-12-01,2024-12-07,2024-12-07,shipped,edi,normal,EUR,card,CGN1,München,München,3736.97,40,0,1.5,2,PO-2026-01019,leave at gate
1020,253,2026-06-21,2026-07-01,2026-06-28,delivered,phone,rush,EUR,paypal,MUC2,München,München,801.88,40,0,0,8,,call before delivery
1021,226,2026-07-04,2026-07-16,2026-07-13,delivered,store,high,EUR,sepa,HH1,Leipzig,Leipzig,1630.31,0,4.9,2.9,9,,call before delivery
1022,115,2025-01-15,2025-01-27,2025-01-25,delivered,edi,rush,CHF,card,MUC2,Stuttgart,Stuttgart,1331.4,0,7.9,1.5,6,PO-2026-01022,
1023,137,2024-08-27,2024-09-03,,open,store,high,USD,card,MUC2,Köln,Köln,603.93,15,12.9,0,3,PO-2024-01023,leave at gate
1024,272,2025-08-26,2025-08-28,2025-08-26,delivered,partner,normal,CHF,paypal,BER3,Stuttgart,Stuttgart,1218.91,0,0,1.5,3,PO-2025-01024,
1025,222,2025-05-29,2025-06-04,,open,phone,normal,EUR,invoice,HH1,Stuttgart,Stuttgart,1984.18,80,4.9,0,7,PO-2026-01025,leave at gate
1026,57,2026-03-30,2026-04-01,,open,edi,rush,USD,sepa,BER3,Frankfurt,Frankfurt,297.73,0,12.9,0,8,PO-2024-01026,leave at gate
1027,239,2025-10-19,2025-10-24,2025-10-24,delivered,partner,high,EUR,card,HH1,Hamburg,Hamburg,560.94,0,12.9,0,3,PO-2025-01027,
1028,265,2024-08-09,2024-08-13,2024-08-12,delivered,partner,normal,EUR,sepa,MUC2,Berlin,Berlin,602.13,25,0,1.5,7,PO-2026-01028,
1029,41,2024-09-19,2024-09-27,2024-09-24,delivered,phone,normal,USD,card,MUC2,Stuttgart,Stuttgart,1632.18,0,0,0,7,PO-2024-01029,
1030,165,2024-04-28,2024-05-05,2024-05-02,delivered,phone,normal,EUR,prepay,HH1,Hamburg,Hamburg,1525.2,0,4.9,0,6,,call before delivery
1031,120,2024-08-16,2024-08-26,2024-08-23,delivered,web,normal,EUR,card,CGN1,Stuttgart,Stuttgart,234.08,0,7.9,0,3,,call before delivery
1032,124,2024-11-07,2024-11-21,2024-11-21,shipped,phone,high,USD,prepay,BER3,München,München,2048.32,15,12.9,2.9,1,PO-2024-01032,
1033,340,2024-12-31,2025-01-12,2025-01-10,shipped,phone,rush,EUR,sepa,BER3,Frankfurt,Frankfurt,5292.98,80,4.9,1.5,11,PO-2025-01033,
1034,237,2025-01-14,2025-01-28,2025-01-25,delivered,phone,high,EUR,prepay,HH1,Köln,Köln,1395.1,0,7.9,2.9,4,PO-2026-01034,call before delivery
1035,276,2026-03-12,2026-03-18,,cancelled,store,high,CHF,paypal,CGN1,Hamburg,Hamburg,1241.18,40,7.9,0,11,PO-2024-01035,leave at gate
1036,336,2025-07-18,2025-07-31,2025-07-28,delivered,store,normal,EUR,invoice,CGN1,Köln,Köln,1347.17,0,7.9,0,5,PO-2025-01036,leave at gate
1037,245,2024-07-20,2024-07-25,2024-07-23,delivered,store,high,USD,paypal,MUC2,Berlin,Berlin,1977.45,0,7.9,1.5,8,PO-2026-01037,
1038,311,2024-05-30,2024-06-02,2024-05-31,shipped,phone,normal,EUR,paypal,MUC2,München,München,560.73,0,0,2.9,8,PO-2024-01038,
1039,141,2024-08-30,2024-09-05,2024-09-02,shipped,store,normal,USD,card,BER3,München,München,444.67,0,0,0,12,,
1040,67,2024-10-19,2024-10-23,2024-10-21,delivered,partner,normal,USD,card,BER3,Frankfurt,Frankfurt,1051.95,15,12.9,2.9,10,PO-2026-01040,leave at gate
1041,106,2025-09-04,2025-09-12,2025-09-10,shipped,edi,normal,EUR,card,BER3,Leipzig,Leipzig,1413.02,15,0,0,3,PO-2024-01041,call before delivery
1042,48,2025-09-27,2025-10-02,2025-09-30,delivered,phone,normal,EUR,invoice,BER3,Köln,Köln,1954.52,0,12.9,0,6,,
1043,140,2025-08-04,2025-08-09,2025-08-08,delivered,partner,high,EUR,paypal,BER3,Leipzig,Leipzig,1025.7,0,0,0,12,,
1044,158,2025-06-30,2025-07-03,2025-06-30,delivered,store,normal,EUR,invoice,CGN1,Leipzig,Hamburg,332.03,15,0,0,9,PO-2024-01044,
1045,337,2025-11-01,2025-11-07,2025-11-06,delivered,web,normal,USD,prepay,BER3,Leipzig,Hamburg,2900.74,0,0,0,4,PO-2025-01045,
1046,40,2026-06-16,2026-06-30,2026-06-29,delivered,partner,high,EUR,prepay,CGN1,München,Hamburg,801.94,15,4.9,0,1,PO-2026-01046,
1047,61,2024-12-22,2024-12-27,2024-12-24,delivered,web,normal,EUR,paypal,HH1,Hamburg,Hamburg,3275.92,0,12.9,0,6,,
1048,74,2026-03-12,2026-03-18,2026-03-15,delivered,web,normal,USD,prepay,HH1,Stuttgart,Stuttgart,516.13,15,0,0,2,PO-2025-01048,leave at gate
1049,175,2024-11-20,2024-11-29,2024-11-27,shipped,store,rush,EUR,paypal,MUC2,Stuttgart,Stuttgart,2802.4,0,4.9,2.9,5,PO-2026-01049,
1050,338,2024-09-12,2024-09-16,2024-09-15,delivered,phone,normal,EUR,sepa,HH1,Leipzig,Leipzig,415.92,40,0,1.5,12,PO-2024-01050,call before delivery
1051,28,2025-02-24,2025-03-04,2025-03-02,delivered,partner,high,EUR,sepa,MUC2,Leipzig,Leipzig,517.01,0,12.9,0,2,PO-2025-01051,call before delivery
1052,2,2024-05-22,2024-06-01,2024-05-30,delivered,store,rush,USD,sepa,MUC2,Köln,Hamburg,3384.12,0,12.9,1.5,9,PO-2026-01052,call before delivery
1053,206,2025-11-10,2025-11-14,2025-11-11,delivered,web,rush,EUR,paypal,BER3,München,München,3041.77,25,7.9,0,11,,leave at gate
1054,149,2025-01-26,2025-02-07,2025-02-05,delivered,web,normal,EUR,paypal,BER3,Stuttgart,Köln,835.67,0,0,1.5,12,PO-2025-01054,leave at gate
1055,56,2026-06-16,2026-06-28,,open,partner,normal,CHF,card,MUC2,Stuttgart,Stuttgart,602.43,40,12.9,0,3,PO-2026-01055,
1056,60,2024-05-04,2024-05-08,2024-05-07,delivered,phone,normal,USD,card,CGN1,Hamburg,Hamburg,279.49,0,4.9,0,4,PO-2024-01056,call before delivery
1057,305,2024-07-16,2024-07-22,2024-07-22,delivered,web,high,CHF,prepay,HH1,Frankfurt,Frankfurt,1350.29,15,0,0,12,,
1058,140,2024-12-21,2025-01-04,2025-01-01,delivered,phone,normal,USD,prepay,MUC2,Leipzig,Hamburg,1289.88,25,4.9,1.5,12,,leave at gate
1059,213,2025-05-16,2025-05-20,2025-05-20,delivered,web,normal,EUR,invoice,CGN1,Berlin,Leipzig,803.86,80,4.9,0,6,,
1060,194,2026-06-11,2026-06-20,2026-06-17,delivered,store,high,EUR,prepay,HH1,Berlin,Berlin,1588.17,0,7.9,1.5,12,,
1061,143,2025-01-22,2025-02-01,2025-02-01,delivered,phone,normal,EUR,prepay,BER3,Frankfurt,Frankfurt,1236.14,0,4.9,2.9,6,,
1062,237,2025-09-02,2025-09-11,2025-09-09,delivered,edi,high,EUR,prepay,CGN1,Köln,Köln,2046.39,25,7.9,1.5,4,,
1063,251,2025-08-03,2025-08-05,2025-08-02,delivered,web,normal,CHF,sepa,BER3,Köln,Köln,1327.34,25,4.9,2.9,4,PO-2025-01063,call before delivery
1064,23,2024-03-25,2024-04-02,2024-04-02,delivered,partner,normal,EUR,sepa,MUC2,Berlin,Berlin,1588.23,40,0,0,4,PO-2026-01064,
1065,235,2025-09-22,2025-09-28,2025-09-25,delivered,store,normal,EUR,invoice,CGN1,Stuttgart,Stuttgart,966.33,40,7.9,1.5,1,PO-2024-01065,
1066,,2024-08-05,2024-08-14,2024-08-13,delivered,partner,normal,EUR,sepa,MUC2,Köln,Berlin,1164.34,0,7.9,0,2,,call before delivery
1067,185,2025-04-14,2025-04-23,2025-04-20,shipped,web,normal,EUR,card,CGN1,Hamburg,Hamburg,1358.18,0,12.9,0,11,PO-2026-01067,
1068,78,2025-09-27,2025-10-02,2025-10-02,delivered,partner,normal,USD,paypal,MUC2,Stuttgart,Stuttgart,3323.31,15,7.9,0,8,PO-2024-01068,
1069,231,2024-07-07,2024-07-10,2024-07-07,delivered,partner,normal,USD,card,MUC2,Köln,Köln,631.31,0,12.9,0,2,PO-2025-01069,leave at gate
1070,98,2026-07-15,2026-07-26,2026-07-25,shipped,store,normal,CHF,card,MUC2,Leipzig,Leipzig,121.27,0,12.9,2.9,12,,
1071,132,2025-08-23,2025-08-27,2025-08-27,shipped,store,normal,USD,invoice,HH1,Berlin,Berlin,697.48,25,0,0,6,,
1072,129,2025-05-16,2025-05-28,2025-05-28,delivered,phone,high,CHF,invoice,BER3,Berlin,Berlin,1381.15,0,0,0,4,,leave at gate
1073,163,2025-12-17,2025-12-19,2025-12-16,delivered,edi,normal,EUR,invoice,CGN1,Frankfurt,Frankfurt,1958.65,25,7.9,1.5,2,PO-2026-01073,
1074,133,2024-03-25,2024-03-31,,cancelled,partner,rush,EUR,paypal,CGN1,Stuttgart,Stuttgart,1030.9,80,12.9,0,3,PO-2024-01074,
1075,208,2024-07-19,2024-07-28,2024-07-25,delivered,store,rush,EUR,invoice,CGN1,München,München,2052.55,0,0,2.9,8,,leave at gate
1076,29,2024-10-21,2024-10-29,2024-10-29,shipped,edi,normal,EUR,card,MUC2,Stuttgart,Stuttgart,1508.65,25,12.9,0,3,PO-2026-01076,leave at gate
1077,257,2024-01-25,2024-01-30,2024-01-29,delivered,phone,normal,CHF,invoice,CGN1,Frankfurt,Frankfurt,408.71,40,4.9,1.5,9,PO-2024-01077,
1078,300,2026-01-07,2026-01-10,2026-01-10,shipped,partner,normal,USD,sepa,MUC2,Berlin,Berlin,109.99,40,4.9,2.9,3,PO-2025-01078,
1079,197,2026-03-02,2026-03-07,2026-03-06,delivered,partner,rush,EUR,prepay,BER3,Berlin,Berlin,1373.83,0,4.9,0,12,PO-2026-01079,leave at gate
1080,310,2025-12-31,2026-01-07,2026-01-07,shipped,partner,normal,USD,card,HH1,Berlin,Berlin,2347.73,0,12.9,2.9,2,,
1081,208,2024-06-16,2024-06-30,2024-06-29,delivered,partner,normal,EUR,paypal,MUC2,München,Köln,1513.4,0,12.9,2.9,6,PO-2025-01081,
1082,216,2025-11-19,2025-11-25,2025-11-22,delivered,edi,high,USD,paypal,MUC2,Köln,Köln,2136.86,40,12.9,2.9,8,,call before delivery
1083,66,2024-01-23,2024-02-03,2024-02-02,delivered,edi,rush,EUR,paypal,CGN1,Stuttgart,München,1559.92,25,0,2.9,9,,
1084,69,2026-02-07,2026-02-20,2026-02-18,delivered,web,rush,USD,card,CGN1,Leipzig,Leipzig,736.44,80,4.9,0,3,PO-2025-01084,
1085,317,2024-02-26,2024-03-01,2024-02-29,delivered,partner,rush,CHF,prepay,HH1,Berlin,Berlin,726.56,25,0,0,6,PO-2026-01085,leave at gate
1086,271,2026-05-28,2026-05-30,2026-05-29,delivered,phone,normal,EUR,sepa,BER3,München,München,1654.76,15,0,2.9,1,,
1087,107,2025-03-31,2025-04-03,2025-03-31,delivered,store,rush,CHF,invoice,BER3,Leipzig,Leipzig,2142.35,0,7.9,1.5,5,,
1088,302,2025-03-12,2025-03-14,2025-03-12,shipped,edi,high,EUR,paypal,CGN1,Berlin,Berlin,1207.9,0,4.9,0,6,,
1089,121,2025-03-09,2025-03-22,2025-03-19,delivered,store,normal,EUR,paypal,HH1,Köln,Leipzig,1728.97,40,0,0,11,,call before delivery
1090,73,2024-01-25,2024-01-28,2024-01-27,delivered,phone,high,USD,sepa,HH1,Stuttgart,München,903.99,40,7.9,0,4,PO-2025-01090,
1091,179,2024-05-29,2024-06-08,2024-06-08,delivered,partner,high,EUR,invoice,CGN1,Hamburg,Hamburg,1392.52,0,0,0,8,PO-2026-01091,call before delivery
1092,295,2024-12-14,2024-12-20,,open,edi,normal,CHF,sepa,BER3,Stuttgart,Stuttgart,3465.47,25,4.9,0,9,PO-2024-01092,
1093,7,2024-04-15,2024-04-24,2024-04-24,delivered,store,rush,USD,sepa,HH1,Frankfurt,Frankfurt,1876.87,25,12.9,1.5,11,,
1094,270,2026-03-20,2026-03-28,2026-03-28,delivered,web,high,USD,paypal,BER3,Köln,Stuttgart,714.41,0,12.9,0,3,,
1095,333,2025-04-26,2025-04-30,2025-04-27,delivered,web,rush,EUR,sepa,HH1,Frankfurt,Frankfurt,763.82,25,4.9,0,2,,
1096,146,2024-12-31,2025-01-09,2025-01-08,delivered,edi,high,EUR,sepa,MUC2,Hamburg,Stuttgart,1446.85,25,12.9,1.5,12,,
1097,229,2025-02-13,2025-02-16,2025-02-14,delivered,edi,high,CHF,paypal,BER3,Berlin,Berlin,1183.37,80,7.9,0,9,PO-2026-01097,
1098,265,2024-06-23,2024-07-07,2024-07-04,shipped,store,normal,EUR,sepa,HH1,Berlin,Berlin,984.44,80,4.9,2.9,7,,
1099,69,2026-06-14,2026-06-16,2026-06-13,delivered,phone,normal,USD,prepay,BER3,Leipzig,Leipzig,2107.67,40,0,0,3,,
1100,128,2025-07-22,2025-07-31,2025-07-31,delivered,web,high,EUR,sepa,MUC2,Köln,Köln,2174.08,80,12.9,2.9,7,PO-2026-01100,leave at gate
1101,34,2024-01-09,2024-01-22,2024-01-20,delivered,phone,normal,EUR,sepa,BER3,Frankfurt,Frankfurt,3121.96,0,0,0,4,,
1102,281,2026-05-19,2026-05-22,2026-05-19,delivered,web,rush,EUR,prepay,BER3,Köln,Köln,316.84,80,0,2.9,4,PO-2025-01102,leave at gate
1103,21,2025-09-13,2025-09-27,2025-09-25,delivered,web,normal,USD,sepa,MUC2,Stuttgart,Stuttgart,975.84,0,4.9,1.5,10,,call before delivery
1104,225,2025-11-29,2025-12-03,2025-12-03,delivered,edi,normal,EUR,card,HH1,Berlin,Berlin,524.52,80,4.9,0,12,PO-2024-01104,call before delivery
1105,138,2025-03-07,2025-03-14,,open,web,normal,EUR,invoice,BER3,Berlin,Berlin,358.66,80,0,0,1,,leave at gate
1106,265,2024-01-17,2024-01-24,2024-01-21,shipped,edi,normal,EUR,sepa,CGN1,Berlin,Berlin,662.85,0,7.9,2.9,7,,call before delivery
1107,48,2025-09-06,2025-09-12,2025-09-09,shipped,phone,rush,CHF,sepa,MUC2,Köln,Köln,922.73,40,12.9,0,1,,
1108,288,2025-12-10,2025-12-24,2025-12-23,shipped,partner,rush,USD,sepa,CGN1,Stuttgart,Stuttgart,4178.77,40,7.9,0,7,,leave at gate
1109,170,2024-01-03,2024-01-15,,open,web,normal,EUR,paypal,HH1,Hamburg,Hamburg,626.47,0,0,2.9,12,,call before delivery
1110,78,2025-05-22,2025-05-27,2025-05-25,delivered,store,normal,CHF,prepay,MUC2,Stuttgart,Stuttgart,2053.57,0,0,0,8,PO-2024-01110,
1111,51,2024-10-28,2024-11-07,,open,web,normal,EUR,prepay,HH1,Hamburg,Hamburg,1849.33,0,0,2.9,11,,
1112,162,2024-03-07,2024-03-09,2024-03-07,delivered,phone,rush,CHF,paypal,HH1,Leipzig,Leipzig,1307.73,0,0,0,9,PO-2026-01112,
1113,13,2025-06-08,2025-06-15,2025-06-13,delivered,store,high,CHF,invoice,CGN1,Köln,München,1093.56,0,12.9,0,2,PO-2024-01113,
1114,181,2024-12-14,2024-12-23,2024-12-22,delivered,edi,rush,USD,prepay,CGN1,Berlin,Hamburg,1873.38,0,0,2.9,8,,
1115,76,2025-11-14,2025-11-28,2025-11-28,delivered,store,rush,CHF,paypal,HH1,Köln,Köln,2059.31,40,7.9,0,10,PO-2026-01115,
1116,314,2026-04-09,2026-04-11,,cancelled,web,rush,EUR,paypal,BER3,Stuttgart,Stuttgart,1771.7,0,12.9,1.5,6,PO-2024-01116,leave at gate
1117,259,2025-06-11,2025-06-14,2025-06-11,delivered,partner,normal,EUR,prepay,HH1,Berlin,Berlin,1318.81,0,12.9,2.9,4,,
1118,329,2025-07-02,2025-07-06,2025-07-03,shipped,partner,rush,CHF,sepa,HH1,Berlin,Berlin,863.47,80,12.9,2.9,8,PO-2026-01118,call before delivery
1119,308,2024-01-26,2024-01-29,2024-01-26,delivered,partner,rush,USD,prepay,MUC2,Berlin,Berlin,688.64,15,0,2.9,2,,
1120,208,2026-06-07,2026-06-13,2026-06-10,delivered,web,normal,EUR,invoice,HH1,München,München,1526.78,80,0,0,3,PO-2025-01120,
1121,260,2025-07-28,2025-08-09,2025-08-09,delivered,phone,normal,EUR,invoice,HH1,München,München,472.42,80,0,0,12,PO-2026-01121,
1122,265,2024-07-19,2024-07-27,2024-07-25,delivered,phone,normal,EUR,card,MUC2,Berlin,Berlin,375.85,15,4.9,0,7,PO-2024-01122,
1123,9,2025-01-28,2025-02-01,2025-01-30,shipped,phone,rush,CHF,card,CGN1,Köln,Köln,760.9,80,4.9,0,3,,call before delivery
1124,169,2024-01-26,2024-02-03,2024-02-01,delivered,store,rush,EUR,invoice,BER3,Stuttgart,Stuttgart,1013.5,0,7.9,1.5,6,PO-2026-01124,
1125,177,2024-09-16,2024-09-24,2024-09-21,delivered,edi,rush,EUR,prepay,MUC2,Frankfurt,Frankfurt,1040.97,25,0,1.5,11,,
1126,327,2026-01-29,2026-02-06,2026-02-03,delivered,phone,rush,CHF,sepa,CGN1,Hamburg,Hamburg,431.87,25,12.9,0,3,PO-2025-01126,leave at gate
1127,304,2025-04-27,2025-05-11,,open,store,normal,EUR,sepa,MUC2,Leipzig,Leipzig,1436.48,15,4.9,0,3,PO-2026-01127,call before delivery
1128,17,2024-12-30,2025-01-06,,open,web,normal,USD,sepa,BER3,Leipzig,Leipzig,1355.18,15,7.9,0,8,,
1129,122,2024-05-23,2024-06-01,2024-05-31,shipped,store,normal,USD,sepa,CGN1,Hamburg,Hamburg,2259.06,0,0,2.9,11,,
1130,15,2024-03-05,2024-03-07,2024-03-06,delivered,web,high,EUR,invoice,MUC2,Hamburg,Hamburg,1001.92,25,0,1.5,5,PO-2026-01130,call before delivery
1131,36,2024-05-22,2024-06-02,2024-05-31,delivered,phone,normal,EUR,invoice,MUC2,Berlin,Berlin,1966.85,0,4.9,2.9,1,PO-2024-01131,
1132,92,2025-02-14,2025-02-26,2025-02-23,delivered,phone,high,EUR,invoice,CGN1,Berlin,Berlin,853.96,15,4.9,2.9,3,PO-2025-01132,call before delivery
1133,203,2024-03-23,2024-03-30,2024-03-30,shipped,web,rush,EUR,sepa,CGN1,Berlin,Berlin,1371.98,0,0,0,1,,leave at gate
1134,244,2024-05-18,2024-05-23,2024-05-22,delivered,store,high,CHF,invoice,MUC2,Stuttgart,Stuttgart,784.23,0,12.9,2.9,6,,leave at gate
1135,247,2026-01-06,2026-01-09,2026-01-08,delivered,store,normal,USD,sepa,HH1,Hamburg,Hamburg,973.79,0,12.9,1.5,1,,leave at gate
1136,8,2025-08-26,2025-08-31,2025-08-31,delivered,phone,high,EUR,paypal,BER3,Leipzig,Köln,1499.94,0,0,2.9,8,PO-2026-01136,call before delivery
1137,347,2025-07-06,2025-07-18,2025-07-18,shipped,phone,normal,EUR,card,HH1,Berlin,Berlin,2096.1,40,12.9,0,1,PO-2024-01137,
1138,82,2024-02-28,2024-03-06,2024-03-06,shipped,phone,normal,EUR,invoice,MUC2,Berlin,Berlin,405.59,0,12.9,1.5,5,PO-2025-01138,call before delivery
1139,272,2024-07-08,2024-07-21,2024-07-19,delivered,partner,normal,EUR,prepay,MUC2,Stuttgart,Stuttgart,1203.78,25,7.9,0,3,PO-2026-01139,call before delivery
1140,46,2026-06-26,2026-06-29,,open,web,high,EUR,paypal,MUC2,Berlin,Berlin,1175.95,0,12.9,2.9,6,PO-2024-01140,leave at gate
1141,230,2026-07-13,2026-07-17,2026-07-17,delivered,store,normal,USD,invoice,HH1,Köln,Köln,3047.4,0,12.9,0,11,PO-2025-01141,
1142,348,2025-07-17,2025-07-22,2025-07-19,shipped,store,rush,EUR,invoice,CGN1,Hamburg,Hamburg,1803.49,0,7.9,2.9,9,,leave at gate
1143,342,2024-05-29,2024-05-31,2024-05-29,delivered,partner,high,EUR,invoice,MUC2,Berlin,Berlin,2152.67,0,7.9,0,2,,leave at gate
1144,302,2024-09-06,2024-09-18,2024-09-16,delivered,web,normal,USD,sepa,BER3,Berlin,Berlin,1615.36,0,4.9,1.5,6,PO-2025-01144,
1145,26,2024-10-05,2024-10-17,,open,store,high,EUR,invoice,MUC2,München,München,883.84,0,7.9,2.9,3,PO-2026-01145,
1146,148,2024-10-08,2024-10-11,2024-10-10,delivered,phone,high,CHF,invoice,HH1,Köln,Köln,1255.47,0,0,1.5,3,PO-2024-01146,
1147,310,2025-11-04,2025-11-18,2025-11-17,delivered,web,rush,USD,invoice,BER3,Berlin,Berlin,1346.17,0,4.9,0,2,,
1148,47,2025-10-26,2025-11-04,2025-11-02,delivered,store,rush,CHF,card,HH1,Hamburg,Hamburg,867.89,0,12.9,0,8,PO-2026-01148,
1149,55,2026-03-10,2026-03-18,,open,phone,high,USD,sepa,HH1,Frankfurt,Frankfurt,2177.51,0,12.9,0,4,,call before delivery
1150,124,2025-04-14,2025-04-28,,open,partner,high,EUR,sepa,BER3,München,München,503.22,0,0,1.5,1,PO-2025-01150,leave at gate
1151,230,2026-04-22,2026-04-27,2026-04-24,shipped,store,normal,USD,prepay,BER3,Köln,Köln,535.16,40,12.9,0,11,,
1152,236,2024-04-19,2024-04-21,2024-04-19,shipped,partner,rush,EUR,paypal,HH1,Frankfurt,Frankfurt,1593.9,40,12.9,0,2,,leave at gate
1153,25,2024-06-18,2024-06-24,2024-06-22,delivered,store,rush,EUR,paypal,BER3,Berlin,Berlin,366.63,15,12.9,0,12,PO-2025-01153,call before delivery
1154,60,2024-03-14,2024-03-26,2024-03-26,delivered,partner,normal,EUR,prepay,MUC2,Hamburg,Hamburg,890.56,0,7.9,0,4,PO-2026-01154,leave at gate
1155,243,2024-09-25,2024-10-05,2024-10-02,delivered,edi,rush,EUR,card,BER3,Stuttgart,Stuttgart,2140.53,40,7.9,2.9,7,,
1156,159,2024-10-04,2024-10-17,2024-10-17,shipped,partner,normal,EUR,prepay,HH1,Leipzig,Leipzig,531.58,0,12.9,0,12,PO-2025-01156,
1157,128,2024-10-13,2024-10-24,,open,web,normal,USD,paypal,MUC2,Köln,Köln,1968.69,0,12.9,0,7,PO-2026-01157,leave at gate
1158,107,2024-01-21,2024-01-28,2024-01-25,shipped,edi,high,USD,paypal,CGN1,Leipzig,Leipzig,725.85,40,0,2.9,5,PO-2024-01158,
1159,74,2024-04-19,2024-04-26,2024-04-26,delivered,edi,normal,EUR,paypal,HH1,Stuttgart,Stuttgart,1248.07,40,7.9,2.9,11,,call before delivery
1160,138,2024-04-06,2024-04-13,,cancelled,partner,rush,EUR,paypal,HH1,Berlin,Berlin,1034.59,0,4.9,2.9,1,PO-2026-01160,leave at gate
1161,327,2025-06-03,2025-06-13,,open,phone,normal,EUR,card,HH1,Hamburg,Hamburg,1835.3,0,0,2.9,3,PO-2024-01161,leave at gate
1162,94,2024-04-27,2024-05-11,2024-05-10,delivered,web,rush,USD,prepay,CGN1,Köln,Köln,1116.15,0,12.9,0,8,PO-2025-01162,
1163,31,2024-09-05,2024-09-15,2024-09-13,delivered,edi,normal,EUR,paypal,MUC2,München,München,766.91,25,7.9,1.5,3,,
1164,162,2026-01-20,2026-01-23,2026-01-20,shipped,partner,normal,USD,card,CGN1,Leipzig,Leipzig,293.02,0,7.9,1.5,9,,call before delivery
1165,246,2026-07-08,2026-07-22,2026-07-22,shipped,web,rush,EUR,prepay,CGN1,Köln,Köln,770.62,0,4.9,2.9,8,PO-2025-01165,
1166,323,2024-09-14,2024-09-25,2024-09-24,delivered,web,rush,USD,paypal,CGN1,Leipzig,Leipzig,898.28,40,4.9,0,9,,leave at gate
1167,178,2025-01-06,2025-01-19,2025-01-19,delivered,edi,normal,EUR,paypal,BER3,Leipzig,Leipzig,569.03,80,4.9,1.5,8,,call before delivery
1168,50,2025-03-04,2025-03-09,2025-03-06,delivered,store,normal,CHF,card,HH1,München,München,428.93,0,4.9,2.9,5,PO-2025-01168,call before delivery
1169,100,2024-11-08,2024-11-21,2024-11-20,shipped,web,rush,EUR,card,MUC2,Köln,Köln,3250.92,0,7.9,0,6,PO-2026-01169,
1170,315,2024-04-12,2024-04-26,2024-04-24,delivered,phone,normal,EUR,sepa,MUC2,Köln,Köln,764.61,15,4.9,1.5,10,,
1171,180,2025-03-25,2025-04-06,2025-04-06,delivered,partner,rush,EUR,invoice,CGN1,Köln,Köln,1002.1,0,0,2.9,10,PO-2025-01171,
1172,36,2026-07-07,2026-07-14,2026-07-14,shipped,edi,normal,USD,card,BER3,Berlin,Leipzig,1195.13,15,4.9,1.5,1,,
1173,122,2024-06-11,2024-06-23,2024-06-22,delivered,phone,rush,CHF,paypal,BER3,Hamburg,Hamburg,1603.69,0,4.9,0,11,,leave at gate
1174,92,2025-08-06,2025-08-09,2025-08-09,delivered,edi,normal,USD,invoice,MUC2,Berlin,Berlin,953.74,40,0,1.5,3,PO-2025-01174,call before delivery
1175,81,2024-10-28,2024-11-05,,open,phone,normal,EUR,prepay,MUC2,Köln,Köln,1394.53,0,4.9,1.5,9,PO-2026-01175,call before delivery
1176,305,2025-01-25,2025-02-08,2025-02-06,delivered,phone,high,EUR,prepay,MUC2,Frankfurt,Frankfurt,574.35,0,12.9,1.5,12,,
1177,203,2024-01-22,2024-02-05,2024-02-03,delivered,edi,high,CHF,invoice,MUC2,Berlin,Berlin,230.62,0,7.9,0,1,,leave at gate
1178,120,2024-11-26,2024-11-28,2024-11-26,delivered,store,normal,USD,prepay,MUC2,Stuttgart,Stuttgart,2982.52,80,12.9,1.5,3,,call before delivery
1179,320,2025-06-04,2025-06-16,,cancelled,store,rush,CHF,paypal,CGN1,Hamburg,Hamburg,1648.07,15,7.9,2.9,2,PO-2024-01179,
1180,12,2026-06-12,2026-06-23,2026-06-20,delivered,web,normal,EUR,card,CGN1,Hamburg,Hamburg,690.21,0,0,1.5,6,,leave at gate
1181,231,2025-05-06,2025-05-09,2025-05-06,delivered,web,normal,CHF,paypal,CGN1,Köln,Köln,282.1,25,0,1.5,2,,
1182,119,2025-01-11,2025-01-17,2025-01-15,delivered,web,high,CHF,paypal,MUC2,Stuttgart,Stuttgart,415.74,40,7.9,0,5,PO-2024-01182,
1183,153,2026-07-11,2026-07-18,2026-07-15,shipped,web,high,EUR,card,CGN1,Berlin,Berlin,721.34,0,12.9,0,12,,
1184,286,2025-03-14,2025-03-28,2025-03-27,delivered,edi,high,USD,card,BER3,Frankfurt,Frankfurt,653.41,15,0,2.9,12,PO-2026-01184,leave at gate
1185,298,2024-12-25,2025-01-08,2025-01-07,shipped,store,rush,USD,sepa,HH1,Hamburg,Stuttgart,1594.46,0,0,0,3,,
1186,292,2026-05-30,2026-06-09,2026-06-06,delivered,store,normal,EUR,paypal,CGN1,Hamburg,Hamburg,1370.49,80,12.9,1.5,2,PO-2025-01186,
1187,124,2024-09-16,2024-09-29,2024-09-28,delivered,phone,normal,USD,invoice,MUC2,München,München,813.61,15,12.9,2.9,1,PO-2026-01187,leave at gate
1188,26,2025-04-04,2025-04-11,2025-04-08,delivered,store,rush,EUR,paypal,MUC2,München,München,1718.12,80,7.9,1.5,3,,leave at gate
1189,22,2025-06-05,2025-06-19,2025-06-16,delivered,partner,high,EUR,card,CGN1,Köln,Köln,691.76,80,12.9,1.5,4,,
1190,106,2025-04-01,2025-04-09,2025-04-06,delivered,store,rush,EUR,invoice,CGN1,Leipzig,Hamburg,787.08,0,4.9,2.9,3,,leave at gate
1191,209,2024-03-23,2024-03-26,2024-03-24,delivered,store,normal,EUR,invoice,HH1,Berlin,Berlin,541.5,0,7.9,0,11,,
1192,162,2026-01-26,2026-01-31,,open,partner,high,EUR,card,CGN1,Leipzig,Leipzig,932.43,40,7.9,0,9,PO-2025-01192,
1193,100,2026-07-24,2026-08-05,2026-08-05,shipped,web,high,CHF,invoice,HH1,Köln,Köln,906.77,40,12.9,0,6,,call before delivery
1194,214,2026-04-24,2026-04-27,2026-04-27,delivered,partner,normal,CHF,sepa,BER3,Stuttgart,Stuttgart,2417.1,40,7.9,0,8,PO-2024-01194,call before delivery
1195,248,2024-04-05,2024-04-11,2024-04-08,delivered,edi,rush,CHF,paypal,MUC2,Frankfurt,Frankfurt,933.98,40,12.9,0,1,PO-2025-01195,call before delivery
1196,217,2025-02-17,2025-02-23,2025-02-22,delivered,phone,normal,EUR,card,MUC2,München,München,293.88,25,0,0,1,,
1197,280,2025-11-27,2025-12-03,2025-12-03,shipped,partner,normal,EUR,invoice,BER3,Köln,Köln,3516.72,0,4.9,0,7,PO-2024-01197,call before delivery
1198,138,2024-08-06,2024-08-10,2024-08-08,delivered,store,high,EUR,card,HH1,Berlin,Berlin,655.78,15,12.9,1.5,1,,call before delivery
1199,92,2026-07-27,2026-07-30,2026-07-27,delivered,store,high,CHF,paypal,CGN1,Berlin,Berlin,1383.53,80,4.9,1.5,3,PO-2026-01199,
1200,,2025-06-01,2025-06-07,2025-06-04,delivered,partner,normal,EUR,card,CGN1,Stuttgart,Stuttgart,999.09,25,7.9,0,7,,leave at gate
1201,191,2024-12-17,2024-12-21,2024-12-18,delivered,partner,high,USD,invoice,BER3,Leipzig,Leipzig,2255.26,0,7.9,0,1,,
1202,118,2026-05-24,2026-05-29,2026-05-29,shipped,partner,rush,EUR,sepa,MUC2,Hamburg,Hamburg,1360.44,0,0,0,10,,
1203,85,2024-04-15,2024-04-26,2024-04-26,delivered,phone,normal,USD,sepa,MUC2,Frankfurt,Frankfurt,2148.48,80,4.9,0,5,PO-2024-01203,
1204,173,2026-01-11,2026-01-18,2026-01-17,delivered,web,normal,EUR,card,HH1,Frankfurt,Frankfurt,1763.15,0,7.9,1.5,12,,call before delivery
1205,219,2024-09-29,2024-10-10,2024-10-08,shipped,partner,high,CHF,paypal,BER3,Leipzig,Leipzig,889.23,0,12.9,1.5,6,,call before delivery
1206,177,2024-05-02,2024-05-10,2024-05-08,delivered,partner,normal,EUR,paypal,CGN1,Frankfurt,Frankfurt,907.05,0,0,0,11,,
1207,97,2024-12-21,2024-12-23,2024-12-22,delivered,phone,high,EUR,invoice,BER3,Stuttgart,Stuttgart,807.03,40,0,0,6,PO-2025-01207,
1208,45,2025-10-10,2025-10-21,2025-10-18,delivered,phone,normal,USD,card,CGN1,Berlin,Berlin,2021.14,40,4.9,2.9,12,,
1209,6,2024-12-19,2025-01-02,2025-01-01,delivered,edi,rush,EUR,card,MUC2,Leipzig,Leipzig,4830.52,25,12.9,0,11,PO-2024-01209,leave at gate
1210,154,2025-07-26,2025-08-05,2025-08-02,delivered,web,normal,USD,sepa,HH1,Berlin,Berlin,737.39,0,7.9,0,6,PO-2025-01210,
1211,298,2026-06-24,2026-07-08,2026-07-05,delivered,web,high,USD,invoice,MUC2,Hamburg,Hamburg,1552.81,0,12.9,0,3,,call before delivery
1212,181,2024-06-02,2024-06-15,2024-06-15,delivered,partner,normal,USD,prepay,CGN1,Berlin,Berlin,3078.4,40,7.9,0,8,,call before delivery
1213,52,2026-07-11,2026-07-16,2026-07-13,delivered,edi,rush,CHF,sepa,BER3,Hamburg,Hamburg,1449.68,25,12.9,0,10,,
1214,198,2024-12-03,2024-12-06,,cancelled,web,normal,USD,paypal,HH1,Berlin,Berlin,784.53,0,4.9,0,4,,call before delivery
1215,260,2026-07-13,2026-07-18,2026-07-16,delivered,web,high,USD,prepay,CGN1,München,München,1180.36,0,4.9,0,12,,call before delivery
1216,344,2025-12-29,2026-01-04,2026-01-01,delivered,phone,normal,USD,sepa,HH1,Berlin,Berlin,5251.39,0,7.9,0,11,PO-2025-01216,
1217,193,2026-01-16,2026-01-30,2026-01-28,shipped,edi,rush,USD,paypal,CGN1,Hamburg,Hamburg,2523.78,40,12.9,0,8,,
1218,309,2025-11-10,2025-11-20,2025-11-19,shipped,phone,normal,EUR,card,HH1,München,München,997.7,0,0,0,9,PO-2024-01218,call before delivery
1219,174,2025-11-28,2025-12-09,,cancelled,store,high,EUR,prepay,MUC2,Leipzig,Leipzig,1005.95,40,12.9,0,1,PO-2025-01219,call before delivery
1220,335,2025-05-01,2025-05-10,2025-05-08,delivered,partner,high,USD,card,BER3,Hamburg,Hamburg,688.95,25,4.9,0,12,,call before delivery
1221,35,2025-12-23,2026-01-01,2025-12-30,delivered,web,normal,USD,prepay,BER3,Stuttgart,Stuttgart,2059.39,40,4.9,2.9,2,PO-2024-01221,call before delivery
1222,211,2026-03-17,2026-03-28,2026-03-25,delivered,store,rush,EUR,invoice,HH1,Stuttgart,Stuttgart,462.54,40,7.9,0,1,PO-2025-01222,
1223,103,2024-07-21,2024-08-02,2024-08-01,delivered,phone,high,EUR,card,CGN1,Leipzig,Leipzig,800.21,0,7.9,2.9,7,,
1224,92,2025-05-06,2025-05-09,2025-05-09,delivered,partner,normal,EUR,card,CGN1,Berlin,Berlin,789.76,15,12.9,0,3,PO-2024-01224,call before delivery
1225,255,2026-02-04,2026-02-07,2026-02-05,shipped,partner,high,EUR,paypal,HH1,Stuttgart,Stuttgart,218.44,40,12.9,2.9,12,,leave at gate
1226,210,2024-09-05,2024-09-09,2024-09-09,delivered,partner,normal,CHF,sepa,HH1,Leipzig,Leipzig,1609.33,40,4.9,2.9,4,,call before delivery
1227,83,2026-04-02,2026-04-09,2026-04-08,delivered,edi,normal,EUR,paypal,BER3,München,München,3123.28,0,0,1.5,11,PO-2024-01227,
1228,86,2025-01-30,2025-02-11,2025-02-09,shipped,partner,rush,EUR,paypal,HH1,Stuttgart,Stuttgart,701.09,25,12.9,2.9,7,,
1229,328,2025-12-14,2025-12-21,2025-12-19,delivered,web,normal,USD,sepa,CGN1,Stuttgart,Stuttgart,463.4,0,12.9,2.9,5,PO-2026-01229,
1230,55,2025-03-15,2025-03-27,2025-03-24,delivered,partner,rush,CHF,paypal,CGN1,Frankfurt,Frankfurt,828.5,0,4.9,1.5,4,PO-2024-01230,
1231,214,2024-11-29,2024-12-13,2024-12-10,delivered,edi,rush,CHF,invoice,CGN1,Stuttgart,Frankfurt,1371.69,0,7.9,0,8,,
1232,340,2024-09-29,2024-10-12,2024-10-11,delivered,partner,normal,EUR,card,CGN1,Frankfurt,Frankfurt,471.19,0,12.9,2.9,11,PO-2026-01232,
1233,60,2024-05-06,2024-05-20,,cancelled,partner,high,EUR,invoice,CGN1,Hamburg,Hamburg,1001.19,80,12.9,0,4,PO-2024-01233,
1234,216,2025-04-24,2025-05-01,,cancelled,partner,rush,EUR,invoice,BER3,Köln,Köln,2248.25,15,0,0,8,,call before delivery
1235,184,2024-06-04,2024-06-14,2024-06-14,shipped,edi,high,CHF,prepay,CGN1,Berlin,Berlin,2473.12,25,7.9,1.5,6,PO-2026-01235,
1236,237,2024-02-15,2024-02-23,2024-02-22,shipped,phone,normal,EUR,paypal,HH1,Köln,Köln,709.41,15,0,0,4,PO-2024-01236,call before delivery
1237,348,2025-03-31,2025-04-06,2025-04-06,delivered,edi,high,EUR,prepay,CGN1,Hamburg,Stuttgart,1150.13,80,12.9,0,12,PO-2025-01237,call before delivery
1238,999999,2024-02-07,2024-02-10,2024-02-07,shipped,partner,normal,EUR,invoice,BER3,Köln,Köln,1118.87,40,0,0,4,,leave at gate
1239,156,2025-08-11,2025-08-23,,open,web,rush,EUR,invoice,CGN1,Berlin,Berlin,1258.92,0,7.9,1.5,1,,leave at gate
1240,142,2024-12-27,2025-01-08,,cancelled,partner,rush,EUR,paypal,HH1,Leipzig,Leipzig,3651.99,80,4.9,1.5,8,PO-2025-01240,
1241,46,2024-08-06,2024-08-09,2024-08-07,shipped,phone,normal,USD,paypal,CGN1,Berlin,Berlin,1845.77,0,4.9,0,6,,
1242,129,2024-11-17,2024-11-30,2024-11-28,delivered,edi,normal,EUR,invoice,HH1,Berlin,Leipzig,3513.55,40,12.9,0,4,,call before delivery
1243,254,2026-05-13,2026-05-20,2026-05-19,delivered,store,normal,CHF,prepay,CGN1,München,München,1032.33,40,0,0,2,,
1244,303,2025-02-03,2025-02-08,2025-02-07,delivered,web,high,EUR,sepa,MUC2,Stuttgart,Stuttgart,423.31,0,4.9,0,8,PO-2026-01244,
1245,316,2025-08-04,2025-08-18,2025-08-16,delivered,store,high,EUR,paypal,CGN1,Berlin,Berlin,1424.73,25,7.9,2.9,10,PO-2024-01245,call before delivery
1246,42,2024-04-22,2024-04-30,2024-04-27,delivered,phone,normal,EUR,card,HH1,Stuttgart,Stuttgart,1571.5,25,0,0,7,,
1247,124,2025-03-31,2025-04-09,2025-04-09,delivered,partner,rush,EUR,card,HH1,München,Köln,817.43,15,0,1.5,1,,
1248,189,2024-09-30,2024-10-04,,cancelled,edi,normal,CHF,invoice,MUC2,Leipzig,Leipzig,1094.43,0,4.9,2.9,12,PO-2024-01248,leave at gate
1249,273,2026-07-18,2026-07-26,2026-07-26,delivered,edi,normal,CHF,paypal,MUC2,München,München,1590.08,0,12.9,2.9,12,PO-2025-01249,leave at gate
1250,281,2025-12-06,2025-12-10,2025-12-10,delivered,partner,rush,USD,invoice,CGN1,Köln,Köln,875.7,0,0,2.9,4,PO-2026-01250,
1251,345,2024-03-23,2024-04-03,2024-03-31,delivered,store,high,EUR,prepay,HH1,Leipzig,Leipzig,502.36,25,12.9,1.5,8,PO-2024-01251,
1252,11,2025-01-31,2025-02-05,2025-02-03,delivered,phone,high,EUR,prepay,BER3,Frankfurt,Frankfurt,1981.56,0,12.9,0,10,PO-2025-01252,
1253,222,2025-07-26,2025-07-28,2025-07-25,delivered,partner,normal,EUR,sepa,MUC2,Stuttgart,Stuttgart,536.17,0,12.9,2.9,7,PO-2026-01253,leave at gate
1254,,2024-06-24,2024-07-05,2024-07-05,delivered,edi,rush,EUR,sepa,HH1,Köln,Köln,1130.65,0,0,2.9,4,,
1255,217,2025-07-12,2025-07-14,2025-07-11,shipped,partner,rush,EUR,sepa,HH1,München,München,1034.96,15,4.9,0,1,PO-2025-01255,call before delivery
1256,125,2026-03-01,2026-03-07,2026-03-07,delivered,web,normal,USD,card,MUC2,Frankfurt,Frankfurt,1392.34,0,4.9,0,2,PO-2026-01256,leave at gate
1257,7,2024-08-13,2024-08-22,2024-08-22,delivered,store,normal,EUR,invoice,CGN1,Frankfurt,Frankfurt,2449.05,80,0,2.9,11,PO-2024-01257,
1258,177,2024-03-16,2024-03-19,2024-03-16,shipped,partner,normal,USD,prepay,CGN1,Frankfurt,Frankfurt,2444.31,40,0,1.5,11,PO-2025-01258,call before delivery
1259,324,2025-04-09,2025-04-11,2025-04-08,delivered,partner,normal,EUR,sepa,BER3,Leipzig,Leipzig,1086.93,80,12.9,0,8,,
1260,275,2026-02-17,2026-03-02,2026-02-27,shipped,partner,rush,EUR,sepa,HH1,München,München,959.63,0,7.9,2.9,1,PO-2024-01260,call before delivery
1261,23,2025-08-23,2025-09-02,2025-09-02,delivered,partner,rush,EUR,sepa,CGN1,Berlin,Berlin,1459.45,80,4.9,0,4,PO-2025-01261,call before delivery
1262,175,2026-04-02,2026-04-11,2026-04-08,delivered,store,high,CHF,sepa,CGN1,Stuttgart,Stuttgart,2477.98,0,0,0,5,PO-2026-01262,call before delivery
1263,298,2025-08-01,2025-08-11,2025-08-09,delivered,partner,normal,EUR,prepay,HH1,Hamburg,Hamburg,1444.9,40,4.9,1.5,3,PO-2024-01263,leave at gate
1264,206,2026-01-29,2026-02-01,2026-01-31,delivered,edi,normal,CHF,prepay,BER3,München,München,612.24,40,4.9,2.9,11,,leave at gate
1265,267,2025-03-25,2025-04-02,2025-04-01,delivered,store,rush,USD,card,BER3,Berlin,Berlin,1431.09,0,12.9,0,12,,
1266,136,2025-01-01,2025-01-13,2025-01-13,shipped,store,normal,EUR,card,MUC2,Hamburg,Hamburg,817.31,40,4.9,0,2,,
1267,112,2024-04-20,2024-04-22,2024-04-19,delivered,web,rush,USD,sepa,MUC2,Leipzig,Leipzig,1561.7,15,7.9,2.9,3,PO-2025-01267,call before delivery
1268,106,2024-12-15,2024-12-18,2024-12-17,delivered,edi,high,EUR,paypal,HH1,Leipzig,Leipzig,778.86,25,4.9,1.5,3,PO-2026-01268,call before delivery
1269,323,2024-12-10,2024-12-13,2024-12-13,shipped,partner,normal,EUR,sepa,CGN1,Leipzig,Stuttgart,3337.86,25,4.9,0,9,,call before delivery
1270,259,2025-02-24,2025-03-10,2025-03-10,delivered,store,rush,USD,prepay,BER3,Berlin,Berlin,1284.64,0,7.9,1.5,4,PO-2025-01270,
1271,319,2024-03-07,2024-03-10,2024-03-08,shipped,edi,rush,CHF,card,MUC2,München,München,2021.58,0,12.9,0,9,PO-2026-01271,leave at gate
1272,301,2025-05-23,2025-06-06,2025-06-04,shipped,edi,high,CHF,card,HH1,Frankfurt,Frankfurt,1611.08,0,7.9,0,8,,leave at gate
1273,63,2025-03-13,2025-03-15,,open,web,high,EUR,invoice,MUC2,Berlin,Berlin,559.14,0,0,2.9,2,PO-2025-01273,
1274,11,2024-05-30,2024-06-06,2024-06-04,delivered,partner,high,EUR,paypal,CGN1,Frankfurt,Frankfurt,950.0,0,0,2.9,10,,
1275,159,2024-07-26,2024-08-02,2024-08-01,delivered,store,rush,EUR,sepa,MUC2,Leipzig,Leipzig,1438.86,25,0,0,12,PO-2024-01275,leave at gate
1276,296,2025-01-27,2025-02-07,2025-02-05,delivered,edi,rush,EUR,card,MUC2,Stuttgart,Stuttgart,398.45,0,4.9,0,12,,
1277,48,2026-06-04,2026-06-12,2026-06-09,shipped,web,high,USD,sepa,HH1,Köln,Köln,2696.46,0,4.9,0,8,PO-2026-01277,call before delivery
1278,97,2024-10-16,2024-10-27,2024-10-26,delivered,partner,normal,USD,card,HH1,Stuttgart,Stuttgart,1864.97,80,4.9,0,6,,call before delivery
1279,130,2025-12-22,2026-01-05,2026-01-02,shipped,edi,high,USD,card,HH1,Hamburg,Hamburg,1682.49,0,7.9,0,8,,call before delivery
1280,68,2024-03-20,2024-03-31,2024-03-30,delivered,web,rush,EUR,paypal,CGN1,Stuttgart,Stuttgart,736.45,80,0,1.5,8,PO-2026-01280,call before delivery
1281,175,2025-07-28,2025-08-01,2025-07-30,delivered,edi,normal,USD,prepay,MUC2,Stuttgart,Stuttgart,862.96,40,4.9,2.9,5,PO-2024-01281,leave at gate
1282,134,2026-02-16,2026-03-02,2026-02-28,delivered,partner,normal,EUR,card,CGN1,Hamburg,Stuttgart,1400.89,80,12.9,0,9,,leave at gate
1283,223,2025-01-05,2025-01-15,2025-01-15,delivered,phone,normal,EUR,sepa,HH1,Leipzig,Leipzig,850.38,40,7.9,0,7,PO-2026-01283,leave at gate
1284,245,2024-02-21,2024-02-29,2024-02-27,delivered,store,normal,CHF,paypal,MUC2,Berlin,Berlin,1537.41,15,0,0,8,PO-2024-01284,leave at gate
1285,75,2024-05-08,2024-05-22,2024-05-21,delivered,web,normal,EUR,invoice,HH1,Köln,Köln,1185.37,0,4.9,2.9,4,PO-2025-01285,
1286,63,2026-02-09,2026-02-15,2026-02-12,delivered,partner,rush,USD,invoice,HH1,Berlin,Berlin,340.05,40,7.9,0,2,PO-2026-01286,
1287,128,2024-08-10,2024-08-14,,cancelled,phone,normal,EUR,prepay,BER3,Köln,Köln,701.65,15,12.9,1.5,7,,leave at gate
1288,45,2024-12-27,2025-01-10,2025-01-09,shipped,partner,rush,EUR,paypal,CGN1,Berlin,Berlin,1945.41,0,4.9,2.9,12,,
1289,9,2025-08-11,2025-08-20,,open,store,normal,EUR,sepa,MUC2,Köln,Köln,1252.17,0,12.9,1.5,3,PO-2026-01289,call before delivery
1290,28,2026-01-01,2026-01-12,2026-01-09,delivered,edi,normal,EUR,paypal,BER3,Leipzig,Frankfurt,693.41,0,0,2.9,2,,
1291,178,2024-08-24,2024-08-29,2024-08-28,delivered,partner,normal,USD,paypal,MUC2,Leipzig,Leipzig,2313.07,0,7.9,1.5,8,PO-2025-01291,
1292,140,2024-01-21,2024-01-23,2024-01-22,delivered,phone,rush,EUR,invoice,MUC2,Leipzig,Leipzig,1797.55,25,4.9,0,12,,call before delivery
1293,317,2024-10-02,2024-10-07,2024-10-06,delivered,partner,normal,EUR,invoice,BER3,Berlin,Berlin,219.64,80,4.9,0,6,PO-2024-01293,
1294,15,2025-05-14,2025-05-16,2025-05-14,delivered,web,high,EUR,card,CGN1,Hamburg,Berlin,2334.72,25,7.9,2.9,5,PO-2025-01294,
1295,85,2025-01-15,2025-01-25,2025-01-25,delivered,store,normal,USD,invoice,MUC2,Frankfurt,Frankfurt,762.49,0,7.9,0,5,,call before delivery
1296,206,2026-01-02,2026-01-13,2026-01-10,delivered,web,high,CHF,sepa,CGN1,München,München,788.09,15,7.9,0,11,PO-2024-01296,leave at gate
1297,132,2024-06-26,2024-07-01,,cancelled,web,rush,EUR,paypal,MUC2,Berlin,Berlin,2032.87,0,7.9,2.9,6,PO-2025-01297,call before delivery
1298,,2024-08-31,2024-09-03,2024-09-01,delivered,web,high,EUR,invoice,CGN1,München,München,169.99,0,12.9,2.9,1,,call before delivery
1299,246,2025-09-01,2025-09-14,2025-09-11,delivered,web,normal,USD,invoice,HH1,Köln,Köln,1336.46,15,4.9,0,8,,leave at gate
1300,27,2026-01-20,2026-01-26,2026-01-23,shipped,web,rush,EUR,prepay,HH1,Köln,Köln,1885.48,0,4.9,0,10,PO-2025-01300,call before delivery
1301,208,2025-03-06,2025-03-13,2025-03-10,delivered,edi,normal,CHF,paypal,MUC2,München,München,932.83,25,0,2.9,1,PO-2026-01301,
1302,85,2026-04-23,2026-04-27,,open,phone,rush,EUR,sepa,BER3,Frankfurt,Frankfurt,1334.65,0,7.9,2.9,5,PO-2024-01302,
1303,15,2025-06-30,2025-07-12,2025-07-10,shipped,partner,high,USD,prepay,MUC2,Hamburg,Hamburg,722.81,80,7.9,0,5,,call before delivery
1304,152,2025-07-31,2025-08-03,,open,edi,high,CHF,invoice,HH1,Köln,Köln,231.26,40,12.9,1.5,1,PO-2026-01304,
1305,216,2026-04-20,2026-05-02,2026-04-29,delivered,phone,normal,EUR,invoice,MUC2,Köln,Köln,351.81,0,0,0,8,,call before delivery
1306,123,2024-09-02,2024-09-14,2024-09-13,delivered,web,rush,CHF,prepay,BER3,München,München,3250.47,80,4.9,0,1,,leave at gate
1307,166,2025-07-14,2025-07-26,2025-07-26,delivered,phone,high,EUR,sepa,CGN1,Frankfurt,Frankfurt,797.87,0,4.9,1.5,9,PO-2026-01307,call before delivery
1308,17,2025-06-03,2025-06-15,,cancelled,store,normal,USD,prepay,BER3,Leipzig,Leipzig,2173.63,0,12.9,2.9,8,PO-2024-01308,leave at gate
1309,116,2026-03-28,2026-03-30,2026-03-30,delivered,partner,normal,EUR,card,CGN1,Stuttgart,Stuttgart,1482.14,0,0,0,2,PO-2025-01309,
1310,162,2024-04-18,2024-04-26,2024-04-23,delivered,phone,rush,EUR,sepa,HH1,Leipzig,Leipzig,1889.64,40,7.9,1.5,9,,
1311,84,2025-04-08,2025-04-12,2025-04-11,delivered,web,normal,EUR,sepa,HH1,Stuttgart,Stuttgart,523.71,0,0,0,3,,leave at gate
1312,56,2024-07-07,2024-07-17,2024-07-16,delivered,edi,normal,EUR,invoice,BER3,Stuttgart,Stuttgart,958.14,0,7.9,0,3,PO-2025-01312,
1313,125,2025-08-16,2025-08-28,2025-08-28,shipped,edi,rush,EUR,paypal,HH1,Frankfurt,Frankfurt,408.53,15,7.9,2.9,2,PO-2026-01313,call before delivery
1314,,2024-11-06,2024-11-12,2024-11-09,delivered,phone,normal,EUR,paypal,MUC2,Frankfurt,Frankfurt,2332.86,0,7.9,0,9,PO-2024-01314,
1315,40,2026-05-07,2026-05-19,2026-05-16,delivered,edi,normal,EUR,invoice,MUC2,München,München,1131.07,0,4.9,2.9,1,PO-2025-01315,leave at gate
1316,153,2025-04-10,2025-04-23,2025-04-21,delivered,store,normal,EUR,paypal,BER3,Berlin,Berlin,1185.87,0,0,0,12,,
1317,25,2024-08-13,2024-08-16,2024-08-16,shipped,partner,normal,EUR,invoice,MUC2,Berlin,Berlin,1026.79,0,0,0,12,,leave at gate
1318,2,2024-11-13,2024-11-24,2024-11-22,delivered,web,rush,CHF,invoice,CGN1,Köln,Köln,1397.68,25,12.9,0,9,PO-2025-01318,
1319,122,2024-02-23,2024-03-03,2024-03-02,shipped,phone,rush,EUR,paypal,CGN1,Hamburg,Hamburg,1057.72,40,7.9,1.5,11,PO-2026-01319,call before delivery
1320,141,2024-08-18,2024-08-23,2024-08-23,shipped,phone,rush,USD,sepa,HH1,München,München,345.96,80,0,0,12,,call before delivery
1321,198,2024-01-09,2024-01-12,2024-01-12,shipped,partner,rush,CHF,card,HH1,Berlin,Berlin,330.7,80,7.9,0,4,PO-2025-01321,
1322,238,2025-10-21,2025-10-26,2025-10-23,delivered,web,rush,EUR,invoice,HH1,München,München,921.7,0,4.9,1.5,9,PO-2026-01322,leave at gate
1323,175,2026-06-16,2026-06-25,2026-06-25,delivered,phone,rush,EUR,invoice,HH1,Stuttgart,Berlin,2514.97,15,7.9,0,5,,
1324,259,2025-05-12,2025-05-23,,cancelled,partner,normal,EUR,invoice,BER3,Berlin,Berlin,1878.17,0,12.9,1.5,4,PO-2025-01324,
1325,334,2025-12-21,2025-12-25,2025-12-25,delivered,partner,high,EUR,invoice,CGN1,München,München,6290.67,0,7.9,0,8,,leave at gate
1326,132,2024-08-26,2024-08-30,2024-08-29,delivered,edi,normal,CHF,invoice,MUC2,Berlin,Berlin,1148.62,40,7.9,1.5,6,PO-2024-01326,
1327,31,2024-11-14,2024-11-21,2024-11-20,delivered,store,normal,USD,paypal,BER3,München,München,1653.11,0,12.9,2.9,3,,
1328,177,2026-02-20,2026-02-25,2026-02-23,delivered,edi,rush,EUR,card,MUC2,Frankfurt,Leipzig,514.56,15,12.9,0,11,,leave at gate
1329,150,2025-12-19,2026-01-02,,open,web,rush,USD,paypal,BER3,Köln,Berlin,2970.0,0,7.9,0,3,PO-2024-01329,call before delivery
1330,55,2025-05-04,2025-05-17,2025-05-17,delivered,store,normal,EUR,invoice,BER3,Frankfurt,Frankfurt,62.23,80,4.9,0,4,,
1331,218,2026-02-07,2026-02-10,2026-02-08,shipped,partner,high,CHF,invoice,MUC2,Stuttgart,Stuttgart,944.98,0,12.9,0,4,PO-2026-01331,
1332,54,2026-01-11,2026-01-15,2026-01-15,delivered,partner,normal,USD,card,BER3,Leipzig,Hamburg,1218.47,0,7.9,1.5,5,PO-2024-01332,
1333,60,2025-11-14,2025-11-22,2025-11-22,delivered,edi,rush,EUR,prepay,CGN1,Hamburg,Hamburg,2558.58,25,12.9,0,4,,
1334,47,2026-05-25,2026-06-06,2026-06-03,shipped,edi,normal,USD,paypal,BER3,Hamburg,Hamburg,1794.55,0,4.9,1.5,8,,
1335,151,2024-12-06,2024-12-13,2024-12-11,shipped,store,normal,USD,card,MUC2,Frankfurt,Frankfurt,1707.58,80,4.9,2.9,6,,
1336,11,2025-02-24,2025-03-05,2025-03-02,shipped,web,normal,EUR,card,MUC2,Frankfurt,Frankfurt,1560.38,40,7.9,0,10,,leave at gate
1337,247,2025-06-02,2025-06-10,2025-06-08,shipped,web,normal,EUR,card,HH1,Hamburg,Hamburg,1160.11,0,12.9,2.9,1,,
1338,76,2026-03-18,2026-03-22,2026-03-19,delivered,edi,normal,CHF,prepay,CGN1,Köln,Köln,1811.95,40,12.9,0,10,,call before delivery
1339,90,2024-07-09,2024-07-15,2024-07-13,delivered,phone,rush,USD,paypal,HH1,Leipzig,Hamburg,994.17,40,7.9,1.5,7,PO-2025-01339,
1340,249,2024-09-20,2024-09-29,,open,web,high,EUR,sepa,HH1,Stuttgart,Stuttgart,3134.41,0,7.9,2.9,4,,
1341,307,2025-05-05,2025-05-07,2025-05-05,delivered,store,normal,CHF,card,HH1,Berlin,Berlin,1922.38,25,0,0,8,,leave at gate
1342,12,2024-08-09,2024-08-13,2024-08-11,shipped,partner,rush,CHF,card,BER3,Hamburg,Frankfurt,1339.61,15,0,0,6,,call before delivery
1343,337,2024-11-19,2024-11-25,2024-11-25,delivered,web,normal,CHF,card,BER3,Leipzig,Berlin,184.8,0,7.9,2.9,4,PO-2026-01343,leave at gate
1344,209,2025-02-06,2025-02-10,,cancelled,partner,high,EUR,card,MUC2,Berlin,Berlin,649.75,40,0,0,11,PO-2024-01344,
1345,142,2024-02-02,2024-02-14,2024-02-13,delivered,edi,rush,EUR,card,HH1,Leipzig,Leipzig,744.36,0,4.9,1.5,8,PO-2025-01345,
1346,256,2024-08-23,2024-08-27,2024-08-27,delivered,store,normal,EUR,invoice,BER3,Hamburg,Hamburg,1707.76,15,7.9,0,7,,
1347,145,2026-04-29,2026-05-13,2026-05-12,delivered,store,high,EUR,card,CGN1,Leipzig,Leipzig,259.16,0,12.9,2.9,5,PO-2024-01347,
1348,195,2024-02-11,2024-02-15,,open,store,normal,EUR,invoice,HH1,Leipzig,Leipzig,2258.55,15,7.9,0,11,PO-2025-01348,leave at gate
1349,137,2024-11-25,2024-12-07,,open,partner,normal,EUR,card,BER3,Köln,Köln,1438.33,0,0,0,3,PO-2026-01349,
1350,334,2024-05-24,2024-05-29,2024-05-29,delivered,store,rush,USD,paypal,BER3,München,München,2510.1,0,12.9,2.9,8,PO-2024-01350,
1351,1,2024-09-17,2024-09-20,2024-09-17,delivered,store,high,USD,paypal,HH1,Hamburg,Hamburg,2478.11,0,0,2.9,3,PO-2025-01351,call before delivery
1352,193,2025-07-19,2025-07-25,,open,phone,rush,EUR,prepay,HH1,Hamburg,Hamburg,621.27,0,12.9,2.9,8,PO-2026-01352,
1353,186,2026-04-17,2026-04-30,,open,phone,normal,EUR,card,CGN1,Leipzig,Leipzig,1762.75,40,12.9,0,11,,
1354,321,2024-02-19,2024-03-02,2024-02-29,delivered,phone,high,EUR,invoice,CGN1,Frankfurt,Frankfurt,260.62,0,12.9,2.9,3,PO-2025-01354,call before delivery
1355,111,2025-09-02,2025-09-16,2025-09-15,delivered,partner,high,USD,paypal,MUC2,Köln,Köln,1082.71,0,0,1.5,2,,
1356,127,2024-03-25,2024-03-31,,cancelled,partner,normal,USD,paypal,HH1,Berlin,Berlin,2595.15,0,4.9,0,7,PO-2024-01356,call before delivery
1357,72,2024-07-01,2024-07-13,2024-07-11,delivered,edi,normal,EUR,sepa,CGN1,Hamburg,Hamburg,1011.59,25,7.9,1.5,7,PO-2025-01357,leave at gate
1358,48,2024-04-19,2024-05-03,2024-05-01,delivered,store,rush,EUR,paypal,CGN1,Köln,Köln,3921.42,0,0,1.5,11,PO-2026-01358,leave at gate
1359,317,2024-07-01,2024-07-13,,cancelled,phone,normal,EUR,card,MUC2,Berlin,Berlin,1674.99,0,0,1.5,6,PO-2024-01359,leave at gate
1360,265,2024-04-10,2024-04-12,2024-04-09,shipped,partner,rush,EUR,invoice,MUC2,Berlin,Berlin,1925.33,0,4.9,0,7,,leave at gate
1361,349,2024-05-09,2024-05-23,2024-05-22,delivered,phone,rush,USD,prepay,CGN1,Leipzig,München,869.12,25,12.9,0,3,PO-2026-01361,leave at gate
1362,57,2025-07-13,2025-07-26,2025-07-25,delivered,web,normal,EUR,paypal,MUC2,Frankfurt,Frankfurt,1691.88,0,12.9,2.9,8,PO-2024-01362,call before delivery
1363,184,2025-04-18,2025-04-21,2025-04-21,delivered,store,rush,USD,card,BER3,Berlin,Berlin,1404.21,15,7.9,1.5,6,,call before delivery
1364,132,2024-10-31,2024-11-14,2024-11-12,delivered,phone,high,USD,prepay,MUC2,Berlin,Stuttgart,1221.28,0,12.9,0,6,PO-2026-01364,
1365,334,2025-03-15,2025-03-22,2025-03-19,delivered,edi,normal,CHF,paypal,CGN1,München,München,1091.72,80,4.9,2.9,8,,
1366,120,2024-02-28,2024-03-07,,cancelled,web,normal,EUR,invoice,HH1,Stuttgart,Stuttgart,1201.29,0,12.9,2.9,3,PO-2025-01366,leave at gate
1367,81,2024-07-14,2024-07-19,2024-07-18,shipped,store,high,EUR,prepay,CGN1,Köln,Köln,1942.69,25,7.9,0,9,PO-2026-01367,
1368,75,2026-04-21,2026-04-26,2026-04-24,delivered,partner,normal,EUR,prepay,BER3,Köln,Köln,1881.15,0,4.9,2.9,4,,
1369,70,2024-09-08,2024-09-10,2024-09-09,shipped,partner,high,EUR,sepa,BER3,Berlin,Hamburg,3308.17,15,12.9,1.5,6,,
1370,202,2024-02-28,2024-03-13,2024-03-11,delivered,edi,high,CHF,paypal,HH1,Köln,Köln,1620.61,40,7.9,1.5,2,PO-2026-01370,
1371,350,2024-04-05,2024-04-07,,cancelled,store,rush,EUR,card,MUC2,Frankfurt,Stuttgart,1232.62,0,12.9,1.5,1,,
1372,173,2024-10-17,2024-10-24,2024-10-22,delivered,partner,high,USD,sepa,HH1,Frankfurt,Frankfurt,1135.44,0,0,1.5,12,PO-2025-01372,call before delivery
1373,290,2025-05-25,2025-06-06,2025-06-05,delivered,store,rush,EUR,prepay,HH1,Berlin,Berlin,740.0,15,4.9,0,12,,
1374,115,2024-12-21,2025-01-01,2025-01-01,delivered,phone,normal,EUR,invoice,BER3,Stuttgart,Stuttgart,2080.07,40,4.9,2.9,6,PO-2024-01374,
1375,268,2026-03-02,2026-03-09,2026-03-09,delivered,phone,normal,EUR,card,MUC2,Leipzig,Leipzig,1043.0,80,0,0,6,,leave at gate
1376,277,2026-07-04,2026-07-16,2026-07-15,shipped,phone,normal,USD,card,BER3,Stuttgart,Stuttgart,1685.98,0,0,0,12,,
1377,179,2024-04-24,2024-04-26,,open,edi,normal,EUR,prepay,MUC2,Hamburg,Hamburg,1302.25,0,12.9,0,8,PO-2024-01377,call before delivery
1378,30,2024-11-19,2024-11-29,2024-11-28,shipped,web,rush,EUR,card,MUC2,Frankfurt,Frankfurt,1467.61,80,12.9,0,9,,
1379,92,2025-03-07,2025-03-20,,cancelled,store,high,USD,prepay,CGN1,Berlin,Berlin,840.87,15,7.9,2.9,3,,leave at gate
1380,331,2025-03-02,2025-03-06,2025-03-04,delivered,partner,normal,EUR,paypal,MUC2,Frankfurt,Frankfurt,259.38,40,7.9,2.9,8,PO-2024-01380,call before delivery
1381,,2026-07-16,2026-07-23,2026-07-20,delivered,store,rush,EUR,paypal,HH1,Berlin,Berlin,1379.18,0,7.9,2.9,12,,leave at gate
1382,83,2025-07-12,2025-07-20,2025-07-20,delivered,store,high,EUR,paypal,HH1,München,München,2426.86,0,4.9,0,11,PO-2026-01382,leave at gate
1383,285,2024-08-05,2024-08-08,,open,store,rush,EUR,paypal,CGN1,Stuttgart,Stuttgart,162.35,40,0,0,11,PO-2024-01383,
1384,96,2026-02-18,2026-03-02,2026-02-28,delivered,web,rush,EUR,invoice,HH1,Köln,Stuttgart,364.91,25,4.9,1.5,2,,
1385,,2025-12-20,2025-12-27,2025-12-26,shipped,web,rush,CHF,invoice,HH1,Köln,Köln,7093.77,40,12.9,0,9,PO-2026-01385,call before delivery
1386,248,2025-07-15,2025-07-27,2025-07-25,delivered,store,normal,EUR,sepa,HH1,Frankfurt,Frankfurt,2205.99,40,12.9,0,1,,
1387,258,2024-01-27,2024-01-29,2024-01-27,delivered,web,normal,EUR,sepa,BER3,Köln,Köln,802.38,25,0,0,7,,
1388,96,2024-02-03,2024-02-14,2024-02-11,shipped,partner,rush,EUR,card,BER3,Köln,Köln,356.18,0,12.9,1.5,2,,leave at gate
1389,146,2026-05-01,2026-05-03,2026-05-01,delivered,web,rush,EUR,invoice,CGN1,Hamburg,Hamburg,1629.89,40,7.9,0,12,PO-2024-01389,call before delivery
1390,346,2024-07-06,2024-07-20,2024-07-19,shipped,store,rush,CHF,prepay,BER3,Leipzig,Leipzig,932.24,0,4.9,2.9,3,PO-2025-01390,leave at gate
1391,3,2026-05-07,2026-05-18,2026-05-18,delivered,partner,high,USD,paypal,HH1,Berlin,Berlin,1810.79,0,12.9,1.5,4,,
1392,121,2026-04-19,2026-05-01,2026-04-29,delivered,store,high,EUR,sepa,HH1,Köln,Köln,1700.94,0,7.9,0,11,,leave at gate
1393,149,2025-01-17,2025-01-20,2025-01-20,delivered,web,high,EUR,prepay,CGN1,Stuttgart,Stuttgart,775.47,80,0,0,12,PO-2025-01393,call before delivery
1394,90,2024-03-19,2024-03-21,2024-03-18,shipped,phone,high,USD,invoice,HH1,Leipzig,München,1541.7,40,0,0,7,,leave at gate
1395,205,2025-09-22,2025-09-29,,cancelled,partner,normal,USD,prepay,BER3,Frankfurt,Stuttgart,1042.73,0,0,1.5,1,,
1396,166,2025-04-26,2025-05-04,,cancelled,web,high,EUR,prepay,MUC2,Frankfurt,Hamburg,1110.09,15,12.9,1.5,9,PO-2025-01396,call before delivery
1397,100,2024-03-23,2024-04-02,2024-04-02,shipped,partner,high,EUR,prepay,MUC2,Köln,Köln,2203.52,0,12.9,1.5,6,,leave at gate
1398,292,2025-06-14,2025-06-20,2025-06-18,delivered,partner,high,CHF,sepa,HH1,Hamburg,Hamburg,292.84,80,12.9,1.5,2,PO-2024-01398,
1399,339,2025-12-09,2025-12-13,,cancelled,store,high,EUR,prepay,MUC2,Frankfurt,Frankfurt,1456.65,0,7.9,2.9,5,,
1400,162,2026-05-11,2026-05-19,,cancelled,partner,rush,EUR,invoice,CGN1,Leipzig,Leipzig,16048.95,15,12.9,0,9,,
1401,136,2026-06-07,2026-06-14,2026-06-12,delivered,edi,normal,EUR,card,HH1,Hamburg,Hamburg,672.29,80,0,2.9,2,PO-2024-01401,
1402,175,2024-09-04,2024-09-07,2024-09-04,shipped,phone,high,EUR,paypal,CGN1,Stuttgart,Stuttgart,2171.99,80,4.9,2.9,5,,
1403,,2024-08-02,2024-08-10,2024-08-07,delivered,web,high,EUR,sepa,CGN1,Stuttgart,Stuttgart,1425.45,0,12.9,0,7,PO-2026-01403,call before delivery
1404,999999,2024-03-22,2024-03-25,2024-03-24,delivered,edi,rush,CHF,prepay,HH1,Frankfurt,Köln,1051.18,0,7.9,0,12,,call before delivery
1405,305,2026-02-18,2026-02-20,2026-02-18,delivered,phone,normal,EUR,invoice,MUC2,Frankfurt,Frankfurt,1750.44,0,7.9,2.9,12,PO-2025-01405,leave at gate
1406,92,2024-08-02,2024-08-12,2024-08-09,delivered,partner,normal,CHF,paypal,BER3,Berlin,Berlin,802.47,0,12.9,2.9,3,,call before delivery
1407,78,2025-06-25,2025-06-27,2025-06-24,delivered,store,normal,EUR,paypal,HH1,Stuttgart,Hamburg,2446.13,0,4.9,0,8,PO-2024-01407,
1408,154,2025-10-15,2025-10-22,2025-10-19,delivered,phone,normal,EUR,paypal,BER3,Berlin,Berlin,864.42,25,12.9,0,6,,
1409,123,2024-12-13,2024-12-17,2024-12-14,delivered,phone,normal,EUR,prepay,CGN1,München,München,887.11,80,4.9,0,1,,
1410,88,2026-03-18,2026-03-25,2026-03-23,shipped,store,normal,USD,paypal,BER3,Hamburg,Hamburg,1215.94,0,7.9,1.5,12,PO-2024-01410,
1411,324,2025-07-04,2025-07-16,2025-07-13,delivered,phone,rush,EUR,paypal,HH1,Leipzig,Leipzig,1910.72,40,7.9,2.9,8,,call before delivery
1412,251,2025-05-26,2025-06-01,2025-05-30,delivered,partner,rush,CHF,invoice,HH1,Köln,Köln,2185.61,0,0,0,7,,
1413,152,2024-11-16,2024-11-22,2024-11-22,delivered,store,rush,EUR,prepay,CGN1,Köln,Köln,244.83,15,4.9,2.9,1,PO-2024-01413,
1414,139,2025-08-12,2025-08-26,2025-08-23,delivered,phone,normal,EUR,sepa,BER3,München,München,486.13,0,12.9,0,6,PO-2025-01414,
1415,346,2024-01-09,2024-01-15,,cancelled,phone,high,CHF,paypal,HH1,Leipzig,Leipzig,1561.01,0,4.9,2.9,3,,leave at gate
1416,269,2024-03-13,2024-03-22,,cancelled,edi,high,EUR,paypal,CGN1,Frankfurt,Frankfurt,1288.15,25,12.9,1.5,10,,call before delivery
1417,179,2024-06-14,2024-06-23,2024-06-23,delivered,partner,high,EUR,invoice,MUC2,Hamburg,Hamburg,2164.49,40,4.9,0,8,,call before delivery
1418,216,2024-05-26,2024-06-03,2024-06-01,delivered,web,normal,USD,card,HH1,Köln,Köln,2610.81,80,4.9,0,8,,leave at gate
1419,173,2024-11-23,2024-12-05,2024-12-02,shipped,edi,high,CHF,card,HH1,Frankfurt,Frankfurt,825.33,0,4.9,2.9,12,,
1420,32,2024-07-12,2024-07-26,2024-07-25,delivered,partner,high,EUR,card,MUC2,München,Berlin,774.18,0,4.9,0,10,PO-2025-01420,
1421,49,2024-06-29,2024-07-06,2024-07-03,delivered,edi,high,USD,prepay,HH1,München,München,1846.53,0,7.9,0,8,PO-2026-01421,leave at gate
1422,145,2024-03-31,2024-04-06,2024-04-03,shipped,web,normal,USD,prepay,HH1,Leipzig,Frankfurt,2232.87,0,4.9,1.5,5,PO-2024-01422,call before delivery
1423,133,2024-09-25,2024-09-30,2024-09-27,delivered,phone,rush,CHF,prepay,BER3,Stuttgart,Stuttgart,834.36,80,0,0,3,PO-2025-01423,call before delivery
1424,999999,2026-02-25,2026-03-07,2026-03-07,shipped,phone,normal,EUR,sepa,CGN1,Köln,Köln,725.44,0,0,0,8,PO-2026-01424,
1425,306,2025-12-29,2026-01-02,,open,phone,normal,USD,invoice,HH1,Köln,Köln,1253.03,40,7.9,1.5,8,PO-2024-01425,
1426,231,2025-07-29,2025-08-03,2025-07-31,delivered,store,rush,EUR,sepa,HH1,Köln,Hamburg,968.93,0,12.9,0,2,PO-2025-01426,
1427,328,2024-04-04,2024-04-11,2024-04-11,delivered,web,normal,EUR,card,HH1,Stuttgart,Stuttgart,432.52,80,7.9,0,5,,call before delivery
1428,999999,2025-08-29,2025-09-08,2025-09-05,delivered,store,high,EUR,paypal,BER3,Köln,Köln,350.41,80,0,1.5,1,,call before delivery
1429,269,2024-06-04,2024-06-06,2024-06-05,shipped,store,normal,EUR,invoice,CGN1,Frankfurt,Frankfurt,442.44,0,0,2.9,12,,
1430,334,2025-09-18,2025-09-27,2025-09-27,delivered,web,high,USD,prepay,CGN1,München,München,2425.58,0,12.9,2.9,8,,leave at gate
1431,139,2026-05-31,2026-06-02,2026-06-02,delivered,store,normal,EUR,prepay,HH1,München,München,2106.75,0,4.9,2.9,6,,
1432,26,2025-07-26,2025-07-28,2025-07-25,delivered,partner,rush,EUR,sepa,MUC2,München,München,600.45,0,7.9,0,3,,
1433,3,2026-05-10,2026-05-20,2026-05-18,delivered,partner,high,EUR,invoice,MUC2,Berlin,Berlin,1396.0,25,4.9,1.5,4,PO-2026-01433,leave at gate
1434,123,2026-07-30,2026-08-09,2026-08-08,delivered,edi,rush,EUR,paypal,MUC2,München,München,1366.86,0,12.9,2.9,1,PO-2024-01434,
1435,148,2024-07-29,2024-08-12,2024-08-10,shipped,edi,rush,CHF,sepa,HH1,Köln,Köln,2111.94,15,12.9,2.9,3,PO-2025-01435,
1436,235,2024-08-21,2024-08-29,2024-08-29,shipped,web,high,EUR,prepay,CGN1,Stuttgart,Stuttgart,494.79,0,12.9,2.9,1,PO-2026-01436,call before delivery
1437,43,2025-01-13,2025-01-16,2025-01-16,delivered,store,rush,EUR,invoice,CGN1,München,München,751.11,15,4.9,2.9,8,PO-2024-01437,
1438,41,2024-04-01,2024-04-08,2024-04-06,delivered,store,high,EUR,card,BER3,Stuttgart,Stuttgart,1989.4,0,7.9,1.5,7,PO-2025-01438,call before delivery
1439,132,2025-05-26,2025-06-09,2025-06-07,delivered,partner,high,EUR,prepay,CGN1,Berlin,Berlin,1172.33,0,4.9,1.5,6,,
1440,24,2024-02-14,2024-02-28,2024-02-27,shipped,phone,rush,USD,paypal,CGN1,Hamburg,Hamburg,815.57,0,4.9,2.9,10,,leave at gate
1441,119,2025-02-03,2025-02-15,2025-02-12,delivered,web,normal,EUR,invoice,HH1,Stuttgart,Stuttgart,1632.78,25,0,1.5,5,,call before delivery
1442,103,2024-02-05,2024-02-11,2024-02-09,shipped,edi,high,EUR,paypal,BER3,Leipzig,Leipzig,534.52,15,0,0,7,,
1443,333,2024-12-04,2024-12-15,2024-12-13,delivered,partner,high,USD,paypal,BER3,Frankfurt,Frankfurt,2154.01,0,7.9,0,2,PO-2024-01443,
1444,277,2026-05-12,2026-05-19,2026-05-18,delivered,edi,normal,EUR,invoice,BER3,Stuttgart,Leipzig,1926.72,40,4.9,2.9,12,,
1445,260,2024-07-28,2024-08-02,2024-07-31,shipped,web,rush,EUR,prepay,MUC2,München,München,1282.17,15,7.9,0,12,PO-2026-01445,leave at gate
1446,,2024-02-24,2024-03-07,2024-03-05,shipped,store,rush,EUR,card,HH1,Berlin,Frankfurt,903.16,0,4.9,1.5,12,,call before delivery
1447,49,2025-12-16,2025-12-30,2025-12-29,delivered,edi,normal,EUR,paypal,MUC2,München,München,3077.55,0,7.9,1.5,8,,call before delivery
1448,286,2025-08-10,2025-08-18,,cancelled,partner,rush,EUR,paypal,BER3,Frankfurt,Frankfurt,363.84,0,0,0,12,PO-2026-01448,
1449,36,2026-05-05,2026-05-08,2026-05-08,delivered,store,normal,EUR,paypal,HH1,Berlin,Berlin,144.04,80,0,1.5,1,,call before delivery
1450,44,2024-04-15,2024-04-22,,cancelled,partner,normal,EUR,paypal,MUC2,Berlin,Frankfurt,1436.52,0,0,2.9,5,,call before delivery
1451,102,2024-09-03,2024-09-12,2024-09-12,delivered,web,rush,USD,prepay,HH1,Berlin,Berlin,385.55,80,7.9,2.9,9,PO-2026-01451,
1452,52,2024-06-09,2024-06-17,2024-06-14,shipped,edi,normal,USD,paypal,BER3,Hamburg,Hamburg,291.58,0,4.9,0,1,PO-2024-01452,leave at gate
1453,117,2025-07-16,2025-07-24,,cancelled,partner,rush,USD,card,HH1,Leipzig,Leipzig,1984.42,25,12.9,0,6,PO-2025-01453,
1454,275,2024-01-10,2024-01-24,2024-01-23,delivered,store,normal,USD,prepay,BER3,München,Leipzig,777.86,0,12.9,0,1,,
1455,290,2026-03-30,2026-04-09,2026-04-07,delivered,edi,normal,CHF,paypal,CGN1,Berlin,Berlin,259.26,0,4.9,1.5,12,,
1456,205,2024-03-01,2024-03-08,2024-03-05,delivered,phone,rush,CHF,paypal,CGN1,Frankfurt,Frankfurt,763.86,15,7.9,2.9,1,PO-2025-01456,
1457,260,2025-08-23,2025-08-28,2025-08-26,shipped,partner,normal,EUR,invoice,MUC2,München,München,461.42,25,0,0,12,PO-2026-01457,
1458,110,2025-01-15,2025-01-22,2025-01-19,delivered,phone,normal,EUR,prepay,HH1,München,Berlin,988.62,15,7.9,0,8,,call before delivery
1459,21,2026-01-20,2026-02-01,2026-01-31,delivered,partner,rush,CHF,paypal,CGN1,Stuttgart,Stuttgart,612.36,40,7.9,0,10,PO-2025-01459,
1460,335,2025-08-30,2025-09-12,,cancelled,store,normal,EUR,card,BER3,Hamburg,Hamburg,362.71,25,4.9,2.9,12,PO-2026-01460,call before delivery
1461,308,2024-12-29,2025-01-12,2025-01-11,delivered,store,normal,EUR,sepa,MUC2,Berlin,Berlin,2029.28,0,12.9,0,2,PO-2024-01461,
1462,30,2024-01-08,2024-01-10,2024-01-09,delivered,store,normal,EUR,card,MUC2,Frankfurt,Frankfurt,811.4,0,4.9,1.5,4,,
1463,216,2025-02-12,2025-02-22,2025-02-22,delivered,partner,rush,EUR,paypal,HH1,Köln,Köln,825.35,0,7.9,2.9,8,,call before delivery
1464,63,2025-05-03,2025-05-09,,cancelled,partner,high,EUR,sepa,MUC2,Berlin,Berlin,156.67,40,0,2.9,2,PO-2024-01464,
1465,85,2025-03-21,2025-04-02,2025-03-30,shipped,edi,high,USD,card,CGN1,Frankfurt,Frankfurt,1489.02,0,12.9,0,5,PO-2025-01465,
1466,333,2024-02-08,2024-02-11,2024-02-09,shipped,web,normal,EUR,invoice,CGN1,Frankfurt,Frankfurt,1042.33,80,4.9,0,2,,leave at gate
1467,214,2026-03-09,2026-03-11,2026-03-08,shipped,store,rush,USD,paypal,HH1,Stuttgart,Stuttgart,882.71,0,4.9,1.5,8,PO-2024-01467,call before delivery
1468,275,2024-04-05,2024-04-15,2024-04-13,delivered,edi,normal,EUR,card,CGN1,München,München,1389.15,40,4.9,0,1,PO-2025-01468,leave at gate
1469,83,2024-04-15,2024-04-21,2024-04-20,delivered,edi,rush,EUR,prepay,CGN1,München,München,2615.41,40,4.9,2.9,11,,call before delivery
1470,313,2024-10-15,2024-10-23,2024-10-21,delivered,phone,normal,CHF,invoice,BER3,Hamburg,Hamburg,1195.61,15,12.9,1.5,1,PO-2024-01470,
1471,112,2025-01-11,2025-01-16,2025-01-15,delivered,partner,rush,CHF,card,MUC2,Leipzig,Leipzig,1250.76,0,12.9,2.9,3,,call before delivery
1472,264,2024-10-01,2024-10-03,2024-10-03,delivered,edi,normal,EUR,prepay,HH1,Frankfurt,Frankfurt,2262.0,0,12.9,2.9,8,PO-2026-01472,leave at gate
1473,12,2026-02-04,2026-02-10,2026-02-07,delivered,edi,normal,CHF,prepay,CGN1,Hamburg,Hamburg,1173.59,0,12.9,1.5,6,,call before delivery
1474,251,2026-03-25,2026-03-28,,open,store,high,EUR,prepay,HH1,Köln,Köln,1199.52,0,4.9,2.9,6,,
1475,245,2025-03-21,2025-04-03,,cancelled,phone,rush,USD,invoice,CGN1,Berlin,Berlin,1641.04,15,12.9,0,8,,
1476,230,2025-03-23,2025-04-05,2025-04-02,delivered,store,normal,USD,prepay,MUC2,Köln,Köln,1379.23,0,12.9,1.5,11,PO-2024-01476,call before delivery
1477,237,2025-06-04,2025-06-17,2025-06-15,delivered,web,normal,EUR,invoice,BER3,Köln,Köln,1082.76,0,12.9,0,4,,
1478,127,2024-11-01,2024-11-05,2024-11-05,delivered,phone,normal,EUR,paypal,HH1,Berlin,Berlin,3344.0,15,12.9,1.5,7,PO-2026-01478,
1479,296,2024-01-24,2024-02-01,2024-02-01,shipped,partner,normal,EUR,paypal,BER3,Stuttgart,Stuttgart,259.77,40,7.9,2.9,12,PO-2024-01479,leave at gate
1480,340,2024-05-05,2024-05-09,2024-05-09,delivered,partner,normal,EUR,prepay,BER3,Frankfurt,Frankfurt,2232.57,40,0,0,11,,leave at gate
1481,38,2025-10-15,2025-10-22,2025-10-21,delivered,phone,normal,EUR,card,BER3,Leipzig,Leipzig,892.1,0,7.9,0,8,,
1482,128,2025-06-11,2025-06-25,2025-06-22,delivered,phone,normal,EUR,invoice,HH1,Köln,Köln,3013.63,0,4.9,1.5,7,PO-2024-01482,call before delivery
1483,52,2025-07-08,2025-07-19,2025-07-17,shipped,edi,normal,EUR,paypal,CGN1,Hamburg,Hamburg,2253.16,0,12.9,0,6,PO-2025-01483,
1484,348,2024-08-15,2024-08-29,2024-08-26,delivered,web,rush,EUR,prepay,HH1,Hamburg,Hamburg,485.84,80,0,2.9,10,,
1485,324,2026-07-17,2026-07-30,2026-07-30,delivered,edi,rush,EUR,card,MUC2,Leipzig,Leipzig,1939.3,25,0,2.9,8,PO-2024-01485,
1486,208,2024-06-16,2024-06-21,,cancelled,store,normal,CHF,paypal,CGN1,München,München,1864.48,15,0,0,6,PO-2025-01486,leave at gate
1487,4,2025-02-01,2025-02-14,2025-02-14,delivered,phone,normal,CHF,prepay,CGN1,Leipzig,Berlin,551.98,0,12.9,0,7,PO-2026-01487,
1488,65,2025-07-21,2025-08-02,2025-08-01,delivered,phone,normal,EUR,invoice,MUC2,München,München,1376.98,0,0,0,12,,leave at gate
1489,74,2024-03-01,2024-03-12,2024-03-09,delivered,edi,normal,EUR,prepay,BER3,Stuttgart,Stuttgart,788.34,0,7.9,1.5,10,,
1490,212,2024-02-01,2024-02-15,2024-02-12,delivered,web,normal,CHF,sepa,HH1,Frankfurt,Stuttgart,442.51,0,0,0,4,,call before delivery
1491,239,2026-05-09,2026-05-15,,open,web,normal,EUR,paypal,CGN1,Hamburg,Hamburg,561.38,0,12.9,0,3,,call before delivery
1492,199,2024-01-06,2024-01-10,2024-01-07,delivered,partner,high,CHF,paypal,MUC2,Leipzig,Leipzig,822.18,25,0,2.9,4,,call before delivery
1493,21,2025-05-13,2025-05-17,2025-05-17,shipped,partner,high,CHF,paypal,BER3,Stuttgart,Stuttgart,807.55,15,0,1.5,10,,call before delivery
1494,230,2025-09-11,2025-09-14,2025-09-11,shipped,partner,rush,EUR,prepay,BER3,Köln,Köln,4162.02,25,4.9,0,11,,leave at gate
1495,187,2025-08-19,2025-08-27,2025-08-27,delivered,web,rush,CHF,card,BER3,Hamburg,Hamburg,1351.13,40,4.9,2.9,10,,call before delivery
1496,70,2024-10-03,2024-10-06,2024-10-03,delivered,partner,rush,EUR,paypal,BER3,Berlin,Berlin,2450.05,40,12.9,0,6,PO-2026-01496,
1497,195,2024-09-11,2024-09-17,,cancelled,phone,normal,EUR,card,CGN1,Leipzig,Leipzig,1716.77,0,7.9,0,11,PO-2024-01497,
1498,165,2025-01-16,2025-01-25,2025-01-24,delivered,web,high,EUR,sepa,MUC2,Hamburg,Hamburg,551.99,15,12.9,0,6,PO-2025-01498,
1499,47,2024-07-11,2024-07-18,2024-07-17,delivered,partner,normal,EUR,card,MUC2,Hamburg,Hamburg,693.3,25,12.9,0,8,,
1500,80,2026-06-18,2026-07-01,2026-07-01,delivered,partner,normal,USD,paypal,MUC2,Frankfurt,Frankfurt,1211.29,0,0,1.5,8,,
1501,272,2026-06-15,2026-06-29,2026-06-28,delivered,web,normal,CHF,prepay,MUC2,Stuttgart,Stuttgart,1243.95,0,7.9,0,3,PO-2025-01501,
1502,8,2024-02-13,2024-02-21,2024-02-19,delivered,store,rush,EUR,sepa,CGN1,Leipzig,Leipzig,935.69,0,7.9,0,8,PO-2026-01502,call before delivery
1503,205,2026-06-06,2026-06-19,2026-06-16,shipped,phone,high,EUR,sepa,MUC2,Frankfurt,Frankfurt,884.69,15,4.9,0,1,PO-2024-01503,call before delivery
1504,272,2025-06-23,2025-06-28,2025-06-26,delivered,partner,high,EUR,prepay,MUC2,Stuttgart,Stuttgart,691.94,0,7.9,0,3,PO-2025-01504,
1505,256,2025-02-10,2025-02-20,2025-02-17,delivered,partner,high,USD,paypal,HH1,Hamburg,Hamburg,642.02,40,0,0,7,PO-2026-01505,leave at gate
1506,39,2025-12-01,2025-12-04,2025-12-02,delivered,phone,rush,EUR,invoice,HH1,München,München,2868.16,40,7.9,0,2,PO-2024-01506,
1507,152,2024-08-13,2024-08-19,,open,partner,high,EUR,prepay,BER3,Köln,Köln,869.03,0,12.9,0,1,,call before delivery
1508,117,2024-08-06,2024-08-18,,open,partner,normal,EUR,card,CGN1,Leipzig,Leipzig,879.21,80,0,0,6,,
1509,273,2024-01-30,2024-02-05,2024-02-03,shipped,edi,rush,EUR,prepay,CGN1,München,München,353.37,0,7.9,0,12,,
1510,304,2025-06-02,2025-06-05,2025-06-03,shipped,edi,normal,CHF,prepay,CGN1,Leipzig,Leipzig,728.46,40,0,0,3,PO-2025-01510,
1511,286,2026-07-13,2026-07-17,2026-07-16,shipped,phone,normal,USD,sepa,CGN1,Frankfurt,Frankfurt,1790.77,0,4.9,0,12,,leave at gate
1512,219,2024-04-15,2024-04-21,2024-04-18,delivered,store,rush,EUR,invoice,BER3,Leipzig,Leipzig,1197.76,0,12.9,2.9,6,PO-2024-01512,leave at gate
1513,208,2025-02-15,2025-02-19,,open,edi,normal,EUR,card,MUC2,München,München,1494.91,80,12.9,0,4,,leave at gate
1514,311,2024-06-17,2024-06-23,2024-06-22,delivered,edi,normal,EUR,invoice,CGN1,München,München,2206.05,80,4.9,2.9,8,PO-2026-01514,leave at gate
1515,19,2026-07-10,2026-07-20,2026-07-18,delivered,phone,normal,EUR,card,CGN1,Hamburg,Hamburg,2265.05,40,0,1.5,11,PO-2024-01515,call before delivery
1516,160,2025-08-15,2025-08-22,2025-08-22,delivered,phone,high,EUR,invoice,HH1,Köln,Leipzig,1503.91,0,7.9,2.9,3,PO-2025-01516,
1517,10,2024-11-10,2024-11-22,2024-11-22,delivered,web,rush,EUR,prepay,CGN1,Berlin,Leipzig,3431.19,0,12.9,1.5,6,,call before delivery
1518,149,2024-06-19,2024-07-03,,open,store,normal,CHF,sepa,BER3,Stuttgart,Stuttgart,810.52,0,0,0,12,PO-2024-01518,leave at gate
1519,277,2025-05-14,2025-05-28,2025-05-26,delivered,web,rush,EUR,prepay,HH1,Stuttgart,Stuttgart,1931.99,40,0,0,12,PO-2025-01519,
1520,315,2026-03-29,2026-04-03,2026-04-03,shipped,store,rush,EUR,sepa,HH1,Köln,Köln,867.5,80,4.9,0,10,PO-2026-01520,
1521,,2024-11-11,2024-11-19,2024-11-17,delivered,store,normal,EUR,sepa,HH1,Stuttgart,Stuttgart,2601.27,15,4.9,0,10,,leave at gate
1522,227,2026-03-06,2026-03-18,2026-03-18,delivered,partner,rush,EUR,prepay,HH1,Leipzig,Leipzig,843.12,80,0,1.5,9,,leave at gate
1523,132,2025-01-31,2025-02-14,2025-02-13,delivered,phone,rush,EUR,paypal,CGN1,Berlin,Berlin,1338.16,40,0,0,6,PO-2026-01523,call before delivery
1524,229,2025-08-04,2025-08-07,2025-08-05,delivered,partner,rush,USD,card,MUC2,Berlin,Berlin,1095.47,15,7.9,2.9,9,PO-2024-01524,
1525,196,2024-11-11,2024-11-23,2024-11-22,delivered,store,normal,USD,paypal,CGN1,Stuttgart,Stuttgart,2177.23,80,12.9,0,10,,leave at gate
1526,18,2026-02-13,2026-02-23,2026-02-20,delivered,store,high,EUR,card,BER3,Leipzig,Leipzig,659.91,80,4.9,1.5,12,,
1527,114,2024-06-02,2024-06-16,2024-06-14,delivered,partner,rush,CHF,paypal,CGN1,Frankfurt,Frankfurt,1523.91,40,7.9,2.9,6,,leave at gate
1528,206,2024-12-28,2025-01-03,2025-01-01,delivered,web,normal,EUR,invoice,CGN1,München,München,2077.73,0,7.9,2.9,11,PO-2025-01528,
1529,157,2025-11-26,2025-12-08,2025-12-06,delivered,partner,normal,EUR,paypal,CGN1,Stuttgart,Stuttgart,2165.73,40,7.9,0,1,,
1530,280,2025-06-21,2025-06-29,,open,edi,normal,EUR,prepay,HH1,Köln,Köln,1883.67,0,4.9,1.5,7,,call before delivery
1531,304,2024-02-13,2024-02-22,2024-02-21,delivered,web,high,EUR,sepa,HH1,Leipzig,Leipzig,1065.0,0,12.9,0,3,PO-2025-01531,
1532,147,2026-05-08,2026-05-18,,open,phone,rush,USD,paypal,MUC2,München,München,1630.02,0,12.9,1.5,6,PO-2026-01532,leave at gate
1533,249,2024-09-29,2024-10-04,2024-10-03,delivered,phone,rush,EUR,prepay,BER3,Stuttgart,Stuttgart,2396.37,40,12.9,0,4,PO-2024-01533,
1534,335,2024-10-17,2024-10-29,2024-10-26,delivered,store,normal,CHF,prepay,HH1,Hamburg,Hamburg,1427.66,0,0,0,12,,
1535,301,2024-09-25,2024-09-30,2024-09-30,delivered,store,normal,EUR,sepa,MUC2,Frankfurt,Berlin,1322.0,80,4.9,0,8,,call before delivery
1536,276,2025-06-24,2025-07-02,2025-07-02,delivered,phone,rush,EUR,paypal,BER3,Hamburg,Hamburg,1401.07,0,7.9,0,11,,
1537,314,2025-11-27,2025-11-30,,cancelled,phone,normal,EUR,card,BER3,Stuttgart,Stuttgart,467.46,0,4.9,2.9,6,PO-2025-01537,call before delivery
1538,56,2025-12-17,2025-12-27,2025-12-24,delivered,web,high,USD,invoice,BER3,Stuttgart,Stuttgart,2870.59,0,12.9,2.9,3,,leave at gate
1539,215,2024-05-01,2024-05-03,2024-04-30,delivered,edi,normal,USD,sepa,BER3,Stuttgart,Stuttgart,2627.62,15,0,2.9,6,PO-2024-01539,
1540,130,2024-09-17,2024-09-24,2024-09-22,delivered,web,high,EUR,prepay,MUC2,Hamburg,Hamburg,2915.37,80,4.9,2.9,8,PO-2025-01540,
1541,264,2025-07-21,2025-08-03,2025-08-03,delivered,store,rush,USD,sepa,CGN1,Frankfurt,Köln,1227.8,40,7.9,0,8,,call before delivery
1542,343,2024-08-08,2024-08-16,,open,web,high,EUR,paypal,HH1,Leipzig,Leipzig,348.01,0,12.9,1.5,6,PO-2024-01542,
1543,20,2026-07-09,2026-07-14,2026-07-14,shipped,edi,normal,EUR,sepa,BER3,Stuttgart,Stuttgart,1643.06,40,12.9,0,12,,
1544,325,2024-11-25,2024-12-07,2024-12-04,delivered,phone,normal,EUR,invoice,MUC2,München,Leipzig,1212.76,15,0,0,11,,
1545,191,2024-01-05,2024-01-19,,open,store,normal,EUR,sepa,HH1,Leipzig,Leipzig,844.66,0,4.9,0,1,PO-2024-01545,
1546,31,2026-07-20,2026-07-30,,cancelled,partner,rush,CHF,prepay,BER3,München,Stuttgart,291.99,15,12.9,0,3,,
1547,192,2025-10-15,2025-10-25,2025-10-24,delivered,store,normal,EUR,prepay,MUC2,München,München,2099.22,0,7.9,0,6,PO-2026-01547,
1548,54,2025-05-31,2025-06-14,2025-06-14,delivered,partner,high,USD,invoice,MUC2,Leipzig,Leipzig,798.6,25,12.9,2.9,5,PO-2024-01548,leave at gate
1549,192,2026-05-15,2026-05-27,2026-05-25,delivered,web,high,USD,prepay,CGN1,München,München,1497.27,80,12.9,0,6,PO-2025-01549,call before delivery
1550,297,2025-08-08,2025-08-13,2025-08-11,shipped,web,rush,CHF,prepay,CGN1,Hamburg,Hamburg,956.58,40,7.9,0,1,PO-2026-01550,
1551,194,2025-06-04,2025-06-13,2025-06-11,delivered,partner,rush,CHF,paypal,BER3,Berlin,Berlin,668.09,0,4.9,2.9,12,,
1552,65,2024-05-09,2024-05-20,2024-05-17,shipped,edi,normal,EUR,paypal,HH1,München,München,831.72,15,4.9,2.9,12,,call before delivery
1553,167,2025-07-14,2025-07-27,2025-07-27,delivered,store,rush,EUR,card,CGN1,Leipzig,Leipzig,902.1,40,12.9,1.5,11,,leave at gate
1554,192,2025-01-07,2025-01-15,2025-01-12,delivered,partner,normal,CHF,sepa,HH1,München,München,1585.66,0,4.9,2.9,6,,
1555,281,2025-02-10,2025-02-23,2025-02-22,delivered,partner,normal,CHF,invoice,HH1,Köln,Köln,1478.91,15,7.9,0,4,,call before delivery
1556,170,2024-12-27,2024-12-30,2024-12-27,delivered,edi,normal,EUR,sepa,BER3,Hamburg,Hamburg,1609.43,25,12.9,0,12,,leave at gate
1557,30,2025-07-27,2025-07-29,2025-07-26,delivered,web,high,EUR,invoice,BER3,Frankfurt,Frankfurt,1571.24,0,7.9,0,6,,call before delivery
1558,50,2025-10-02,2025-10-12,2025-10-09,delivered,web,normal,EUR,paypal,HH1,München,München,1700.63,0,4.9,2.9,5,,call before delivery
1559,13,2024-03-31,2024-04-03,,open,partner,normal,EUR,invoice,MUC2,Köln,Köln,952.32,0,0,0,2,PO-2026-01559,
1560,135,2025-12-25,2025-12-29,2025-12-29,shipped,phone,rush,USD,card,HH1,Köln,Köln,967.1,0,12.9,0,12,,call before delivery
1561,263,2025-06-16,2025-06-21,2025-06-19,shipped,phone,normal,USD,card,CGN1,Leipzig,Leipzig,838.28,80,12.9,2.9,10,PO-2025-01561,call before delivery
1562,238,2025-03-21,2025-03-23,2025-03-21,shipped,store,normal,EUR,paypal,BER3,München,München,2479.63,40,7.9,1.5,9,PO-2026-01562,call before delivery
1563,320,2025-04-30,2025-05-08,2025-05-05,delivered,web,high,EUR,paypal,MUC2,Hamburg,Stuttgart,1110.32,15,4.9,1.5,2,,call before delivery
1564,191,2024-12-04,2024-12-06,2024-12-05,delivered,store,normal,USD,prepay,BER3,Leipzig,Leipzig,1632.12,0,4.9,1.5,1,,leave at gate
1565,301,2024-03-06,2024-03-11,,cancelled,phone,high,CHF,prepay,BER3,Frankfurt,Frankfurt,80.92,0,4.9,0,8,,
1566,131,2025-05-12,2025-05-17,2025-05-14,delivered,store,high,USD,sepa,BER3,Frankfurt,Frankfurt,2130.19,0,12.9,0,6,PO-2024-01566,call before delivery
1567,191,2025-08-21,2025-09-02,2025-08-31,delivered,store,rush,USD,invoice,HH1,Leipzig,Köln,1166.96,25,12.9,2.9,1,PO-2025-01567,
1568,279,2025-10-29,2025-11-03,2025-11-02,delivered,store,normal,EUR,paypal,HH1,München,München,2221.84,15,4.9,2.9,5,PO-2026-01568,
1569,145,2024-06-30,2024-07-06,,open,store,normal,EUR,card,HH1,Leipzig,Leipzig,1663.07,0,12.9,2.9,5,PO-2024-01569,
1570,306,2024-12-21,2025-01-02,2025-01-02,delivered,phone,normal,EUR,prepay,CGN1,Köln,Köln,2482.61,25,12.9,1.5,8,PO-2025-01570,call before delivery
1571,104,2026-05-02,2026-05-15,2026-05-14,shipped,phone,rush,USD,invoice,CGN1,Köln,Köln,844.53,80,12.9,2.9,5,PO-2026-01571,
1572,51,2025-01-15,2025-01-17,2025-01-15,delivered,phone,normal,USD,invoice,CGN1,Hamburg,Hamburg,1738.82,0,12.9,0,11,,call before delivery
1573,999999,2025-01-05,2025-01-18,2025-01-17,delivered,partner,rush,EUR,invoice,CGN1,Hamburg,Hamburg,1680.27,0,12.9,0,3,,
1574,24,2024-11-17,2024-11-19,2024-11-16,delivered,web,normal,USD,card,MUC2,Hamburg,Hamburg,298.84,25,0,0,10,PO-2026-01574,leave at gate
1575,114,2026-04-22,2026-04-24,2026-04-22,delivered,phone,normal,USD,card,BER3,Frankfurt,Frankfurt,703.93,80,4.9,0,6,,
1576,241,2024-12-25,2024-12-28,2024-12-25,delivered,partner,high,USD,invoice,BER3,Berlin,Berlin,3282.25,0,4.9,2.9,5,PO-2025-01576,call before delivery
1577,246,2025-04-12,2025-04-25,,cancelled,web,normal,CHF,sepa,HH1,Köln,Köln,1391.9,0,12.9,2.9,8,,call before delivery
1578,254,2025-07-17,2025-07-20,2025-07-20,delivered,phone,normal,USD,invoice,BER3,München,München,2436.77,0,7.9,2.9,2,,
1579,137,2025-01-08,2025-01-20,2025-01-18,delivered,partner,high,USD,sepa,HH1,Köln,Berlin,1612.89,0,4.9,0,3,PO-2025-01579,
1580,339,2024-10-30,2024-11-05,2024-11-04,shipped,store,high,CHF,prepay,CGN1,Frankfurt,Frankfurt,938.65,0,0,0,5,,
1581,78,2026-01-08,2026-01-18,,open,edi,normal,EUR,invoice,HH1,Stuttgart,Stuttgart,470.9,0,7.9,1.5,8,PO-2024-01581,leave at gate
1582,140,2024-08-17,2024-08-26,,cancelled,partner,high,EUR,paypal,HH1,Leipzig,Leipzig,947.69,0,0,1.5,12,,call before delivery
1583,152,2024-08-26,2024-08-28,2024-08-26,delivered,store,normal,EUR,card,CGN1,Köln,Köln,1448.22,0,0,2.9,1,,
1584,128,2026-06-02,2026-06-14,2026-06-12,shipped,store,normal,CHF,paypal,BER3,Köln,Köln,665.12,80,0,2.9,7,PO-2024-01584,
1585,135,2025-12-06,2025-12-19,2025-12-17,delivered,edi,normal,CHF,prepay,MUC2,Köln,Köln,589.14,0,0,1.5,12,,leave at gate
1586,999999,2024-10-21,2024-10-29,2024-10-27,delivered,partner,high,EUR,sepa,MUC2,Leipzig,Köln,815.23,15,7.9,0,7,PO-2026-01586,leave at gate
1587,226,2026-06-04,2026-06-13,2026-06-11,delivered,store,normal,EUR,paypal,HH1,Leipzig,Leipzig,2008.24,40,4.9,0,9,,leave at gate
1588,110,2024-11-19,2024-11-29,2024-11-29,delivered,web,normal,USD,card,BER3,München,München,1510.17,0,0,2.9,8,,
1589,333,2024-01-04,2024-01-09,2024-01-08,delivered,store,rush,EUR,prepay,HH1,Frankfurt,Frankfurt,1075.96,80,0,0,2,,leave at gate
1590,286,2026-05-21,2026-06-03,2026-05-31,delivered,edi,normal,EUR,invoice,CGN1,Frankfurt,Frankfurt,1321.79,15,12.9,0,12,,leave at gate
1591,15,2025-05-17,2025-05-28,2025-05-27,delivered,phone,normal,EUR,invoice,MUC2,Hamburg,Hamburg,1555.34,25,12.9,0,5,PO-2025-01591,leave at gate
1592,307,2026-03-12,2026-03-19,2026-03-19,delivered,store,rush,EUR,prepay,BER3,Berlin,Berlin,2291.01,0,0,2.9,8,PO-2026-01592,
1593,62,2025-05-16,2025-05-25,2025-05-24,delivered,partner,high,USD,sepa,MUC2,Stuttgart,Stuttgart,1851.74,80,7.9,2.9,4,PO-2024-01593,leave at gate
1594,98,2024-12-25,2025-01-07,2025-01-04,shipped,partner,rush,USD,invoice,MUC2,Leipzig,Leipzig,1319.47,0,4.9,0,12,PO-2025-01594,
1595,341,2025-08-12,2025-08-17,2025-08-14,shipped,edi,normal,EUR,sepa,BER3,München,München,739.71,0,4.9,0,9,PO-2026-01595,leave at gate
1596,134,2024-12-03,2024-12-14,2024-12-12,delivered,edi,rush,EUR,paypal,HH1,Hamburg,Hamburg,3707.7,0,0,0,9,,leave at gate
1597,344,2024-07-20,2024-08-03,2024-08-02,shipped,phone,normal,EUR,paypal,BER3,Berlin,Berlin,336.45,80,4.9,0,11,PO-2025-01597,
1598,331,2025-10-28,2025-11-04,2025-11-02,shipped,store,rush,CHF,prepay,HH1,Frankfurt,Frankfurt,3220.34,80,7.9,0,8,PO-2026-01598,
1599,121,2024-11-05,2024-11-18,2024-11-16,delivered,store,high,EUR,prepay,MUC2,Köln,Berlin,2501.45,0,0,0,11,PO-2024-01599,call before delivery
1600,105,2025-01-24,2025-01-28,2025-01-26,delivered,phone,normal,USD,invoice,BER3,Berlin,Berlin,1094.94,80,7.9,2.9,11,,leave at gate
1601,,2025-07-03,2025-07-09,2025-07-09,delivered,web,normal,EUR,sepa,MUC2,Berlin,Frankfurt,1059.31,15,4.9,1.5,6,,leave at gate
1602,107,2024-12-23,2025-01-02,2025-01-02,shipped,edi,rush,USD,prepay,HH1,Leipzig,Leipzig,1967.44,0,0,0,5,PO-2024-01602,
1603,188,2024-08-03,2024-08-10,2024-08-07,delivered,web,normal,EUR,paypal,CGN1,Leipzig,Leipzig,2030.83,0,0,0,11,,leave at gate
1604,87,2025-01-28,2025-02-05,2025-02-04,shipped,web,normal,EUR,card,CGN1,Frankfurt,Frankfurt,1946.06,25,7.9,1.5,11,,
1605,142,2025-08-06,2025-08-18,2025-08-16,shipped,phone,high,CHF,paypal,HH1,Leipzig,Frankfurt,2527.32,0,12.9,0,8,,call before delivery
1606,149,2025-04-28,2025-05-12,2025-05-11,delivered,edi,normal,EUR,paypal,CGN1,Stuttgart,Stuttgart,949.4,0,12.9,0,12,PO-2025-01606,
1607,338,2025-01-25,2025-01-31,2025-01-31,delivered,store,high,CHF,invoice,BER3,Leipzig,Leipzig,793.16,0,4.9,0,12,,call before delivery
1608,46,2025-06-25,2025-06-30,2025-06-29,delivered,store,rush,EUR,invoice,MUC2,Berlin,Berlin,970.2,15,0,0,6,,
1609,251,2025-12-14,2025-12-26,2025-12-24,delivered,store,normal,USD,invoice,CGN1,Köln,Köln,2796.66,0,12.9,0,5,,
1610,341,2026-06-02,2026-06-12,2026-06-12,shipped,partner,normal,EUR,invoice,HH1,München,München,2489.78,15,4.9,1.5,9,PO-2026-01610,call before delivery
1611,234,2026-07-11,2026-07-19,2026-07-17,delivered,phone,normal,EUR,card,HH1,Berlin,Berlin,547.72,0,7.9,0,1,PO-2024-01611,
1612,294,2025-10-24,2025-11-04,2025-11-02,delivered,edi,normal,USD,card,BER3,Köln,Köln,2275.38,40,12.9,1.5,4,,
1613,228,2025-04-13,2025-04-19,2025-04-19,delivered,partner,normal,EUR,invoice,HH1,München,Hamburg,417.24,0,12.9,1.5,7,PO-2026-01613,call before delivery
1614,125,2024-04-14,2024-04-18,2024-04-16,delivered,web,normal,EUR,sepa,BER3,Frankfurt,Frankfurt,982.73,0,4.9,1.5,2,PO-2024-01614,
1615,85,2024-01-11,2024-01-21,,cancelled,store,rush,EUR,paypal,BER3,Frankfurt,Frankfurt,721.29,15,4.9,0,5,PO-2025-01615,
1616,111,2025-10-29,2025-11-07,,cancelled,partner,normal,USD,paypal,BER3,Köln,Hamburg,1811.82,80,12.9,2.9,2,PO-2026-01616,call before delivery
1617,999999,2026-05-13,2026-05-16,2026-05-16,delivered,edi,rush,EUR,sepa,BER3,Leipzig,Leipzig,1231.99,0,0,1.5,2,PO-2024-01617,call before delivery
1618,205,2024-10-23,2024-10-31,2024-10-30,delivered,edi,high,EUR,card,HH1,Frankfurt,Frankfurt,1595.92,0,4.9,2.9,1,PO-2025-01618,
1619,107,2025-11-17,2025-11-26,2025-11-26,delivered,partner,normal,EUR,sepa,BER3,Leipzig,Leipzig,3222.02,80,12.9,0,5,PO-2026-01619,call before delivery
1620,39,2026-04-20,2026-04-27,2026-04-26,shipped,partner,rush,EUR,sepa,HH1,München,München,630.13,0,0,0,2,,
1621,222,2024-01-07,2024-01-12,2024-01-10,delivered,store,rush,USD,paypal,BER3,Stuttgart,Stuttgart,689.32,15,7.9,2.9,7,PO-2025-01621,
1622,337,2025-01-02,2025-01-08,,open,phone,normal,EUR,prepay,CGN1,Leipzig,Leipzig,452.56,15,7.9,1.5,4,PO-2026-01622,
1623,191,2025-09-19,2025-09-22,,open,web,normal,USD,paypal,BER3,Leipzig,Leipzig,667.28,40,4.9,1.5,1,PO-2024-01623,
1624,250,2024-08-22,2024-08-28,2024-08-28,delivered,store,normal,CHF,card,MUC2,Berlin,Berlin,1702.94,0,7.9,0,5,PO-2025-01624,leave at gate
1625,272,2026-06-08,2026-06-20,,cancelled,edi,normal,EUR,prepay,HH1,Stuttgart,Stuttgart,387.71,0,4.9,0,3,,
1626,180,2025-11-21,2025-11-24,2025-11-23,delivered,store,high,USD,paypal,MUC2,Köln,Köln,3464.09,25,4.9,0,10,PO-2024-01626,
1627,164,2024-11-06,2024-11-10,2024-11-09,delivered,web,rush,EUR,prepay,CGN1,Leipzig,Leipzig,1113.68,0,0,2.9,4,PO-2025-01627,
1628,,2024-04-07,2024-04-20,2024-04-20,delivered,web,normal,EUR,invoice,MUC2,Berlin,Berlin,332.56,40,7.9,1.5,2,,
1629,262,2024-02-16,2024-02-28,2024-02-25,shipped,edi,rush,EUR,card,HH1,Stuttgart,Stuttgart,1303.24,40,0,2.9,1,,leave at gate
1630,6,2024-08-02,2024-08-14,2024-08-11,delivered,partner,normal,EUR,sepa,CGN1,Leipzig,Leipzig,543.01,15,4.9,1.5,11,PO-2025-01630,call before delivery
1631,51,2024-01-11,2024-01-14,2024-01-13,shipped,web,normal,EUR,sepa,CGN1,Hamburg,Berlin,494.72,0,0,1.5,11,,
1632,258,2025-01-24,2025-02-01,,cancelled,store,normal,EUR,paypal,BER3,Köln,Köln,1400.05,0,4.9,1.5,7,PO-2024-01632,leave at gate
1633,266,2025-05-17,2025-05-27,2025-05-24,delivered,store,normal,EUR,card,HH1,München,München,1597.71,25,0,0,1,,leave at gate
1634,87,2024-02-12,2024-02-15,2024-02-13,shipped,partner,high,USD,paypal,HH1,Frankfurt,Frankfurt,1131.59,0,7.9,1.5,11,,
1635,311,2025-07-22,2025-07-27,2025-07-27,delivered,partner,rush,EUR,prepay,CGN1,München,München,1129.98,40,7.9,0,8,,
1636,312,2025-10-14,2025-10-20,2025-10-18,delivered,edi,normal,EUR,prepay,MUC2,München,München,2416.13,0,0,1.5,6,,call before delivery
1637,241,2024-08-21,2024-08-23,2024-08-20,delivered,web,high,EUR,paypal,CGN1,Berlin,Berlin,1314.22,80,0,0,11,,call before delivery
1638,206,2026-01-06,2026-01-20,2026-01-20,delivered,store,rush,CHF,paypal,MUC2,München,München,1019.63,25,7.9,1.5,11,,
1639,58,2026-02-19,2026-02-25,2026-02-25,delivered,edi,high,CHF,invoice,HH1,Frankfurt,Frankfurt,171.17,80,4.9,0,1,PO-2025-01639,
1640,216,2025-11-15,2025-11-28,2025-11-26,delivered,edi,rush,CHF,paypal,HH1,Köln,Köln,1733.46,15,0,0,8,PO-2026-01640,call before delivery
1641,252,2024-05-09,2024-05-20,2024-05-17,delivered,store,normal,EUR,invoice,HH1,München,München,294.11,80,0,1.5,1,PO-2024-01641,
1642,85,2024-11-30,2024-12-14,2024-12-14,delivered,store,normal,EUR,sepa,BER3,Frankfurt,Frankfurt,1415.29,15,7.9,0,5,,leave at gate
1643,147,2025-09-07,2025-09-21,2025-09-20,delivered,edi,normal,CHF,paypal,MUC2,München,München,1337.01,0,0,1.5,6,,
1644,12,2024-10-16,2024-10-26,2024-10-23,delivered,partner,normal,EUR,card,HH1,Hamburg,Hamburg,2479.64,0,0,0,6,,leave at gate
1645,53,2025-06-06,2025-06-08,2025-06-08,delivered,phone,high,EUR,paypal,CGN1,Berlin,Berlin,1590.43,25,0,2.9,9,,call before delivery
1646,274,2024-10-30,2024-11-03,,open,partner,normal,EUR,card,HH1,Köln,Köln,1016.12,25,4.9,2.9,6,PO-2026-01646,
1647,63,2025-08-29,2025-08-31,2025-08-28,delivered,web,normal,CHF,prepay,MUC2,Berlin,Berlin,972.78,0,0,2.9,2,PO-2024-01647,
1648,182,2024-09-28,2024-10-03,2024-10-01,shipped,phone,high,CHF,invoice,HH1,Frankfurt,Frankfurt,4102.66,80,4.9,1.5,8,PO-2025-01648,call before delivery
1649,333,2026-01-02,2026-01-12,2026-01-10,delivered,partner,high,EUR,paypal,CGN1,Frankfurt,Frankfurt,609.08,0,12.9,0,2,PO-2026-01649,
1650,217,2024-03-02,2024-03-16,2024-03-15,delivered,phone,normal,EUR,prepay,CGN1,München,München,661.57,15,0,0,1,,
1651,194,2026-06-15,2026-06-29,2026-06-26,delivered,partner,normal,CHF,prepay,HH1,Berlin,Berlin,763.84,0,7.9,0,12,,leave at gate
1652,213,2024-09-22,2024-09-28,2024-09-25,delivered,store,rush,CHF,sepa,CGN1,Berlin,Berlin,1292.72,0,7.9,0,6,PO-2026-01652,leave at gate
1653,343,2024-09-08,2024-09-10,,open,store,normal,CHF,sepa,BER3,Leipzig,Leipzig,678.55,0,0,2.9,6,,leave at gate
1654,215,2026-04-01,2026-04-13,2026-04-10,shipped,web,normal,EUR,invoice,HH1,Stuttgart,Köln,1871.75,0,7.9,1.5,6,PO-2025-01654,
1655,145,2026-04-09,2026-04-23,,cancelled,store,normal,USD,prepay,MUC2,Leipzig,Leipzig,1660.32,40,0,0,5,,call before delivery
1656,256,2025-07-31,2025-08-06,2025-08-05,shipped,web,rush,EUR,card,MUC2,Hamburg,Hamburg,2705.5,25,0,2.9,7,,
1657,341,2024-10-31,2024-11-09,2024-11-07,shipped,phone,normal,CHF,invoice,BER3,München,München,288.64,15,7.9,0,9,PO-2025-01657,leave at gate
1658,197,2026-03-28,2026-04-10,2026-04-10,delivered,phone,rush,EUR,invoice,BER3,Berlin,Berlin,1377.52,25,7.9,2.9,12,PO-2026-01658,
1659,58,2025-06-25,2025-06-30,2025-06-29,shipped,store,normal,CHF,paypal,HH1,Frankfurt,Frankfurt,1295.0,15,0,0,1,,call before delivery
1660,160,2024-02-11,2024-02-14,2024-02-13,shipped,edi,rush,EUR,prepay,HH1,Köln,Hamburg,914.76,25,7.9,0,3,PO-2025-01660,
1661,72,2025-06-28,2025-07-09,2025-07-07,delivered,phone,normal,CHF,paypal,BER3,Hamburg,Hamburg,906.02,80,7.9,1.5,7,PO-2026-01661,
1662,186,2025-12-16,2025-12-29,2025-12-28,shipped,store,normal,USD,paypal,MUC2,Leipzig,Leipzig,2368.41,0,12.9,0,11,,
1663,110,2024-07-13,2024-07-18,,open,partner,rush,USD,paypal,CGN1,München,München,3322.72,0,0,1.5,8,PO-2025-01663,call before delivery
1664,999999,2024-09-11,2024-09-14,2024-09-11,shipped,phone,normal,USD,sepa,HH1,Stuttgart,Stuttgart,388.68,0,0,0,12,PO-2026-01664,
1665,130,2024-04-17,2024-04-30,,cancelled,partner,high,EUR,card,BER3,Hamburg,Hamburg,1835.97,0,7.9,0,8,,
1666,,2025-07-11,2025-07-15,2025-07-15,delivered,edi,rush,EUR,card,HH1,Berlin,Berlin,840.23,0,12.9,0,5,PO-2025-01666,
1667,189,2025-08-06,2025-08-13,2025-08-10,delivered,partner,normal,CHF,sepa,BER3,Leipzig,Leipzig,1116.05,0,4.9,0,12,PO-2026-01667,
1668,321,2025-06-22,2025-07-01,2025-06-29,delivered,web,normal,EUR,invoice,MUC2,Frankfurt,Hamburg,1665.84,0,7.9,0,3,PO-2024-01668,leave at gate
1669,206,2025-06-12,2025-06-23,2025-06-21,delivered,edi,normal,EUR,sepa,HH1,München,München,843.99,25,7.9,0,11,,leave at gate
1670,142,2025-02-04,2025-02-08,2025-02-05,delivered,partner,normal,USD,invoice,CGN1,Leipzig,Leipzig,580.92,40,4.9,2.9,8,PO-2026-01670,call before delivery
1671,129,2025-10-28,2025-11-05,2025-11-04,delivered,web,rush,CHF,sepa,MUC2,Berlin,Stuttgart,500.28,25,0,1.5,4,,call before delivery
1672,224,2025-04-04,2025-04-13,2025-04-11,shipped,edi,normal,EUR,invoice,BER3,Leipzig,Leipzig,913.62,40,7.9,1.5,3,,leave at gate
1673,250,2024-10-23,2024-10-28,,cancelled,store,rush,EUR,invoice,MUC2,Berlin,Berlin,1071.21,0,12.9,1.5,5,PO-2026-01673,
1674,154,2024-12-30,2025-01-08,2025-01-08,delivered,partner,rush,EUR,sepa,HH1,Berlin,Berlin,1255.74,0,7.9,0,6,,leave at gate
1675,295,2026-05-08,2026-05-22,2026-05-22,delivered,phone,normal,CHF,card,CGN1,Stuttgart,Stuttgart,736.03,0,12.9,0,2,PO-2025-01675,leave at gate
1676,102,2024-03-15,2024-03-27,2024-03-25,shipped,edi,normal,EUR,card,MUC2,Berlin,Berlin,1262.08,0,7.9,2.9,9,PO-2026-01676,leave at gate
1677,4,2025-08-17,2025-08-31,2025-08-30,delivered,store,normal,EUR,invoice,MUC2,Leipzig,Köln,614.59,0,7.9,2.9,7,PO-2024-01677,
1678,238,2024-12-12,2024-12-23,2024-12-20,delivered,store,normal,CHF,invoice,BER3,München,München,2181.25,25,12.9,1.5,9,PO-2025-01678,leave at gate
1679,162,2026-03-17,2026-03-30,2026-03-30,shipped,store,high,EUR,card,BER3,Leipzig,Leipzig,604.9,0,0,1.5,9,PO-2026-01679,leave at gate
1680,268,2025-03-23,2025-04-06,2025-04-04,shipped,web,high,EUR,sepa,BER3,Leipzig,Leipzig,2135.48,25,12.9,2.9,6,PO-2024-01680,call before delivery
1681,290,2024-11-10,2024-11-16,,open,web,rush,EUR,paypal,MUC2,Berlin,Berlin,1816.03,25,4.9,0,12,,
1682,87,2024-05-19,2024-05-30,2024-05-30,shipped,web,rush,EUR,card,MUC2,Frankfurt,Frankfurt,602.79,0,0,1.5,11,PO-2026-01682,call before delivery
1683,149,2026-03-10,2026-03-22,2026-03-20,delivered,web,rush,CHF,paypal,HH1,Stuttgart,Stuttgart,1390.27,80,0,1.5,12,PO-2024-01683,
1684,54,2025-02-15,2025-02-24,2025-02-21,delivered,store,high,CHF,paypal,BER3,Leipzig,Leipzig,1030.09,25,12.9,2.9,5,PO-2025-01684,leave at gate
1685,181,2024-03-05,2024-03-11,,open,partner,high,EUR,invoice,BER3,Berlin,Berlin,319.48,25,4.9,2.9,8,PO-2026-01685,leave at gate
1686,348,2025-07-25,2025-08-07,2025-08-05,delivered,phone,normal,EUR,paypal,HH1,Hamburg,Hamburg,1734.87,80,7.9,1.5,9,PO-2024-01686,
1687,94,2025-09-01,2025-09-03,2025-09-03,delivered,store,rush,EUR,sepa,BER3,Köln,Berlin,1429.69,0,12.9,1.5,8,PO-2025-01687,
1688,47,2024-09-20,2024-09-22,2024-09-22,shipped,web,normal,USD,sepa,HH1,Hamburg,Hamburg,1273.37,0,4.9,0,8,PO-2026-01688,call before delivery
1689,290,2024-11-23,2024-11-26,2024-11-24,delivered,web,high,EUR,paypal,BER3,Berlin,Köln,1173.6,25,4.9,2.9,12,PO-2024-01689,
1690,264,2025-08-08,2025-08-15,2025-08-13,delivered,store,rush,USD,paypal,MUC2,Frankfurt,Frankfurt,1587.38,80,0,0,8,PO-2025-01690,call before delivery
1691,311,2025-03-23,2025-03-25,2025-03-25,delivered,edi,normal,CHF,card,CGN1,München,Stuttgart,1759.32,0,7.9,2.9,8,PO-2026-01691,leave at gate
1692,93,2025-08-29,2025-09-08,2025-09-06,shipped,web,rush,USD,paypal,MUC2,Stuttgart,Stuttgart,256.58,15,4.9,2.9,8,,
1693,3,2024-05-14,2024-05-26,2024-05-24,delivered,phone,normal,EUR,prepay,BER3,Berlin,Berlin,740.2,80,0,0,4,,
1694,216,2025-10-14,2025-10-18,,open,partner,high,CHF,card,MUC2,Köln,Köln,2822.69,15,7.9,2.9,8,PO-2026-01694,leave at gate
1695,134,2025-09-08,2025-09-13,2025-09-12,shipped,store,normal,EUR,card,HH1,Hamburg,Hamburg,496.64,0,4.9,1.5,9,PO-2024-01695,leave at gate
1696,349,2026-02-13,2026-02-17,2026-02-15,delivered,edi,high,EUR,sepa,HH1,Leipzig,Leipzig,811.24,15,4.9,0,3,PO-2025-01696,
1697,140,2024-07-07,2024-07-13,2024-07-11,delivered,web,high,EUR,invoice,HH1,Leipzig,Hamburg,910.77,80,0,0,12,PO-2026-01697,
1698,96,2024-08-29,2024-09-07,2024-09-06,delivered,store,rush,EUR,sepa,CGN1,Köln,Köln,455.99,0,4.9,2.9,2,PO-2024-01698,
1699,277,2024-08-18,2024-08-21,2024-08-20,delivered,store,rush,CHF,invoice,CGN1,Stuttgart,München,348.28,0,7.9,2.9,12,,
1700,99,2025-04-18,2025-04-30,2025-04-30,delivered,phone,high,EUR,card,HH1,Berlin,Berlin,1451.73,0,7.9,0,12,PO-2026-01700,call before delivery
1701,169,2026-04-11,2026-04-16,2026-04-13,delivered,web,normal,EUR,paypal,CGN1,Stuttgart,Stuttgart,705.67,0,4.9,0,6,,call before delivery
1702,47,2024-10-21,2024-10-25,2024-10-25,delivered,store,high,USD,invoice,HH1,Hamburg,Hamburg,831.65,0,12.9,0,8,PO-2025-01702,call before delivery
1703,144,2026-06-16,2026-06-29,2026-06-26,shipped,edi,normal,EUR,card,MUC2,Köln,Köln,1281.42,15,4.9,0,4,,
1704,271,2025-10-06,2025-10-13,2025-10-12,shipped,store,normal,USD,paypal,CGN1,München,München,1700.06,80,12.9,0,1,PO-2024-01704,
1705,221,2024-08-11,2024-08-16,,open,phone,high,USD,paypal,BER3,Leipzig,Köln,1825.61,0,0,2.9,10,PO-2025-01705,call before delivery
1706,66,2025-05-05,2025-05-11,2025-05-09,shipped,store,normal,EUR,card,CGN1,Stuttgart,Stuttgart,612.64,80,0,0,9,PO-2026-01706,leave at gate
1707,306,2024-10-18,2024-10-31,2024-10-30,delivered,partner,normal,CHF,sepa,BER3,Köln,Köln,1753.67,25,7.9,2.9,8,,
1708,299,2025-01-10,2025-01-17,2025-01-15,shipped,edi,rush,EUR,paypal,HH1,Köln,Köln,2064.83,80,12.9,2.9,4,,
1709,262,2026-01-31,2026-02-12,2026-02-11,delivered,web,normal,USD,card,MUC2,Stuttgart,München,346.55,40,7.9,1.5,1,PO-2026-01709,call before delivery
1710,279,2026-07-28,2026-08-02,2026-07-30,delivered,store,rush,EUR,sepa,HH1,München,München,474.33,0,12.9,0,5,,call before delivery
1711,102,2025-09-25,2025-09-29,2025-09-28,delivered,edi,normal,EUR,invoice,MUC2,Berlin,Berlin,234.78,0,4.9,2.9,9,,call before delivery
1712,106,2025-09-12,2025-09-25,2025-09-23,shipped,edi,rush,EUR,prepay,CGN1,Leipzig,Leipzig,324.23,25,0,0,3,,call before delivery
1713,30,2025-07-12,2025-07-21,2025-07-21,delivered,web,rush,USD,card,CGN1,Frankfurt,Frankfurt,1218.94,15,12.9,2.9,7,,leave at gate
1714,327,2024-08-15,2024-08-25,2024-08-22,delivered,edi,normal,EUR,invoice,CGN1,Hamburg,Hamburg,2123.63,0,7.9,0,3,PO-2025-01714,leave at gate
1715,278,2026-03-22,2026-03-29,2026-03-26,shipped,phone,rush,EUR,sepa,BER3,Leipzig,Frankfurt,2208.74,0,4.9,0,11,,
1716,31,2026-01-15,2026-01-27,2026-01-25,delivered,store,rush,CHF,invoice,HH1,München,München,1432.83,0,4.9,1.5,3,,call before delivery
1717,228,2024-03-30,2024-04-13,2024-04-10,delivered,edi,normal,EUR,sepa,CGN1,München,Frankfurt,1714.12,40,4.9,2.9,7,PO-2025-01717,call before delivery
1718,249,2025-09-28,2025-10-04,2025-10-04,delivered,edi,normal,EUR,invoice,MUC2,Stuttgart,Stuttgart,1255.34,0,4.9,1.5,4,PO-2026-01718,
1719,246,2025-08-22,2025-09-02,,open,phone,normal,EUR,card,MUC2,Köln,Hamburg,1339.63,0,12.9,2.9,8,PO-2024-01719,
1720,216,2024-07-03,2024-07-07,,open,phone,normal,EUR,card,BER3,Köln,Köln,911.86,0,0,1.5,8,,
1721,3,2025-08-30,2025-09-04,2025-09-04,delivered,edi,rush,CHF,card,HH1,Berlin,Berlin,231.18,80,0,0,4,PO-2026-01721,call before delivery
1722,139,2024-04-10,2024-04-12,2024-04-12,delivered,web,normal,CHF,paypal,CGN1,München,München,1370.87,25,12.9,0,6,,
1723,182,2025-06-26,2025-06-29,2025-06-27,shipped,partner,rush,EUR,paypal,HH1,Frankfurt,Frankfurt,755.32,80,0,1.5,8,,
1724,321,2025-04-08,2025-04-10,,open,web,normal,USD,invoice,MUC2,Frankfurt,Frankfurt,1478.69,0,0,1.5,3,,
1725,117,2024-06-20,2024-07-01,2024-06-30,shipped,phone,high,EUR,prepay,MUC2,Leipzig,Leipzig,716.92,0,0,1.5,6,,call before delivery
1726,263,2025-01-28,2025-02-02,2025-02-02,shipped,web,rush,CHF,prepay,CGN1,Leipzig,Leipzig,2715.97,0,4.9,0,10,PO-2025-01726,
1727,228,2025-05-20,2025-05-30,2025-05-30,delivered,web,rush,CHF,prepay,BER3,München,München,1805.25,0,12.9,2.9,7,,
1728,53,2024-12-07,2024-12-16,2024-12-15,shipped,web,normal,EUR,invoice,CGN1,Berlin,Berlin,792.69,15,4.9,2.9,9,,call before delivery
1729,,2024-10-16,2024-10-30,,cancelled,web,normal,EUR,invoice,BER3,Hamburg,Hamburg,2047.55,0,0,1.5,6,PO-2025-01729,call before delivery
1730,88,2025-07-14,2025-07-28,2025-07-25,shipped,edi,high,CHF,paypal,BER3,Hamburg,Hamburg,981.07,80,0,0,12,PO-2026-01730,
1731,263,2025-02-06,2025-02-13,2025-02-11,shipped,web,normal,CHF,card,BER3,Leipzig,Leipzig,1647.9,0,7.9,0,10,,leave at gate
1732,999999,2025-07-15,2025-07-22,2025-07-22,shipped,web,normal,EUR,card,CGN1,Köln,Köln,1889.78,0,4.9,0,4,,leave at gate
1733,40,2026-06-26,2026-06-28,2026-06-25,delivered,partner,normal,EUR,paypal,CGN1,München,Berlin,847.28,0,4.9,1.5,1,,
1734,232,2024-10-05,2024-10-10,2024-10-10,delivered,phone,high,EUR,paypal,HH1,Frankfurt,Frankfurt,1719.94,80,12.9,2.9,1,PO-2024-01734,
1735,314,2025-11-04,2025-11-11,2025-11-08,delivered,store,rush,CHF,paypal,BER3,Stuttgart,Stuttgart,2481.8,0,0,1.5,6,,
1736,235,2026-01-25,2026-02-02,,open,partner,high,EUR,paypal,BER3,Stuttgart,Stuttgart,696.37,0,0,2.9,1,PO-2026-01736,
1737,323,2024-01-05,2024-01-15,2024-01-14,shipped,store,rush,EUR,sepa,MUC2,Leipzig,Leipzig,860.99,0,7.9,2.9,9,PO-2024-01737,call before delivery
1738,101,2025-06-28,2025-07-11,2025-07-08,shipped,phone,rush,EUR,prepay,MUC2,Köln,Köln,1332.98,80,4.9,1.5,7,,leave at gate
1739,9,2024-06-16,2024-06-21,2024-06-19,delivered,store,high,USD,sepa,CGN1,Köln,Köln,1001.4,0,12.9,2.9,3,PO-2026-01739,
1740,232,2026-03-26,2026-04-07,2026-04-04,delivered,store,normal,EUR,paypal,MUC2,Frankfurt,Frankfurt,995.24,0,0,2.9,1,,
1741,183,2026-07-05,2026-07-13,,open,store,normal,EUR,sepa,HH1,München,München,192.06,0,0,0,5,,
1742,234,2025-12-07,2025-12-12,2025-12-09,shipped,phone,rush,EUR,card,MUC2,Berlin,Berlin,488.05,25,4.9,2.9,1,PO-2026-01742,call before delivery
1743,214,2026-03-29,2026-04-04,2026-04-03,delivered,web,normal,EUR,paypal,CGN1,Stuttgart,Stuttgart,1846.46,15,4.9,1.5,8,,call before delivery
1744,194,2025-05-04,2025-05-16,2025-05-14,delivered,store,normal,USD,invoice,CGN1,Berlin,Berlin,2367.68,0,7.9,0,12,,
1745,239,2024-10-06,2024-10-12,2024-10-11,delivered,edi,rush,EUR,sepa,BER3,Hamburg,Hamburg,1766.83,0,7.9,2.9,3,PO-2026-01745,leave at gate
1746,332,2026-04-11,2026-04-18,2026-04-18,shipped,partner,high,EUR,prepay,MUC2,Köln,Berlin,2000.93,0,0,2.9,3,,
1747,134,2024-02-19,2024-03-03,2024-03-02,delivered,web,normal,USD,invoice,MUC2,Hamburg,Hamburg,1110.05,0,7.9,1.5,9,,
1748,309,2025-10-17,2025-10-30,2025-10-30,delivered,web,high,CHF,invoice,BER3,München,München,1035.26,0,7.9,0,9,,leave at gate
1749,14,2025-01-21,2025-01-27,2025-01-27,delivered,phone,normal,USD,paypal,HH1,Frankfurt,Frankfurt,1267.23,40,4.9,2.9,6,PO-2024-01749,
1750,154,2025-03-24,2025-03-31,2025-03-31,shipped,phone,normal,EUR,paypal,HH1,Berlin,Berlin,1055.3,0,0,0,6,PO-2025-01750,
1751,280,2024-06-18,2024-06-21,2024-06-20,delivered,web,rush,EUR,sepa,CGN1,Köln,Köln,1115.06,40,4.9,0,7,PO-2026-01751,leave at gate
1752,225,2025-09-24,2025-09-26,2025-09-26,delivered,web,high,EUR,sepa,CGN1,Berlin,Berlin,1288.3,80,7.9,0,12,PO-2024-01752,leave at gate
1753,284,2024-06-22,2024-07-03,2024-07-01,shipped,phone,high,USD,prepay,CGN1,Berlin,Berlin,2242.42,40,0,1.5,5,PO-2025-01753,leave at gate
1754,123,2026-07-05,2026-07-12,2026-07-10,delivered,store,rush,USD,paypal,MUC2,München,München,225.5,0,4.9,0,1,PO-2026-01754,leave at gate
1755,55,2024-02-11,2024-02-13,2024-02-11,delivered,phone,normal,EUR,sepa,BER3,Frankfurt,Frankfurt,279.56,15,0,1.5,4,,call before delivery
1756,240,2025-09-25,2025-10-02,2025-09-30,delivered,store,rush,EUR,paypal,CGN1,München,München,709.46,0,12.9,0,11,,
1757,265,2024-05-28,2024-06-09,2024-06-07,shipped,web,normal,EUR,sepa,CGN1,Berlin,Berlin,269.3,0,12.9,1.5,7,PO-2026-01757,call before delivery
1758,133,2024-11-25,2024-12-04,2024-12-01,delivered,edi,high,EUR,paypal,BER3,Stuttgart,Köln,1221.03,0,7.9,0,3,,call before delivery
1759,128,2025-05-12,2025-05-15,2025-05-14,delivered,phone,high,USD,sepa,BER3,Köln,Köln,1425.81,25,4.9,1.5,7,,
1760,286,2026-04-04,2026-04-15,2026-04-13,delivered,edi,rush,EUR,card,MUC2,Frankfurt,Frankfurt,1042.53,0,12.9,0,12,PO-2026-01760,call before delivery
1761,341,2025-07-31,2025-08-02,2025-07-30,delivered,web,normal,USD,sepa,HH1,München,München,1279.94,0,7.9,1.5,9,,
1762,243,2025-07-31,2025-08-03,2025-08-02,delivered,edi,rush,CHF,card,CGN1,Stuttgart,Stuttgart,614.02,25,4.9,1.5,7,PO-2025-01762,
1763,253,2026-02-04,2026-02-12,2026-02-11,shipped,phone,high,CHF,invoice,HH1,München,München,760.02,25,4.9,0,8,PO-2026-01763,leave at gate
1764,78,2025-06-17,2025-06-30,2025-06-30,shipped,partner,normal,USD,invoice,BER3,Stuttgart,Stuttgart,403.63,25,4.9,0,8,,leave at gate
1765,148,2024-04-13,2024-04-19,,cancelled,partner,normal,USD,sepa,MUC2,Köln,Köln,1636.41,0,0,1.5,3,,leave at gate
1766,115,2024-12-12,2024-12-21,,open,edi,normal,EUR,invoice,HH1,Stuttgart,Stuttgart,2809.83,0,0,0,6,,leave at gate
1767,242,2025-05-25,2025-06-01,2025-05-29,delivered,store,high,EUR,sepa,CGN1,Stuttgart,Stuttgart,627.98,80,4.9,2.9,8,,
1768,293,2024-04-23,2024-05-07,2024-05-07,delivered,web,normal,EUR,paypal,MUC2,Berlin,Berlin,919.9,15,4.9,1.5,8,PO-2025-01768,
1769,311,2025-09-25,2025-09-30,2025-09-28,delivered,web,high,USD,sepa,CGN1,München,München,419.72,0,4.9,0,8,PO-2026-01769,
1770,144,2024-01-18,2024-01-27,2024-01-25,delivered,web,high,EUR,sepa,CGN1,Köln,Köln,624.01,40,0,2.9,4,PO-2024-01770,
1771,246,2024-10-19,2024-11-01,2024-10-29,delivered,phone,normal,EUR,prepay,CGN1,Köln,Köln,1069.52,15,4.9,2.9,8,,leave at gate
1772,204,2024-06-20,2024-06-29,2024-06-29,delivered,phone,high,USD,card,CGN1,Leipzig,Leipzig,1743.52,25,4.9,2.9,9,,
1773,344,2024-11-03,2024-11-14,2024-11-14,delivered,edi,high,EUR,paypal,CGN1,Berlin,Berlin,3707.94,0,12.9,1.5,11,PO-2024-01773,call before delivery
1774,341,2024-01-07,2024-01-11,,open,edi,rush,CHF,prepay,CGN1,München,München,1520.93,25,4.9,1.5,9,PO-2025-01774,
1775,292,2025-08-25,2025-09-06,2025-09-04,delivered,store,rush,EUR,prepay,MUC2,Hamburg,Hamburg,302.14,25,0,0,2,PO-2026-01775,call before delivery
1776,999999,2026-07-18,2026-07-27,2026-07-27,delivered,store,normal,EUR,paypal,HH1,Berlin,Berlin,1554.57,15,0,2.9,6,PO-2024-01776,
1777,174,2024-01-13,2024-01-19,2024-01-17,delivered,store,high,EUR,paypal,CGN1,Leipzig,Leipzig,1071.77,0,0,2.9,1,PO-2025-01777,
1778,327,2026-02-11,2026-02-23,2026-02-23,delivered,store,rush,USD,prepay,HH1,Hamburg,Hamburg,1789.04,25,0,1.5,3,,
1779,215,2026-05-05,2026-05-07,2026-05-06,delivered,store,normal,CHF,sepa,BER3,Stuttgart,Stuttgart,2639.4,40,12.9,1.5,6,PO-2024-01779,call before delivery
1780,242,2024-04-29,2024-05-04,2024-05-03,delivered,phone,high,EUR,invoice,MUC2,Stuttgart,Stuttgart,2607.64,0,7.9,2.9,8,,
1781,44,2024-05-28,2024-06-08,2024-06-05,delivered,edi,high,USD,paypal,BER3,Berlin,Berlin,2822.06,80,7.9,2.9,5,PO-2026-01781,leave at gate
1782,32,2024-12-21,2025-01-01,2024-12-31,shipped,phone,high,USD,invoice,BER3,München,München,2174.4,15,4.9,2.9,10,PO-2024-01782,
1783,166,2025-02-19,2025-02-27,2025-02-26,delivered,web,normal,USD,prepay,BER3,Frankfurt,Frankfurt,1445.19,0,0,2.9,9,,
1784,214,2025-11-14,2025-11-18,2025-11-17,delivered,web,rush,EUR,sepa,BER3,Stuttgart,Stuttgart,1605.63,0,12.9,0,8,,call before delivery
1785,222,2025-02-04,2025-02-18,2025-02-16,delivered,web,normal,EUR,card,BER3,Stuttgart,Stuttgart,415.99,15,0,0,7,PO-2024-01785,
1786,304,2024-06-27,2024-07-01,2024-06-30,delivered,partner,rush,EUR,invoice,MUC2,Leipzig,Leipzig,1196.18,40,4.9,1.5,3,PO-2025-01786,
1787,250,2026-05-27,2026-06-08,2026-06-08,delivered,edi,high,EUR,invoice,HH1,Berlin,Berlin,1124.21,25,12.9,0,5,,
1788,16,2026-04-08,2026-04-13,2026-04-10,delivered,edi,high,CHF,card,HH1,Berlin,Berlin,2052.96,40,12.9,2.9,4,PO-2024-01788,call before delivery
1789,163,2024-12-10,2024-12-22,,open,edi,high,EUR,card,BER3,Frankfurt,Frankfurt,2792.09,80,0,0,2,PO-2025-01789,
1790,59,2025-11-06,2025-11-19,2025-11-17,shipped,store,rush,EUR,prepay,CGN1,Frankfurt,Frankfurt,621.59,25,4.9,2.9,10,,
1791,199,2024-09-13,2024-09-20,2024-09-19,delivered,partner,high,USD,prepay,HH1,Leipzig,Leipzig,2147.13,0,4.9,2.9,4,PO-2024-01791,
1792,93,2026-07-20,2026-07-31,,open,store,rush,CHF,paypal,CGN1,Stuttgart,Stuttgart,196.04,25,0,1.5,8,PO-2025-01792,
1793,208,2025-03-27,2025-03-30,2025-03-28,delivered,partner,normal,EUR,prepay,CGN1,München,München,853.48,0,4.9,2.9,5,,call before delivery
1794,147,2026-01-28,2026-02-10,2026-02-09,delivered,edi,rush,EUR,sepa,HH1,München,München,721.68,40,12.9,0,6,,
1795,340,2026-05-21,2026-05-31,2026-05-30,shipped,phone,normal,USD,sepa,MUC2,Frankfurt,Frankfurt,2395.54,25,12.9,2.9,11,PO-2025-01795,
1796,167,2024-03-30,2024-04-09,2024-04-07,shipped,phone,rush,EUR,prepay,BER3,Leipzig,Leipzig,1532.75,40,12.9,0,11,,leave at gate
1797,76,2024-01-30,2024-02-03,2024-02-03,delivered,edi,rush,CHF,paypal,BER3,Köln,Berlin,1625.67,0,0,0,10,PO-2024-01797,
1798,259,2024-08-16,2024-08-24,2024-08-21,shipped,web,rush,EUR,prepay,HH1,Berlin,Berlin,646.86,0,12.9,1.5,4,,call before delivery
1799,168,2026-05-09,2026-05-11,2026-05-09,delivered,partner,rush,CHF,card,MUC2,Frankfurt,Frankfurt,476.69,40,12.9,2.9,3,PO-2026-01799,
1800,201,2024-10-04,2024-10-18,,cancelled,partner,rush,USD,invoice,HH1,Köln,Köln,2295.05,80,4.9,0,4,PO-2024-01800,
1801,344,2026-03-31,2026-04-06,2026-04-03,shipped,edi,normal,EUR,prepay,CGN1,Berlin,Berlin,1703.79,40,4.9,1.5,11,PO-2025-01801,
1802,228,2024-05-05,2024-05-07,2024-05-07,delivered,edi,normal,EUR,paypal,MUC2,München,München,937.3,80,0,0,7,,call before delivery
1803,132,2025-10-07,2025-10-18,2025-10-18,delivered,edi,high,EUR,card,HH1,Berlin,Berlin,500.08,0,12.9,0,6,PO-2024-01803,leave at gate
1804,304,2024-08-12,2024-08-16,2024-08-14,shipped,phone,high,EUR,invoice,HH1,Leipzig,Stuttgart,1003.75,0,7.9,1.5,3,,
1805,175,2026-05-30,2026-06-03,2026-06-01,delivered,edi,rush,USD,prepay,HH1,Stuttgart,Stuttgart,950.2,0,7.9,0,5,PO-2026-01805,
1806,314,2025-12-27,2025-12-29,2025-12-26,delivered,phone,high,EUR,card,CGN1,Stuttgart,Stuttgart,2314.18,80,12.9,2.9,6,PO-2024-01806,leave at gate
1807,309,2025-04-17,2025-04-27,2025-04-26,shipped,store,normal,EUR,prepay,MUC2,München,München,2023.41,0,0,0,9,,leave at gate
1808,100,2025-01-29,2025-02-01,2025-01-30,delivered,partner,normal,USD,sepa,HH1,Köln,Köln,925.12,0,0,2.9,6,,
1809,258,2024-09-17,2024-09-26,2024-09-26,delivered,edi,normal,USD,prepay,MUC2,Köln,Köln,869.72,80,12.9,2.9,7,,
1810,307,2025-03-30,2025-04-04,2025-04-04,delivered,phone,rush,EUR,paypal,BER3,Berlin,Berlin,1524.09,0,7.9,0,8,PO-2025-01810,
1811,350,2025-04-28,2025-05-01,2025-04-30,delivered,store,high,USD,paypal,BER3,Frankfurt,Leipzig,1102.23,25,7.9,2.9,1,PO-2026-01811,call before delivery
1812,264,2024-12-30,2025-01-06,2025-01-05,delivered,store,normal,EUR,prepay,CGN1,Frankfurt,Frankfurt,618.78,15,7.9,0,8,,
1813,252,2025-05-02,2025-05-11,2025-05-08,delivered,partner,rush,CHF,invoice,CGN1,München,München,558.94,25,0,1.5,1,PO-2025-01813,
1814,315,2024-07-26,2024-08-03,2024-08-01,delivered,web,normal,CHF,sepa,BER3,Köln,Köln,1576.25,0,4.9,1.5,10,,call before delivery
1815,204,2025-01-20,2025-01-26,2025-01-24,shipped,phone,high,EUR,paypal,HH1,Leipzig,Leipzig,1678.25,0,4.9,0,9,PO-2024-01815,call before delivery
1816,307,2025-10-15,2025-10-21,2025-10-20,shipped,store,normal,CHF,invoice,BER3,Berlin,Berlin,1090.81,0,4.9,0,8,,leave at gate
1817,270,2026-01-23,2026-01-25,2026-01-24,shipped,edi,high,EUR,paypal,BER3,Köln,Köln,758.11,0,4.9,2.9,3,,leave at gate
1818,333,2026-06-07,2026-06-10,2026-06-09,shipped,phone,normal,USD,invoice,BER3,Frankfurt,Frankfurt,1615.63,0,4.9,1.5,2,PO-2024-01818,call before delivery
1819,52,2026-07-22,2026-08-01,2026-07-31,delivered,partner,normal,EUR,sepa,HH1,Hamburg,Hamburg,943.73,25,7.9,0,4,PO-2025-01819,
1820,113,2024-09-15,2024-09-21,2024-09-18,shipped,edi,rush,EUR,paypal,HH1,Hamburg,Hamburg,2161.59,25,7.9,0,9,,leave at gate
1821,50,2024-07-18,2024-07-22,2024-07-19,shipped,edi,high,CHF,sepa,MUC2,München,München,1105.87,25,0,2.9,5,PO-2024-01821,
1822,336,2024-06-23,2024-07-02,2024-07-01,delivered,store,normal,EUR,paypal,MUC2,Köln,Köln,689.24,0,7.9,2.9,5,,call before delivery
1823,56,2025-04-25,2025-04-30,2025-04-27,shipped,partner,normal,USD,sepa,BER3,Stuttgart,Stuttgart,1029.28,0,0,0,3,PO-2026-01823,
1824,136,2024-09-17,2024-09-19,2024-09-19,delivered,store,rush,EUR,paypal,BER3,Hamburg,Hamburg,1486.92,0,4.9,0,2,,
1825,214,2026-05-07,2026-05-18,2026-05-15,delivered,phone,normal,USD,sepa,HH1,Stuttgart,Stuttgart,917.69,0,7.9,2.9,8,PO-2025-01825,
1826,305,2025-03-13,2025-03-17,,open,store,normal,EUR,paypal,HH1,Frankfurt,Frankfurt,1534.38,40,0,0,12,PO-2026-01826,call before delivery
1827,58,2026-07-19,2026-07-22,2026-07-22,delivered,store,rush,CHF,prepay,CGN1,Frankfurt,Frankfurt,1622.0,0,7.9,1.5,1,PO-2024-01827,
1828,80,2026-07-19,2026-07-24,,open,edi,normal,EUR,sepa,CGN1,Frankfurt,Frankfurt,1764.39,0,7.9,0,8,PO-2025-01828,
1829,8,2025-12-04,2025-12-09,2025-12-09,delivered,partner,normal,CHF,paypal,BER3,Leipzig,Leipzig,683.55,25,0,0,8,PO-2026-01829,
1830,111,2026-03-05,2026-03-12,2026-03-10,shipped,web,normal,USD,prepay,MUC2,Köln,Köln,510.85,15,12.9,1.5,2,,
1831,100,2025-06-03,2025-06-05,,cancelled,edi,high,EUR,invoice,BER3,Köln,Stuttgart,1900.33,0,7.9,0,6,PO-2025-01831,
1832,251,2024-06-19,2024-07-02,2024-07-01,delivered,phone,high,USD,invoice,MUC2,Köln,Köln,2052.07,25,0,2.9,4,PO-2026-01832,
1833,93,2025-05-13,2025-05-23,2025-05-21,shipped,partner,normal,EUR,paypal,BER3,Stuttgart,Stuttgart,925.3,0,4.9,0,8,PO-2024-01833,call before delivery
1834,327,2026-02-14,2026-02-24,2026-02-21,delivered,partner,normal,EUR,prepay,BER3,Hamburg,Hamburg,1739.89,0,4.9,0,3,,
1835,11,2024-12-06,2024-12-13,,cancelled,edi,normal,EUR,invoice,MUC2,Frankfurt,Berlin,673.65,15,12.9,0,10,PO-2026-01835,
1836,61,2024-09-04,2024-09-13,2024-09-13,shipped,store,high,EUR,invoice,MUC2,Hamburg,Hamburg,596.97,0,0,0,6,PO-2024-01836,call before delivery
1837,307,2025-02-09,2025-02-23,2025-02-21,delivered,edi,rush,CHF,paypal,HH1,Berlin,Berlin,1843.89,0,12.9,1.5,8,PO-2025-01837,leave at gate
1838,171,2026-05-21,2026-05-31,2026-05-31,delivered,edi,normal,EUR,paypal,MUC2,Leipzig,Leipzig,2621.97,0,4.9,0,2,PO-2026-01838,
1839,341,2025-10-02,2025-10-10,2025-10-10,shipped,phone,rush,USD,sepa,BER3,München,Köln,3173.97,0,7.9,0,9,PO-2024-01839,leave at gate
1840,170,2025-07-26,2025-08-03,2025-07-31,delivered,edi,normal,CHF,sepa,MUC2,Hamburg,Hamburg,711.62,0,12.9,0,12,,
1841,138,2025-05-14,2025-05-19,2025-05-17,delivered,phone,high,EUR,paypal,HH1,Berlin,Berlin,450.18,0,4.9,0,1,PO-2026-01841,call before delivery
1842,326,2026-05-06,2026-05-12,2026-05-09,delivered,partner,rush,EUR,sepa,BER3,Stuttgart,Stuttgart,2285.23,0,0,0,9,,leave at gate
1843,19,2024-10-09,2024-10-19,2024-10-19,delivered,edi,high,EUR,paypal,CGN1,Hamburg,Hamburg,1402.78,0,12.9,2.9,11,,
1844,52,2026-03-09,2026-03-18,2026-03-17,delivered,store,normal,EUR,prepay,HH1,Hamburg,Hamburg,190.3,15,0,1.5,2,,leave at gate
1845,184,2025-03-15,2025-03-28,2025-03-27,delivered,web,rush,CHF,invoice,BER3,Berlin,Stuttgart,1218.66,0,0,2.9,6,,leave at gate
1846,270,2024-07-04,2024-07-10,2024-07-08,shipped,store,rush,CHF,invoice,MUC2,Köln,Köln,2615.21,0,0,0,3,,
1847,37,2025-07-20,2025-08-03,,cancelled,edi,high,EUR,sepa,HH1,Berlin,Berlin,726.07,0,4.9,2.9,6,PO-2026-01847,call before delivery
1848,206,2025-11-24,2025-12-07,,cancelled,phone,normal,EUR,card,BER3,München,München,2730.66,25,4.9,2.9,11,PO-2024-01848,call before delivery
1849,237,2025-05-20,2025-05-30,,open,web,high,EUR,invoice,HH1,Köln,Köln,472.53,40,7.9,1.5,4,,
1850,218,2025-02-24,2025-03-02,,open,web,rush,USD,paypal,MUC2,Stuttgart,Stuttgart,891.23,0,0,2.9,9,,
1851,292,2025-11-08,2025-11-13,2025-11-11,delivered,partner,rush,USD,prepay,MUC2,Hamburg,Köln,2698.35,15,4.9,2.9,2,PO-2024-01851,leave at gate
1852,241,2025-02-21,2025-03-03,2025-02-28,delivered,edi,normal,CHF,invoice,HH1,Berlin,Berlin,503.54,15,12.9,1.5,6,PO-2025-01852,
1853,347,2024-02-26,2024-03-07,2024-03-05,delivered,phone,rush,EUR,invoice,BER3,Berlin,Berlin,241.62,80,12.9,0,1,PO-2026-01853,
1854,85,2024-12-24,2024-12-29,2024-12-29,delivered,store,rush,CHF,paypal,CGN1,Frankfurt,Frankfurt,1326.19,0,7.9,0,5,,
1855,84,2026-06-21,2026-06-29,2026-06-28,delivered,partner,normal,CHF,sepa,MUC2,Stuttgart,Berlin,3718.25,80,0,2.9,3,PO-2025-01855,
1856,120,2025-06-08,2025-06-12,2025-06-11,delivered,store,normal,EUR,sepa,CGN1,Stuttgart,Stuttgart,1725.46,40,12.9,2.9,3,PO-2026-01856,
1857,187,2025-06-06,2025-06-14,2025-06-14,delivered,partner,rush,CHF,prepay,MUC2,Hamburg,Hamburg,1699.27,80,4.9,1.5,10,,leave at gate
1858,231,2025-12-11,2025-12-19,2025-12-19,delivered,phone,high,EUR,prepay,BER3,Köln,Köln,1569.43,25,0,0,2,,
1859,31,2026-04-15,2026-04-22,2026-04-20,delivered,web,high,EUR,card,CGN1,München,München,2250.83,80,12.9,2.9,3,,
1860,241,2025-08-01,2025-08-10,2025-08-10,shipped,partner,normal,EUR,prepay,HH1,Berlin,Berlin,1732.51,0,12.9,0,4,PO-2024-01860,
1861,259,2026-05-27,2026-06-03,2026-06-01,delivered,phone,rush,EUR,sepa,HH1,Berlin,Berlin,1855.87,40,7.9,1.5,4,PO-2025-01861,call before delivery
1862,289,2024-01-09,2024-01-19,2024-01-16,delivered,partner,high,EUR,card,MUC2,Berlin,Berlin,924.71,25,0,2.9,12,,leave at gate
1863,186,2025-07-28,2025-08-05,2025-08-05,delivered,web,rush,EUR,sepa,CGN1,Leipzig,Leipzig,1731.93,40,4.9,1.5,11,PO-2024-01863,leave at gate
1864,214,2024-03-18,2024-03-21,2024-03-20,delivered,store,normal,EUR,sepa,CGN1,Stuttgart,Stuttgart,1125.84,15,7.9,0,8,PO-2025-01864,
1865,287,2025-03-09,2025-03-17,2025-03-15,delivered,store,normal,EUR,card,BER3,Frankfurt,Frankfurt,1025.18,15,12.9,0,2,PO-2026-01865,
1866,150,2026-07-13,2026-07-19,2026-07-19,delivered,phone,rush,EUR,prepay,CGN1,Köln,Köln,2623.82,0,0,0,3,,call before delivery
1867,176,2025-07-21,2025-07-31,2025-07-31,delivered,store,normal,EUR,invoice,HH1,Berlin,Berlin,849.99,0,4.9,2.9,12,PO-2025-01867,
1868,295,2024-02-12,2024-02-25,2024-02-25,delivered,partner,normal,USD,invoice,HH1,Stuttgart,Stuttgart,266.52,0,4.9,1.5,12,PO-2026-01868,leave at gate
1869,347,2025-08-27,2025-08-30,,open,store,rush,USD,sepa,BER3,Berlin,Berlin,241.86,0,4.9,0,1,PO-2024-01869,
1870,170,2026-07-16,2026-07-26,2026-07-26,delivered,phone,high,USD,prepay,MUC2,Hamburg,Hamburg,702.65,40,7.9,0,12,PO-2025-01870,leave at gate
1871,154,2025-09-28,2025-10-02,2025-09-29,delivered,web,normal,EUR,card,MUC2,Berlin,Berlin,1336.16,15,7.9,0,6,,leave at gate
1872,209,2025-05-22,2025-05-31,2025-05-31,delivered,phone,normal,EUR,prepay,CGN1,Berlin,Berlin,2059.29,40,12.9,1.5,11,PO-2024-01872,leave at gate
1873,55,2025-02-11,2025-02-16,2025-02-15,shipped,phone,normal,EUR,paypal,MUC2,Frankfurt,Leipzig,2090.33,40,4.9,1.5,4,,leave at gate
1874,52,2026-07-27,2026-08-05,2026-08-03,shipped,partner,rush,EUR,prepay,HH1,Hamburg,Hamburg,1218.33,0,7.9,1.5,9,PO-2026-01874,
1875,19,2025-06-14,2025-06-24,2025-06-22,shipped,edi,normal,USD,card,HH1,Hamburg,Hamburg,2057.95,15,4.9,2.9,11,PO-2024-01875,leave at gate
1876,99,2025-01-14,2025-01-27,2025-01-26,delivered,phone,normal,CHF,prepay,MUC2,Berlin,Berlin,447.16,0,12.9,2.9,12,PO-2025-01876,call before delivery
1877,146,2024-05-05,2024-05-15,2024-05-15,delivered,phone,normal,USD,invoice,HH1,Hamburg,Berlin,298.02,25,7.9,2.9,12,PO-2026-01877,
1878,328,2024-10-30,2024-11-05,2024-11-02,delivered,phone,high,EUR,sepa,HH1,Stuttgart,Frankfurt,3583.48,0,12.9,1.5,5,,
1879,16,2026-01-30,2026-02-08,2026-02-08,shipped,store,rush,CHF,sepa,BER3,Berlin,Berlin,1992.85,0,12.9,2.9,4,,
1880,53,2024-03-22,2024-03-27,2024-03-24,delivered,edi,normal,CHF,invoice,HH1,Berlin,Berlin,1557.99,0,4.9,1.5,9,PO-2026-01880,leave at gate
1881,205,2025-10-21,2025-10-28,2025-10-27,shipped,edi,normal,USD,card,MUC2,Frankfurt,Frankfurt,1340.23,15,4.9,0,1,PO-2024-01881,leave at gate
1882,100,2025-04-11,2025-04-14,2025-04-12,delivered,phone,normal,EUR,sepa,CGN1,Köln,Köln,886.12,25,0,0,6,PO-2025-01882,leave at gate
1883,131,2025-08-19,2025-09-02,2025-09-02,delivered,partner,rush,EUR,prepay,MUC2,Frankfurt,Frankfurt,2103.61,80,7.9,0,6,PO-2026-01883,call before delivery
1884,277,2024-02-27,2024-03-03,2024-03-02,delivered,web,normal,EUR,sepa,BER3,Stuttgart,Stuttgart,880.69,0,4.9,1.5,12,PO-2024-01884,leave at gate
1885,170,2025-02-25,2025-03-02,2025-02-27,delivered,web,normal,USD,sepa,CGN1,Hamburg,Hamburg,1525.26,80,0,2.9,12,PO-2025-01885,
1886,36,2024-04-27,2024-05-09,2024-05-07,delivered,web,normal,USD,sepa,BER3,Berlin,Berlin,1143.16,80,4.9,0,1,PO-2026-01886,leave at gate
1887,109,2025-06-01,2025-06-13,2025-06-10,delivered,edi,normal,CHF,prepay,MUC2,Stuttgart,Stuttgart,711.58,25,7.9,2.9,5,,
1888,342,2024-03-04,2024-03-16,,open,store,normal,CHF,card,CGN1,Berlin,Berlin,568.71,15,4.9,2.9,2,PO-2025-01888,call before delivery
1889,340,2026-02-24,2026-03-08,2026-03-08,delivered,edi,normal,EUR,sepa,CGN1,Frankfurt,Frankfurt,2519.76,40,12.9,0,11,PO-2026-01889,
1890,96,2025-05-10,2025-05-17,2025-05-16,delivered,edi,high,USD,card,HH1,Köln,Köln,1011.54,15,12.9,2.9,2,PO-2024-01890,
1891,84,2026-01-30,2026-02-13,2026-02-12,delivered,partner,normal,CHF,paypal,CGN1,Stuttgart,Stuttgart,1380.26,0,7.9,0,3,,leave at gate
1892,144,2026-07-13,2026-07-20,2026-07-20,delivered,phone,normal,EUR,sepa,BER3,Köln,Köln,338.56,40,7.9,2.9,4,PO-2026-01892,leave at gate
1893,41,2025-10-06,2025-10-18,2025-10-18,delivered,store,high,CHF,paypal,BER3,Stuttgart,Stuttgart,1810.14,0,12.9,0,7,PO-2024-01893,call before delivery
1894,49,2025-04-15,2025-04-23,2025-04-20,shipped,edi,normal,EUR,card,MUC2,München,München,927.25,15,4.9,1.5,8,PO-2025-01894,call before delivery
1895,214,2024-11-29,2024-12-06,2024-12-06,delivered,store,normal,EUR,paypal,MUC2,Stuttgart,Stuttgart,1489.32,40,12.9,0,8,PO-2026-01895,call before delivery
1896,228,2024-10-01,2024-10-04,,cancelled,partner,normal,CHF,card,HH1,München,München,1101.11,0,4.9,2.9,7,PO-2024-01896,leave at gate
1897,174,2024-09-18,2024-09-30,2024-09-28,shipped,store,rush,EUR,invoice,HH1,Leipzig,Leipzig,1047.52,0,7.9,0,1,PO-2025-01897,
1898,65,2026-03-22,2026-03-24,,cancelled,store,rush,EUR,sepa,HH1,München,München,1642.21,0,12.9,1.5,12,,call before delivery
1899,109,2026-06-13,2026-06-17,2026-06-14,delivered,phone,high,USD,prepay,BER3,Stuttgart,Stuttgart,1474.31,0,12.9,1.5,5,PO-2024-01899,
1900,174,2025-06-13,2025-06-17,2025-06-14,delivered,edi,normal,EUR,sepa,MUC2,Leipzig,Berlin,1631.16,0,12.9,0,1,PO-2025-01900,
1901,125,2026-03-05,2026-03-14,2026-03-12,delivered,store,normal,EUR,invoice,MUC2,Frankfurt,Frankfurt,990.54,0,12.9,0,2,PO-2026-01901,call before delivery
1902,261,2024-09-03,2024-09-16,2024-09-14,shipped,web,high,CHF,invoice,BER3,Frankfurt,Frankfurt,1902.16,0,7.9,0,4,,call before delivery
1903,85,2024-06-07,2024-06-19,2024-06-19,shipped,store,normal,EUR,card,MUC2,Frankfurt,Frankfurt,937.03,0,7.9,2.9,5,,
1904,128,2026-03-27,2026-04-03,2026-04-02,shipped,partner,rush,EUR,paypal,MUC2,Köln,Köln,935.13,80,12.9,0,7,,leave at gate
1905,160,2025-11-23,2025-12-07,2025-12-07,delivered,web,high,EUR,prepay,HH1,Köln,Berlin,1477.54,0,4.9,0,3,PO-2024-01905,call before delivery
1906,207,2026-02-07,2026-02-17,,open,web,normal,EUR,prepay,BER3,Leipzig,Leipzig,2405.85,0,0,1.5,11,PO-2025-01906,call before delivery
1907,253,2024-03-22,2024-03-30,2024-03-28,delivered,store,high,EUR,card,MUC2,München,München,706.41,40,12.9,0,8,PO-2026-01907,call before delivery
1908,240,2024-08-22,2024-08-26,2024-08-26,shipped,edi,normal,EUR,invoice,MUC2,München,München,546.56,0,4.9,2.9,11,PO-2024-01908,leave at gate
1909,184,2024-02-21,2024-03-04,2024-03-04,delivered,partner,rush,EUR,paypal,HH1,Berlin,Berlin,657.45,15,0,1.5,6,,leave at gate
1910,41,2024-10-03,2024-10-11,2024-10-11,delivered,edi,high,USD,invoice,HH1,Stuttgart,Stuttgart,1208.98,80,4.9,2.9,7,PO-2026-01910,
1911,215,2024-07-28,2024-08-07,2024-08-05,delivered,partner,rush,EUR,card,HH1,Stuttgart,Stuttgart,406.52,25,12.9,1.5,6,,call before delivery
1912,153,2026-03-22,2026-04-02,2026-03-31,delivered,phone,high,CHF,sepa,BER3,Berlin,Berlin,196.89,0,12.9,0,12,PO-2025-01912,leave at gate
1913,43,2024-05-25,2024-06-02,2024-06-02,shipped,edi,normal,USD,prepay,BER3,München,München,1100.14,80,12.9,1.5,8,PO-2026-01913,
1914,104,2026-04-13,2026-04-24,2026-04-24,delivered,partner,high,EUR,invoice,BER3,Köln,Köln,1777.79,0,0,1.5,5,PO-2024-01914,call before delivery
1915,189,2026-01-16,2026-01-22,2026-01-19,delivered,phone,rush,EUR,card,MUC2,Leipzig,Leipzig,1120.17,15,7.9,0,12,PO-2025-01915,
1916,239,2024-12-10,2024-12-17,2024-12-17,shipped,edi,rush,EUR,prepay,MUC2,Hamburg,Hamburg,2777.59,0,7.9,2.9,3,PO-2026-01916,leave at gate
1917,304,2025-05-16,2025-05-30,2025-05-27,delivered,phone,rush,CHF,card,HH1,Leipzig,Leipzig,90.67,25,12.9,0,3,PO-2024-01917,
1918,299,2026-01-12,2026-01-23,2026-01-20,shipped,edi,rush,USD,sepa,CGN1,Köln,Frankfurt,249.91,40,12.9,0,4,,
1919,171,2024-10-11,2024-10-15,,cancelled,edi,normal,EUR,invoice,BER3,Leipzig,Leipzig,1081.08,80,4.9,2.9,2,,
1920,80,2025-04-04,2025-04-11,2025-04-09,delivered,web,high,CHF,paypal,HH1,Frankfurt,Frankfurt,1148.39,40,4.9,0,8,PO-2024-01920,
1921,257,2024-06-17,2024-06-27,2024-06-25,shipped,web,rush,EUR,sepa,MUC2,Frankfurt,Frankfurt,1009.42,0,12.9,0,9,,call before delivery
1922,231,2024-12-12,2024-12-14,2024-12-11,delivered,web,high,EUR,card,HH1,Köln,Köln,2053.85,40,4.9,1.5,2,PO-2026-01922,
1923,110,2024-09-30,2024-10-04,2024-10-01,shipped,edi,high,EUR,paypal,MUC2,München,München,2268.98,0,12.9,0,8,,
1924,128,2025-04-29,2025-05-09,2025-05-07,shipped,edi,normal,EUR,paypal,CGN1,Köln,Köln,516.32,40,4.9,0,7,PO-2025-01924,leave at gate
1925,300,2024-05-06,2024-05-18,2024-05-15,delivered,web,rush,CHF,paypal,CGN1,Berlin,Köln,1515.24,40,12.9,1.5,3,,leave at gate
1926,,2024-10-24,2024-10-31,2024-10-31,shipped,partner,normal,EUR,sepa,HH1,Leipzig,Leipzig,403.5,80,12.9,0,1,PO-2024-01926,call before delivery
1927,306,2025-04-03,2025-04-15,2025-04-14,shipped,web,normal,EUR,sepa,HH1,Köln,Köln,833.39,15,7.9,2.9,8,PO-2025-01927,call before delivery
1928,220,2025-01-11,2025-01-19,,cancelled,web,normal,CHF,invoice,HH1,Leipzig,Leipzig,1845.99,0,0,2.9,11,PO-2026-01928,leave at gate
1929,,2024-08-24,2024-08-26,2024-08-26,delivered,web,high,EUR,prepay,CGN1,Köln,Köln,2388.43,15,12.9,1.5,11,,
1930,278,2024-01-24,2024-02-04,2024-02-02,delivered,edi,normal,EUR,paypal,CGN1,Leipzig,Leipzig,491.15,0,12.9,1.5,11,,
1931,129,2026-03-18,2026-03-27,2026-03-26,delivered,phone,high,EUR,sepa,HH1,Berlin,Berlin,1380.3,0,12.9,1.5,4,PO-2026-01931,
1932,36,2026-03-12,2026-03-24,2026-03-21,delivered,store,normal,USD,invoice,HH1,Berlin,Berlin,1571.49,0,7.9,1.5,1,PO-2024-01932,
1933,318,2024-01-19,2024-01-26,2024-01-26,shipped,partner,normal,USD,paypal,HH1,Berlin,Berlin,569.46,40,12.9,0,12,PO-2025-01933,leave at gate
1934,289,2026-04-24,2026-05-04,,open,edi,normal,EUR,invoice,MUC2,Berlin,Stuttgart,1513.61,0,12.9,2.9,12,PO-2026-01934,
1935,320,2024-04-08,2024-04-16,2024-04-13,delivered,phone,high,CHF,card,HH1,Hamburg,Hamburg,822.56,15,7.9,1.5,2,PO-2024-01935,leave at gate
1936,256,2025-02-16,2025-02-25,2025-02-23,delivered,store,high,EUR,invoice,HH1,Hamburg,Hamburg,1954.83,0,4.9,1.5,7,,leave at gate
1937,132,2025-10-29,2025-10-31,2025-10-29,shipped,phone,rush,EUR,sepa,CGN1,Berlin,Berlin,2003.48,80,0,2.9,6,,call before delivery
1938,151,2024-05-14,2024-05-21,2024-05-20,delivered,edi,rush,USD,sepa,CGN1,Frankfurt,Frankfurt,899.24,40,7.9,1.5,6,,
1939,271,2025-07-25,2025-07-27,,open,edi,normal,USD,card,BER3,München,München,1305.86,80,12.9,0,1,PO-2025-01939,call before delivery
1940,183,2026-07-09,2026-07-15,2026-07-15,shipped,partner,rush,EUR,sepa,HH1,München,München,1648.66,40,0,2.9,5,PO-2026-01940,
1941,106,2024-10-16,2024-10-20,2024-10-17,shipped,phone,normal,EUR,prepay,CGN1,Leipzig,Frankfurt,1008.37,40,0,0,3,,call before delivery
1942,24,2024-10-21,2024-10-30,2024-10-28,delivered,web,high,CHF,prepay,HH1,Hamburg,Hamburg,1540.32,0,7.9,0,10,PO-2025-01942,
1943,255,2024-06-09,2024-06-11,2024-06-10,delivered,edi,normal,CHF,prepay,HH1,Stuttgart,Stuttgart,904.72,0,4.9,1.5,12,PO-2026-01943,leave at gate
1944,264,2024-09-10,2024-09-23,2024-09-20,shipped,store,high,CHF,prepay,CGN1,Frankfurt,Frankfurt,1525.98,0,12.9,2.9,8,PO-2024-01944,
1945,171,2026-02-19,2026-03-02,2026-02-28,delivered,partner,normal,EUR,card,BER3,Leipzig,Leipzig,797.15,80,7.9,0,2,,leave at gate
1946,237,2025-02-22,2025-03-02,2025-02-27,delivered,store,normal,EUR,invoice,MUC2,Köln,Köln,1149.66,0,7.9,0,4,PO-2026-01946,
1947,281,2025-04-05,2025-04-15,2025-04-14,delivered,phone,normal,EUR,sepa,HH1,Köln,Köln,1737.59,15,0,0,4,PO-2024-01947,leave at gate
1948,6,2024-06-10,2024-06-20,2024-06-18,shipped,phone,normal,EUR,sepa,CGN1,Leipzig,Leipzig,1684.34,0,0,0,11,,
1949,315,2026-07-19,2026-07-30,2026-07-30,shipped,web,rush,CHF,invoice,BER3,Köln,Köln,4162.11,15,0,1.5,10,PO-2026-01949,leave at gate
1950,170,2025-02-10,2025-02-19,,open,edi,normal,EUR,sepa,HH1,Hamburg,Hamburg,146.64,0,4.9,1.5,12,,
1951,249,2025-10-18,2025-10-26,2025-10-25,shipped,web,normal,USD,sepa,HH1,Stuttgart,Stuttgart,2114.29,0,7.9,0,4,,leave at gate
1952,10,2025-02-08,2025-02-20,2025-02-18,shipped,phone,rush,USD,paypal,BER3,Berlin,Hamburg,355.74,0,0,2.9,6,,
1953,50,2026-02-20,2026-02-22,2026-02-19,delivered,phone,rush,EUR,invoice,BER3,München,München,227.18,0,0,1.5,5,PO-2024-01953,
1954,108,2025-09-25,2025-10-02,,open,store,normal,CHF,invoice,BER3,Hamburg,Hamburg,693.57,0,0,0,1,PO-2025-01954,call before delivery
1955,298,2026-04-25,2026-04-29,2026-04-26,delivered,phone,normal,EUR,card,MUC2,Hamburg,Hamburg,1252.42,0,0,0,3,,
1956,266,2025-11-17,2025-11-20,2025-11-18,delivered,edi,normal,USD,sepa,BER3,München,München,1243.44,25,7.9,0,1,PO-2024-01956,
1957,294,2025-07-03,2025-07-05,2025-07-02,delivered,edi,normal,EUR,paypal,MUC2,Köln,Köln,1508.0,15,12.9,0,4,,
1958,207,2025-01-03,2025-01-13,,cancelled,phone,rush,EUR,invoice,HH1,Leipzig,Berlin,256.89,0,7.9,1.5,11,,
1959,30,2026-01-19,2026-02-02,2026-02-01,shipped,partner,normal,EUR,card,MUC2,Frankfurt,Frankfurt,701.14,0,0,0,6,,leave at gate
1960,64,2024-02-19,2024-02-26,2024-02-25,shipped,web,rush,EUR,card,BER3,Köln,Köln,1420.92,0,4.9,0,8,,
1961,160,2024-05-13,2024-05-21,2024-05-21,delivered,partner,normal,USD,card,MUC2,Köln,Köln,1763.41,0,4.9,0,3,PO-2026-01961,
1962,66,2025-09-08,2025-09-15,2025-09-15,delivered,edi,high,EUR,prepay,HH1,Stuttgart,Stuttgart,2442.92,80,7.9,0,9,,
1963,194,2025-02-26,2025-03-12,2025-03-09,delivered,phone,high,USD,sepa,HH1,Berlin,Berlin,1257.58,0,7.9,0,12,PO-2025-01963,call before delivery
1964,999999,2024-09-02,2024-09-05,2024-09-05,delivered,store,rush,EUR,paypal,HH1,Hamburg,Hamburg,756.14,0,12.9,2.9,4,,
1965,260,2025-03-26,2025-04-04,2025-04-04,delivered,store,high,EUR,card,MUC2,München,München,415.16,15,0,1.5,12,,leave at gate
1966,206,2024-06-16,2024-06-29,2024-06-28,delivered,web,rush,EUR,sepa,HH1,München,München,1086.97,80,0,2.9,11,PO-2025-01966,call before delivery
1967,171,2025-12-19,2025-12-28,2025-12-27,delivered,web,normal,CHF,invoice,BER3,Leipzig,Leipzig,2651.04,25,7.9,2.9,2,PO-2026-01967,
1968,236,2025-09-03,2025-09-12,2025-09-12,delivered,phone,high,EUR,invoice,HH1,Frankfurt,Berlin,365.1,25,0,1.5,2,,
1969,229,2024-04-16,2024-04-25,2024-04-24,shipped,edi,normal,EUR,prepay,HH1,Berlin,Berlin,1870.4,0,0,0,9,PO-2025-01969,
1970,274,2025-08-24,2025-08-26,2025-08-26,delivered,edi,normal,EUR,sepa,MUC2,Köln,Köln,343.52,40,7.9,0,6,,leave at gate
1971,81,2026-05-22,2026-06-05,2026-06-04,shipped,partner,normal,EUR,sepa,BER3,Köln,Köln,1004.32,15,4.9,1.5,9,PO-2024-01971,leave at gate
1972,78,2024-10-08,2024-10-20,2024-10-17,delivered,partner,normal,EUR,invoice,BER3,Stuttgart,Köln,1899.59,0,4.9,0,8,PO-2025-01972,
1973,350,2026-04-08,2026-04-14,2026-04-11,delivered,store,high,EUR,invoice,BER3,Frankfurt,Frankfurt,766.54,25,4.9,0,1,PO-2026-01973,
1974,133,2024-04-10,2024-04-18,,cancelled,web,high,EUR,invoice,HH1,Stuttgart,Stuttgart,1333.05,15,7.9,0,3,PO-2024-01974,
1975,170,2025-10-18,2025-10-27,2025-10-27,delivered,store,rush,USD,sepa,BER3,Hamburg,Hamburg,874.66,0,0,0,12,PO-2025-01975,
1976,158,2024-04-19,2024-04-25,2024-04-22,delivered,phone,normal,EUR,card,CGN1,Leipzig,Frankfurt,2189.7,15,7.9,2.9,9,,leave at gate
1977,278,2024-02-05,2024-02-10,2024-02-10,shipped,store,high,EUR,sepa,HH1,Leipzig,Leipzig,1955.19,25,4.9,1.5,11,PO-2024-01977,
1978,64,2025-06-14,2025-06-27,2025-06-25,delivered,phone,normal,EUR,sepa,HH1,Köln,Köln,1701.65,80,7.9,0,8,PO-2025-01978,
1979,307,2024-09-30,2024-10-05,2024-10-04,delivered,partner,normal,CHF,invoice,HH1,Berlin,Berlin,1434.2,40,0,2.9,8,,
1980,226,2024-06-30,2024-07-10,2024-07-09,delivered,web,normal,EUR,invoice,BER3,Leipzig,Köln,3328.88,0,0,2.9,9,,
1981,87,2024-08-02,2024-08-11,2024-08-10,shipped,partner,normal,EUR,prepay,CGN1,Frankfurt,Berlin,1541.63,25,12.9,2.9,11,PO-2025-01981,
1982,64,2024-09-24,2024-09-29,2024-09-28,shipped,phone,high,CHF,card,BER3,Köln,München,2763.65,0,12.9,2.9,8,,
1983,182,2026-01-09,2026-01-20,2026-01-19,shipped,store,high,EUR,sepa,BER3,Frankfurt,Frankfurt,1695.85,0,0,2.9,8,,call before delivery
1984,27,2026-05-30,2026-06-11,2026-06-11,delivered,edi,high,EUR,prepay,BER3,Köln,Köln,2755.0,0,7.9,0,10,,
1985,101,2025-05-15,2025-05-25,2025-05-25,shipped,store,normal,EUR,prepay,MUC2,Köln,Köln,484.56,80,4.9,0,7,PO-2026-01985,
1986,40,2024-09-02,2024-09-07,2024-09-05,delivered,web,normal,EUR,paypal,CGN1,München,Frankfurt,678.16,0,12.9,1.5,1,,call before delivery
1987,57,2024-06-23,2024-06-27,2024-06-27,shipped,edi,rush,EUR,prepay,CGN1,Frankfurt,Frankfurt,2249.42,0,4.9,0,8,,
1988,335,2024-11-07,2024-11-09,2024-11-07,shipped,edi,rush,USD,card,BER3,Hamburg,Hamburg,411.35,0,4.9,2.9,12,PO-2026-01988,
1989,322,2024-07-09,2024-07-12,2024-07-10,shipped,web,normal,EUR,paypal,CGN1,Berlin,Berlin,1557.72,0,4.9,2.9,3,,
1990,111,2025-03-30,2025-04-02,2025-04-01,delivered,phone,rush,EUR,sepa,CGN1,Köln,Köln,1953.01,80,4.9,0,2,PO-2025-01990,call before delivery
1991,16,2025-03-26,2025-03-31,2025-03-29,delivered,partner,normal,EUR,sepa,HH1,Berlin,Berlin,1775.17,0,0,1.5,4,,
1992,99,2025-08-01,2025-08-14,2025-08-12,delivered,store,rush,USD,prepay,MUC2,Berlin,Stuttgart,1517.64,25,0,0,12,PO-2024-01992,call before delivery
1993,38,2025-01-15,2025-01-28,2025-01-28,delivered,store,normal,CHF,paypal,BER3,Leipzig,Leipzig,538.51,25,4.9,0,8,PO-2025-01993,leave at gate
1994,133,2024-04-02,2024-04-05,2024-04-03,shipped,partner,normal,EUR,prepay,MUC2,Stuttgart,Stuttgart,741.54,0,12.9,0,3,,
1995,32,2024-08-23,2024-09-01,2024-08-31,delivered,web,rush,EUR,prepay,MUC2,München,Hamburg,169.52,80,0,0,10,PO-2024-01995,call before delivery
1996,25,2025-05-03,2025-05-16,2025-05-14,shipped,phone,high,CHF,prepay,CGN1,Berlin,München,127.34,0,7.9,2.9,12,PO-2025-01996,call before delivery
1997,210,2024-06-17,2024-06-25,2024-06-22,delivered,edi,normal,EUR,invoice,BER3,Leipzig,Leipzig,2010.27,0,7.9,0,4,,call before delivery
1998,12,2026-05-17,2026-05-28,2026-05-25,shipped,edi,high,EUR,sepa,BER3,Hamburg,Hamburg,1630.73,25,0,0,6,,
1999,260,2024-09-26,2024-10-08,2024-10-06,shipped,web,high,EUR,paypal,BER3,München,München,533.74,25,7.9,0,12,PO-2025-01999,
2000,199,2024-11-26,2024-11-29,2024-11-28,delivered,partner,normal,EUR,invoice,CGN1,Leipzig,Leipzig,30766.95,0,0,0,4,PO-2026-02000,leave at gate
2001,10,2025-08-07,2025-08-13,,open,edi,high,EUR,invoice,HH1,Berlin,Berlin,1900.09,15,12.9,1.5,6,PO-2024-02001,
2002,242,2024-09-17,2024-09-23,2024-09-20,delivered,partner,normal,EUR,paypal,HH1,Stuttgart,Stuttgart,2916.08,80,12.9,0,8,,
2003,233,2025-03-11,2025-03-21,2025-03-21,shipped,store,high,EUR,invoice,HH1,Frankfurt,Frankfurt,312.51,0,0,0,2,,leave at gate
2004,221,2024-03-02,2024-03-07,2024-03-07,delivered,partner,normal,CHF,invoice,BER3,Leipzig,Leipzig,1789.06,25,0,1.5,10,,call before delivery
2005,281,2026-05-27,2026-06-08,2026-06-08,delivered,phone,normal,EUR,invoice,BER3,Köln,Köln,1507.18,40,4.9,0,4,PO-2025-02005,call before delivery
2006,223,2024-04-12,2024-04-23,2024-04-20,delivered,partner,high,USD,prepay,MUC2,Leipzig,Leipzig,2578.44,15,7.9,2.9,7,PO-2026-02006,
2007,37,2026-06-06,2026-06-12,2026-06-10,shipped,store,normal,USD,paypal,CGN1,Berlin,Hamburg,2443.91,0,12.9,0,6,,call before delivery
2008,175,2025-06-26,2025-07-07,2025-07-05,delivered,store,high,USD,sepa,BER3,Stuttgart,Stuttgart,1680.3,15,0,0,5,,
2009,170,2025-07-27,2025-08-10,2025-08-09,delivered,store,rush,CHF,paypal,CGN1,Hamburg,Berlin,136.05,80,0,2.9,12,,leave at gate
2010,188,2024-09-11,2024-09-14,2024-09-11,shipped,phone,rush,EUR,paypal,BER3,Leipzig,Leipzig,2261.09,0,0,2.9,11,PO-2024-02010,leave at gate
2011,44,2025-08-25,2025-08-31,2025-08-30,shipped,partner,normal,EUR,paypal,BER3,Berlin,Berlin,743.33,25,4.9,2.9,5,,
2012,209,2025-03-06,2025-03-18,2025-03-15,delivered,phone,rush,CHF,invoice,CGN1,Berlin,Frankfurt,1016.97,0,0,1.5,11,PO-2026-02012,leave at gate
2013,60,2024-10-05,2024-10-12,,open,web,normal,EUR,sepa,CGN1,Hamburg,Hamburg,2167.79,80,0,0,4,PO-2024-02013,call before delivery
2014,189,2024-05-15,2024-05-21,2024-05-19,delivered,partner,high,EUR,paypal,BER3,Leipzig,Frankfurt,835.01,0,12.9,1.5,12,,
2015,200,2025-12-07,2025-12-12,2025-12-12,shipped,store,normal,CHF,paypal,MUC2,Stuttgart,Stuttgart,376.88,25,0,1.5,12,,
2016,333,2024-11-30,2024-12-04,2024-12-01,delivered,store,normal,EUR,paypal,BER3,Frankfurt,Frankfurt,921.76,80,0,1.5,2,PO-2024-02016,
2017,253,2025-11-28,2025-12-11,2025-12-09,delivered,web,normal,CHF,prepay,BER3,München,München,1772.32,0,7.9,0,8,PO-2025-02017,
2018,273,2025-11-28,2025-12-04,2025-12-04,delivered,edi,normal,CHF,card,BER3,München,München,1698.85,80,0,2.9,12,PO-2026-02018,leave at gate
2019,203,2025-09-13,2025-09-21,2025-09-18,shipped,edi,normal,CHF,prepay,MUC2,Berlin,Berlin,1491.69,40,0,1.5,1,PO-2024-02019,
2020,89,2024-04-10,2024-04-15,2024-04-12,shipped,partner,normal,EUR,paypal,MUC2,München,München,2851.85,15,0,0,7,PO-2025-02020,call before delivery
2021,2,2024-04-02,2024-04-14,2024-04-13,delivered,edi,high,CHF,sepa,HH1,Köln,Köln,1149.02,25,0,0,9,,
2022,52,2024-09-26,2024-10-08,2024-10-07,delivered,web,normal,EUR,prepay,HH1,Hamburg,Stuttgart,2307.24,25,0,0,7,,leave at gate
2023,145,2024-06-06,2024-06-19,2024-06-16,shipped,partner,high,EUR,prepay,CGN1,Leipzig,Leipzig,1855.94,15,4.9,0,5,PO-2025-02023,leave at gate
2024,320,2025-10-07,2025-10-16,2025-10-13,delivered,phone,normal,CHF,prepay,MUC2,Hamburg,Hamburg,1869.23,0,0,0,2,PO-2026-02024,call before delivery
2025,179,2024-06-29,2024-07-11,2024-07-10,shipped,store,normal,CHF,prepay,BER3,Hamburg,Hamburg,1253.86,0,7.9,1.5,8,PO-2024-02025,
2026,305,2025-08-06,2025-08-15,2025-08-14,delivered,edi,rush,CHF,sepa,BER3,Frankfurt,Frankfurt,1608.7,0,4.9,2.9,12,PO-2025-02026,
2027,29,2024-08-14,2024-08-21,2024-08-20,delivered,partner,normal,EUR,paypal,MUC2,Stuttgart,Stuttgart,744.28,0,12.9,2.9,3,PO-2026-02027,
2028,29,2024-05-15,2024-05-19,,open,edi,high,EUR,card,BER3,Stuttgart,Stuttgart,759.89,80,0,0,3,,leave at gate
2029,306,2024-04-12,2024-04-15,2024-04-14,shipped,partner,normal,EUR,invoice,HH1,Köln,Leipzig,678.54,25,7.9,0,8,PO-2025-02029,call before delivery
2030,257,2026-05-13,2026-05-26,2026-05-26,shipped,web,rush,EUR,prepay,MUC2,Frankfurt,Frankfurt,673.8,0,12.9,0,9,,call before delivery
2031,15,2026-04-01,2026-04-06,2026-04-03,delivered,phone,normal,USD,paypal,HH1,Hamburg,Hamburg,1299.0,0,0,2.9,5,,
2032,170,2025-08-02,2025-08-04,2025-08-04,shipped,store,normal,EUR,prepay,BER3,Hamburg,Hamburg,717.5,0,4.9,1.5,12,,leave at gate
2033,30,2024-06-24,2024-07-01,2024-07-01,delivered,partner,rush,EUR,invoice,HH1,Frankfurt,Hamburg,1630.73,0,7.9,0,5,PO-2026-02033,
2034,138,2024-03-12,2024-03-16,2024-03-13,delivered,store,normal,EUR,paypal,BER3,Berlin,Berlin,1439.5,25,12.9,0,1,PO-2024-02034,call before delivery
2035,292,2026-05-12,2026-05-14,2026-05-12,delivered,phone,normal,EUR,paypal,CGN1,Hamburg,Hamburg,645.87,25,12.9,1.5,2,PO-2025-02035,call before delivery
2036,291,2025-02-28,2025-03-03,2025-03-02,delivered,store,rush,EUR,invoice,CGN1,Leipzig,Leipzig,654.89,80,7.9,1.5,3,,
2037,217,2025-07-23,2025-08-01,,open,web,normal,CHF,paypal,BER3,München,Köln,1838.51,80,7.9,1.5,1,,call before delivery
2038,170,2024-04-03,2024-04-17,2024-04-16,delivered,store,rush,EUR,prepay,HH1,Hamburg,Hamburg,584.46,15,4.9,1.5,12,,
2039,68,2024-08-20,2024-08-30,2024-08-28,delivered,edi,rush,EUR,sepa,MUC2,Stuttgart,Stuttgart,1025.2,40,4.9,2.9,8,PO-2026-02039,
2040,3,2025-03-31,2025-04-02,,cancelled,store,normal,EUR,card,BER3,Berlin,Berlin,1522.86,0,12.9,0,4,PO-2024-02040,
2041,273,2025-02-04,2025-02-07,2025-02-04,delivered,web,high,EUR,invoice,BER3,München,München,418.38,0,7.9,1.5,12,PO-2025-02041,leave at gate
2042,60,2025-12-28,2026-01-07,2026-01-05,delivered,phone,high,EUR,sepa,BER3,Hamburg,Hamburg,972.2,0,12.9,2.9,4,PO-2026-02042,leave at gate
2043,280,2026-03-29,2026-04-12,,open,phone,normal,EUR,prepay,HH1,Köln,Köln,958.95,0,0,0,7,PO-2024-02043,
2044,86,2025-04-08,2025-04-16,,cancelled,store,high,EUR,prepay,HH1,Stuttgart,Stuttgart,1263.34,80,4.9,0,7,,call before delivery
2045,155,2026-04-07,2026-04-11,2026-04-10,shipped,partner,rush,EUR,invoice,MUC2,Leipzig,Leipzig,1175.2,40,0,0,12,PO-2026-02045,
2046,286,2026-04-23,2026-05-06,2026-05-03,delivered,phone,rush,EUR,card,CGN1,Frankfurt,Stuttgart,130.47,40,4.9,0,12,PO-2024-02046,
2047,231,2025-03-24,2025-04-04,2025-04-01,delivered,partner,rush,EUR,paypal,HH1,Köln,Köln,291.34,40,12.9,0,2,PO-2025-02047,leave at gate
2048,105,2024-05-27,2024-06-03,2024-06-03,delivered,edi,normal,CHF,prepay,CGN1,Berlin,Berlin,3145.17,0,7.9,1.5,11,PO-2026-02048,leave at gate
2049,326,2025-05-24,2025-06-07,2025-06-07,delivered,web,normal,CHF,paypal,CGN1,Stuttgart,Stuttgart,1447.96,0,7.9,0,9,PO-2024-02049,
2050,328,2024-08-24,2024-08-29,,cancelled,partner,rush,EUR,prepay,BER3,Stuttgart,Berlin,2429.82,15,12.9,0,5,PO-2025-02050,
2051,3,2024-10-18,2024-10-20,2024-10-18,shipped,store,normal,EUR,paypal,HH1,Berlin,Berlin,1138.36,0,7.9,0,4,PO-2026-02051,call before delivery
2052,105,2024-01-05,2024-01-16,2024-01-14,delivered,store,high,EUR,paypal,MUC2,Berlin,Stuttgart,1441.99,25,0,0,11,,call before delivery
2053,180,2024-01-25,2024-01-29,2024-01-27,delivered,partner,normal,EUR,invoice,CGN1,Köln,Köln,1791.33,25,0,2.9,10,,call before delivery
2054,195,2024-01-29,2024-02-01,2024-01-29,shipped,edi,rush,EUR,invoice,CGN1,Leipzig,Leipzig,2337.62,15,12.9,0,11,,
2055,154,2024-03-30,2024-04-03,2024-04-03,delivered,web,rush,EUR,invoice,CGN1,Berlin,Berlin,1295.23,0,7.9,0,6,PO-2024-02055,call before delivery
2056,121,2024-08-09,2024-08-19,2024-08-17,delivered,store,normal,USD,paypal,MUC2,Köln,Köln,456.78,40,4.9,2.9,11,,call before delivery
2057,117,2025-09-09,2025-09-17,,open,web,rush,EUR,card,CGN1,Leipzig,Leipzig,1670.92,25,12.9,0,6,,
2058,174,2025-09-22,2025-09-30,2025-09-28,shipped,phone,rush,EUR,card,BER3,Leipzig,Leipzig,1264.44,0,4.9,2.9,1,,
2059,185,2025-12-10,2025-12-20,,cancelled,web,high,EUR,prepay,CGN1,Hamburg,Köln,7070.33,15,7.9,2.9,11,PO-2025-02059,
2060,59,2025-06-30,2025-07-05,2025-07-05,delivered,phone,normal,EUR,sepa,MUC2,Frankfurt,Frankfurt,772.19,80,12.9,0,10,PO-2026-02060,
2061,304,2025-10-08,2025-10-15,2025-10-15,delivered,edi,normal,CHF,invoice,CGN1,Leipzig,Leipzig,341.41,40,0,0,3,,
2062,316,2026-07-27,2026-08-10,2026-08-07,delivered,phone,rush,EUR,card,BER3,Berlin,Berlin,1761.19,15,12.9,0,10,,leave at gate
2063,116,2025-02-27,2025-03-09,2025-03-08,delivered,phone,normal,EUR,prepay,BER3,Stuttgart,Stuttgart,773.35,80,4.9,0,2,,
2064,290,2024-02-21,2024-02-24,2024-02-24,delivered,edi,rush,EUR,paypal,BER3,Berlin,Berlin,623.86,0,12.9,0,12,,
2065,37,2026-06-19,2026-06-27,2026-06-24,delivered,edi,normal,EUR,paypal,HH1,Berlin,Berlin,907.77,40,0,0,6,,call before delivery
2066,154,2025-01-21,2025-02-01,2025-01-31,delivered,phone,high,EUR,prepay,BER3,Berlin,Berlin,889.91,40,0,2.9,6,PO-2026-02066,
2067,61,2024-09-28,2024-10-04,2024-10-01,shipped,edi,normal,EUR,prepay,MUC2,Hamburg,Hamburg,2982.57,0,7.9,1.5,6,PO-2024-02067,call before delivery
2068,268,2026-07-26,2026-07-31,2026-07-31,delivered,edi,normal,CHF,paypal,BER3,Leipzig,Leipzig,1586.97,0,4.9,0,6,PO-2025-02068,leave at gate
2069,177,2024-08-15,2024-08-25,2024-08-24,delivered,partner,normal,CHF,invoice,MUC2,Frankfurt,Frankfurt,2407.06,0,4.9,2.9,11,,leave at gate
2070,91,2024-06-19,2024-06-24,2024-06-24,delivered,partner,normal,EUR,paypal,CGN1,Frankfurt,Frankfurt,2296.38,0,4.9,2.9,3,PO-2024-02070,call before delivery
2071,145,2024-09-09,2024-09-22,2024-09-22,shipped,partner,rush,CHF,paypal,MUC2,Leipzig,Leipzig,170.86,0,12.9,0,5,PO-2025-02071,
2072,256,2025-06-17,2025-06-24,2025-06-21,shipped,store,high,CHF,paypal,MUC2,Hamburg,Hamburg,519.63,15,0,0,7,,leave at gate
2073,186,2026-05-12,2026-05-16,2026-05-14,delivered,partner,rush,CHF,paypal,MUC2,Leipzig,Leipzig,958.49,25,7.9,1.5,11,,
2074,87,2024-05-18,2024-05-30,,cancelled,web,normal,EUR,sepa,HH1,Frankfurt,Frankfurt,995.34,15,0,2.9,11,PO-2025-02074,
2075,311,2025-06-22,2025-06-26,2025-06-25,shipped,partner,high,CHF,prepay,BER3,München,München,1834.54,0,4.9,2.9,8,PO-2026-02075,leave at gate
2076,33,2024-08-20,2024-08-25,2024-08-22,delivered,web,high,USD,card,BER3,Stuttgart,Stuttgart,1264.15,15,0,1.5,4,PO-2024-02076,call before delivery
2077,199,2024-01-17,2024-01-25,,open,web,rush,EUR,sepa,HH1,Leipzig,Leipzig,916.27,40,12.9,1.5,4,,
2078,97,2024-08-08,2024-08-14,2024-08-13,delivered,web,normal,EUR,paypal,CGN1,Stuttgart,München,1436.26,25,7.9,1.5,6,,leave at gate
2079,85,2026-04-03,2026-04-10,2026-04-07,delivered,phone,normal,CHF,card,MUC2,Frankfurt,Frankfurt,1751.38,25,4.9,0,5,,call before delivery
2080,235,2025-08-06,2025-08-20,2025-08-20,delivered,web,rush,EUR,card,CGN1,Stuttgart,Stuttgart,477.96,80,0,2.9,1,PO-2025-02080,
2081,239,2024-10-03,2024-10-09,2024-10-07,shipped,store,high,EUR,paypal,CGN1,Hamburg,Hamburg,1106.26,40,7.9,0,3,PO-2026-02081,
2082,286,2025-11-19,2025-11-29,2025-11-27,delivered,edi,high,EUR,prepay,BER3,Frankfurt,Frankfurt,413.01,40,0,0,12,,leave at gate
2083,328,2026-01-26,2026-01-30,2026-01-29,shipped,phone,normal,EUR,paypal,CGN1,Stuttgart,Stuttgart,111.45,0,7.9,1.5,5,PO-2025-02083,
2084,73,2025-09-09,2025-09-14,,cancelled,phone,normal,USD,sepa,CGN1,Stuttgart,Stuttgart,1876.51,15,7.9,1.5,4,PO-2026-02084,leave at gate
2085,166,2026-06-18,2026-06-24,2026-06-21,delivered,partner,rush,EUR,prepay,MUC2,Frankfurt,Frankfurt,1672.77,80,12.9,0,9,PO-2024-02085,
2086,41,2024-01-23,2024-02-03,,open,edi,normal,USD,prepay,MUC2,Stuttgart,Stuttgart,1676.8,15,7.9,0,7,,
2087,292,2024-05-09,2024-05-15,2024-05-15,delivered,web,high,EUR,paypal,HH1,Hamburg,Hamburg,1460.34,80,0,0,2,,call before delivery
2088,207,2026-07-02,2026-07-07,2026-07-05,delivered,partner,normal,CHF,invoice,HH1,Leipzig,Leipzig,749.72,0,4.9,1.5,11,,
2089,136,2025-08-28,2025-09-07,2025-09-05,delivered,partner,normal,CHF,card,HH1,Hamburg,Hamburg,456.35,0,7.9,2.9,2,PO-2025-02089,
2090,101,2025-02-06,2025-02-12,2025-02-09,delivered,edi,normal,CHF,paypal,HH1,Köln,Köln,1779.32,0,7.9,1.5,7,PO-2026-02090,
2091,218,2025-10-22,2025-10-26,2025-10-23,delivered,store,normal,EUR,card,MUC2,Stuttgart,Stuttgart,2712.73,0,12.9,0,8,PO-2024-02091,leave at gate
2092,28,2024-09-18,2024-09-27,2024-09-25,delivered,phone,normal,USD,prepay,BER3,Leipzig,Leipzig,270.33,0,12.9,2.9,2,PO-2025-02092,
2093,175,2025-01-05,2025-01-18,2025-01-17,shipped,edi,normal,CHF,card,HH1,Stuttgart,Stuttgart,703.18,0,7.9,2.9,5,,call before delivery
2094,336,2024-11-17,2024-11-24,2024-11-22,shipped,phone,normal,EUR,invoice,BER3,Köln,Köln,1274.41,80,12.9,0,5,,
2095,123,2025-10-18,2025-10-31,2025-10-31,shipped,store,rush,EUR,invoice,MUC2,München,München,1917.73,40,0,2.9,1,PO-2025-02095,
2096,94,2025-05-25,2025-06-08,2025-06-08,delivered,partner,normal,EUR,sepa,MUC2,Köln,Köln,1499.98,25,12.9,0,8,,leave at gate
2097,2,2024-12-04,2024-12-17,2024-12-14,delivered,edi,normal,CHF,sepa,BER3,Köln,Köln,4041.28,40,4.9,0,9,PO-2024-02097,leave at gate
2098,48,2024-03-19,2024-03-23,2024-03-23,delivered,store,high,CHF,prepay,MUC2,Köln,Köln,2312.27,15,4.9,2.9,5,,call before delivery
2099,155,2026-04-08,2026-04-20,2026-04-17,delivered,phone,high,EUR,prepay,CGN1,Leipzig,Leipzig,723.42,40,7.9,1.5,10,,
2100,260,2025-11-11,2025-11-13,,open,store,normal,EUR,invoice,MUC2,München,München,611.76,0,12.9,1.5,12,,
2101,107,2024-04-01,2024-04-08,2024-04-08,delivered,partner,high,EUR,paypal,BER3,Leipzig,Hamburg,376.43,0,0,2.9,5,,leave at gate
2102,223,2026-03-26,2026-03-31,,open,partner,normal,EUR,invoice,MUC2,Leipzig,Leipzig,865.38,25,0,1.5,7,PO-2026-02102,leave at gate
2103,177,2025-04-17,2025-04-22,2025-04-21,delivered,edi,rush,CHF,sepa,HH1,Frankfurt,Frankfurt,1109.62,40,7.9,2.9,11,PO-2024-02103,leave at gate
2104,11,2026-03-22,2026-04-02,2026-03-31,delivered,store,normal,EUR,sepa,BER3,Frankfurt,Frankfurt,769.79,0,4.9,0,10,,
2105,196,2024-08-13,2024-08-18,2024-08-16,delivered,phone,normal,CHF,prepay,HH1,Stuttgart,Stuttgart,2434.63,0,0,1.5,10,,
2106,34,2025-08-12,2025-08-15,2025-08-15,delivered,store,rush,EUR,paypal,HH1,Frankfurt,Frankfurt,1415.2,25,0,2.9,4,,leave at gate
2107,317,2024-01-31,2024-02-12,2024-02-11,shipped,web,high,CHF,paypal,HH1,Berlin,Berlin,405.17,80,12.9,2.9,6,,
2108,156,2025-09-22,2025-09-24,2025-09-21,delivered,edi,high,CHF,paypal,MUC2,Berlin,Berlin,537.97,0,4.9,0,1,PO-2026-02108,call before delivery
2109,307,2026-01-28,2026-02-07,2026-02-06,delivered,phone,normal,EUR,prepay,BER3,Berlin,Berlin,2100.82,0,12.9,1.5,8,PO-2024-02109,leave at gate
2110,347,2024-12-29,2025-01-07,,open,phone,normal,EUR,sepa,BER3,Berlin,Berlin,1504.83,0,4.9,2.9,1,,
2111,310,2024-06-12,2024-06-23,2024-06-23,delivered,phone,rush,EUR,paypal,CGN1,Berlin,Berlin,1362.47,15,12.9,1.5,2,PO-2026-02111,
2112,124,2025-11-07,2025-11-17,2025-11-17,shipped,phone,normal,USD,invoice,CGN1,München,München,804.71,40,4.9,2.9,1,,
2113,339,2026-04-02,2026-04-10,,open,partner,high,USD,sepa,HH1,Frankfurt,Frankfurt,648.24,80,0,1.5,5,,
2114,128,2025-09-23,2025-10-01,2025-10-01,shipped,web,rush,EUR,paypal,HH1,Köln,Frankfurt,1666.3,0,0,0,7,PO-2026-02114,
2115,249,2026-06-10,2026-06-21,2026-06-19,delivered,phone,normal,CHF,paypal,HH1,Stuttgart,Stuttgart,349.12,80,12.9,0,4,PO-2024-02115,call before delivery
2116,163,2025-11-25,2025-12-08,,open,store,normal,EUR,invoice,HH1,Frankfurt,Frankfurt,2736.22,80,12.9,1.5,2,PO-2025-02116,call before delivery
2117,285,2024-07-30,2024-08-11,2024-08-09,shipped,edi,high,CHF,paypal,CGN1,Stuttgart,Stuttgart,3073.44,40,4.9,0,11,PO-2026-02117,call before delivery
2118,205,2026-06-03,2026-06-06,2026-06-06,delivered,phone,rush,EUR,card,CGN1,Frankfurt,Frankfurt,792.56,25,0,0,1,PO-2024-02118,
2119,282,2025-12-15,2025-12-23,2025-12-22,delivered,phone,high,EUR,sepa,MUC2,Köln,Köln,2515.78,25,7.9,0,3,PO-2025-02119,
2120,303,2025-10-10,2025-10-21,,open,partner,normal,EUR,invoice,MUC2,Stuttgart,Stuttgart,1717.06,25,12.9,2.9,8,,call before delivery
2121,142,2024-06-09,2024-06-20,2024-06-17,delivered,phone,normal,CHF,sepa,MUC2,Leipzig,Leipzig,1359.02,25,0,0,8,PO-2024-02121,
2122,134,2024-09-14,2024-09-28,2024-09-25,delivered,partner,rush,EUR,prepay,HH1,Hamburg,Hamburg,1382.16,0,7.9,2.9,9,,call before delivery
2123,202,2024-12-29,2025-01-12,2025-01-11,shipped,edi,high,EUR,paypal,MUC2,Köln,Köln,1501.62,25,0,1.5,2,PO-2026-02123,call before delivery
2124,100,2025-08-13,2025-08-27,2025-08-26,shipped,partner,rush,EUR,paypal,HH1,Köln,Köln,291.12,80,0,2.9,6,PO-2024-02124,
2125,74,2025-03-04,2025-03-11,2025-03-11,shipped,web,normal,EUR,card,MUC2,Stuttgart,Stuttgart,571.57,0,12.9,2.9,8,,
2126,52,2026-04-29,2026-05-13,2026-05-10,delivered,edi,rush,EUR,paypal,HH1,Hamburg,Hamburg,1432.86,80,12.9,1.5,8,,leave at gate
2127,29,2024-12-19,2025-01-01,,cancelled,phone,normal,USD,paypal,CGN1,Stuttgart,Stuttgart,1311.55,0,0,0,3,,
2128,283,2026-03-22,2026-03-26,2026-03-24,delivered,store,normal,EUR,card,HH1,Berlin,Berlin,1657.31,15,7.9,0,2,,
2129,239,2026-05-01,2026-05-06,2026-05-06,shipped,store,normal,USD,paypal,HH1,Hamburg,Berlin,1513.98,0,12.9,0,3,,
2130,152,2024-12-14,2024-12-17,,open,store,normal,USD,prepay,BER3,Köln,Köln,1240.23,0,4.9,0,1,,leave at gate
2131,288,2026-03-25,2026-04-06,2026-04-06,delivered,partner,rush,USD,sepa,BER3,Stuttgart,Köln,1054.98,0,12.9,0,7,,leave at gate
2132,40,2024-05-23,2024-06-02,2024-06-02,shipped,web,normal,CHF,invoice,CGN1,München,München,1000.85,0,12.9,0,1,PO-2026-02132,
2133,14,2024-09-07,2024-09-13,2024-09-11,delivered,phone,rush,EUR,invoice,MUC2,Frankfurt,Frankfurt,1160.42,0,7.9,1.5,6,,leave at gate
2134,244,2024-08-05,2024-08-17,2024-08-17,delivered,partner,normal,USD,sepa,MUC2,Stuttgart,Stuttgart,1532.86,0,0,0,6,,leave at gate
2135,283,2024-12-03,2024-12-13,,cancelled,web,normal,EUR,prepay,BER3,Berlin,Berlin,1041.34,15,4.9,0,2,PO-2026-02135,
2136,130,2024-04-17,2024-04-25,2024-04-25,shipped,phone,normal,EUR,card,HH1,Hamburg,Hamburg,2448.41,25,12.9,1.5,8,PO-2024-02136,
2137,9,2024-11-11,2024-11-21,2024-11-21,shipped,web,high,USD,card,HH1,Köln,Köln,1215.12,0,12.9,1.5,3,PO-2025-02137,call before delivery
2138,204,2024-05-13,2024-05-15,2024-05-13,delivered,phone,normal,EUR,invoice,HH1,Leipzig,Leipzig,3283.4,40,0,0,9,,
2139,35,2024-08-18,2024-08-21,2024-08-20,delivered,store,normal,EUR,invoice,HH1,Stuttgart,Stuttgart,1947.74,0,4.9,0,2,PO-2024-02139,
2140,160,2025-02-01,2025-02-10,2025-02-07,delivered,phone,rush,EUR,invoice,CGN1,Köln,Köln,1558.62,0,12.9,0,3,,
2141,117,2025-12-07,2025-12-14,2025-12-14,delivered,web,rush,EUR,paypal,MUC2,Leipzig,Leipzig,2500.73,0,4.9,0,6,PO-2026-02141,call before delivery
2142,336,2024-10-05,2024-10-17,2024-10-17,delivered,partner,normal,EUR,card,MUC2,Köln,Köln,1294.38,0,0,1.5,5,PO-2024-02142,
2143,,2024-03-17,2024-03-24,2024-03-21,shipped,store,high,EUR,card,HH1,München,München,923.15,15,0,0,9,PO-2025-02143,call before delivery
2144,114,2024-08-14,2024-08-28,2024-08-26,delivered,web,rush,EUR,paypal,BER3,Frankfurt,Frankfurt,660.5,0,0,0,6,PO-2026-02144,call before delivery
2145,137,2025-10-25,2025-11-05,2025-11-03,shipped,partner,high,USD,sepa,BER3,Köln,Köln,1595.93,0,0,0,3,,
2146,58,2026-02-20,2026-02-22,2026-02-22,delivered,store,high,EUR,prepay,HH1,Frankfurt,Frankfurt,141.47,0,4.9,0,1,PO-2025-02146,
2147,206,2024-02-03,2024-02-12,2024-02-10,delivered,web,high,CHF,invoice,BER3,München,München,959.09,0,12.9,2.9,11,,call before delivery
2148,251,2024-12-20,2024-12-24,2024-12-24,delivered,partner,rush,EUR,invoice,MUC2,Köln,Köln,566.08,80,4.9,0,11,PO-2024-02148,call before delivery
2149,173,2024-03-31,2024-04-06,2024-04-04,shipped,phone,normal,EUR,sepa,CGN1,Frankfurt,Frankfurt,1185.02,80,0,2.9,12,,
2150,338,2024-11-12,2024-11-17,2024-11-15,delivered,store,high,EUR,paypal,MUC2,Leipzig,Leipzig,1046.89,25,7.9,2.9,12,PO-2026-02150,
2151,330,2024-01-13,2024-01-25,2024-01-25,delivered,partner,rush,EUR,paypal,HH1,Hamburg,Hamburg,854.65,15,7.9,0,10,PO-2024-02151,
2152,62,2025-05-18,2025-05-22,,open,partner,high,EUR,invoice,MUC2,Stuttgart,Stuttgart,1940.8,0,4.9,1.5,4,PO-2025-02152,leave at gate
2153,104,2025-07-13,2025-07-20,,open,partner,normal,EUR,paypal,MUC2,Köln,Berlin,592.2,15,0,2.9,5,,call before delivery
2154,155,2025-07-21,2025-08-04,2025-08-01,shipped,edi,normal,EUR,prepay,MUC2,Leipzig,Leipzig,1533.12,0,4.9,0,7,,call before delivery
2155,59,2024-05-19,2024-05-25,2024-05-22,delivered,store,rush,EUR,paypal,CGN1,Frankfurt,Frankfurt,3172.01,40,7.9,2.9,10,PO-2025-02155,
2156,208,2024-02-29,2024-03-07,2024-03-04,delivered,web,normal,USD,paypal,HH1,München,München,2923.64,15,4.9,0,9,PO-2026-02156,call before delivery
2157,58,2024-09-13,2024-09-17,2024-09-17,shipped,phone,normal,USD,paypal,CGN1,Frankfurt,Frankfurt,925.18,0,7.9,1.5,1,PO-2024-02157,
2158,328,2026-03-21,2026-04-04,2026-04-04,delivered,partner,normal,EUR,paypal,BER3,Stuttgart,Stuttgart,656.89,25,4.9,0,5,PO-2025-02158,
2159,130,2025-07-29,2025-08-07,2025-08-04,delivered,edi,normal,EUR,prepay,HH1,Hamburg,Hamburg,2037.59,0,12.9,2.9,8,PO-2026-02159,leave at gate
2160,337,2025-04-14,2025-04-21,,open,partner,normal,CHF,prepay,HH1,Leipzig,München,1483.44,80,7.9,1.5,4,PO-2024-02160,leave at gate
2161,321,2025-10-20,2025-10-29,2025-10-26,delivered,edi,high,USD,paypal,MUC2,Frankfurt,Frankfurt,3069.1,25,7.9,2.9,3,PO-2025-02161,leave at gate
2162,277,2024-08-11,2024-08-16,2024-08-16,shipped,edi,normal,EUR,paypal,BER3,Stuttgart,Stuttgart,668.46,0,12.9,0,12,,
2163,153,2024-03-05,2024-03-15,2024-03-14,delivered,phone,rush,CHF,prepay,HH1,Berlin,Berlin,265.94,0,12.9,2.9,12,,
2164,47,2025-08-20,2025-08-25,2025-08-22,shipped,phone,rush,EUR,card,BER3,Hamburg,Hamburg,2458.95,0,7.9,0,8,PO-2025-02164,
2165,305,2024-09-26,2024-10-10,2024-10-07,shipped,edi,normal,CHF,invoice,HH1,Frankfurt,Frankfurt,1518.77,25,12.9,0,12,,leave at gate
2166,94,2024-01-26,2024-02-01,2024-02-01,delivered,partner,high,EUR,paypal,CGN1,Köln,Köln,626.89,80,4.9,1.5,8,,
2167,97,2025-02-02,2025-02-07,2025-02-04,delivered,web,normal,USD,prepay,CGN1,Stuttgart,Stuttgart,2054.67,0,12.9,2.9,6,PO-2025-02167,
2168,216,2025-04-30,2025-05-08,2025-05-08,delivered,edi,normal,EUR,invoice,HH1,Köln,Köln,1861.08,0,12.9,1.5,8,,call before delivery
2169,236,2026-04-05,2026-04-14,2026-04-13,delivered,partner,rush,EUR,prepay,BER3,Frankfurt,Frankfurt,1775.21,0,12.9,0,2,,
2170,317,2024-04-09,2024-04-23,2024-04-22,delivered,edi,normal,USD,invoice,CGN1,Berlin,Berlin,2355.43,0,12.9,0,6,,
2171,304,2026-03-17,2026-03-23,2026-03-20,delivered,store,high,USD,card,BER3,Leipzig,Leipzig,1586.4,0,0,2.9,3,,leave at gate
2172,53,2024-07-27,2024-08-08,2024-08-05,delivered,edi,normal,USD,invoice,CGN1,Berlin,Berlin,822.12,80,4.9,0,9,PO-2024-02172,
2173,292,2025-07-01,2025-07-10,2025-07-10,shipped,store,normal,EUR,card,CGN1,Hamburg,Hamburg,743.55,0,4.9,2.9,2,,leave at gate
2174,84,2025-06-07,2025-06-15,2025-06-13,delivered,edi,normal,EUR,sepa,HH1,Stuttgart,Stuttgart,1350.77,0,12.9,0,3,PO-2026-02174,leave at gate
2175,95,2025-06-27,2025-07-11,2025-07-11,delivered,edi,normal,EUR,paypal,HH1,Stuttgart,Stuttgart,2206.5,0,7.9,0,4,,
2176,139,2026-04-27,2026-04-29,2026-04-26,delivered,phone,high,USD,paypal,HH1,München,Hamburg,2219.12,0,4.9,0,6,PO-2025-02176,
2177,28,2026-04-17,2026-04-25,2026-04-22,delivered,web,normal,EUR,invoice,MUC2,Leipzig,Leipzig,479.61,0,0,1.5,2,,call before delivery
2178,57,2026-06-27,2026-07-03,2026-06-30,delivered,partner,high,CHF,card,MUC2,Frankfurt,Frankfurt,1821.84,0,12.9,0,8,PO-2024-02178,leave at gate
2179,279,2024-08-14,2024-08-16,2024-08-13,delivered,phone,high,EUR,card,BER3,München,München,540.6,80,12.9,2.9,5,,
2180,276,2024-10-25,2024-11-02,,open,phone,normal,CHF,sepa,BER3,Hamburg,Hamburg,1010.62,15,4.9,2.9,11,,call before delivery
2181,203,2025-05-08,2025-05-15,2025-05-14,delivered,store,normal,USD,prepay,MUC2,Berlin,Berlin,473.0,25,4.9,1.5,1,PO-2024-02181,
2182,224,2024-02-08,2024-02-15,2024-02-12,shipped,store,normal,EUR,invoice,BER3,Leipzig,Leipzig,546.94,25,0,0,3,PO-2025-02182,call before delivery
2183,343,2025-07-22,2025-07-27,2025-07-24,delivered,store,normal,EUR,prepay,CGN1,Leipzig,Leipzig,516.96,40,0,0,6,,
2184,286,2024-09-18,2024-09-25,2024-09-25,shipped,web,rush,EUR,prepay,BER3,Frankfurt,Hamburg,944.27,0,12.9,1.5,12,,
2185,118,2025-11-25,2025-12-07,2025-12-04,shipped,partner,high,EUR,sepa,HH1,Hamburg,Hamburg,993.4,15,0,0,10,,call before delivery
2186,215,2024-11-23,2024-11-25,2024-11-22,delivered,web,high,CHF,invoice,CGN1,Stuttgart,Berlin,3586.03,0,4.9,0,6,PO-2026-02186,call before delivery
2187,999999,2025-02-18,2025-02-26,,open,web,high,EUR,invoice,BER3,Frankfurt,Frankfurt,446.98,40,12.9,0,2,PO-2024-02187,
2188,222,2025-01-20,2025-01-25,2025-01-24,delivered,store,rush,EUR,paypal,CGN1,Stuttgart,Stuttgart,1600.39,0,0,1.5,7,PO-2025-02188,leave at gate
2189,227,2025-07-23,2025-07-30,2025-07-29,shipped,phone,normal,EUR,prepay,BER3,Leipzig,Leipzig,1931.98,0,12.9,0,9,PO-2026-02189,
2190,64,2025-06-10,2025-06-16,2025-06-16,delivered,phone,rush,EUR,sepa,BER3,Köln,Köln,1745.04,0,7.9,0,8,PO-2024-02190,leave at gate
2191,328,2026-06-19,2026-07-01,2026-06-30,shipped,web,high,EUR,card,HH1,Stuttgart,Stuttgart,2912.4,0,4.9,0,5,PO-2025-02191,
2192,189,2024-12-04,2024-12-08,2024-12-06,delivered,store,rush,USD,paypal,MUC2,Leipzig,Hamburg,2467.74,0,0,2.9,12,PO-2026-02192,
2193,206,2025-04-02,2025-04-05,2025-04-05,delivered,partner,normal,EUR,paypal,BER3,München,München,2441.3,80,0,1.5,11,,leave at gate
2194,337,2025-11-03,2025-11-14,2025-11-11,delivered,store,normal,CHF,invoice,BER3,Leipzig,Leipzig,1699.83,0,4.9,1.5,4,PO-2025-02194,leave at gate
2195,65,2026-04-08,2026-04-20,2026-04-20,shipped,phone,high,EUR,card,MUC2,München,München,311.1,15,7.9,1.5,12,,leave at gate
2196,66,2024-08-29,2024-09-09,2024-09-09,delivered,edi,rush,USD,paypal,MUC2,Stuttgart,Stuttgart,1722.42,15,12.9,2.9,9,PO-2024-02196,call before delivery
2197,136,2024-11-27,2024-12-11,2024-12-09,delivered,partner,rush,EUR,card,BER3,Hamburg,Hamburg,960.28,15,0,1.5,2,PO-2025-02197,call before delivery
2198,82,2025-05-06,2025-05-18,2025-05-17,delivered,edi,rush,EUR,invoice,BER3,Berlin,Berlin,1472.2,25,7.9,2.9,5,PO-2026-02198,
2199,145,2025-01-25,2025-02-01,2025-01-29,delivered,edi,normal,EUR,prepay,CGN1,Leipzig,Leipzig,959.99,0,0,0,5,PO-2024-02199,
2200,274,2025-01-01,2025-01-09,,open,store,rush,EUR,paypal,MUC2,Köln,Köln,464.31,0,4.9,1.5,6,,leave at gate
